WKT,Name,OBJECTID,UKATEGORIE,UTYP1,UART,UMONAT,USTUNDE,UWOCHENTAG,STRZUSTAND,ULICHTVERH,ISTRAD,ISTPKW,ISTFUSS,ISTKRAD
"POINT (9.726289665000024 52.380792761000066)",Unfall 15321 (2017) Kat:3,15321,3,7,0,05,10,4,0,,1,0,0,0
"POINT (9.678379183000061 52.230046088000051)",Unfall 15363 (2017) Kat:3,15363,3,1,8,05,22,3,0,,0,1,0,0
"POINT (9.646154054000022 52.403887599000029)",Unfall 15364 (2017) Kat:3,15364,3,2,5,05,08,3,1,,1,1,0,0
"POINT (9.747262620000072 52.323978640000064)",Unfall 15365 (2017) Kat:3,15365,3,3,5,05,16,3,1,,1,1,0,0
"POINT (9.667470844000036 52.340783641000030)",Unfall 15366 (2017) Kat:3,15366,3,2,5,05,10,3,0,,1,1,0,0
"POINT (9.665585494000027 52.339057807000074)",Unfall 15367 (2017) Kat:3,15367,3,3,5,05,08,3,0,,1,1,0,0
"POINT (9.629684994000058 52.330486164000035)",Unfall 15368 (2017) Kat:3,15368,3,7,9,05,02,3,0,,0,1,0,0
"POINT (9.731458798000062 52.433087852000028)",Unfall 15369 (2017) Kat:3,15369,3,5,3,05,16,3,1,,0,1,0,0
"POINT (9.753141647000064 52.369978446000061)",Unfall 15372 (2017) Kat:3,15372,3,2,5,05,17,4,0,,1,1,0,0
"POINT (9.697343644000057 52.341715923000038)",Unfall 15374 (2017) Kat:3,15374,3,3,5,05,16,3,1,,0,1,0,0
"POINT (10.096322506000035 52.364844928000082)",Unfall 15376 (2017) Kat:3,15376,3,6,2,05,15,3,0,,0,0,0,0
"POINT (9.814115919000074 52.429161792000059)",Unfall 15377 (2017) Kat:3,15377,3,6,2,05,13,3,0,,0,1,0,0
"POINT (9.694785376000027 52.419517466000059)",Unfall 15379 (2017) Kat:3,15379,3,2,5,05,09,3,0,,0,1,1,0
"POINT (9.838540705000071 52.418304870000043)",Unfall 15380 (2017) Kat:3,15380,3,6,2,05,05,3,0,,0,0,0,1
"POINT (9.715155857000070 52.366662042000030)",Unfall 15431 (2017) Kat:3,15431,3,5,3,05,08,2,0,,1,1,0,0
"POINT (9.663349831000062 52.376979709000068)",Unfall 15432 (2017) Kat:3,15432,3,2,5,05,07,2,0,,1,1,0,0
"POINT (9.827073779000045 52.342840455000044)",Unfall 15433 (2017) Kat:3,15433,3,6,2,05,15,2,0,,0,1,0,0
"POINT (9.764327899000023 52.342738104000034)",Unfall 15434 (2017) Kat:3,15434,3,6,2,05,15,2,0,,0,1,0,0
"POINT (9.353370651000034 52.407221706000030)",Unfall 15435 (2017) Kat:3,15435,3,1,8,05,15,2,0,,0,1,0,0
"POINT (9.654544392000048 52.239103285000056)",Unfall 15436 (2017) Kat:3,15436,3,7,1,05,08,2,0,,0,1,0,0
"POINT (9.646246348000034 52.401916613000026)",Unfall 15437 (2017) Kat:3,15437,3,3,5,05,17,2,0,,1,1,0,0
"POINT (9.767812710000044 52.296775480000065)",Unfall 15438 (2017) Kat:3,15438,3,3,5,05,19,2,0,,1,1,0,0
"POINT (9.722934076000058 52.325786251000068)",Unfall 15439 (2017) Kat:3,15439,3,2,2,05,10,2,0,,0,1,0,0
"POINT (9.457117638000057 52.505715502000044)",Unfall 15440 (2017) Kat:3,15440,3,3,5,05,10,2,0,,1,1,0,0
"POINT (9.732952987000033 52.438633300000049)",Unfall 15441 (2017) Kat:3,15441,3,3,5,05,11,2,0,,1,1,0,0
"POINT (9.788199857000052 52.454759161000027)",Unfall 15442 (2017) Kat:3,15442,3,3,5,05,07,2,0,,0,1,0,0
"POINT (10.012349191000055 52.448220678000041)",Unfall 15443 (2017) Kat:3,15443,3,6,3,05,18,2,0,,0,1,0,0
"POINT (9.835786425000038 52.420036719000052)",Unfall 15444 (2017) Kat:3,15444,3,6,2,05,00,2,0,,0,1,0,0
"POINT (9.479548192000038 52.390638798000055)",Unfall 15446 (2017) Kat:3,15446,3,6,2,05,08,2,0,,0,1,0,0
"POINT (9.733381623000071 52.427245680000055)",Unfall 15447 (2017) Kat:3,15447,3,3,5,05,07,2,0,,0,1,0,0
"POINT (9.795942574000037 52.351360156000055)",Unfall 15490 (2017) Kat:3,15490,3,1,4,05,15,1,0,,0,1,0,0
"POINT (9.733770320000076 52.417646400000081)",Unfall 15491 (2017) Kat:3,15491,3,6,2,05,13,4,0,,0,1,0,0
"POINT (9.762048038000046 52.205995155000039)",Unfall 15492 (2017) Kat:3,15492,3,2,3,05,10,1,0,,0,1,0,0
"POINT (9.720270651000021 52.391649781000069)",Unfall 15493 (2017) Kat:3,15493,3,2,6,05,12,4,0,,0,1,1,0
"POINT (9.645068345000027 52.397229903000039)",Unfall 15495 (2017) Kat:3,15495,3,6,4,05,18,1,0,,0,1,0,0
"POINT (9.450623098000051 52.467363962000036)",Unfall 15496 (2017) Kat:3,15496,3,1,0,05,12,1,1,,1,0,0,0
"POINT (9.611203356000033 52.432103395000070)",Unfall 15497 (2017) Kat:3,15497,3,3,5,05,14,1,0,,1,1,0,0
"POINT (9.499002825000048 52.425397382000028)",Unfall 15498 (2017) Kat:2,15498,2,1,8,05,21,1,0,,0,1,0,0
"POINT (10.047260997000024 52.374805419000040)",Unfall 15499 (2017) Kat:2,15499,2,7,8,05,17,1,0,,0,1,0,0
"POINT (9.595912132000024 52.386594759000047)",Unfall 15500 (2017) Kat:2,15500,2,6,2,05,12,1,0,,0,0,0,1
"POINT (10.192248764000055 52.444078640000043)",Unfall 15501 (2017) Kat:1,15501,1,1,8,05,11,1,0,,0,1,0,0
"POINT (9.712204978000045 52.429375565000043)",Unfall 15502 (2017) Kat:3,15502,3,6,2,05,15,1,0,,0,1,0,0
"POINT (9.514785026000027 52.283434052000075)",Unfall 15555 (2017) Kat:3,15555,3,2,2,05,12,7,0,,0,1,0,0
"POINT (9.977290356000026 52.374915308000027)",Unfall 15556 (2017) Kat:3,15556,3,1,8,05,17,7,0,,1,1,0,0
"POINT (9.526682013000027 52.512644827000031)",Unfall 15557 (2017) Kat:2,15557,2,1,0,05,23,7,0,,1,0,0,0
"POINT (9.733370984000032 52.420604291000075)",Unfall 15558 (2017) Kat:3,15558,3,2,2,05,16,7,0,,0,1,0,0
"POINT (9.746584576000032 52.600057872000036)",Unfall 15559 (2017) Kat:3,15559,3,6,2,05,09,7,0,,0,1,0,0
"POINT (9.788396774000034 52.455742231000045)",Unfall 15568 (2017) Kat:3,15568,3,6,2,05,15,4,0,,0,1,0,0
"POINT (9.844016682000074 52.273985537000044)",Unfall 15612 (2017) Kat:3,15612,3,2,5,05,18,6,0,,1,1,0,0
"POINT (9.781606436000061 52.424866774000066)",Unfall 15613 (2017) Kat:3,15613,3,6,2,05,06,6,0,,0,1,0,0
"POINT (9.729881576000025 52.382126030000052)",Unfall 15614 (2017) Kat:3,15614,3,6,2,05,16,6,0,,0,1,0,0
"POINT (9.725381646000074 52.322636021000051)",Unfall 15615 (2017) Kat:3,15615,3,2,5,05,19,6,0,,1,1,0,0
"POINT (9.732328802000041 52.311530603000051)",Unfall 15616 (2017) Kat:3,15616,3,6,2,05,12,6,0,,0,1,0,0
"POINT (9.604641104000052 52.279681275000030)",Unfall 15617 (2017) Kat:3,15617,3,1,8,05,08,6,0,,0,1,0,0
"POINT (9.295163008000031 52.492637733000038)",Unfall 15618 (2017) Kat:3,15618,3,3,5,05,16,6,0,,1,1,0,0
"POINT (9.483076162000032 52.293073887000048)",Unfall 15619 (2017) Kat:3,15619,3,6,2,05,07,6,0,,0,1,0,0
"POINT (10.004457751000075 52.498919085000068)",Unfall 15620 (2017) Kat:3,15620,3,6,2,05,20,6,0,,0,1,0,0
"POINT (9.828295962000027 52.360891081000034)",Unfall 15621 (2017) Kat:3,15621,3,6,4,05,17,6,0,,1,0,0,0
"POINT (9.733635800000059 52.369154852000065)",Unfall 15622 (2017) Kat:3,15622,3,3,5,05,12,6,0,,1,1,0,0
"POINT (9.822714927000050 52.406438996000077)",Unfall 15623 (2017) Kat:3,15623,3,2,5,05,11,6,0,,0,1,0,0
"POINT (10.061063570000044 52.449124463000032)",Unfall 15698 (2017) Kat:3,15698,3,3,5,05,14,5,0,,0,1,0,0
"POINT (9.776060961000042 52.553376994000075)",Unfall 15707 (2017) Kat:3,15707,3,3,5,06,16,4,1,,0,1,0,0
"POINT (9.739197081000043 52.368206993000058)",Unfall 15710 (2017) Kat:2,15710,2,2,3,06,17,4,0,,1,1,0,0
"POINT (9.964447648000032 52.456161539000050)",Unfall 15711 (2017) Kat:1,15711,1,6,4,06,06,4,0,,0,1,0,0
"POINT (9.734865001000060 52.391268017000073)",Unfall 15712 (2017) Kat:2,15712,2,4,6,06,07,4,0,,1,0,1,0
"POINT (9.714263744000050 52.361111652000034)",Unfall 15760 (2017) Kat:3,15760,3,2,5,06,16,3,0,,0,1,0,0
"POINT (9.488215342000046 52.556381282000075)",Unfall 15761 (2017) Kat:3,15761,3,3,5,06,17,3,0,,1,1,0,0
"POINT (9.968835636000051 52.331480523000039)",Unfall 15762 (2017) Kat:3,15762,3,3,5,06,13,3,0,,0,1,0,0
"POINT (9.970764643000052 52.314948275000063)",Unfall 15763 (2017) Kat:3,15763,3,7,6,06,12,3,0,,0,1,1,0
"POINT (9.925952026000061 52.509342681000078)",Unfall 15764 (2017) Kat:3,15764,3,2,5,06,13,3,0,,0,1,0,0
"POINT (9.735629553000024 52.403089751000039)",Unfall 15765 (2017) Kat:3,15765,3,4,6,06,16,3,0,,0,0,1,0
"POINT (9.633384392000039 52.421938125000054)",Unfall 15766 (2017) Kat:3,15766,3,6,2,06,14,3,0,,0,1,0,0
"POINT (9.408719560000066 52.427130807000026)",Unfall 15817 (2017) Kat:3,15817,3,6,2,06,18,2,0,,0,1,0,0
"POINT (9.769945404000055 52.173724094000079)",Unfall 15818 (2017) Kat:3,15818,3,6,8,06,12,2,0,,0,0,0,1
"POINT (9.579452846000038 52.443194979000054)",Unfall 15819 (2017) Kat:3,15819,3,6,4,06,22,2,0,,1,0,0,0
"POINT (9.595542032000026 52.148941675000060)",Unfall 15851 (2017) Kat:3,15851,3,1,0,06,17,1,0,,0,0,0,1
"POINT (9.727352339000049 52.489494140000033)",Unfall 15852 (2017) Kat:2,15852,2,6,3,06,18,1,0,,0,1,0,1
"POINT (9.772634139000047 52.520474242000034)",Unfall 15895 (2017) Kat:3,15895,3,6,2,06,13,7,0,,0,1,0,0
"POINT (9.809996308000052 52.530324566000047)",Unfall 15896 (2017) Kat:3,15896,3,6,2,06,15,7,0,,0,1,0,0
"POINT (9.714497703000063 52.361025442000027)",Unfall 15941 (2017) Kat:3,15941,3,2,5,06,19,6,1,,0,1,0,0
"POINT (9.719841631000065 52.367745952000064)",Unfall 15947 (2017) Kat:3,15947,3,1,0,06,21,6,0,,1,0,0,0
"POINT (9.436580459000027 52.419644707000032)",Unfall 15950 (2017) Kat:3,15950,3,3,5,06,16,6,1,,0,1,0,0
"POINT (9.613572387000033 52.392191558000036)",Unfall 15951 (2017) Kat:3,15951,3,3,5,06,07,6,0,,1,1,0,0
"POINT (9.584547982000061 52.460941371000047)",Unfall 15952 (2017) Kat:3,15952,3,1,4,06,18,6,1,,0,1,0,1
"POINT (9.964117355000042 52.365706365000051)",Unfall 15953 (2017) Kat:3,15953,3,2,5,06,15,6,1,,1,1,0,0
"POINT (10.136239182000054 52.416636619000030)",Unfall 15954 (2017) Kat:3,15954,3,7,4,06,18,6,0,,0,1,0,0
"POINT (9.412674456000048 52.333204189000071)",Unfall 15955 (2017) Kat:2,15955,2,1,8,06,15,6,1,,0,0,0,1
"POINT (9.465014329000042 52.380388286000027)",Unfall 15957 (2017) Kat:3,15957,3,6,2,06,16,6,1,,0,1,0,0
"POINT (9.697725342000069 52.376366476000044)",Unfall 15985 (2017) Kat:3,15985,3,6,2,06,15,6,0,,0,1,0,0
"POINT (9.697739734000038 52.376356170000065)",Unfall 15986 (2017) Kat:3,15986,3,6,2,06,11,6,0,,0,1,0,0
"POINT (9.791886755000064 52.335037427000032)",Unfall 15988 (2017) Kat:3,15988,3,3,5,06,16,6,0,,1,1,0,0
"POINT (9.727230528000064 52.387935336000055)",Unfall 15990 (2017) Kat:3,15990,3,3,5,06,12,6,0,,0,1,0,1
"POINT (9.800053457000047 52.406780654000045)",Unfall 15995 (2017) Kat:3,15995,3,4,6,06,09,6,0,,0,1,1,0
"POINT (9.670721872000058 52.238940966000030)",Unfall 15998 (2017) Kat:3,15998,3,2,0,06,14,6,0,,1,0,1,0
"POINT (9.555835395000031 52.204809421000050)",Unfall 16000 (2017) Kat:3,16000,3,3,5,06,11,6,0,,1,0,0,0
"POINT (9.679821956000069 52.309580211000082)",Unfall 16002 (2017) Kat:3,16002,3,3,5,06,12,6,0,,0,1,0,0
"POINT (9.909578878000048 52.314267073000053)",Unfall 16003 (2017) Kat:3,16003,3,7,9,06,16,6,0,,0,1,0,0
"POINT (9.741813780000030 52.437575128000049)",Unfall 16005 (2017) Kat:3,16005,3,2,4,06,12,6,0,,1,1,0,0
"POINT (10.133296100000052 52.459140038000044)",Unfall 16006 (2017) Kat:3,16006,3,3,5,06,15,6,0,,0,1,0,0
"POINT (9.603681071000040 52.190306068000041)",Unfall 16007 (2017) Kat:2,16007,2,7,7,06,18,6,0,,1,0,0,0
"POINT (9.582617299000049 52.640361412000061)",Unfall 16008 (2017) Kat:2,16008,2,6,2,06,20,6,0,,1,0,0,0
"POINT (9.718249861000061 52.394267579000029)",Unfall 16047 (2017) Kat:3,16047,3,1,0,06,07,5,1,,1,0,0,0
"POINT (9.635865999000032 52.196326839000051)",Unfall 16048 (2017) Kat:3,16048,3,2,5,06,13,5,0,,0,1,0,0
"POINT (9.784652964000031 52.519850449000046)",Unfall 16049 (2017) Kat:3,16049,3,3,5,06,16,5,0,,0,1,0,0
"POINT (9.744592853000029 52.453446930000041)",Unfall 16050 (2017) Kat:3,16050,3,4,6,06,12,5,0,,0,1,1,0
"POINT (9.799881484000025 52.407575134000069)",Unfall 16052 (2017) Kat:3,16052,3,1,0,06,10,5,1,,1,0,0,0
"POINT (9.726782768000021 52.375721164000026)",Unfall 16053 (2017) Kat:2,16053,2,3,5,06,09,5,1,,1,1,0,0
"POINT (9.750867131000064 52.369367893000060)",Unfall 16055 (2017) Kat:2,16055,2,2,5,06,16,5,0,,1,1,0,0
"POINT (9.664594299000044 52.384324302000039)",Unfall 16116 (2017) Kat:3,16116,3,6,3,06,08,5,0,,0,1,0,0
"POINT (9.832462067000051 52.280512063000060)",Unfall 16118 (2017) Kat:3,16118,3,3,5,06,11,5,0,,1,1,0,0
"POINT (9.733629521000069 52.384806488000038)",Unfall 16120 (2017) Kat:3,16120,3,3,5,06,22,5,0,,1,1,0,0
"POINT (9.736219289000076 52.399080096000034)",Unfall 16122 (2017) Kat:3,16122,3,6,6,06,05,5,0,,1,0,1,0
"POINT (9.427614899000048 52.430955038000036)",Unfall 16123 (2017) Kat:3,16123,3,4,6,06,09,5,0,,0,1,1,0
"POINT (9.617710357000021 52.535274240000035)",Unfall 16124 (2017) Kat:3,16124,3,6,3,06,12,5,0,,0,1,0,0
"POINT (9.908015680000062 52.357094116000042)",Unfall 16125 (2017) Kat:3,16125,3,6,2,06,06,5,0,,0,1,0,0
"POINT (9.715364060000070 52.440801123000028)",Unfall 16126 (2017) Kat:3,16126,3,6,2,06,16,5,0,,0,1,0,0
"POINT (9.853556177000030 52.565253094000070)",Unfall 16128 (2017) Kat:3,16128,3,3,0,06,18,5,0,,1,1,0,0
"POINT (10.260030321000045 52.478457901000070)",Unfall 16129 (2017) Kat:3,16129,3,2,3,06,06,5,0,,0,1,0,0
"POINT (9.720987617000048 52.341377148000049)",Unfall 16131 (2017) Kat:3,16131,3,6,2,06,15,5,0,,0,1,0,1
"POINT (9.805359172000067 52.408153283000047)",Unfall 16132 (2017) Kat:2,16132,2,3,5,06,14,5,0,,0,1,0,0
"POINT (9.734022788000061 52.387036143000046)",Unfall 16134 (2017) Kat:3,16134,3,6,4,06,08,5,0,,1,0,0,0
"POINT (9.667839622000031 52.427894740000056)",Unfall 16135 (2017) Kat:3,16135,3,6,2,06,06,5,0,,0,1,0,0
"POINT (9.779778934000035 52.327558827000075)",Unfall 16195 (2017) Kat:3,16195,3,6,2,06,11,5,0,,0,1,0,0
"POINT (9.646483190000026 52.399327334000077)",Unfall 16196 (2017) Kat:3,16196,3,3,5,06,15,5,0,,1,0,0,0
"POINT (9.591219912000042 52.373884641000075)",Unfall 16197 (2017) Kat:3,16197,3,1,9,06,20,5,1,,0,1,0,0
"POINT (9.629429395000045 52.549348410000050)",Unfall 16198 (2017) Kat:3,16198,3,2,5,06,15,5,0,,0,1,0,0
"POINT (9.971487211000067 52.369218036000063)",Unfall 16199 (2017) Kat:3,16199,3,2,3,06,07,5,0,,1,1,0,0
"POINT (9.835102766000034 52.361286047000078)",Unfall 16200 (2017) Kat:3,16200,3,1,0,06,23,5,1,,1,0,0,0
"POINT (9.781359356000053 52.425072429000068)",Unfall 16201 (2017) Kat:2,16201,2,6,3,06,19,5,0,,0,1,0,1
"POINT (9.729892108000058 52.383990087000029)",Unfall 16256 (2017) Kat:3,16256,3,2,4,06,18,4,0,,1,1,0,0
"POINT (9.734032159000037 52.412602377000042)",Unfall 16257 (2017) Kat:3,16257,3,6,2,06,12,4,0,,0,1,0,0
"POINT (9.707882917000063 52.409924847000070)",Unfall 16258 (2017) Kat:3,16258,3,6,2,06,14,4,0,,0,1,0,0
"POINT (9.593855321000035 52.333710362000033)",Unfall 16259 (2017) Kat:3,16259,3,6,2,06,10,4,0,,0,1,0,0
"POINT (9.956348648000073 52.319038400000068)",Unfall 16260 (2017) Kat:3,16260,3,6,2,06,16,4,0,,0,1,0,0
"POINT (9.945259834000069 52.333456759000057)",Unfall 16261 (2017) Kat:3,16261,3,2,2,06,13,4,0,,0,1,0,0
"POINT (9.752760183000021 52.452714061000052)",Unfall 16262 (2017) Kat:3,16262,3,7,0,06,07,4,0,,1,1,0,0
"POINT (9.810899281000047 52.458395643000074)",Unfall 16263 (2017) Kat:2,16263,2,3,5,06,19,4,0,,1,1,0,0
"POINT (9.786108283000033 52.372249511000064)",Unfall 16264 (2017) Kat:3,16264,3,6,2,06,17,4,0,,0,1,0,0
"POINT (9.479428684000027 52.334719121000035)",Unfall 16265 (2017) Kat:2,16265,2,1,9,06,15,4,0,,0,1,0,0
"POINT (9.807178524000051 52.336124916000074)",Unfall 16266 (2017) Kat:3,16266,3,3,3,06,15,4,0,,0,1,0,0
"POINT (9.728501322000057 52.454112883000050)",Unfall 16267 (2017) Kat:2,16267,2,4,6,06,14,4,0,,0,1,1,0
"POINT (9.654728360000036 52.425210744000026)",Unfall 16268 (2017) Kat:3,16268,3,6,2,06,10,4,0,,0,1,0,0
"POINT (9.599054489000025 52.423080342000048)",Unfall 16270 (2017) Kat:3,16270,3,6,2,06,08,4,0,,0,1,0,0
"POINT (9.719158876000051 52.347350901000027)",Unfall 16312 (2017) Kat:3,16312,3,3,2,06,14,3,0,,0,0,0,1
"POINT (9.786890566000068 52.319098315000076)",Unfall 16313 (2017) Kat:3,16313,3,6,6,06,17,3,0,,0,1,1,0
"POINT (9.530436504000022 52.364447155000050)",Unfall 16314 (2017) Kat:3,16314,3,7,9,06,13,3,0,,0,0,0,0
"POINT (9.455872260000035 52.481955835000065)",Unfall 16315 (2017) Kat:3,16315,3,6,4,06,13,3,0,,0,1,0,0
"POINT (9.351961304000042 52.500630107000063)",Unfall 16316 (2017) Kat:3,16316,3,1,8,06,20,3,0,,1,0,0,0
"POINT (9.605050233000043 52.453608564000035)",Unfall 16317 (2017) Kat:3,16317,3,2,2,06,16,3,0,,0,1,0,0
"POINT (9.772931669000059 52.520453994000036)",Unfall 16318 (2017) Kat:3,16318,3,6,2,06,17,3,0,,0,1,0,0
"POINT (10.014501261000021 52.382816408000053)",Unfall 16319 (2017) Kat:3,16319,3,3,5,06,17,3,0,,0,1,0,0
"POINT (9.828334240000061 52.416323210000030)",Unfall 16320 (2017) Kat:3,16320,3,7,0,06,16,3,0,,0,1,0,0
"POINT (9.884810247000075 52.398756140000046)",Unfall 16321 (2017) Kat:3,16321,3,6,2,06,08,3,0,,0,1,0,0
"POINT (9.708812175000048 52.429656724000040)",Unfall 16322 (2017) Kat:3,16322,3,6,2,06,11,3,0,,0,0,0,0
"POINT (9.740445284000032 52.368060635000063)",Unfall 16323 (2017) Kat:3,16323,3,4,6,06,08,3,0,,0,1,1,0
"POINT (9.714321613000038 52.362150755000073)",Unfall 16385 (2017) Kat:3,16385,3,2,5,06,21,2,0,,0,1,0,0
"POINT (9.861541133000060 52.382003632000078)",Unfall 16386 (2017) Kat:3,16386,3,2,2,06,08,2,0,,0,1,0,0
"POINT (9.793243567000047 52.415528215000052)",Unfall 16389 (2017) Kat:3,16389,3,2,5,06,07,2,0,,1,1,0,0
"POINT (9.429986461000055 52.426168440000026)",Unfall 16390 (2017) Kat:2,16390,2,2,5,06,16,2,0,,1,1,0,0
"POINT (9.416859299000066 52.427819756000076)",Unfall 16392 (2017) Kat:3,16392,3,2,5,06,15,2,0,,1,1,0,0
"POINT (9.562327395000068 52.449982792000071)",Unfall 16393 (2017) Kat:3,16393,3,6,2,06,19,2,0,,0,1,0,0
"POINT (9.963876798000058 52.312857739000037)",Unfall 16395 (2017) Kat:3,16395,3,3,5,06,13,2,0,,1,1,0,0
"POINT (9.911317972000063 52.355915781000078)",Unfall 16397 (2017) Kat:3,16397,3,6,2,06,08,2,0,,0,1,0,0
"POINT (9.956553681000059 52.301678509000055)",Unfall 16398 (2017) Kat:2,16398,2,1,8,06,11,2,0,,0,1,0,0
"POINT (9.764569552000069 52.343049881000070)",Unfall 16404 (2017) Kat:3,16404,3,6,2,06,08,2,0,,0,1,0,0
"POINT (9.297119416000044 52.496212004000029)",Unfall 16405 (2017) Kat:3,16405,3,6,4,06,15,2,0,,0,1,0,0
"POINT (9.878943177000053 52.509235309000076)",Unfall 16406 (2017) Kat:3,16406,3,5,1,06,09,2,0,,1,1,0,0
"POINT (10.032109539000032 52.379097829000045)",Unfall 16407 (2017) Kat:2,16407,2,6,2,06,19,2,0,,0,1,0,0
"POINT (9.712400399000046 52.403702059000068)",Unfall 16408 (2017) Kat:3,16408,3,3,5,06,17,2,0,,1,1,0,0
"POINT (10.173254360000044 52.432855715000073)",Unfall 16409 (2017) Kat:3,16409,3,3,5,06,21,2,0,,1,1,0,0
"POINT (9.811648039000033 52.305565356000045)",Unfall 16410 (2017) Kat:3,16410,3,7,0,06,12,2,0,,0,1,0,0
"POINT (9.652122801000076 52.415920364000044)",Unfall 16412 (2017) Kat:3,16412,3,3,5,06,12,2,0,,1,1,0,0
"POINT (9.731824591000077 52.430374117000042)",Unfall 16414 (2017) Kat:2,16414,2,5,0,06,11,2,0,,1,1,0,0
"POINT (9.850492459000066 52.411142045000076)",Unfall 16416 (2017) Kat:2,16416,2,6,2,06,09,2,0,,0,0,0,0
"POINT (9.464946595000072 52.407973801000026)",Unfall 16417 (2017) Kat:2,16417,2,2,5,06,05,2,0,,1,1,0,0
"POINT (9.898230622000028 52.397524856000075)",Unfall 16419 (2017) Kat:3,16419,3,6,3,06,06,2,0,,0,1,0,0
"POINT (9.740144215000044 52.368247237000048)",Unfall 16498 (2017) Kat:3,16498,3,6,2,06,11,1,0,,0,1,0,0
"POINT (9.422248723000053 52.331420956000045)",Unfall 16500 (2017) Kat:3,16500,3,7,9,06,13,1,0,,0,1,1,0
"POINT (9.823433413000032 52.506862557000034)",Unfall 16501 (2017) Kat:2,16501,2,6,3,06,21,1,0,,0,1,0,0
"POINT (9.726761714000077 52.544573392000075)",Unfall 16503 (2017) Kat:2,16503,2,3,5,06,19,1,0,,0,1,0,1
"POINT (9.581148973000040 52.417875161000040)",Unfall 16515 (2017) Kat:3,16515,3,6,2,06,19,1,1,,0,1,0,0
"POINT (9.973743492000040 52.372618268000053)",Unfall 16517 (2017) Kat:3,16517,3,3,5,06,10,1,0,,1,1,0,0
"POINT (9.848596784000051 52.427730951000058)",Unfall 16518 (2017) Kat:3,16518,3,6,2,06,18,1,0,,0,1,0,0
"POINT (9.733829621000041 52.384611167000060)",Unfall 16520 (2017) Kat:3,16520,3,3,5,06,21,1,0,,1,1,0,0
"POINT (9.567807398000070 52.190590185000076)",Unfall 16522 (2017) Kat:2,16522,2,1,8,06,13,1,0,,0,0,0,1
"POINT (9.477318934000039 52.387303964000068)",Unfall 16523 (2017) Kat:2,16523,2,2,5,06,13,1,0,,0,1,0,1
"POINT (9.970365843000025 52.315000541000074)",Unfall 16562 (2017) Kat:3,16562,3,3,5,06,09,7,0,,1,1,0,0
"POINT (9.422173818000033 52.429367128000081)",Unfall 16603 (2017) Kat:3,16603,3,2,5,06,15,7,0,,1,1,0,0
"POINT (9.417808821000051 52.576673757000037)",Unfall 16604 (2017) Kat:3,16604,3,7,0,06,15,7,0,,1,0,0,0
"POINT (9.541678825000076 52.339913859000035)",Unfall 16605 (2017) Kat:3,16605,3,1,9,06,03,7,0,,0,1,0,0
"POINT (9.960170983000069 52.317229258000054)",Unfall 16611 (2017) Kat:3,16611,3,6,2,06,18,7,0,,0,1,0,0
"POINT (9.805898779000074 52.482108415000027)",Unfall 16614 (2017) Kat:2,16614,2,3,5,06,20,7,0,,1,1,0,0
"POINT (9.655221826000059 52.350046362000057)",Unfall 16616 (2017) Kat:2,16616,2,1,8,06,18,7,0,,0,0,0,1
"POINT (9.456134121000048 52.375392280000028)",Unfall 16618 (2017) Kat:3,16618,3,7,2,06,13,7,0,,0,1,0,0
"POINT (9.782034425000063 52.424743211000077)",Unfall 16620 (2017) Kat:3,16620,3,6,2,06,07,7,0,,0,1,0,1
"POINT (9.492621782000072 52.399650404000056)",Unfall 16621 (2017) Kat:3,16621,3,6,3,06,03,7,0,,0,1,0,0
"POINT (9.734486553000068 52.614420414000051)",Unfall 16647 (2017) Kat:2,16647,2,6,2,06,11,6,0,,0,1,0,0
"POINT (9.847949688000028 52.360033386000055)",Unfall 16661 (2017) Kat:3,16661,3,3,5,06,08,6,0,,1,0,0,0
"POINT (9.763887725000075 52.551383020000060)",Unfall 16667 (2017) Kat:3,16667,3,3,5,06,21,6,0,,0,1,0,0
"POINT (9.970386860000076 52.388422524000077)",Unfall 16670 (2017) Kat:3,16670,3,6,2,06,15,6,0,,0,1,0,0
"POINT (9.734129137000025 52.438518689000034)",Unfall 16673 (2017) Kat:3,16673,3,2,5,06,15,6,0,,0,1,0,0
"POINT (9.734284415000047 52.387234162000027)",Unfall 16679 (2017) Kat:3,16679,3,1,0,06,16,6,0,,1,0,0,0
"POINT (9.639834230000076 52.422506051000028)",Unfall 16680 (2017) Kat:2,16680,2,6,2,06,15,6,0,,0,1,0,0
"POINT (9.715540898000029 52.366732318000061)",Unfall 16726 (2017) Kat:3,16726,3,5,1,06,17,2,0,,1,1,0,0
"POINT (9.790278162000050 52.559436163000044)",Unfall 16727 (2017) Kat:3,16727,3,7,3,06,13,2,0,,0,1,0,0
"POINT (9.839648747000069 52.417607163000071)",Unfall 16728 (2017) Kat:3,16728,3,6,2,06,12,2,0,,0,1,0,0
"POINT (9.969793059000040 52.389988848000030)",Unfall 16729 (2017) Kat:3,16729,3,6,2,06,12,2,0,,0,1,0,0