WKT,Name,OBJECTID,UKATEGORIE,UTYP1,UART,UMONAT,USTUNDE,UWOCHENTAG,STRZUSTAND,ULICHTVERH,ISTRAD,ISTPKW,ISTFUSS,ISTKRAD
"POINT (9.582660021000038 52.353423872000064)",Unfall 16730 (2017) Kat:3,16730,3,1,9,06,07,2,1,,0,1,0,0
"POINT (9.799437382000065 52.409440168000060)",Unfall 16731 (2017) Kat:3,16731,3,3,5,06,09,2,0,,1,0,0,1
"POINT (9.822839662000035 52.308825614000057)",Unfall 16732 (2017) Kat:1,16732,1,1,8,06,08,2,1,,0,0,0,1
"POINT (9.715801769000052 52.243782860000067)",Unfall 16763 (2017) Kat:3,16763,3,3,5,06,17,1,1,,0,1,0,0
"POINT (9.761807742000030 52.260791402000052)",Unfall 16764 (2017) Kat:3,16764,3,6,2,06,17,1,1,,0,1,0,0
"POINT (9.588911470000028 52.395656600000052)",Unfall 16765 (2017) Kat:3,16765,3,3,5,06,22,1,1,,0,1,0,1
"POINT (9.768444427000077 52.338451959000054)",Unfall 16766 (2017) Kat:3,16766,3,6,0,06,18,1,1,,0,1,0,0
"POINT (9.730215378000025 52.371105886000066)",Unfall 16767 (2017) Kat:3,16767,3,7,3,06,12,1,1,,0,1,0,0
"POINT (9.813320815000054 52.322398745000044)",Unfall 16768 (2017) Kat:3,16768,3,1,9,06,13,1,1,,0,1,0,0
"POINT (9.746293410000021 52.188450212000077)",Unfall 16769 (2017) Kat:2,16769,2,6,8,06,11,1,0,,0,0,0,1
"POINT (9.732545713000036 52.383416086000068)",Unfall 16770 (2017) Kat:3,16770,3,3,5,06,06,1,0,,1,1,0,0
"POINT (9.730039420000026 52.318795180000052)",Unfall 16829 (2017) Kat:3,16829,3,6,4,06,18,7,0,,0,1,0,1
"POINT (9.801744724000059 52.431924744000071)",Unfall 16830 (2017) Kat:3,16830,3,4,6,06,14,7,0,,0,1,1,0
"POINT (9.615235736000045 52.530829876000041)",Unfall 16832 (2017) Kat:2,16832,2,1,4,06,09,7,0,,0,1,0,0
"POINT (9.629557979000026 52.421683739000059)",Unfall 16854 (2017) Kat:3,16854,3,1,9,07,10,7,1,,0,1,0,0
"POINT (9.655902799000046 52.406380995000063)",Unfall 16856 (2017) Kat:3,16856,3,1,8,07,00,7,1,,0,1,0,0
"POINT (9.815250054000046 52.363678945000061)",Unfall 16858 (2017) Kat:3,16858,3,3,5,07,08,7,1,,0,1,0,0
"POINT (9.733565087000045 52.384392761000072)",Unfall 16861 (2017) Kat:3,16861,3,6,2,07,12,7,1,,0,1,0,0
"POINT (9.811815631000059 52.409463752000079)",Unfall 16863 (2017) Kat:3,16863,3,1,9,07,11,7,1,,0,1,0,0
"POINT (9.757333040000049 52.319886720000056)",Unfall 16864 (2017) Kat:3,16864,3,3,5,07,18,7,1,,0,1,0,0
"POINT (9.725972645000070 52.603878809000037)",Unfall 16865 (2017) Kat:3,16865,3,6,2,07,11,7,1,,0,1,0,0
"POINT (10.133913220000068 52.459273402000065)",Unfall 16866 (2017) Kat:3,16866,3,6,2,07,12,7,1,,0,1,0,0
"POINT (9.798525826000059 52.351933192000047)",Unfall 16869 (2017) Kat:2,16869,2,6,4,07,18,7,1,,0,1,0,0
"POINT (9.780694103000030 52.326828123000041)",Unfall 16907 (2017) Kat:3,16907,3,7,0,06,17,6,0,,1,0,0,0
"POINT (9.590850864000061 52.423554867000064)",Unfall 16910 (2017) Kat:3,16910,3,6,3,06,15,6,0,,0,1,0,0
"POINT (9.721122026000046 52.361436512000068)",Unfall 16911 (2017) Kat:3,16911,3,2,5,06,12,6,0,,1,1,0,0
"POINT (9.555491378000056 52.275278728000046)",Unfall 16913 (2017) Kat:2,16913,2,2,2,06,09,6,0,,0,1,0,0
"POINT (9.804730740000025 52.337804445000074)",Unfall 16914 (2017) Kat:1,16914,1,1,8,06,01,6,1,,0,1,0,0
"POINT (9.722220638000067 52.362624626000070)",Unfall 16980 (2017) Kat:3,16980,3,2,5,06,22,6,1,,0,1,0,0
"POINT (9.748224165000067 52.363078174000066)",Unfall 16982 (2017) Kat:3,16982,3,4,6,06,14,6,0,,0,1,1,0
"POINT (9.739621169000031 52.319778445000054)",Unfall 16985 (2017) Kat:3,16985,3,6,2,06,18,6,0,,0,1,0,0
"POINT (9.444612197000026 52.474744182000052)",Unfall 16990 (2017) Kat:3,16990,3,6,2,06,19,6,1,,0,1,0,0
"POINT (9.446815403000073 52.504648110000062)",Unfall 16992 (2017) Kat:3,16992,3,2,2,06,07,6,1,,0,1,0,0
"POINT (9.461496930000067 52.311613467000029)",Unfall 16994 (2017) Kat:3,16994,3,1,8,06,22,6,1,,0,1,0,0
"POINT (9.965333717000021 52.390274865000038)",Unfall 16995 (2017) Kat:3,16995,3,1,9,06,11,6,1,,0,0,0,1
"POINT (9.611651367000036 52.301850801000057)",Unfall 16996 (2017) Kat:2,16996,2,1,9,06,05,6,1,,0,1,0,0
"POINT (9.698806338000054 52.347727868000050)",Unfall 17015 (2017) Kat:3,17015,3,2,5,06,17,5,0,,0,1,0,0
"POINT (9.388325719000022 52.432329266000067)",Unfall 17016 (2017) Kat:3,17016,3,3,5,06,14,5,0,,0,1,0,0
"POINT (9.582207057000062 52.397134155000060)",Unfall 17018 (2017) Kat:3,17018,3,6,4,06,20,5,0,,1,0,0,0
"POINT (9.894044387000065 52.443246428000066)",Unfall 17019 (2017) Kat:3,17019,3,2,2,06,17,5,0,,0,1,0,0
"POINT (9.752159867000046 52.547366063000027)",Unfall 17021 (2017) Kat:2,17021,2,6,4,06,18,5,0,,1,0,0,0
"POINT (9.645967862000020 52.423526939000055)",Unfall 17023 (2017) Kat:3,17023,3,6,2,06,18,5,0,,0,1,0,0
"POINT (9.556165589000045 52.203497242000026)",Unfall 17024 (2017) Kat:2,17024,2,6,2,06,14,5,0,,0,1,0,0
"POINT (9.837313614000038 52.396992668000053)",Unfall 17035 (2017) Kat:2,17035,2,2,5,06,06,5,0,,0,0,0,0
"POINT (9.727160935000029 52.366990602000044)",Unfall 17079 (2017) Kat:3,17079,3,1,0,06,15,5,1,,0,0,0,1
"POINT (9.795260409000036 52.415122747000055)",Unfall 17080 (2017) Kat:3,17080,3,3,5,06,06,5,0,,1,1,0,0
"POINT (9.608923087000051 52.217620466000028)",Unfall 17081 (2017) Kat:3,17081,3,7,9,06,19,5,1,,0,1,0,0
"POINT (9.489908127000035 52.487861622000082)",Unfall 17082 (2017) Kat:3,17082,3,1,8,06,15,5,1,,0,1,0,0
"POINT (9.735283357000071 52.394660313000031)",Unfall 17084 (2017) Kat:3,17084,3,4,6,06,19,5,1,,0,1,1,0
"POINT (9.826232223000034 52.354367159000049)",Unfall 17085 (2017) Kat:3,17085,3,6,2,06,19,5,1,,0,1,0,0
"POINT (9.747781668000073 52.363652969000043)",Unfall 17086 (2017) Kat:3,17086,3,2,5,06,17,5,1,,1,1,0,0
"POINT (9.746237451000070 52.427319877000059)",Unfall 17087 (2017) Kat:3,17087,3,6,3,06,13,5,1,,0,1,0,0
"POINT (9.676437197000041 52.355676947000063)",Unfall 17156 (2017) Kat:3,17156,3,2,3,06,09,4,0,,1,1,0,0
"POINT (9.724007384000061 52.377639188000046)",Unfall 17157 (2017) Kat:3,17157,3,2,3,06,17,4,0,,1,1,0,0
"POINT (9.495534305000035 52.338824270000032)",Unfall 17158 (2017) Kat:3,17158,3,2,2,06,17,4,1,,0,1,0,0
"POINT (9.481443244000047 52.301631223000072)",Unfall 17159 (2017) Kat:3,17159,3,3,5,06,16,4,1,,0,1,0,0
"POINT (9.459931386000051 52.306962804000079)",Unfall 17160 (2017) Kat:2,17160,2,2,4,06,11,4,1,,1,1,0,0
"POINT (9.862597025000071 52.372110167000073)",Unfall 17161 (2017) Kat:3,17161,3,6,3,06,17,4,0,,0,1,0,0
"POINT (9.590101240000024 52.439001480000059)",Unfall 17162 (2017) Kat:3,17162,3,6,2,06,19,4,1,,0,1,0,0
"POINT (9.608765196000036 52.443824045000042)",Unfall 17163 (2017) Kat:3,17163,3,2,2,06,16,4,1,,0,1,0,0
"POINT (9.781172754000068 52.324730614000032)",Unfall 17164 (2017) Kat:3,17164,3,3,5,06,22,4,0,,0,1,0,0
"POINT (9.642418582000062 52.441835335000064)",Unfall 17165 (2017) Kat:3,17165,3,6,2,06,16,4,1,,0,1,0,0
"POINT (9.789818070000024 52.421129518000043)",Unfall 17166 (2017) Kat:3,17166,3,3,5,06,08,4,0,,1,1,0,0
"POINT (9.719158557000071 52.347341034000067)",Unfall 17167 (2017) Kat:3,17167,3,6,3,06,08,4,0,,0,1,0,0
"POINT (9.568890889000045 52.399608562000026)",Unfall 17168 (2017) Kat:3,17168,3,3,5,06,13,4,0,,0,1,0,0
"POINT (9.456368190000035 52.484499827000036)",Unfall 17169 (2017) Kat:3,17169,3,3,5,06,16,4,0,,1,1,0,0
"POINT (9.642247019000024 52.414581487000078)",Unfall 17170 (2017) Kat:3,17170,3,3,5,06,08,4,0,,0,1,0,0
"POINT (9.449148348000051 52.522519786000032)",Unfall 17171 (2017) Kat:3,17171,3,2,2,06,15,4,0,,0,1,0,0
"POINT (9.617577896000057 52.597734300000070)",Unfall 17172 (2017) Kat:3,17172,3,7,9,06,15,4,0,,0,1,0,0
"POINT (9.609179943000072 52.442786800000079)",Unfall 17173 (2017) Kat:3,17173,3,3,5,06,11,4,0,,1,1,0,0
"POINT (9.965965556000072 52.315579847000038)",Unfall 17174 (2017) Kat:3,17174,3,2,5,06,09,4,0,,1,1,0,0
"POINT (9.717149858000028 52.346179430000063)",Unfall 17180 (2017) Kat:2,17180,2,3,5,06,23,4,0,,1,1,0,0
"POINT (9.995212491000075 52.388238662000049)",Unfall 17183 (2017) Kat:2,17183,2,5,1,06,15,4,0,,0,1,0,0
"POINT (10.070757627000035 52.368269286000043)",Unfall 17186 (2017) Kat:2,17186,2,6,2,06,10,4,0,,0,1,0,0
"POINT (9.511576569000056 52.410248729000045)",Unfall 17189 (2017) Kat:3,17189,3,6,2,06,08,4,0,,0,1,0,0
"POINT (9.690933527000027 52.376889383000048)",Unfall 17273 (2017) Kat:3,17273,3,7,0,06,17,3,0,,0,0,0,1
"POINT (9.453626982000060 52.446485139000060)",Unfall 17275 (2017) Kat:3,17275,3,1,9,06,20,3,1,,0,1,0,0
"POINT (9.573808234000069 52.282520128000044)",Unfall 17277 (2017) Kat:3,17277,3,3,5,06,17,3,0,,0,1,0,0
"POINT (9.822886987000061 52.426156305000063)",Unfall 17278 (2017) Kat:3,17278,3,6,3,06,10,3,0,,0,1,0,0
"POINT (9.782710328000064 52.372025971000028)",Unfall 17280 (2017) Kat:3,17280,3,3,5,06,19,3,0,,1,1,0,0
"POINT (9.628243025000074 52.212407879000068)",Unfall 17281 (2017) Kat:2,17281,2,2,4,06,16,3,0,,1,1,0,0
"POINT (9.722203983000043 52.378352025000027)",Unfall 17283 (2017) Kat:2,17283,2,7,0,06,09,3,0,,1,0,0,0
"POINT (9.756551101000071 52.334126528000070)",Unfall 17303 (2017) Kat:3,17303,3,2,3,06,16,3,0,,1,1,0,0
"POINT (9.665448965000053 52.334015572000055)",Unfall 17304 (2017) Kat:3,17304,3,2,5,06,12,3,0,,1,1,0,0
"POINT (9.991961469000046 52.375438134000035)",Unfall 17307 (2017) Kat:3,17307,3,6,6,06,18,3,0,,0,0,1,1
"POINT (10.265641921000054 52.478811209000071)",Unfall 17309 (2017) Kat:3,17309,3,6,2,06,16,3,0,,0,1,0,0
"POINT (9.507872556000052 52.340361661000031)",Unfall 17312 (2017) Kat:2,17312,2,6,4,06,15,3,0,,1,0,0,0
"POINT (9.670684350000045 52.245393474000082)",Unfall 17313 (2017) Kat:2,17313,2,6,4,06,16,3,0,,0,1,0,0
"POINT (10.057769701000041 52.467848443000037)",Unfall 17316 (2017) Kat:1,17316,1,6,2,06,13,3,0,,0,1,0,0
"POINT (9.764061968000021 52.508188962000077)",Unfall 17318 (2017) Kat:3,17318,3,6,3,06,14,3,0,,0,1,0,0
"POINT (9.660160879000046 52.426415132000045)",Unfall 17321 (2017) Kat:3,17321,3,6,3,06,14,3,0,,0,1,0,0
"POINT (9.466249960000027 52.454252899000039)",Unfall 17324 (2017) Kat:3,17324,3,1,8,07,09,2,1,,0,1,0,0
"POINT (9.727014892000057 52.366566165000052)",Unfall 17330 (2017) Kat:2,17330,2,3,5,07,18,2,0,,1,1,0,0
"POINT (9.629322310000021 52.421843826000043)",Unfall 17332 (2017) Kat:3,17332,3,1,8,07,06,2,1,,0,0,0,0
"POINT (9.732410133000030 52.492668374000061)",Unfall 17333 (2017) Kat:3,17333,3,1,9,07,13,2,1,,0,1,0,0
"POINT (9.730173979000028 52.368941946000064)",Unfall 17334 (2017) Kat:3,17334,3,3,0,07,08,2,0,,1,1,0,0
"POINT (9.831264469000075 52.422681550000050)",Unfall 17335 (2017) Kat:3,17335,3,6,2,07,09,2,1,,0,1,0,0
"POINT (9.737916869000060 52.368402727000046)",Unfall 17336 (2017) Kat:3,17336,3,4,6,07,07,2,1,,1,0,1,0
"POINT (9.761529300000063 52.345865529000037)",Unfall 17337 (2017) Kat:3,17337,3,6,3,07,10,2,0,,0,1,0,1
"POINT (9.887224827000068 52.297017364000055)",Unfall 17342 (2017) Kat:3,17342,3,1,8,07,10,2,1,,0,1,0,0
"POINT (9.663748802000043 52.323935730000073)",Unfall 17349 (2017) Kat:3,17349,3,6,6,07,18,2,0,,1,0,1,0
"POINT (9.472721364000051 52.299837740000044)",Unfall 17351 (2017) Kat:3,17351,3,6,4,07,11,2,0,,1,1,0,0
"POINT (9.611385076000033 52.433807453000043)",Unfall 17353 (2017) Kat:3,17353,3,6,2,07,20,2,0,,0,1,0,0
"POINT (9.820017205000056 52.406482806000042)",Unfall 17354 (2017) Kat:3,17354,3,6,2,07,18,2,0,,0,1,0,0
"POINT (9.777362214000050 52.328220057000067)",Unfall 17357 (2017) Kat:3,17357,3,3,5,07,16,2,0,,1,0,0,0
"POINT (9.735688714000048 52.400663433000034)",Unfall 17358 (2017) Kat:3,17358,3,6,2,07,15,2,0,,0,1,0,0
"POINT (9.804901582000070 52.317904280000050)",Unfall 17361 (2017) Kat:3,17361,3,6,2,07,10,2,0,,0,1,0,0
"POINT (9.761815120000051 52.345926433000045)",Unfall 17364 (2017) Kat:3,17364,3,7,3,07,10,2,0,,1,0,0,0
"POINT (9.733639038000035 52.368962052000029)",Unfall 17406 (2017) Kat:3,17406,3,6,2,07,18,1,0,,0,1,0,0
"POINT (9.745045186000027 52.367471324000064)",Unfall 17411 (2017) Kat:3,17411,3,7,0,07,13,1,0,,1,0,0,0
"POINT (9.759716581000021 52.335153089000073)",Unfall 17413 (2017) Kat:3,17413,3,2,2,07,17,1,0,,0,1,0,0
"POINT (9.623672048000060 52.167853981000064)",Unfall 17414 (2017) Kat:3,17414,3,1,8,07,12,1,0,,0,0,0,1
"POINT (9.740888856000026 52.299312644000054)",Unfall 17415 (2017) Kat:3,17415,3,1,8,07,17,1,0,,0,0,0,1
"POINT (9.698509177000062 52.345619969000040)",Unfall 17416 (2017) Kat:3,17416,3,2,2,07,13,1,0,,0,1,0,0
"POINT (9.714575325000055 52.361076432000061)",Unfall 17417 (2017) Kat:3,17417,3,2,5,07,13,1,0,,0,1,0,0
"POINT (9.774104588000057 52.371012026000074)",Unfall 17426 (2017) Kat:3,17426,3,6,2,07,18,1,0,,0,1,0,0
"POINT (9.724633556000072 52.243068965000077)",Unfall 17428 (2017) Kat:3,17428,3,2,5,07,14,1,0,,0,1,0,0
"POINT (9.461162492000028 52.468419512000082)",Unfall 17430 (2017) Kat:3,17430,3,3,5,07,17,1,0,,0,1,0,0
"POINT (9.412175702000070 52.505227157000036)",Unfall 17431 (2017) Kat:3,17431,3,6,4,07,12,1,0,,1,0,0,1
"POINT (9.918985487000043 52.341153583000050)",Unfall 17433 (2017) Kat:3,17433,3,1,4,07,13,1,0,,0,1,0,0
"POINT (9.732939002000023 52.421114067000076)",Unfall 17480 (2017) Kat:3,17480,3,6,2,07,20,7,0,,0,1,0,0
"POINT (9.698494738000022 52.347479502000056)",Unfall 17537 (2017) Kat:3,17537,3,6,2,07,10,7,0,,0,1,0,0
"POINT (9.744675282000060 52.369018640000036)",Unfall 17538 (2017) Kat:3,17538,3,4,6,07,09,7,0,,1,0,1,0
"POINT (9.724591235000048 52.602993405000063)",Unfall 17539 (2017) Kat:3,17539,3,6,2,07,13,7,0,,1,0,0,0
"POINT (9.718922043000021 52.333525095000027)",Unfall 17540 (2017) Kat:2,17540,2,6,2,07,22,7,0,,0,1,0,0
"POINT (9.714826609000056 52.398467249000078)",Unfall 17558 (2017) Kat:3,17558,3,6,2,07,18,6,0,,0,1,0,0
"POINT (9.593056432000026 52.406680734000076)",Unfall 17559 (2017) Kat:3,17559,3,7,4,07,09,6,0,,0,1,0,0
"POINT (9.724980457000072 52.454036742000028)",Unfall 17561 (2017) Kat:3,17561,3,3,5,07,21,6,1,,1,1,0,0
"POINT (9.932136113000070 52.441290394000077)",Unfall 17563 (2017) Kat:3,17563,3,1,9,07,21,6,1,,0,1,0,0
"POINT (9.778846400000077 52.553917840000054)",Unfall 17564 (2017) Kat:2,17564,2,1,8,07,21,6,1,,0,1,0,0
"POINT (10.104830700000036 52.364018986000076)",Unfall 17565 (2017) Kat:3,17565,3,6,2,07,14,6,0,,0,1,0,0
"POINT (9.734573449000038 52.438433015000044)",Unfall 17566 (2017) Kat:1,17566,1,3,5,07,06,6,0,,1,1,0,0
"POINT (9.720753963000050 52.339085145000070)",Unfall 17612 (2017) Kat:3,17612,3,6,3,07,14,6,0,,0,1,0,0
"POINT (9.611348512000063 52.433509892000075)",Unfall 17614 (2017) Kat:3,17614,3,6,2,07,11,6,0,,0,1,0,0
"POINT (9.876286012000037 52.435037172000079)",Unfall 17616 (2017) Kat:3,17616,3,2,5,07,12,6,0,,0,1,0,0
"POINT (9.726761118000070 52.375740574000076)",Unfall 17658 (2017) Kat:3,17658,3,3,5,07,14,5,0,,1,1,0,0
"POINT (9.786845448000065 52.335272434000046)",Unfall 17660 (2017) Kat:3,17660,3,3,5,07,05,5,0,,1,1,0,0
"POINT (9.785383600000046 52.200355076000051)",Unfall 17661 (2017) Kat:3,17661,3,3,5,07,07,5,0,,0,1,0,1
"POINT (9.667177605000063 52.429336588000069)",Unfall 17662 (2017) Kat:3,17662,3,6,2,07,22,5,0,,0,1,0,0
"POINT (9.651797308000027 52.424647428000071)",Unfall 17663 (2017) Kat:3,17663,3,6,3,07,17,5,0,,0,1,0,0
"POINT (9.858439516000033 52.306801949000032)",Unfall 17665 (2017) Kat:3,17665,3,1,2,07,10,5,0,,0,0,0,1
"POINT (9.806161808000070 52.371817500000077)",Unfall 17700 (2017) Kat:3,17700,3,1,9,07,02,5,0,,0,0,0,1
"POINT (9.800033684000027 52.352211810000028)",Unfall 17701 (2017) Kat:3,17701,3,7,7,07,01,5,0,,0,1,0,0
"POINT (9.461085552000043 52.402856880000058)",Unfall 17702 (2017) Kat:3,17702,3,3,5,07,16,5,0,,0,1,0,0
"POINT (9.527997738000067 52.196564406000050)",Unfall 17703 (2017) Kat:3,17703,3,7,5,07,16,5,0,,0,1,0,1
"POINT (9.399939867000057 52.536333572000046)",Unfall 17704 (2017) Kat:3,17704,3,6,2,07,20,5,0,,0,1,0,0
"POINT (9.929338753000025 52.345456078000041)",Unfall 17705 (2017) Kat:3,17705,3,3,5,07,15,5,0,,1,1,0,0
"POINT (9.745295089000024 52.452856357000030)",Unfall 17706 (2017) Kat:3,17706,3,6,2,07,21,5,0,,0,1,0,0
"POINT (9.796296090000055 52.395305850000057)",Unfall 17707 (2017) Kat:3,17707,3,6,2,07,15,5,0,,0,1,0,0
"POINT (9.735209219000069 52.405704205000063)",Unfall 17708 (2017) Kat:3,17708,3,1,0,07,17,5,0,,0,0,0,1
"POINT (9.685862742000040 52.379144312000051)",Unfall 17745 (2017) Kat:3,17745,3,7,0,07,10,4,0,,0,0,0,0
"POINT (9.791953948000071 52.315452643000071)",Unfall 17747 (2017) Kat:3,17747,3,1,4,07,19,4,0,,0,1,0,0
"POINT (9.799422205000042 52.409502233000069)",Unfall 17749 (2017) Kat:3,17749,3,3,5,07,11,4,0,,1,1,0,0
"POINT (9.359719338000048 52.454203419000066)",Unfall 17750 (2017) Kat:3,17750,3,3,5,07,16,4,0,,1,1,0,0
"POINT (9.556222434000063 52.203303829000049)",Unfall 17757 (2017) Kat:3,17757,3,7,0,07,16,4,0,,1,0,0,0
"POINT (9.493275867000023 52.595980013000030)",Unfall 17764 (2017) Kat:3,17764,3,6,4,07,08,4,0,,0,1,0,0
"POINT (9.462937803000045 52.314355824000074)",Unfall 17766 (2017) Kat:3,17766,3,2,5,07,15,4,0,,0,1,0,0
"POINT (9.743255606000048 52.368172940000079)",Unfall 17768 (2017) Kat:3,17768,3,7,0,07,17,4,0,,0,0,0,0
"POINT (9.899225321000074 52.402314014000069)",Unfall 17770 (2017) Kat:3,17770,3,6,3,07,10,4,0,,0,1,0,0
"POINT (9.720613448000051 52.421505322000030)",Unfall 17787 (2017) Kat:3,17787,3,6,2,07,17,4,1,,0,1,0,0
"POINT (9.735658982000075 52.395017669000026)",Unfall 17790 (2017) Kat:3,17790,3,6,2,07,11,4,1,,0,1,0,0
"POINT (9.735863089000077 52.296364062000066)",Unfall 17791 (2017) Kat:3,17791,3,3,5,07,14,4,1,,0,1,0,0
"POINT (9.462871551000035 52.342864696000049)",Unfall 17792 (2017) Kat:3,17792,3,1,8,07,20,4,1,,0,1,0,0
"POINT (9.490494325000043 52.389100299000063)",Unfall 17793 (2017) Kat:3,17793,3,1,4,07,07,4,1,,0,1,0,0
"POINT (9.618389011000033 52.428602816000080)",Unfall 17794 (2017) Kat:3,17794,3,6,2,07,21,4,1,,0,1,0,0
"POINT (9.928295204000051 52.344678780000038)",Unfall 17795 (2017) Kat:3,17795,3,2,2,07,12,4,1,,0,1,0,0
"POINT (9.886133955000048 52.510043967000058)",Unfall 17797 (2017) Kat:3,17797,3,7,9,07,19,4,1,,0,1,0,0
"POINT (9.405876726000031 52.332314144000065)",Unfall 17798 (2017) Kat:3,17798,3,1,9,07,23,4,1,,0,0,0,0
"POINT (9.734953809000047 52.393089173000078)",Unfall 17800 (2017) Kat:2,17800,2,6,8,07,18,4,1,,0,1,0,1
"POINT (9.764090500000066 52.343185281000046)",Unfall 17801 (2017) Kat:3,17801,3,6,3,07,02,4,0,,1,0,0,0
"POINT (9.651721015000021 52.417114158000061)",Unfall 17803 (2017) Kat:3,17803,3,3,5,07,14,4,1,,1,1,0,0
"POINT (9.748420911000039 52.362823629000047)",Unfall 17804 (2017) Kat:2,17804,2,4,6,07,15,4,1,,0,0,1,0
"POINT (9.777470118000053 52.553634657000032)",Unfall 17805 (2017) Kat:2,17805,2,2,2,07,13,4,1,,0,1,0,0
"POINT (9.733770851000031 52.417642577000038)",Unfall 17847 (2017) Kat:3,17847,3,3,5,07,20,3,0,,1,1,0,0
"POINT (9.812800592000031 52.409536990000049)",Unfall 17850 (2017) Kat:3,17850,3,6,2,07,11,3,0,,0,1,0,0
"POINT (9.440764179000041 52.330558288000077)",Unfall 17851 (2017) Kat:3,17851,3,6,2,07,15,3,0,,0,1,0,0
"POINT (9.609083254000041 52.405958722000037)",Unfall 17857 (2017) Kat:3,17857,3,3,5,07,17,3,0,,1,1,0,0
"POINT (9.995493050000050 52.444008500000052)",Unfall 17860 (2017) Kat:3,17860,3,2,5,07,17,3,0,,0,1,0,0
"POINT (10.143485484000053 52.361860496000077)",Unfall 17881 (2017) Kat:3,17881,3,6,2,07,16,3,0,,0,0,0,0
"POINT (9.478431194000052 52.296122736000029)",Unfall 17897 (2017) Kat:3,17897,3,7,4,07,16,3,0,,0,1,0,0
"POINT (9.898254206000047 52.493886436000082)",Unfall 17898 (2017) Kat:3,17898,3,4,0,07,11,3,0,,0,0,1,0
"POINT (9.598142057000075 52.178392182000039)",Unfall 17900 (2017) Kat:3,17900,3,2,5,07,15,3,0,,0,1,0,0
"POINT (9.702336521000063 52.430303635000030)",Unfall 17902 (2017) Kat:2,17902,2,6,3,07,14,3,0,,0,1,0,0
"POINT (9.826180020000038 52.425063115000057)",Unfall 17905 (2017) Kat:3,17905,3,6,2,07,08,3,0,,0,1,0,0
"POINT (9.461450761000037 52.402979366000068)",Unfall 17933 (2017) Kat:3,17933,3,2,2,07,18,2,0,,0,1,0,0
"POINT (9.699584631000050 52.214260480000064)",Unfall 17935 (2017) Kat:3,17935,3,3,0,07,15,2,0,,0,1,0,1
"POINT (9.583038533000035 52.346604318000061)",Unfall 17936 (2017) Kat:3,17936,3,7,8,07,04,2,0,,0,1,0,0
"POINT (9.479072764000023 52.384542026000076)",Unfall 17937 (2017) Kat:3,17937,3,1,8,07,03,2,0,,0,0,0,0
"POINT (9.944608265000056 52.333781094000074)",Unfall 17938 (2017) Kat:3,17938,3,3,5,07,08,2,0,,1,1,0,0
"POINT (9.723366465000026 52.440261228000054)",Unfall 17940 (2017) Kat:3,17940,3,3,5,07,18,2,0,,0,1,0,0
"POINT (9.721953898000038 52.449895604000062)",Unfall 17942 (2017) Kat:3,17942,3,7,8,07,06,2,0,,0,1,0,0
"POINT (9.566120716000057 52.448376143000075)",Unfall 17944 (2017) Kat:2,17944,2,7,8,07,16,2,0,,0,1,0,0
"POINT (9.703667708000069 52.169734703000074)",Unfall 17992 (2017) Kat:3,17992,3,1,8,07,17,1,0,,0,1,0,0
"POINT (9.421176431000049 52.331473963000064)",Unfall 17995 (2017) Kat:3,17995,3,6,2,07,13,1,1,,0,1,0,0
"POINT (9.952748861000032 52.390889247000075)",Unfall 17997 (2017) Kat:3,17997,3,6,2,07,00,1,0,,0,1,0,0
"POINT (9.695518440000058 52.361352827000076)",Unfall 18000 (2017) Kat:2,18000,2,6,6,07,18,1,0,,1,0,1,0
"POINT (9.637062595000032 52.378905438000061)",Unfall 18001 (2017) Kat:2,18001,2,1,8,07,16,1,1,,1,0,0,0
"POINT (9.696152542000050 52.380019346000040)",Unfall 18004 (2017) Kat:3,18004,3,1,0,07,15,1,1,,0,0,0,1
"POINT (9.829546358000073 52.299883611000041)",Unfall 18005 (2017) Kat:3,18005,3,3,5,07,17,2,0,,0,1,0,0
"POINT (9.406483382000033 52.411494863000030)",Unfall 18007 (2017) Kat:3,18007,3,1,8,07,14,2,1,,0,1,0,0
"POINT (9.685377561000053 52.360203792000050)",Unfall 18016 (2017) Kat:3,18016,3,2,5,08,16,4,0,,0,1,0,0
"POINT (9.686538427000073 52.378857408000044)",Unfall 18017 (2017) Kat:3,18017,3,3,5,08,16,4,0,,1,1,0,0
"POINT (9.603649092000069 52.333502810000027)",Unfall 18018 (2017) Kat:3,18018,3,2,5,08,08,4,0,,0,1,0,0
"POINT (9.668912890000058 52.344850945000076)",Unfall 18019 (2017) Kat:3,18019,3,6,2,08,11,4,0,,0,1,0,0
"POINT (9.619717501000025 52.421129014000030)",Unfall 18021 (2017) Kat:3,18021,3,6,2,08,17,5,0,,0,1,0,0
"POINT (9.604708535000043 52.408398214000044)",Unfall 18022 (2017) Kat:3,18022,3,3,5,08,16,4,0,,1,1,0,0
"POINT (9.609420344000057 52.464852299000029)",Unfall 18023 (2017) Kat:3,18023,3,7,7,08,13,4,0,,0,0,0,0
"POINT (9.810028553000052 52.559881224000037)",Unfall 18026 (2017) Kat:2,18026,2,6,2,08,17,4,0,,0,1,0,1