WKT,Name,OBJECTID,UKATEGORIE,UTYP1,UART,UMONAT,USTUNDE,UWOCHENTAG,STRZUSTAND,ULICHTVERH,ISTRAD,ISTPKW,ISTFUSS,ISTKRAD
"POINT (9.685814619000041 52.374888847000079)",Unfall 19555 (2017) Kat:3,19555,3,3,0,08,22,6,1,,1,1,0,0
"POINT (9.834523540000021 52.337807541000075)",Unfall 19558 (2017) Kat:3,19558,3,7,0,08,07,6,0,,1,0,0,0
"POINT (9.682520667000063 52.326405719000036)",Unfall 19560 (2017) Kat:3,19560,3,3,5,08,18,1,0,,0,1,0,0
"POINT (9.842601458000047 52.354958393000061)",Unfall 19562 (2017) Kat:3,19562,3,6,2,08,09,6,1,,0,1,0,0
"POINT (9.573887488000025 52.282500172000027)",Unfall 19566 (2017) Kat:3,19566,3,2,5,08,13,6,1,,0,1,0,0
"POINT (9.578105101000062 52.366577827000071)",Unfall 19567 (2017) Kat:2,19567,2,7,0,08,13,1,0,,1,0,0,0
"POINT (9.287042741000050 52.488731849000033)",Unfall 19568 (2017) Kat:3,19568,3,1,8,08,12,6,1,,0,1,0,0
"POINT (9.820363588000021 52.512200347000032)",Unfall 19569 (2017) Kat:3,19569,3,1,8,08,11,1,0,,0,1,0,0
"POINT (9.511272470000051 52.290187241000069)",Unfall 19570 (2017) Kat:3,19570,3,1,4,08,19,6,1,,0,1,0,0
"POINT (9.611703411000065 52.436978338000074)",Unfall 19574 (2017) Kat:3,19574,3,2,6,08,11,6,1,,0,1,1,0
"POINT (9.534329241000023 52.461608712000043)",Unfall 19583 (2017) Kat:3,19583,3,3,5,08,12,6,1,,1,1,0,0
"POINT (9.899663468000028 52.396767395000040)",Unfall 19585 (2017) Kat:2,19585,2,3,0,08,23,6,1,,0,1,0,0
"POINT (9.757046681000077 52.186666266000032)",Unfall 19587 (2017) Kat:3,19587,3,1,8,08,19,6,1,,0,1,0,0
"POINT (9.809721082000067 52.306694818000040)",Unfall 19589 (2017) Kat:3,19589,3,7,0,08,14,6,1,,0,0,0,0
"POINT (9.833485764000045 52.398546722000049)",Unfall 19591 (2017) Kat:3,19591,3,2,2,08,12,6,0,,0,1,0,0
"POINT (9.719484339000076 52.345946552000044)",Unfall 19593 (2017) Kat:3,19593,3,6,2,08,13,6,1,,0,1,0,1
"POINT (9.724584787000026 52.427501768000070)",Unfall 19595 (2017) Kat:3,19595,3,6,2,08,14,6,0,,0,1,0,0
"POINT (9.820812662000037 52.426893226000061)",Unfall 19597 (2017) Kat:3,19597,3,6,2,08,10,6,1,,0,1,0,0
"POINT (9.652146284000025 52.415329461000056)",Unfall 19598 (2017) Kat:3,19598,3,2,4,08,07,6,0,,1,1,0,0
"POINT (10.054947511000023 52.372758143000055)",Unfall 19599 (2017) Kat:3,19599,3,7,9,08,04,6,0,,0,0,0,0
"POINT (9.572447687000022 52.623050059000036)",Unfall 19632 (2017) Kat:2,19632,2,6,2,08,11,5,1,,1,0,0,0
"POINT (9.646157013000050 52.403835876000073)",Unfall 19643 (2017) Kat:3,19643,3,2,5,08,16,6,0,,0,1,0,0
"POINT (9.628209862000063 52.394485942000074)",Unfall 19651 (2017) Kat:3,19651,3,4,6,08,13,6,0,,0,1,1,0
"POINT (9.596054562000063 52.394974738000030)",Unfall 19654 (2017) Kat:3,19654,3,5,1,08,15,6,0,,1,1,0,0
"POINT (9.827212256000053 52.345650133000049)",Unfall 19664 (2017) Kat:3,19664,3,7,5,08,12,7,0,,0,1,0,0
"POINT (9.564346561000036 52.339407807000043)",Unfall 19666 (2017) Kat:3,19666,3,6,9,08,05,6,0,,0,1,0,0
"POINT (9.692862838000053 52.266851484000028)",Unfall 19667 (2017) Kat:3,19667,3,1,9,08,13,7,1,,0,1,0,0
"POINT (9.706841665000070 52.314579494000043)",Unfall 19669 (2017) Kat:3,19669,3,7,8,08,16,7,0,,0,1,0,0
"POINT (9.510638742000026 52.376992198000039)",Unfall 19670 (2017) Kat:3,19670,3,7,8,08,10,7,1,,0,1,0,0
"POINT (9.974031141000069 52.394990506000056)",Unfall 19672 (2017) Kat:3,19672,3,1,8,08,01,7,1,,0,1,0,0
"POINT (9.956416322000052 52.457274907000055)",Unfall 19673 (2017) Kat:3,19673,3,1,9,08,13,7,1,,0,1,0,0
"POINT (9.782582023000032 52.380261682000082)",Unfall 19674 (2017) Kat:3,19674,3,1,8,08,08,7,1,,0,1,0,0
"POINT (10.022791118000043 52.381727448000049)",Unfall 19677 (2017) Kat:3,19677,3,6,2,08,19,7,0,,0,1,0,0
"POINT (9.715871156000048 52.346324362000075)",Unfall 19678 (2017) Kat:3,19678,3,6,2,08,08,4,0,,0,1,0,0
"POINT (9.640956600000038 52.173395750000054)",Unfall 19680 (2017) Kat:3,19680,3,2,2,08,17,7,1,,0,1,0,0
"POINT (10.012342227000033 52.479209124000079)",Unfall 19706 (2017) Kat:3,19706,3,3,5,08,07,6,0,,0,1,0,0
"POINT (10.018639189000055 52.437112580000075)",Unfall 19707 (2017) Kat:3,19707,3,2,3,08,07,6,0,,0,1,0,1
"POINT (9.730627799000047 52.313619429000028)",Unfall 19709 (2017) Kat:3,19709,3,6,4,08,22,6,1,,1,0,0,0
"POINT (9.827638473000036 52.360837951000065)",Unfall 19712 (2017) Kat:3,19712,3,7,0,08,12,3,0,,0,0,1,0
"POINT (9.732393836000028 52.383235472000081)",Unfall 19713 (2017) Kat:3,19713,3,2,4,08,21,7,0,,0,1,0,0
"POINT (9.811958097000058 52.337670439000078)",Unfall 19720 (2017) Kat:2,19720,2,1,8,08,20,6,0,,0,1,0,1
"POINT (9.716141937000032 52.428704933000063)",Unfall 19723 (2017) Kat:3,19723,3,6,2,08,15,6,0,,0,1,0,0
"POINT (9.617398269000034 52.405777505000060)",Unfall 19748 (2017) Kat:3,19748,3,3,5,08,09,7,0,,0,1,0,1
"POINT (9.745894258000021 52.534546419000037)",Unfall 19752 (2017) Kat:3,19752,3,1,9,08,13,7,1,,0,1,0,0
"POINT (9.930778150000037 52.345971302000066)",Unfall 19756 (2017) Kat:3,19756,3,3,5,08,11,7,1,,0,1,0,0
"POINT (10.059997221000060 52.395065122000062)",Unfall 19759 (2017) Kat:3,19759,3,1,0,08,09,7,0,,1,0,0,0
"POINT (9.841312125000059 52.491207453000072)",Unfall 19760 (2017) Kat:3,19760,3,2,4,08,15,7,1,,0,1,0,1
"POINT (9.712453255000071 52.362529260000031)",Unfall 19792 (2017) Kat:3,19792,3,6,2,08,14,2,0,,0,1,0,0
"POINT (9.714575134000029 52.293143498000063)",Unfall 19793 (2017) Kat:3,19793,3,7,7,08,17,2,0,,0,1,0,1
"POINT (9.472753796000063 52.505697733000034)",Unfall 19794 (2017) Kat:3,19794,3,6,2,08,16,2,0,,0,1,0,0
"POINT (9.463111083000058 52.513214398000059)",Unfall 19795 (2017) Kat:3,19795,3,6,2,08,12,2,0,,0,1,0,0
"POINT (9.586423978000028 52.416135091000058)",Unfall 19796 (2017) Kat:3,19796,3,5,1,08,07,2,0,,0,1,0,0
"POINT (9.903516582000066 52.354252679000069)",Unfall 19797 (2017) Kat:3,19797,3,3,5,08,15,2,0,,0,1,0,0
"POINT (9.674621055000046 52.441254548000074)",Unfall 19798 (2017) Kat:3,19798,3,6,2,08,15,2,0,,0,1,0,0
"POINT (9.942182905000038 52.392162922000068)",Unfall 19799 (2017) Kat:3,19799,3,6,2,08,16,2,0,,0,0,0,0
"POINT (10.078275384000051 52.366632429000049)",Unfall 19800 (2017) Kat:3,19800,3,6,3,08,14,2,0,,0,1,0,0
"POINT (9.781168198000046 52.522930026000040)",Unfall 19801 (2017) Kat:3,19801,3,7,8,08,10,2,0,,0,0,0,0
"POINT (9.477250941000023 52.387347861000080)",Unfall 19802 (2017) Kat:2,19802,2,2,5,08,07,2,0,,0,1,0,1
"POINT (9.691478678000067 52.332435601000043)",Unfall 19864 (2017) Kat:3,19864,3,6,2,08,17,5,0,,0,1,0,1
"POINT (9.639509154000052 52.396783025000047)",Unfall 19865 (2017) Kat:3,19865,3,2,3,08,14,5,0,,1,1,0,0
"POINT (9.640052443000059 52.294786663000082)",Unfall 19866 (2017) Kat:3,19866,3,6,2,08,11,5,0,,0,1,0,1
"POINT (10.054601942000033 52.448723480000069)",Unfall 19867 (2017) Kat:3,19867,3,3,5,08,07,5,1,,0,1,0,0
"POINT (9.624556528000028 52.279145631000063)",Unfall 19868 (2017) Kat:2,19868,2,1,8,08,21,5,0,,0,0,0,1
"POINT (9.836272193000070 52.387160373000029)",Unfall 19869 (2017) Kat:2,19869,2,2,5,08,16,5,0,,1,0,0,0
"POINT (9.818251070000031 52.409232271000064)",Unfall 19870 (2017) Kat:3,19870,3,4,6,08,15,5,0,,1,0,1,0
"POINT (9.710292860000038 52.407129050000037)",Unfall 19871 (2017) Kat:2,19871,2,4,6,08,12,5,0,,0,0,1,0
"POINT (9.725099000000057 52.377017857000055)",Unfall 19872 (2017) Kat:3,19872,3,2,5,08,09,5,0,,1,1,0,0
"POINT (9.399480673000028 52.536443374000044)",Unfall 19928 (2017) Kat:3,19928,3,2,5,08,15,1,1,,0,1,0,0
"POINT (9.847752033000063 52.392722541000069)",Unfall 19932 (2017) Kat:3,19932,3,3,0,08,12,4,0,,0,1,0,0
"POINT (9.431486672000062 52.422747566000055)",Unfall 19933 (2017) Kat:3,19933,3,6,6,08,17,4,0,,1,0,1,0
"POINT (9.357246670000052 52.453350305000072)",Unfall 19934 (2017) Kat:3,19934,3,3,5,08,10,4,0,,0,1,0,0
"POINT (9.603334371000074 52.393855340000073)",Unfall 19935 (2017) Kat:3,19935,3,3,0,08,19,4,0,,1,0,0,0
"POINT (9.741863701000057 52.459987404000060)",Unfall 19936 (2017) Kat:3,19936,3,2,3,08,10,4,0,,1,1,0,0
"POINT (9.735823251000056 52.401842519000070)",Unfall 19937 (2017) Kat:3,19937,3,6,2,08,12,4,0,,0,1,0,0
"POINT (9.773540448000063 52.577782017000061)",Unfall 19938 (2017) Kat:3,19938,3,6,2,08,11,4,0,,0,1,0,0
"POINT (9.564772310000024 52.323116872000071)",Unfall 19998 (2017) Kat:3,19998,3,6,2,08,15,3,0,,0,1,0,0
"POINT (9.758705937000059 52.427060896000057)",Unfall 19999 (2017) Kat:3,19999,3,6,2,08,18,3,0,,0,0,0,0
"POINT (9.793463401000054 52.371520768000039)",Unfall 20000 (2017) Kat:3,20000,3,7,0,08,14,3,0,,0,1,0,1
"POINT (9.839120461000050 52.417940304000069)",Unfall 20001 (2017) Kat:3,20001,3,6,2,08,15,3,0,,0,1,0,0
"POINT (9.793417260000069 52.415328259000034)",Unfall 20002 (2017) Kat:3,20002,3,2,5,08,12,3,0,,1,1,0,0
"POINT (9.686743248000028 52.429757795000057)",Unfall 20003 (2017) Kat:3,20003,3,6,2,08,08,3,0,,0,1,0,0
"POINT (9.690897069000073 52.421984393000059)",Unfall 20004 (2017) Kat:3,20004,3,2,5,08,06,3,0,,0,1,0,1
"POINT (9.883229612000037 52.299246746000051)",Unfall 20013 (2017) Kat:3,20013,3,6,3,08,07,3,0,,0,1,0,0
"POINT (9.471892120000064 52.504103566000026)",Unfall 20031 (2017) Kat:3,20031,3,1,0,08,17,1,0,,1,0,0,0
"POINT (9.294300344000021 52.490926882000053)",Unfall 20036 (2017) Kat:3,20036,3,3,5,08,15,5,0,,0,1,0,0
"POINT (9.763376053000059 52.547108325000067)",Unfall 20037 (2017) Kat:3,20037,3,7,0,08,12,5,0,,0,1,0,0
"POINT (9.963673527000026 52.313969868000072)",Unfall 20038 (2017) Kat:3,20038,3,3,5,08,16,5,0,,1,1,0,0
"POINT (9.997668045000069 52.452432768000051)",Unfall 20039 (2017) Kat:3,20039,3,3,5,08,13,5,0,,1,1,0,0
"POINT (10.009450544000060 52.486311321000073)",Unfall 20040 (2017) Kat:3,20040,3,3,5,08,13,5,0,,0,1,0,1
"POINT (9.441998068000032 52.366223308000031)",Unfall 20041 (2017) Kat:3,20041,3,6,2,08,14,5,0,,0,0,0,0
"POINT (9.714516595000021 52.361076788000048)",Unfall 20042 (2017) Kat:3,20042,3,2,5,08,11,5,1,,0,1,0,0
"POINT (9.827188268000043 52.349404186000072)",Unfall 20043 (2017) Kat:2,20043,2,3,5,08,11,5,1,,1,1,0,0
"POINT (9.793231422000076 52.415342648000035)",Unfall 20044 (2017) Kat:3,20044,3,2,5,08,07,5,0,,1,1,0,0
"POINT (9.762901311000064 52.344677660000059)",Unfall 20095 (2017) Kat:3,20095,3,1,0,08,15,4,0,,1,0,0,0
"POINT (9.475751181000021 52.297865630000047)",Unfall 20096 (2017) Kat:3,20096,3,2,5,08,12,4,0,,1,1,0,0
"POINT (9.620374981000055 52.439748905000044)",Unfall 20097 (2017) Kat:3,20097,3,2,5,08,18,4,0,,0,1,0,0
"POINT (9.631352790000051 52.505854174000035)",Unfall 20098 (2017) Kat:3,20098,3,3,5,08,15,4,0,,0,1,0,0
"POINT (9.667588148000050 52.341089891000081)",Unfall 20099 (2017) Kat:2,20099,2,4,6,08,13,4,0,,0,0,1,0
"POINT (9.754306709000048 52.355369707000079)",Unfall 20100 (2017) Kat:3,20100,3,2,0,08,08,4,0,,1,1,0,0
"POINT (9.796716588000038 52.415875431000075)",Unfall 20156 (2017) Kat:3,20156,3,6,0,08,15,3,0,,0,1,0,1
"POINT (9.602498923000042 52.394074723000074)",Unfall 20157 (2017) Kat:3,20157,3,1,0,08,17,3,0,,0,0,0,1
"POINT (9.757145071000025 52.319681947000049)",Unfall 20158 (2017) Kat:3,20158,3,3,5,08,18,3,0,,1,1,0,0
"POINT (9.478959768000038 52.367322026000068)",Unfall 20159 (2017) Kat:3,20159,3,2,5,08,18,3,0,,0,1,0,0
"POINT (9.466021774000069 52.304034554000054)",Unfall 20160 (2017) Kat:3,20160,3,2,2,08,10,3,0,,0,1,0,0
"POINT (9.907712341000035 52.355772033000051)",Unfall 20161 (2017) Kat:3,20161,3,3,5,08,16,3,0,,0,1,0,0
"POINT (9.786833977000072 52.390023877000033)",Unfall 20162 (2017) Kat:3,20162,3,6,2,08,21,3,0,,0,1,0,0
"POINT (9.862350277000076 52.371472653000069)",Unfall 20163 (2017) Kat:3,20163,3,1,0,08,07,3,0,,0,0,0,1
"POINT (9.738674494000065 52.609277257000031)",Unfall 20164 (2017) Kat:3,20164,3,7,8,08,00,3,0,,0,1,0,0
"POINT (9.827678936000041 52.354923702000065)",Unfall 20215 (2017) Kat:3,20215,3,6,2,08,19,2,0,,0,1,0,0
"POINT (9.794166090000033 52.394505085000048)",Unfall 20216 (2017) Kat:3,20216,3,2,3,08,09,2,0,,0,1,0,0
"POINT (9.378377963000048 52.456262220000042)",Unfall 20217 (2017) Kat:3,20217,3,6,2,08,15,2,0,,0,1,0,1
"POINT (9.400722911000059 52.424475750000056)",Unfall 20218 (2017) Kat:3,20218,3,2,5,08,15,2,0,,0,1,0,0
"POINT (9.465069663000065 52.515952051000056)",Unfall 20219 (2017) Kat:3,20219,3,6,2,08,14,2,0,,0,1,0,0
"POINT (10.021996010000066 52.384743442000058)",Unfall 20220 (2017) Kat:3,20220,3,2,2,08,17,2,0,,0,1,0,1
"POINT (9.842303575000074 52.424168702000031)",Unfall 20221 (2017) Kat:3,20221,3,1,9,08,11,2,0,,1,0,0,0
"POINT (9.573887426000056 52.282500250000055)",Unfall 20222 (2017) Kat:2,20222,2,3,5,08,14,2,0,,0,1,0,0
"POINT (9.830415665000032 52.361078330000055)",Unfall 20223 (2017) Kat:3,20223,3,7,0,08,10,2,0,,1,0,0,0
"POINT (9.356784993000076 52.447474784000065)",Unfall 20257 (2017) Kat:3,20257,3,1,9,08,00,1,1,,1,0,0,0
"POINT (9.742799230000060 52.427511216000028)",Unfall 20258 (2017) Kat:2,20258,2,1,8,08,15,1,0,,0,0,0,1
"POINT (9.437085581000076 52.467088158000081)",Unfall 20259 (2017) Kat:3,20259,3,1,8,08,01,1,1,,0,1,0,0
"POINT (9.691619799000023 52.430148147000068)",Unfall 20260 (2017) Kat:3,20260,3,7,2,08,01,1,1,,0,1,0,0
"POINT (9.733891364000044 52.368912332000036)",Unfall 20303 (2017) Kat:3,20303,3,2,5,08,15,7,0,,1,1,0,0
"POINT (9.737177113000030 52.427241141000081)",Unfall 20304 (2017) Kat:3,20304,3,6,2,08,12,7,0,,0,1,0,0
"POINT (9.424380390000067 52.429428530000052)",Unfall 20351 (2017) Kat:3,20351,3,3,5,08,10,6,0,,1,1,0,0
"POINT (9.472307227000044 52.388411692000034)",Unfall 20352 (2017) Kat:3,20352,3,2,5,08,07,6,0,,0,0,0,1
"POINT (9.464041628000075 52.399387725000054)",Unfall 20353 (2017) Kat:3,20353,3,6,2,08,07,6,0,,0,1,0,0
"POINT (9.645054878000053 52.397228671000050)",Unfall 20354 (2017) Kat:3,20354,3,4,6,08,14,6,0,,0,1,1,0
"POINT (9.740795887000047 52.461297708000075)",Unfall 20355 (2017) Kat:3,20355,3,6,0,08,12,6,0,,1,0,1,0
"POINT (9.642006323000032 52.414656399000080)",Unfall 20356 (2017) Kat:3,20356,3,6,2,08,19,6,0,,0,1,0,0
"POINT (9.832316053000056 52.418376702000046)",Unfall 20357 (2017) Kat:3,20357,3,6,2,08,16,6,0,,0,1,0,0
"POINT (9.826298312000063 52.289649036000071)",Unfall 20358 (2017) Kat:3,20358,3,2,5,08,09,6,0,,1,0,0,0
"POINT (9.833403572000066 52.419268250000073)",Unfall 20359 (2017) Kat:3,20359,3,3,5,08,08,6,0,,0,1,0,0
"POINT (9.653391741000064 52.409007470000063)",Unfall 20394 (2017) Kat:3,20394,3,6,2,09,17,4,1,,0,1,0,0
"POINT (9.641942209000035 52.414677073000064)",Unfall 20395 (2017) Kat:3,20395,3,6,2,09,13,4,0,,0,1,0,0
"POINT (9.647080464000055 52.413608007000050)",Unfall 20396 (2017) Kat:3,20396,3,3,5,09,06,4,1,,0,1,0,0
"POINT (9.456867686000066 52.499695911000060)",Unfall 20397 (2017) Kat:3,20397,3,3,5,09,11,4,1,,0,1,0,0
"POINT (9.605112047000034 52.453442473000052)",Unfall 20398 (2017) Kat:3,20398,3,3,5,09,16,4,0,,0,1,0,1
"POINT (9.610604755000054 52.466388075000054)",Unfall 20399 (2017) Kat:3,20399,3,5,1,09,04,4,1,,0,1,0,0
"POINT (9.998349515000029 52.451403375000041)",Unfall 20400 (2017) Kat:3,20400,3,1,8,09,13,4,1,,0,1,0,0
"POINT (9.928668524000045 52.394051658000080)",Unfall 20401 (2017) Kat:2,20401,2,7,8,09,18,4,0,,0,1,0,0
"POINT (9.802028158000042 52.432966467000028)",Unfall 20402 (2017) Kat:3,20402,3,2,2,09,14,4,1,,0,1,0,0
"POINT (9.866643456000077 52.309020247000035)",Unfall 20403 (2017) Kat:3,20403,3,7,7,09,06,4,1,,1,0,0,0
"POINT (9.444549688000052 52.381434404000061)",Unfall 20452 (2017) Kat:3,20452,3,1,8,09,13,3,0,,0,0,0,1
"POINT (9.474204387000043 52.389246237000066)",Unfall 20453 (2017) Kat:3,20453,3,6,2,09,07,3,0,,0,1,0,0
"POINT (9.739269494000041 52.302826287000073)",Unfall 20454 (2017) Kat:3,20454,3,6,2,09,08,3,0,,0,1,0,0
"POINT (9.669013705000054 52.345741949000058)",Unfall 20455 (2017) Kat:3,20455,3,3,5,09,07,3,0,,1,1,0,0
"POINT (9.978041555000061 52.316524245000039)",Unfall 20456 (2017) Kat:3,20456,3,3,5,09,09,3,0,,1,1,0,0
"POINT (9.717098014000044 52.346364730000062)",Unfall 20457 (2017) Kat:3,20457,3,2,5,09,15,3,0,,1,1,0,0
"POINT (9.740242814000055 52.301937457000065)",Unfall 20458 (2017) Kat:2,20458,2,2,5,09,09,3,0,,1,1,0,0
"POINT (9.628577729000028 52.422149309000076)",Unfall 20459 (2017) Kat:3,20459,3,6,2,09,09,3,0,,0,1,0,0
"POINT (9.940137973000049 52.392591893000031)",Unfall 20460 (2017) Kat:3,20460,3,7,2,09,02,3,0,,0,1,0,0
"POINT (9.711395641000024 52.405524137000043)",Unfall 20515 (2017) Kat:3,20515,3,6,2,09,17,2,0,,0,1,0,0
"POINT (9.732951780000064 52.420990102000076)",Unfall 20516 (2017) Kat:3,20516,3,6,2,09,12,2,0,,0,1,0,0
"POINT (9.652334283000073 52.390556994000065)",Unfall 20517 (2017) Kat:3,20517,3,6,3,09,22,2,0,,1,0,0,0
"POINT (9.503165995000074 52.572518162000051)",Unfall 20518 (2017) Kat:2,20518,2,1,9,09,10,2,0,,0,1,0,0
"POINT (9.581093835000047 52.388509124000052)",Unfall 20519 (2017) Kat:3,20519,3,7,9,09,19,2,0,,0,1,0,0
"POINT (9.790804304000062 52.280371389000038)",Unfall 20520 (2017) Kat:2,20520,2,6,4,09,16,2,0,,0,1,0,1
"POINT (9.968513514000051 52.367525333000060)",Unfall 20521 (2017) Kat:3,20521,3,3,5,09,15,2,0,,0,1,0,1
"POINT (9.777303577000055 52.371193040000037)",Unfall 20560 (2017) Kat:3,20560,3,6,2,09,14,1,0,,0,1,0,0
"POINT (9.762901311000064 52.344677660000059)",Unfall 20561 (2017) Kat:3,20561,3,3,5,09,18,1,0,,1,1,0,0
"POINT (9.650386313000070 52.205496587000027)",Unfall 20562 (2017) Kat:3,20562,3,2,0,09,14,1,0,,0,0,0,1
"POINT (9.480361453000057 52.553842408000037)",Unfall 20563 (2017) Kat:3,20563,3,1,8,09,19,1,0,,0,1,0,0
"POINT (9.738200282000037 52.580925332000049)",Unfall 20564 (2017) Kat:3,20564,3,5,1,09,12,1,0,,1,1,0,0
"POINT (9.944538865000027 52.333808389000069)",Unfall 20565 (2017) Kat:3,20565,3,3,5,09,14,1,0,,1,1,0,0
"POINT (9.755393414000025 52.590980340000044)",Unfall 20566 (2017) Kat:3,20566,3,6,2,09,12,1,0,,0,1,0,0
"POINT (9.654766509000069 52.407665239000039)",Unfall 20599 (2017) Kat:3,20599,3,6,2,09,20,7,1,,0,1,0,0
"POINT (9.691550895000034 52.332506872000067)",Unfall 20600 (2017) Kat:3,20600,3,6,2,09,15,7,1,,0,1,0,0
"POINT (9.570794420000027 52.446560677000036)",Unfall 20601 (2017) Kat:3,20601,3,2,5,09,12,7,0,,1,1,0,0
"POINT (9.744650681000053 52.454523514000073)",Unfall 20602 (2017) Kat:3,20602,3,5,1,09,10,7,0,,0,1,0,0
"POINT (9.744627222000077 52.454618491000076)",Unfall 20603 (2017) Kat:3,20603,3,6,8,09,11,7,0,,1,1,0,0
"POINT (9.646411064000063 52.401048275000051)",Unfall 20604 (2017) Kat:3,20604,3,1,0,09,18,7,1,,0,0,0,1
"POINT (9.737605295000037 52.368250439000064)",Unfall 20605 (2017) Kat:2,20605,2,4,6,09,15,7,0,,1,0,1,0
"POINT (9.749366373000044 52.596928714000057)",Unfall 20606 (2017) Kat:3,20606,3,6,2,09,12,7,0,,0,1,0,0
"POINT (9.700077745000044 52.416193067000052)",Unfall 20658 (2017) Kat:3,20658,3,6,2,09,15,6,0,,0,1,0,0
"POINT (9.750440273000038 52.221405140000059)",Unfall 20659 (2017) Kat:3,20659,3,6,4,09,08,6,0,,0,1,0,0
"POINT (9.514295162000053 52.396694486000058)",Unfall 20689 (2017) Kat:3,20689,3,1,8,09,17,5,1,,0,0,0,1
"POINT (9.924521434000042 52.366157678000036)",Unfall 20690 (2017) Kat:3,20690,3,3,5,09,06,5,1,,0,1,0,0
"POINT (9.710270376000040 52.431630559000041)",Unfall 20691 (2017) Kat:3,20691,3,6,2,09,14,5,1,,0,1,0,0
"POINT (9.833303574000070 52.338248151000073)",Unfall 20692 (2017) Kat:2,20692,2,4,6,09,15,5,1,,0,1,1,0
"POINT (9.800132450000035 52.343250779000073)",Unfall 20693 (2017) Kat:3,20693,3,6,2,09,13,5,1,,0,1,0,0
"POINT (9.643442002000029 52.334970336000026)",Unfall 20696 (2017) Kat:2,20696,2,3,5,09,14,5,1,,0,1,0,0
"POINT (9.698783543000047 52.347377046000076)",Unfall 20753 (2017) Kat:3,20753,3,2,5,08,12,5,0,,0,1,0,1
"POINT (9.720336075000034 52.391552622000063)",Unfall 20755 (2017) Kat:3,20755,3,1,0,08,17,5,0,,1,0,0,0
"POINT (9.722048239000060 52.326935581000043)",Unfall 20758 (2017) Kat:3,20758,3,2,2,08,09,5,1,,0,1,0,0
"POINT (9.778969157000063 52.573161392000031)",Unfall 20790 (2017) Kat:3,20790,3,6,2,09,10,4,1,,0,1,0,0
"POINT (9.789527756000041 52.316946386000041)",Unfall 20795 (2017) Kat:3,20795,3,6,2,09,15,4,0,,0,1,0,0
"POINT (9.827319978000048 52.358011852000061)",Unfall 20796 (2017) Kat:3,20796,3,3,5,09,12,4,1,,1,1,0,0
"POINT (9.600184567000042 52.319924818000061)",Unfall 20797 (2017) Kat:3,20797,3,6,6,09,11,4,1,,0,1,1,0
"POINT (9.477030836000040 52.387473472000067)",Unfall 20798 (2017) Kat:3,20798,3,6,4,09,14,4,0,,0,1,0,0
"POINT (9.478441532000034 52.386063551000063)",Unfall 20799 (2017) Kat:3,20799,3,6,2,09,16,4,0,,0,1,0,0
"POINT (9.672505791000049 52.441418985000041)",Unfall 20800 (2017) Kat:3,20800,3,2,2,09,13,4,0,,0,1,0,0
"POINT (9.791289396000025 52.315354166000077)",Unfall 20801 (2017) Kat:3,20801,3,2,5,09,16,4,0,,0,1,0,0
"POINT (9.511237296000047 52.290208581000059)",Unfall 20802 (2017) Kat:2,20802,2,7,0,09,13,4,1,,1,0,0,0
"POINT (9.840284572000030 52.488632354000060)",Unfall 20803 (2017) Kat:3,20803,3,6,2,09,08,4,1,,0,1,0,0
"POINT (9.730160955000031 52.368936526000027)",Unfall 20804 (2017) Kat:3,20804,3,3,5,09,08,4,1,,1,1,0,0
"POINT (9.652292329000034 52.409825635000061)",Unfall 20844 (2017) Kat:3,20844,3,6,2,09,18,3,1,,0,1,0,0
"POINT (9.653296533000059 52.409078763000082)",Unfall 20845 (2017) Kat:3,20845,3,6,2,09,17,3,1,,0,1,0,0
"POINT (9.649221908000072 52.414604762000067)",Unfall 20846 (2017) Kat:3,20846,3,6,2,09,17,3,1,,0,1,0,0
"POINT (9.723379612000031 52.368319077000081)",Unfall 20847 (2017) Kat:3,20847,3,6,3,09,11,3,0,,0,1,0,0
"POINT (9.708420340000032 52.426683486000059)",Unfall 20848 (2017) Kat:3,20848,3,6,2,09,13,3,0,,1,1,0,0
"POINT (9.736288966000075 52.398372836000078)",Unfall 20849 (2017) Kat:3,20849,3,6,3,09,07,3,0,,0,1,0,0
"POINT (9.802200536000044 52.407148262000078)",Unfall 20850 (2017) Kat:3,20850,3,3,5,09,12,3,0,,1,1,0,0
"POINT (9.456505069000059 52.495244671000080)",Unfall 20851 (2017) Kat:3,20851,3,3,5,09,12,3,0,,1,0,0,1
"POINT (9.463291653000056 52.513215191000029)",Unfall 20852 (2017) Kat:3,20852,3,6,2,09,05,3,0,,0,1,0,0
"POINT (9.482069317000025 52.293722238000043)",Unfall 20853 (2017) Kat:3,20853,3,7,7,09,22,3,0,,1,0,0,0
"POINT (9.505131384000038 52.289466739000034)",Unfall 20854 (2017) Kat:3,20854,3,6,2,09,17,3,1,,0,1,0,0
"POINT (9.936078574000021 52.347962455000072)",Unfall 20855 (2017) Kat:3,20855,3,7,0,09,08,3,0,,1,0,0,0