WKT,Name,OBJECTID,UKATEGORIE,UTYP1,UART,UMONAT,USTUNDE,UWOCHENTAG,STRZUSTAND,ULICHTVERH,ISTRAD,ISTPKW,ISTFUSS,ISTKRAD
"POINT (9.733894427000053 52.438624107000066)",Unfall 20856 (2017) Kat:3,20856,3,2,5,09,14,3,0,,1,1,0,0
"POINT (10.207532158000049 52.476868171000035)",Unfall 20857 (2017) Kat:3,20857,3,2,4,09,05,3,0,,0,1,0,1
"POINT (9.700229551000064 52.422077517000048)",Unfall 20858 (2017) Kat:3,20858,3,3,5,09,17,3,1,,1,1,0,0
"POINT (9.823448822000046 52.384231286000045)",Unfall 20860 (2017) Kat:3,20860,3,2,5,09,11,3,0,,1,1,0,0
"POINT (9.726992655000061 52.366836995000028)",Unfall 20893 (2017) Kat:3,20893,3,2,4,09,10,2,0,,1,1,0,0
"POINT (9.826256386000068 52.414901783000062)",Unfall 20894 (2017) Kat:3,20894,3,6,2,09,17,2,0,,0,1,0,0
"POINT (9.456802571000026 52.448827909000045)",Unfall 20895 (2017) Kat:3,20895,3,6,0,09,22,2,0,,1,0,1,0
"POINT (10.130473141000039 52.398186816000077)",Unfall 20896 (2017) Kat:3,20896,3,3,5,09,08,2,1,,0,1,0,0
"POINT (10.013288157000034 52.450953257000037)",Unfall 20897 (2017) Kat:3,20897,3,2,4,09,10,2,0,,1,1,0,0
"POINT (9.736207071000024 52.399171698000032)",Unfall 20898 (2017) Kat:3,20898,3,3,5,09,20,2,0,,1,0,0,0
"POINT (9.355463518000022 52.452178171000071)",Unfall 20946 (2017) Kat:3,20946,3,3,5,09,16,1,0,,0,1,0,1
"POINT (9.621989597000038 52.211151507000068)",Unfall 20947 (2017) Kat:3,20947,3,6,0,09,10,1,0,,1,0,0,0
"POINT (9.609971758000029 52.344619142000056)",Unfall 20948 (2017) Kat:3,20948,3,2,5,09,19,1,0,,1,1,0,0
"POINT (9.611313132000021 52.431317577000073)",Unfall 20949 (2017) Kat:3,20949,3,6,2,09,15,1,0,,0,1,0,0
"POINT (9.734275417000049 52.388717728000074)",Unfall 20950 (2017) Kat:2,20950,2,4,6,09,11,1,0,,0,1,1,0
"POINT (9.714253127000063 52.361115201000075)",Unfall 20998 (2017) Kat:3,20998,3,2,5,09,13,7,0,,0,1,0,0
"POINT (9.786014453000064 52.319816855000056)",Unfall 20999 (2017) Kat:3,20999,3,2,3,09,11,7,1,,0,1,0,0
"POINT (9.608786645000066 52.443761231000053)",Unfall 21000 (2017) Kat:3,21000,3,3,5,09,11,7,1,,0,1,0,0
"POINT (9.720097867000050 52.458767806000026)",Unfall 21001 (2017) Kat:3,21001,3,6,2,09,03,7,1,,0,1,0,0
"POINT (9.763129878000029 52.344431946000043)",Unfall 21002 (2017) Kat:3,21002,3,2,5,09,17,7,0,,1,1,0,0
"POINT (9.902294648000066 52.398152687000049)",Unfall 21003 (2017) Kat:3,21003,3,1,9,09,19,7,1,,0,1,0,0
"POINT (9.682433043000060 52.429390321000028)",Unfall 21004 (2017) Kat:3,21004,3,7,2,09,11,7,1,,0,1,0,0
"POINT (9.677452711000058 52.393080688000055)",Unfall 21005 (2017) Kat:3,21005,3,1,8,09,06,7,1,,0,1,0,0
"POINT (9.816744771000060 52.520071907000045)",Unfall 21006 (2017) Kat:3,21006,3,7,8,09,03,7,1,,0,0,0,0
"POINT (9.646721713000034 52.397326584000041)",Unfall 21007 (2017) Kat:2,21007,2,1,5,09,01,7,1,,0,1,0,0
"POINT (9.697690183000077 52.664748935000034)",Unfall 21013 (2017) Kat:3,21013,3,6,2,09,11,6,0,,0,1,0,0
"POINT (9.446109570000033 52.440569454000070)",Unfall 21025 (2017) Kat:3,21025,3,6,2,09,16,6,1,,0,1,0,0
"POINT (9.756722612000033 52.254485492000072)",Unfall 21026 (2017) Kat:3,21026,3,3,5,09,17,6,0,,0,1,0,0
"POINT (9.569827249000070 52.595254839000063)",Unfall 21027 (2017) Kat:2,21027,2,3,5,09,15,6,1,,0,1,0,0
"POINT (9.429728694000062 52.567863214000056)",Unfall 21029 (2017) Kat:2,21029,2,3,5,09,11,6,0,,0,1,0,0
"POINT (9.456494948000056 52.495477419000053)",Unfall 21030 (2017) Kat:3,21030,3,2,4,09,09,6,0,,0,1,0,1
"POINT (9.472541808000074 52.506085689000031)",Unfall 21031 (2017) Kat:3,21031,3,6,2,09,17,6,0,,0,1,0,1
"POINT (10.019657223000024 52.384143065000046)",Unfall 21032 (2017) Kat:3,21032,3,2,4,09,10,6,0,,0,1,0,0
"POINT (9.844307566000055 52.274005404000036)",Unfall 21033 (2017) Kat:3,21033,3,2,5,09,19,6,0,,1,1,0,0
"POINT (9.843968512000060 52.360718174000056)",Unfall 21034 (2017) Kat:3,21034,3,3,5,09,07,6,0,,1,1,0,0
"POINT (9.655902799000046 52.406380995000063)",Unfall 21119 (2017) Kat:3,21119,3,6,2,09,14,6,1,,0,1,0,0
"POINT (9.696290669000064 52.379899489000081)",Unfall 21121 (2017) Kat:3,21121,3,3,5,09,05,6,1,,0,1,0,0
"POINT (9.771164766000027 52.370857324000042)",Unfall 21122 (2017) Kat:3,21122,3,6,2,09,18,6,1,,0,1,0,0
"POINT (9.859804984000050 52.385732624000070)",Unfall 21127 (2017) Kat:3,21127,3,3,5,09,09,6,1,,0,1,0,0
"POINT (9.801774878000060 52.432057545000077)",Unfall 21129 (2017) Kat:3,21129,3,6,2,09,12,6,1,,0,1,0,0
"POINT (9.562109112000030 52.399905092000040)",Unfall 21132 (2017) Kat:3,21132,3,5,1,09,12,6,1,,0,0,0,1
"POINT (9.723107604000063 52.325570712000058)",Unfall 21135 (2017) Kat:3,21135,3,6,2,09,21,6,1,,0,1,0,0
"POINT (10.014410523000038 52.287372674000039)",Unfall 21138 (2017) Kat:3,21138,3,1,4,09,07,6,1,,0,1,0,0
"POINT (9.648854206000067 52.424239462000060)",Unfall 21144 (2017) Kat:3,21144,3,6,2,09,08,6,1,,0,1,0,0
"POINT (9.697667864000039 52.377207005000059)",Unfall 21145 (2017) Kat:3,21145,3,6,2,09,18,6,1,,0,1,0,0
"POINT (9.696270717000061 52.379916802000082)",Unfall 21146 (2017) Kat:3,21146,3,2,5,09,19,6,1,,0,1,0,0
"POINT (9.847189517000061 52.274428744000033)",Unfall 21147 (2017) Kat:3,21147,3,6,2,09,18,6,1,,0,1,0,0
"POINT (9.524626680000040 52.416924093000034)",Unfall 21148 (2017) Kat:3,21148,3,6,3,09,19,6,1,,0,1,0,0
"POINT (9.654134004000071 52.425096447000044)",Unfall 21149 (2017) Kat:3,21149,3,6,3,09,18,6,1,,0,1,0,1
"POINT (9.786843456000042 52.390039818000048)",Unfall 21150 (2017) Kat:3,21150,3,6,2,09,16,6,1,,0,1,0,0
"POINT (9.651996364000070 52.424685214000078)",Unfall 21151 (2017) Kat:3,21151,3,6,2,09,14,6,1,,0,1,0,0
"POINT (9.756020617000047 52.370144840000080)",Unfall 21170 (2017) Kat:3,21170,3,7,2,09,06,5,0,,0,1,0,1
"POINT (9.805031885000062 52.408262926000077)",Unfall 21172 (2017) Kat:3,21172,3,3,5,09,18,5,1,,0,1,0,0
"POINT (9.422079073000077 52.429364530000043)",Unfall 21173 (2017) Kat:3,21173,3,2,2,09,18,5,1,,0,1,0,0
"POINT (9.456508703000054 52.495156549000058)",Unfall 21175 (2017) Kat:3,21175,3,3,5,09,17,5,1,,1,1,0,0
"POINT (9.521020967000027 52.301978200000065)",Unfall 21176 (2017) Kat:3,21176,3,1,8,09,22,5,1,,0,1,0,0
"POINT (9.751395327000068 52.520449734000067)",Unfall 21179 (2017) Kat:3,21179,3,2,4,09,16,5,1,,0,1,0,0
"POINT (9.976139588000024 52.372501749000037)",Unfall 21181 (2017) Kat:3,21181,3,3,5,09,19,5,1,,0,1,0,0
"POINT (9.960314419000042 52.440707849000034)",Unfall 21183 (2017) Kat:3,21183,3,1,8,09,15,5,1,,0,1,0,0
"POINT (10.012308451000024 52.449132140000074)",Unfall 21184 (2017) Kat:3,21184,3,1,4,09,13,5,1,,1,1,0,0
"POINT (9.714036119000070 52.611143972000036)",Unfall 21185 (2017) Kat:2,21185,2,2,5,09,20,5,1,,0,1,0,0
"POINT (9.785489994000045 52.335298566000063)",Unfall 21186 (2017) Kat:3,21186,3,6,2,09,14,5,0,,0,1,0,0
"POINT (9.709354177000023 52.314425856000071)",Unfall 21187 (2017) Kat:3,21187,3,2,5,09,10,5,0,,0,1,0,0
"POINT (9.735549630000037 52.438285609000047)",Unfall 21224 (2017) Kat:3,21224,3,6,2,09,08,6,0,,0,1,0,0
"POINT (9.891119647000039 52.397908864000044)",Unfall 21225 (2017) Kat:3,21225,3,6,2,09,21,6,0,,0,1,0,0
"POINT (9.696305453000036 52.379884828000058)",Unfall 21226 (2017) Kat:3,21226,3,3,5,09,19,6,0,,0,1,0,1
"POINT (9.825276627000051 52.504718224000044)",Unfall 21227 (2017) Kat:3,21227,3,1,8,09,17,6,0,,0,1,0,0
"POINT (9.890318305000051 52.294916998000076)",Unfall 21233 (2017) Kat:3,21233,3,1,9,09,12,6,0,,0,1,0,0
"POINT (9.646330359000046 52.400174403000051)",Unfall 21277 (2017) Kat:3,21277,3,2,3,09,07,5,0,,1,1,0,0
"POINT (9.539021079000065 52.461731701000076)",Unfall 21278 (2017) Kat:3,21278,3,3,5,09,17,5,0,,0,1,0,1
"POINT (9.639936627000054 52.443878833000042)",Unfall 21279 (2017) Kat:3,21279,3,2,2,09,05,5,0,,0,1,0,0
"POINT (9.728065096000023 52.588396652000029)",Unfall 21280 (2017) Kat:3,21280,3,3,5,09,13,5,0,,0,1,0,0
"POINT (9.973591201000033 52.370351095000046)",Unfall 21281 (2017) Kat:3,21281,3,3,5,09,08,5,0,,1,1,0,0
"POINT (9.731925871000044 52.475679914000068)",Unfall 21282 (2017) Kat:3,21282,3,6,2,09,13,5,0,,0,1,0,0
"POINT (9.366667382000060 52.545206686000029)",Unfall 21283 (2017) Kat:2,21283,2,6,0,09,21,5,0,,0,1,0,1
"POINT (9.745073585000057 52.367452769000067)",Unfall 21284 (2017) Kat:2,21284,2,4,6,09,14,5,0,,1,0,1,0
"POINT (10.040290889000062 52.376780965000080)",Unfall 21285 (2017) Kat:2,21285,2,7,8,09,13,5,0,,0,1,0,0
"POINT (9.647490578000031 52.413414024000076)",Unfall 21286 (2017) Kat:3,21286,3,6,2,09,12,5,0,,0,1,0,0
"POINT (9.663352984000028 52.315826222000055)",Unfall 21287 (2017) Kat:2,21287,2,3,5,09,11,5,0,,0,1,0,0
"POINT (9.989241319000030 52.460206426000070)",Unfall 21336 (2017) Kat:3,21336,3,1,8,09,17,4,0,,0,0,0,1
"POINT (9.648576620000029 52.412707829000055)",Unfall 21337 (2017) Kat:3,21337,3,1,0,09,12,4,0,,0,0,0,0
"POINT (9.790418587000033 52.349288165000075)",Unfall 21338 (2017) Kat:3,21338,3,6,3,09,11,4,0,,0,1,0,0
"POINT (9.815049989000045 52.303554232000067)",Unfall 21339 (2017) Kat:3,21339,3,3,5,09,09,4,0,,1,1,0,0
"POINT (9.762434381000048 52.370412591000047)",Unfall 21380 (2017) Kat:3,21380,3,2,5,09,07,3,1,,1,1,0,0
"POINT (9.454954336000071 52.517281074000039)",Unfall 21381 (2017) Kat:3,21381,3,6,2,09,06,3,0,,0,1,0,0
"POINT (9.969023572000026 52.315161496000030)",Unfall 21382 (2017) Kat:3,21382,3,6,2,09,14,3,0,,0,1,0,0
"POINT (9.806075538000073 52.318081988000074)",Unfall 21383 (2017) Kat:3,21383,3,6,2,09,09,3,0,,0,1,0,0
"POINT (9.807281322000051 52.335806189000039)",Unfall 21384 (2017) Kat:3,21384,3,6,2,09,08,3,0,,0,1,0,0
"POINT (10.129492668000069 52.363298801000042)",Unfall 21431 (2017) Kat:1,21431,1,6,2,09,13,3,0,,0,0,0,0
"POINT (9.667256634000069 52.377066432000049)",Unfall 21473 (2017) Kat:3,21473,3,2,2,09,08,2,1,,0,1,0,0
"POINT (9.766130122000050 52.340827720000050)",Unfall 21474 (2017) Kat:3,21474,3,2,0,09,15,2,1,,1,1,0,0
"POINT (9.427500396000028 52.430830999000079)",Unfall 21475 (2017) Kat:3,21475,3,6,2,09,16,2,1,,0,1,0,0
"POINT (9.570794420000027 52.446560677000036)",Unfall 21476 (2017) Kat:3,21476,3,3,5,09,08,2,0,,1,1,0,0
"POINT (9.566038862000028 52.296943299000077)",Unfall 21477 (2017) Kat:3,21477,3,1,4,09,16,2,1,,0,1,0,0
"POINT (10.090519408000034 52.487128776000077)",Unfall 21478 (2017) Kat:3,21478,3,3,5,09,08,2,1,,0,1,0,0
"POINT (9.648124545000030 52.414138057000059)",Unfall 21479 (2017) Kat:3,21479,3,6,2,09,22,2,1,,0,1,0,0
"POINT (9.928409965000071 52.344226122000066)",Unfall 21480 (2017) Kat:3,21480,3,3,5,09,19,2,1,,1,1,0,0
"POINT (9.847420235000072 52.360120393000045)",Unfall 21481 (2017) Kat:2,21481,2,2,5,09,12,2,0,,0,0,0,0
"POINT (9.796944001000043 52.347125832000074)",Unfall 21482 (2017) Kat:3,21482,3,6,3,09,06,2,1,,0,1,0,0
"POINT (9.866491744000030 52.577346269000031)",Unfall 21483 (2017) Kat:3,21483,3,6,3,09,15,2,0,,0,1,0,0
"POINT (9.731527700000072 52.369393651000053)",Unfall 21484 (2017) Kat:3,21484,3,2,5,09,07,2,1,,1,1,0,0
"POINT (9.726506325000059 52.365974173000041)",Unfall 21485 (2017) Kat:3,21485,3,3,5,09,06,2,1,,0,1,0,0
"POINT (9.797207602000071 52.346900142000038)",Unfall 21486 (2017) Kat:3,21486,3,6,9,09,06,2,1,,0,1,0,0
"POINT (9.814996255000040 52.363857818000042)",Unfall 21489 (2017) Kat:3,21489,3,7,1,09,19,2,1,,0,1,0,1
"POINT (9.599904549000030 52.617240931000026)",Unfall 21490 (2017) Kat:2,21490,2,1,8,09,21,2,1,,0,1,0,0
"POINT (9.661787020000077 52.401809961000026)",Unfall 21491 (2017) Kat:3,21491,3,1,9,09,16,2,1,,0,0,0,0
"POINT (9.712656520000053 52.429317019000052)",Unfall 21493 (2017) Kat:3,21493,3,6,2,09,14,2,0,,0,1,0,0
"POINT (9.845608602000027 52.411653131000037)",Unfall 21494 (2017) Kat:3,21494,3,6,2,09,07,2,0,,0,1,0,0
"POINT (9.928334241000073 52.320396922000043)",Unfall 21558 (2017) Kat:3,21558,3,1,9,09,14,1,1,,0,0,0,1
"POINT (9.710562004000053 52.431883156000026)",Unfall 21559 (2017) Kat:3,21559,3,6,2,09,19,1,1,,0,1,0,0
"POINT (9.953563385000052 52.491902894000077)",Unfall 21560 (2017) Kat:3,21560,3,1,8,09,17,1,1,,0,1,0,0
"POINT (10.080175562000022 52.517900124000050)",Unfall 21563 (2017) Kat:3,21563,3,1,8,09,03,1,0,,0,1,0,0
"POINT (9.792008218000035 52.557517601000029)",Unfall 21565 (2017) Kat:3,21565,3,1,9,09,16,1,1,,0,0,0,1
"POINT (9.721476295000059 52.361422285000060)",Unfall 21566 (2017) Kat:3,21566,3,6,2,09,17,1,1,,0,1,0,0
"POINT (9.810745135000047 52.382633807000047)",Unfall 21567 (2017) Kat:3,21567,3,1,8,09,01,1,0,,0,1,0,0
"POINT (9.721193526000036 52.361672081000052)",Unfall 21568 (2017) Kat:3,21568,3,6,2,09,17,1,1,,0,1,0,0
"POINT (9.456924890000039 52.500267967000070)",Unfall 21569 (2017) Kat:3,21569,3,6,2,09,17,1,1,,0,1,0,0
"POINT (9.464605669000036 52.350027386000079)",Unfall 21570 (2017) Kat:3,21570,3,2,2,09,17,1,1,,0,1,0,0
"POINT (9.781315237000058 52.364085880000061)",Unfall 21571 (2017) Kat:3,21571,3,1,8,09,13,1,1,,0,1,0,0
"POINT (10.027464712000040 52.461400280000078)",Unfall 21573 (2017) Kat:3,21573,3,6,2,09,17,1,0,,1,0,0,0
"POINT (9.786185692000061 52.356592883000076)",Unfall 21575 (2017) Kat:3,21575,3,6,2,09,18,1,0,,0,1,0,0
"POINT (9.856611123000050 52.358730382000033)",Unfall 21577 (2017) Kat:3,21577,3,1,0,09,10,1,0,,1,0,0,0
"POINT (9.734342998000045 52.368805823000059)",Unfall 21645 (2017) Kat:3,21645,3,3,5,09,23,7,0,,1,1,0,0
"POINT (9.751786766000066 52.452710338000031)",Unfall 21646 (2017) Kat:3,21646,3,6,2,09,11,7,0,,0,1,0,0
"POINT (9.827241723000043 52.346831197000029)",Unfall 21647 (2017) Kat:3,21647,3,5,1,09,10,7,0,,0,1,0,0
"POINT (9.756582687000048 52.254468247000034)",Unfall 21648 (2017) Kat:3,21648,3,2,5,09,14,7,0,,0,1,0,0
"POINT (9.512058785000022 52.389143057000069)",Unfall 21649 (2017) Kat:3,21649,3,1,8,09,12,7,0,,1,0,0,0
"POINT (9.915107860000035 52.444650707000051)",Unfall 21666 (2017) Kat:3,21666,3,1,0,09,15,7,0,,0,0,0,1
"POINT (9.807596401000069 52.559270919000028)",Unfall 21668 (2017) Kat:1,21668,1,4,6,09,19,7,0,,0,1,1,0
"POINT (9.598893878000069 52.211324287000082)",Unfall 21670 (2017) Kat:2,21670,2,1,9,09,07,7,1,,0,1,0,0
"POINT (9.726373397000032 52.388384996000070)",Unfall 21672 (2017) Kat:3,21672,3,3,5,09,05,7,0,,0,1,0,0
"POINT (9.614633116000050 52.392277284000045)",Unfall 21723 (2017) Kat:3,21723,3,3,5,09,15,6,0,,0,1,0,0
"POINT (9.588527673000044 52.438010040000052)",Unfall 21724 (2017) Kat:3,21724,3,2,2,09,12,6,0,,0,1,0,0
"POINT (9.707468678000055 52.424426679000078)",Unfall 21764 (2017) Kat:3,21764,3,2,5,10,18,2,0,,0,1,0,0
"POINT (9.634491682000032 52.265317163000077)",Unfall 21765 (2017) Kat:3,21765,3,1,9,10,13,2,1,,0,1,0,0
"POINT (9.449522382000055 52.504779455000062)",Unfall 21766 (2017) Kat:3,21766,3,2,2,10,07,2,1,,0,1,0,0
"POINT (9.894790867000040 52.415271239000049)",Unfall 21767 (2017) Kat:3,21767,3,6,9,10,18,2,0,,0,1,0,0
"POINT (9.733991119000052 52.415955593000035)",Unfall 21768 (2017) Kat:2,21768,2,1,6,10,14,2,0,,0,1,1,0
"POINT (9.687224777000040 52.425977482000064)",Unfall 21769 (2017) Kat:2,21769,2,2,2,10,11,2,1,,0,1,0,0
"POINT (10.119193058000064 52.363657443000079)",Unfall 21770 (2017) Kat:2,21770,2,6,2,10,10,2,1,,0,0,0,0
"POINT (9.655902799000046 52.406380995000063)",Unfall 21797 (2017) Kat:2,21797,2,1,8,10,06,1,1,,0,1,0,0
"POINT (9.290554455000063 52.489474580000035)",Unfall 21798 (2017) Kat:3,21798,3,3,5,10,13,1,0,,0,1,0,0
"POINT (9.881292978000033 52.311323978000075)",Unfall 21799 (2017) Kat:2,21799,2,1,8,10,14,1,0,,0,0,0,1
"POINT (9.791932893000023 52.556502127000044)",Unfall 21800 (2017) Kat:3,21800,3,6,2,10,11,1,0,,0,1,0,0
"POINT (9.817507892000037 52.301906640000027)",Unfall 21849 (2017) Kat:3,21849,3,4,6,10,06,2,0,,0,1,1,0
"POINT (9.775144532000070 52.371286076000047)",Unfall 21850 (2017) Kat:3,21850,3,6,2,10,16,2,0,,0,1,0,0
"POINT (9.768844050000041 52.338037245000066)",Unfall 21852 (2017) Kat:3,21852,3,7,0,10,10,2,0,,1,0,0,0
"POINT (9.528345199000057 52.196582258000035)",Unfall 21853 (2017) Kat:3,21853,3,6,2,10,17,2,0,,0,1,0,0
"POINT (9.700288033000049 52.477127186000075)",Unfall 21855 (2017) Kat:3,21855,3,3,5,10,16,2,0,,0,1,0,0
"POINT (9.824700522000057 52.339779077000060)",Unfall 21858 (2017) Kat:2,21858,2,1,0,10,15,2,0,,1,0,0,0
"POINT (9.775036492000027 52.577061362000052)",Unfall 21860 (2017) Kat:3,21860,3,6,2,10,09,2,0,,0,1,0,0
"POINT (9.614022189000025 52.421666253000069)",Unfall 21862 (2017) Kat:3,21862,3,7,0,10,04,2,0,,0,0,0,0
"POINT (9.745360643000026 52.601528289000044)",Unfall 21863 (2017) Kat:3,21863,3,7,2,10,07,2,0,,0,1,0,0
"POINT (9.735653433000039 52.402940895000029)",Unfall 21876 (2017) Kat:3,21876,3,5,6,09,11,7,1,,0,1,1,0
"POINT (9.548788991000038 52.641686284000059)",Unfall 21878 (2017) Kat:3,21878,3,1,8,09,04,7,1,,0,0,0,0
"POINT (9.594727137000064 52.382692218000045)",Unfall 21879 (2017) Kat:1,21879,1,1,8,09,20,7,1,,0,1,0,0
"POINT (9.822443603000068 52.407626117000063)",Unfall 21881 (2017) Kat:3,21881,3,6,0,09,19,7,1,,0,1,0,0
"POINT (9.723305842000059 52.454487168000071)",Unfall 21924 (2017) Kat:3,21924,3,6,3,10,20,1,0,,0,1,0,0
"POINT (9.722991656000033 52.436931785000070)",Unfall 21925 (2017) Kat:3,21925,3,1,8,10,08,1,1,,0,1,0,0
"POINT (9.870321961000059 52.310483753000028)",Unfall 21926 (2017) Kat:3,21926,3,3,5,10,16,1,0,,0,1,0,0
"POINT (9.776134329000058 52.329172770000071)",Unfall 21992 (2017) Kat:3,21992,3,6,2,09,14,6,0,,0,1,0,0
"POINT (9.721757819000061 52.421535991000042)",Unfall 21993 (2017) Kat:3,21993,3,6,2,09,14,6,0,,0,1,0,0
"POINT (9.780514767000057 52.269989102000068)",Unfall 21994 (2017) Kat:3,21994,3,6,2,09,18,6,0,,0,1,0,0
"POINT (9.642762707000031 52.342284640000059)",Unfall 21995 (2017) Kat:3,21995,3,1,8,09,20,6,0,,0,0,0,1
"POINT (9.667154870000047 52.339956407000045)",Unfall 21996 (2017) Kat:3,21996,3,3,5,09,13,6,0,,1,1,0,0
"POINT (9.611478747000035 52.434654281000064)",Unfall 21997 (2017) Kat:3,21997,3,2,5,09,09,6,1,,1,1,0,0
"POINT (9.655902799000046 52.406380995000063)",Unfall 21998 (2017) Kat:3,21998,3,6,2,10,17,7,1,,0,1,0,0
"POINT (9.734314086000040 52.475573308000037)",Unfall 21999 (2017) Kat:3,21999,3,2,0,09,07,6,0,,1,1,0,0
"POINT (9.930562174000045 52.496590679000064)",Unfall 22000 (2017) Kat:2,22000,2,7,0,09,16,6,0,,1,0,0,0
"POINT (9.753974726000024 52.370035557000051)",Unfall 22001 (2017) Kat:3,22001,3,6,2,10,17,7,0,,0,1,0,0
"POINT (9.717513182000062 52.367088188000082)",Unfall 22003 (2017) Kat:3,22003,3,3,0,09,13,6,0,,1,0,0,0
"POINT (9.733731412000054 52.545771752000064)",Unfall 22004 (2017) Kat:3,22004,3,2,5,10,18,7,1,,0,1,0,0
"POINT (9.786490668000056 52.356262567000044)",Unfall 22005 (2017) Kat:2,22005,2,6,4,10,19,7,1,,0,1,0,0
"POINT (9.827223761000028 52.345986504000052)",Unfall 22045 (2017) Kat:3,22045,3,1,0,10,12,6,1,,0,0,0,1
"POINT (9.643485615000031 52.335152791000041)",Unfall 22047 (2017) Kat:3,22047,3,6,2,10,14,6,1,,0,1,0,0
"POINT (9.568598628000075 52.303621934000034)",Unfall 22048 (2017) Kat:2,22048,2,1,8,10,15,6,1,,0,1,0,0
"POINT (9.472029069000030 52.301606473000049)",Unfall 22051 (2017) Kat:3,22051,3,2,2,10,13,6,1,,0,1,0,0
"POINT (9.898063331000060 52.479601876000061)",Unfall 22054 (2017) Kat:3,22054,3,6,2,10,07,6,1,,0,1,0,0
"POINT (9.874688460000073 52.279359404000047)",Unfall 22057 (2017) Kat:3,22057,3,1,9,10,15,6,1,,0,1,0,0
"POINT (9.797279701000036 52.414081464000049)",Unfall 22060 (2017) Kat:3,22060,3,1,0,10,13,6,1,,1,0,0,0
"POINT (9.973724997000034 52.389511336000055)",Unfall 22061 (2017) Kat:3,22061,3,6,2,10,14,6,0,,0,1,0,0
"POINT (9.529769568000063 52.198279306000074)",Unfall 22137 (2017) Kat:3,22137,3,6,3,09,17,5,1,,0,1,0,0
"POINT (9.645938888000046 52.411225962000060)",Unfall 22138 (2017) Kat:3,22138,3,1,0,09,17,5,1,,1,0,0,0
"POINT (9.572077494000041 52.284947058000057)",Unfall 22142 (2017) Kat:3,22142,3,4,6,09,13,5,0,,0,1,1,0
"POINT (9.446012284000062 52.504614210000057)",Unfall 22144 (2017) Kat:3,22144,3,6,2,09,15,5,1,,0,1,0,0
"POINT (10.054906235000033 52.448742235000054)",Unfall 22149 (2017) Kat:3,22149,3,3,0,09,15,5,1,,0,1,0,0
"POINT (9.646554236000043 52.398979921000034)",Unfall 22159 (2017) Kat:3,22159,3,6,2,10,15,5,1,,0,1,0,0
"POINT (9.549439999000072 52.358414529000072)",Unfall 22160 (2017) Kat:3,22160,3,7,7,10,13,5,1,,0,1,0,0
"POINT (10.125441355000021 52.371955076000063)",Unfall 22161 (2017) Kat:3,22161,3,2,4,10,07,5,1,,0,1,0,0
"POINT (9.778766209000025 52.376566940000032)",Unfall 22162 (2017) Kat:3,22162,3,7,7,10,13,5,1,,0,1,0,0
"POINT (9.496523167000021 52.413911199000040)",Unfall 22163 (2017) Kat:1,22163,1,6,2,10,23,5,0,,1,1,0,0
"POINT (9.779375533000064 52.521297508000032)",Unfall 22164 (2017) Kat:3,22164,3,7,7,10,13,5,0,,0,0,0,0
"POINT (9.785804440000050 52.335307513000032)",Unfall 22165 (2017) Kat:3,22165,3,3,5,09,18,5,1,,1,1,0,0
"POINT (9.786011301000031 52.319635717000040)",Unfall 22166 (2017) Kat:2,22166,2,7,5,09,18,5,1,,0,1,0,1
"POINT (9.745059701000059 52.367461841000079)",Unfall 22167 (2017) Kat:2,22167,2,7,0,09,15,5,0,,1,0,0,0
"POINT (9.729177261000075 52.536814722000031)",Unfall 22168 (2017) Kat:3,22168,3,1,8,09,10,5,1,,0,1,0,0
"POINT (9.786712447000070 52.389681642000028)",Unfall 22174 (2017) Kat:3,22174,3,7,7,10,14,5,1,,0,1,0,0
"POINT (9.785215951000055 52.335286673000041)",Unfall 22179 (2017) Kat:3,22179,3,2,5,10,10,5,1,,1,0,0,0
"POINT (9.713305502000026 52.400061390000076)",Unfall 22180 (2017) Kat:2,22180,2,2,6,10,10,5,1,,0,1,1,0
"POINT (9.729784601000063 52.384078409000040)",Unfall 22182 (2017) Kat:3,22182,3,2,2,10,09,5,1,,0,1,0,0
"POINT (9.709504232000029 52.346767022000051)",Unfall 22233 (2017) Kat:3,22233,3,6,2,09,16,4,0,,0,1,0,0
"POINT (9.872453277000034 52.310666997000055)",Unfall 22234 (2017) Kat:3,22234,3,3,5,09,07,4,1,,0,1,0,0
"POINT (9.745644701000060 52.209330682000029)",Unfall 22235 (2017) Kat:3,22235,3,2,4,09,09,4,0,,0,1,0,0
"POINT (9.613950189000036 52.316354186000069)",Unfall 22236 (2017) Kat:3,22236,3,3,5,09,07,4,1,,1,1,0,0
"POINT (9.726308639000024 52.545982952000031)",Unfall 22237 (2017) Kat:3,22237,3,2,5,09,12,4,0,,1,1,0,0
"POINT (9.733886339000037 52.478582359000029)",Unfall 22238 (2017) Kat:3,22238,3,6,2,09,17,4,0,,0,1,0,1
"POINT (9.732530470000029 52.424074724000036)",Unfall 22239 (2017) Kat:3,22239,3,6,2,09,07,4,1,,0,1,0,0