WKT,Name,OBJECTID,UKATEGORIE,UTYP1,UART,UMONAT,USTUNDE,UWOCHENTAG,STRZUSTAND,ULICHTVERH,ISTRAD,ISTPKW,ISTFUSS,ISTKRAD
"POINT (10.109501266000052 52.363823435000029)",Unfall 22240 (2017) Kat:3,22240,3,6,2,09,15,4,0,,0,0,0,0
"POINT (9.697157008000033 52.341726605000076)",Unfall 22242 (2017) Kat:3,22242,3,2,5,09,16,4,0,,0,1,0,0
"POINT (9.791812728000025 52.393610608000074)",Unfall 22243 (2017) Kat:3,22243,3,6,2,09,15,4,0,,0,1,0,0
"POINT (10.103598994000038 52.455568714000037)",Unfall 22248 (2017) Kat:2,22248,2,7,9,09,12,4,1,,0,1,0,0
"POINT (9.680444253000076 52.371930216000067)",Unfall 22290 (2017) Kat:3,22290,3,2,5,10,10,4,0,,1,1,0,0
"POINT (9.882494395000038 52.359075897000082)",Unfall 22291 (2017) Kat:3,22291,3,6,8,10,05,4,1,,0,1,0,0
"POINT (9.473453368000037 52.389844045000075)",Unfall 22293 (2017) Kat:3,22293,3,7,2,10,15,4,0,,0,1,0,0
"POINT (9.695984304000035 52.379886692000071)",Unfall 22317 (2017) Kat:3,22317,3,6,2,09,12,3,1,,0,1,0,0
"POINT (9.635491841000032 52.197825636000061)",Unfall 22318 (2017) Kat:3,22318,3,1,8,09,22,3,1,,0,1,0,0
"POINT (9.629868088000023 52.484983122000074)",Unfall 22319 (2017) Kat:3,22319,3,1,8,09,21,3,1,,0,1,0,0
"POINT (10.044165009000039 52.305360737000058)",Unfall 22320 (2017) Kat:2,22320,2,3,5,09,06,3,1,,0,1,0,0
"POINT (10.024170113000025 52.432955300000060)",Unfall 22321 (2017) Kat:3,22321,3,2,4,09,20,3,1,,0,1,0,0
"POINT (9.711160457000062 52.405796731000066)",Unfall 22322 (2017) Kat:3,22322,3,3,5,09,11,3,0,,1,1,0,0
"POINT (9.687046218000035 52.558375074000082)",Unfall 22332 (2017) Kat:3,22332,3,6,3,10,16,3,0,,1,1,0,0
"POINT (9.731693572000040 52.484463122000079)",Unfall 22334 (2017) Kat:3,22334,3,1,0,10,17,3,1,,0,0,0,1
"POINT (9.996533493000072 52.445852133000074)",Unfall 22335 (2017) Kat:3,22335,3,3,5,10,16,3,0,,0,1,0,0
"POINT (9.679508941000051 52.391979096000057)",Unfall 22337 (2017) Kat:3,22337,3,1,8,10,22,3,1,,0,1,0,0
"POINT (9.740058346000069 52.368238329000064)",Unfall 22352 (2017) Kat:3,22352,3,2,6,10,18,2,0,,0,1,1,0
"POINT (9.744676442000070 52.369018689000029)",Unfall 22353 (2017) Kat:3,22353,3,6,4,10,17,2,0,,1,0,0,0
"POINT (9.750587941000049 52.360018845000070)",Unfall 22356 (2017) Kat:3,22356,3,6,3,10,19,2,0,,0,1,0,0
"POINT (9.827329036000037 52.355524422000030)",Unfall 22358 (2017) Kat:3,22358,3,3,5,10,08,2,0,,0,1,0,0
"POINT (9.757680820000076 52.242923564000080)",Unfall 22360 (2017) Kat:3,22360,3,3,5,10,19,2,0,,0,1,0,0
"POINT (9.638897463000035 52.396733600000061)",Unfall 22361 (2017) Kat:3,22361,3,6,2,10,19,2,0,,0,1,0,0
"POINT (9.627935472000047 52.265790682000045)",Unfall 22362 (2017) Kat:3,22362,3,6,3,10,07,2,0,,1,1,0,0
"POINT (9.457251038000038 52.504761896000048)",Unfall 22363 (2017) Kat:3,22363,3,6,3,10,13,2,0,,1,0,0,0
"POINT (9.608780772000046 52.443778431000055)",Unfall 22364 (2017) Kat:3,22364,3,2,6,10,16,2,0,,0,1,1,0
"POINT (9.733894475000056 52.438530028000059)",Unfall 22365 (2017) Kat:3,22365,3,2,5,10,09,2,0,,1,1,0,0
"POINT (9.837736966000023 52.421605920000047)",Unfall 22366 (2017) Kat:3,22366,3,6,1,10,16,2,0,,0,1,0,0
"POINT (9.852796904000059 52.565034031000039)",Unfall 22367 (2017) Kat:3,22367,3,6,2,10,16,2,0,,0,1,0,0
"POINT (9.561147952000056 52.421616122000046)",Unfall 22368 (2017) Kat:2,22368,2,6,4,10,14,2,0,,0,1,0,0
"POINT (9.521690666000040 52.272286413000074)",Unfall 22461 (2017) Kat:3,22461,3,1,0,10,16,7,1,,0,0,0,1
"POINT (9.454427306000071 52.475995351000051)",Unfall 22463 (2017) Kat:2,22463,2,1,8,10,10,7,0,,0,1,0,0
"POINT (9.880116134000048 52.353515770000058)",Unfall 22465 (2017) Kat:3,22465,3,1,9,10,08,7,0,,0,1,0,0
"POINT (9.838723575000074 52.421925131000080)",Unfall 22468 (2017) Kat:3,22468,3,6,2,10,15,7,1,,0,1,0,0
"POINT (9.676398045000042 52.393863488000079)",Unfall 22469 (2017) Kat:3,22469,3,1,8,10,17,7,1,,0,1,0,0
"POINT (9.640218734000030 52.415235536000068)",Unfall 22474 (2017) Kat:3,22474,3,6,2,10,16,1,0,,0,1,0,0
"POINT (9.747768318000055 52.216696530000036)",Unfall 22479 (2017) Kat:3,22479,3,6,2,10,13,1,0,,0,1,0,0
"POINT (9.555636385000071 52.204804900000056)",Unfall 22480 (2017) Kat:3,22480,3,3,5,10,15,1,0,,1,1,0,0
"POINT (9.556285874000025 52.203896175000068)",Unfall 22481 (2017) Kat:3,22481,3,6,0,10,17,1,0,,0,1,0,1
"POINT (9.663156525000034 52.315928309000071)",Unfall 22482 (2017) Kat:3,22482,3,6,3,10,13,1,0,,1,1,0,0
"POINT (9.436096079000038 52.539837443000067)",Unfall 22483 (2017) Kat:3,22483,3,7,8,10,01,1,0,,0,1,0,0
"POINT (9.717328938000037 52.608961158000056)",Unfall 22484 (2017) Kat:3,22484,3,2,4,10,16,1,0,,0,1,0,1
"POINT (9.972357962000046 52.380250240000066)",Unfall 22486 (2017) Kat:3,22486,3,6,2,10,12,1,0,,0,1,0,1
"POINT (9.872595010000055 52.310687804000054)",Unfall 22487 (2017) Kat:2,22487,2,3,5,10,17,1,0,,0,1,0,1
"POINT (9.838419473000045 52.417983571000036)",Unfall 22489 (2017) Kat:2,22489,2,1,9,10,18,1,0,,0,0,0,1
"POINT (9.633956758000068 52.354466968000054)",Unfall 22491 (2017) Kat:2,22491,2,7,1,10,14,1,0,,0,1,1,0
"POINT (9.727002063000043 52.366552644000080)",Unfall 22492 (2017) Kat:2,22492,2,6,2,10,14,1,0,,0,1,0,1
"POINT (9.545376570000030 52.310526369000058)",Unfall 22495 (2017) Kat:1,22495,1,6,4,10,09,1,1,,0,1,0,1
"POINT (9.716420555000070 52.357655152000063)",Unfall 22560 (2017) Kat:3,22560,3,3,5,10,12,6,1,,1,1,0,0
"POINT (9.719942068000023 52.330888529000049)",Unfall 22561 (2017) Kat:3,22561,3,6,2,10,14,6,1,,0,1,0,0
"POINT (9.868193804000043 52.309700857000053)",Unfall 22563 (2017) Kat:3,22563,3,3,5,10,18,6,1,,0,1,0,0
"POINT (9.834682407000059 52.337750120000067)",Unfall 22565 (2017) Kat:3,22565,3,2,6,10,07,6,0,,0,1,1,0
"POINT (9.761427481000055 52.260609296000041)",Unfall 22566 (2017) Kat:3,22566,3,2,5,10,17,6,1,,1,1,0,0
"POINT (9.459880894000037 52.306515236000052)",Unfall 22567 (2017) Kat:3,22567,3,3,5,10,11,6,1,,0,1,0,0
"POINT (10.014222822000022 52.287464590000070)",Unfall 22570 (2017) Kat:3,22570,3,1,2,10,11,6,1,,0,1,0,0
"POINT (9.733875000000069 52.469605685000033)",Unfall 22572 (2017) Kat:3,22572,3,2,5,10,16,6,1,,1,1,0,0
"POINT (9.899814272000072 52.390168822000078)",Unfall 22575 (2017) Kat:3,22575,3,6,2,10,16,6,1,,0,1,0,0
"POINT (9.810588620000033 52.333125547000066)",Unfall 22578 (2017) Kat:2,22578,2,1,9,10,16,6,1,,0,1,0,0
"POINT (9.801024009000059 52.396468970000058)",Unfall 22579 (2017) Kat:3,22579,3,6,2,10,16,6,0,,0,1,0,0
"POINT (9.885301446000028 52.279838265000080)",Unfall 22581 (2017) Kat:3,22581,3,7,6,10,05,6,0,,0,0,1,0
"POINT (9.712512522000054 52.403042182000036)",Unfall 22583 (2017) Kat:3,22583,3,2,4,10,14,7,0,,1,1,0,0
"POINT (9.793890756000053 52.393914004000067)",Unfall 22585 (2017) Kat:3,22585,3,6,2,10,16,7,0,,0,1,0,1
"POINT (9.455987276000030 52.505030766000061)",Unfall 22588 (2017) Kat:3,22588,3,6,3,10,13,7,0,,1,1,0,0
"POINT (9.690369756000052 52.444979852000074)",Unfall 22589 (2017) Kat:1,22589,1,1,9,10,09,7,0,,0,1,0,0
"POINT (9.723435627000072 52.363262701000053)",Unfall 22689 (2017) Kat:3,22689,3,6,2,10,07,5,1,,0,1,0,1
"POINT (9.646487871000034 52.399292442000046)",Unfall 22690 (2017) Kat:3,22690,3,2,5,10,06,5,1,,1,1,0,0
"POINT (9.501071535000051 52.289464302000056)",Unfall 22691 (2017) Kat:3,22691,3,5,1,10,07,5,0,,0,1,0,0
"POINT (10.114748313000064 52.355330186000060)",Unfall 22692 (2017) Kat:3,22692,3,3,5,10,16,5,0,,1,1,0,0
"POINT (9.731551794000040 52.438669220000065)",Unfall 22693 (2017) Kat:3,22693,3,3,5,10,11,5,0,,1,1,0,0
"POINT (9.827277374000062 52.310931962000041)",Unfall 22695 (2017) Kat:2,22695,2,3,5,10,16,5,0,,1,1,0,0
"POINT (9.632888269000034 52.419442701000037)",Unfall 22696 (2017) Kat:3,22696,3,1,0,10,11,5,0,,1,0,0,0
"POINT (9.713943269000026 52.366599315000030)",Unfall 22697 (2017) Kat:2,22697,2,5,0,10,08,5,0,,1,1,0,0
"POINT (9.733828483000025 52.385979185000053)",Unfall 22721 (2017) Kat:3,22721,3,6,2,10,19,6,0,,0,1,0,0
"POINT (9.737483274000056 52.305025748000048)",Unfall 22722 (2017) Kat:3,22722,3,2,2,10,14,6,0,,0,1,0,0
"POINT (9.747768441000062 52.324613823000050)",Unfall 22724 (2017) Kat:3,22724,3,6,4,10,16,6,0,,1,0,0,0
"POINT (9.891200232000074 52.294601303000036)",Unfall 22739 (2017) Kat:2,22739,2,6,3,10,05,6,0,,0,1,0,0
"POINT (9.820129759000054 52.362470775000077)",Unfall 22790 (2017) Kat:3,22790,3,1,0,10,13,4,0,,1,0,0,0
"POINT (9.646617064000054 52.398702622000030)",Unfall 22796 (2017) Kat:3,22796,3,6,2,10,08,5,1,,0,1,0,0
"POINT (9.456578757000045 52.496860316000038)",Unfall 22797 (2017) Kat:3,22797,3,5,0,10,11,5,0,,1,0,0,0
"POINT (10.115400821000037 52.356022131000032)",Unfall 22798 (2017) Kat:3,22798,3,5,1,10,06,5,1,,0,0,0,0
"POINT (9.860071306000066 52.433971914000040)",Unfall 22799 (2017) Kat:3,22799,3,3,5,10,10,5,0,,1,1,0,0
"POINT (9.735629377000066 52.396093447000055)",Unfall 22800 (2017) Kat:2,22800,2,3,5,10,06,5,1,,1,1,0,0
"POINT (10.113478333000046 52.393256026000074)",Unfall 22801 (2017) Kat:3,22801,3,7,9,10,10,4,0,,0,1,0,0
"POINT (9.765296861000024 52.341812135000055)",Unfall 22802 (2017) Kat:3,22802,3,4,6,10,22,5,0,,0,1,1,0
"POINT (9.678158229000076 52.365721129000065)",Unfall 22803 (2017) Kat:2,22803,2,2,6,10,19,5,0,,0,1,1,0
"POINT (9.750076238000077 52.327160320000075)",Unfall 22804 (2017) Kat:2,22804,2,3,5,10,17,5,0,,1,1,0,0
"POINT (9.761595693000061 52.342092063000052)",Unfall 22805 (2017) Kat:3,22805,3,6,2,10,15,5,0,,0,1,0,0
"POINT (10.203120285000068 52.463881331000039)",Unfall 22806 (2017) Kat:3,22806,3,6,2,10,18,4,0,,0,1,0,1
"POINT (9.964267216000053 52.472251902000039)",Unfall 22808 (2017) Kat:3,22808,3,6,4,10,11,4,0,,0,1,0,0
"POINT (9.970453113000076 52.314989251000043)",Unfall 22876 (2017) Kat:3,22876,3,3,5,10,18,3,0,,0,1,0,0
"POINT (9.888619464000044 52.584674548000066)",Unfall 22878 (2017) Kat:3,22878,3,6,3,10,13,3,0,,0,1,0,0
"POINT (9.738809514000025 52.368038677000072)",Unfall 22879 (2017) Kat:3,22879,3,3,5,10,15,3,0,,1,1,0,0
"POINT (9.504288230000043 52.406293623000067)",Unfall 22880 (2017) Kat:2,22880,2,6,2,10,15,3,0,,0,1,0,0
"POINT (9.646512772000051 52.423517345000050)",Unfall 22881 (2017) Kat:3,22881,3,6,3,10,13,3,0,,0,1,0,0
"POINT (9.712816253000028 52.401156963000062)",Unfall 22891 (2017) Kat:3,22891,3,6,2,10,08,4,1,,0,1,0,0
"POINT (9.574311867000063 52.282017558000064)",Unfall 22892 (2017) Kat:3,22892,3,2,2,10,13,4,0,,0,1,0,0
"POINT (9.487258152000038 52.564724700000056)",Unfall 22893 (2017) Kat:3,22893,3,6,2,10,12,4,0,,0,1,0,0
"POINT (9.461882177000064 52.312351946000035)",Unfall 22894 (2017) Kat:3,22894,3,2,2,10,18,4,0,,0,1,0,0
"POINT (9.738369697000053 52.437848985000073)",Unfall 22895 (2017) Kat:3,22895,3,4,6,10,20,4,0,,0,1,1,0
"POINT (9.915902248000066 52.395329836000030)",Unfall 22896 (2017) Kat:3,22896,3,6,2,10,14,4,0,,0,0,0,0
"POINT (9.872505123000053 52.310674505000065)",Unfall 22897 (2017) Kat:3,22897,3,2,5,10,12,4,0,,0,1,0,0
"POINT (9.717098014000044 52.346364730000062)",Unfall 22898 (2017) Kat:2,22898,2,2,5,10,09,4,1,,1,0,0,0
"POINT (9.585717140000043 52.392534347000037)",Unfall 22970 (2017) Kat:3,22970,3,7,2,10,18,3,0,,0,1,0,0
"POINT (9.590798700000050 52.396887054000047)",Unfall 22971 (2017) Kat:3,22971,3,2,4,10,16,3,1,,1,1,0,0
"POINT (9.573769511000023 52.272453897000048)",Unfall 22973 (2017) Kat:3,22973,3,1,0,10,14,3,1,,0,0,0,1
"POINT (9.611682018000067 52.301745000000039)",Unfall 22975 (2017) Kat:3,22975,3,1,8,10,16,3,1,,0,1,0,0
"POINT (9.490004983000063 52.388993510000034)",Unfall 22985 (2017) Kat:3,22985,3,6,4,10,17,3,0,,0,1,0,0
"POINT (10.119757290000052 52.360820320000073)",Unfall 22986 (2017) Kat:3,22986,3,6,2,10,08,3,1,,0,1,0,0
"POINT (9.857444832000056 52.497894492000057)",Unfall 22987 (2017) Kat:3,22987,3,3,5,10,15,1,1,,0,1,0,0
"POINT (9.670329707000064 52.347988854000050)",Unfall 22988 (2017) Kat:2,22988,2,7,0,10,08,3,1,,0,0,0,1
"POINT (9.885368822000032 52.360083342000053)",Unfall 22989 (2017) Kat:3,22989,3,1,9,10,15,1,1,,0,1,0,0
"POINT (9.807004716000051 52.336244688000079)",Unfall 22990 (2017) Kat:3,22990,3,1,8,10,10,3,1,,0,1,0,0
"POINT (9.723024621000036 52.358050234000075)",Unfall 22991 (2017) Kat:3,22991,3,6,2,10,16,3,1,,0,1,0,0
"POINT (9.733298446000049 52.427542644000027)",Unfall 22992 (2017) Kat:3,22992,3,6,2,10,15,1,1,,0,1,0,0
"POINT (9.418673772000034 52.426650037000059)",Unfall 23034 (2017) Kat:3,23034,3,7,0,11,09,5,0,,1,0,0,0
"POINT (9.831544531000077 52.399108283000032)",Unfall 23049 (2017) Kat:3,23049,3,6,2,10,13,2,0,,0,1,0,0
"POINT (9.667304168000044 52.340338995000081)",Unfall 23051 (2017) Kat:3,23051,3,3,5,10,16,2,0,,1,1,0,0
"POINT (9.728816062000021 52.317946082000049)",Unfall 23053 (2017) Kat:3,23053,3,6,2,10,12,2,0,,0,1,0,0
"POINT (9.623737741000070 52.425510146000079)",Unfall 23054 (2017) Kat:3,23054,3,6,2,10,15,2,1,,0,1,0,0
"POINT (9.579105531000039 52.418496880000077)",Unfall 23055 (2017) Kat:3,23055,3,2,2,10,15,2,0,,0,1,0,0
"POINT (9.863378318000059 52.373936171000082)",Unfall 23056 (2017) Kat:3,23056,3,2,6,10,08,2,0,,0,1,1,0
"POINT (9.552305171000057 52.362892169000077)",Unfall 23057 (2017) Kat:3,23057,3,1,0,11,13,3,1,,0,0,0,1
"POINT (9.562905683000054 52.459166321000055)",Unfall 23058 (2017) Kat:2,23058,2,4,6,10,08,2,1,,0,1,1,0
"POINT (9.856082026000024 52.408358137000050)",Unfall 23060 (2017) Kat:3,23060,3,6,3,11,12,3,0,,0,1,0,0
"POINT (9.840164981000044 52.488060819000054)",Unfall 23063 (2017) Kat:3,23063,3,6,2,11,10,3,0,,0,1,0,0
"POINT (9.567048799000077 52.421832217000031)",Unfall 23064 (2017) Kat:3,23064,3,6,2,11,07,3,0,,0,1,0,0
"POINT (9.970986845000027 52.372959855000033)",Unfall 23112 (2017) Kat:3,23112,3,2,5,11,08,6,1,,0,1,0,1
"POINT (9.722432402000038 52.378501653000058)",Unfall 23117 (2017) Kat:3,23117,3,2,5,10,02,1,1,,1,1,0,0
"POINT (9.775001858000053 52.371066605000067)",Unfall 23118 (2017) Kat:3,23118,3,6,2,10,18,1,1,,0,1,0,0
"POINT (9.745656475000033 52.209273426000038)",Unfall 23120 (2017) Kat:3,23120,3,3,5,10,13,1,0,,0,1,0,0
"POINT (9.849650307000047 52.270324457000072)",Unfall 23121 (2017) Kat:2,23121,2,4,6,10,20,1,1,,0,1,1,0
"POINT (9.759814034000044 52.587761081000053)",Unfall 23123 (2017) Kat:3,23123,3,6,2,10,15,1,1,,0,1,0,0
"POINT (9.632511965000049 52.419670393000047)",Unfall 23176 (2017) Kat:3,23176,3,6,3,10,08,2,1,,0,1,0,0
"POINT (9.730162320000034 52.368702821000056)",Unfall 23187 (2017) Kat:3,23187,3,3,5,11,16,2,0,,1,1,0,0
"POINT (9.725035893000040 52.376698936000082)",Unfall 23189 (2017) Kat:3,23189,3,3,5,11,08,2,0,,0,1,0,0
"POINT (9.827653321000071 52.360848386000043)",Unfall 23191 (2017) Kat:3,23191,3,4,6,11,12,2,0,,0,1,1,0
"POINT (9.734402064000051 52.412596002000043)",Unfall 23192 (2017) Kat:3,23192,3,2,3,11,10,2,0,,1,0,0,0
"POINT (9.728882511000052 52.372970866000060)",Unfall 23193 (2017) Kat:3,23193,3,2,4,10,17,2,1,,1,1,0,0
"POINT (9.449054962000048 52.423545720000050)",Unfall 23196 (2017) Kat:3,23196,3,6,4,10,21,2,1,,0,1,0,0
"POINT (9.780514767000057 52.269989102000068)",Unfall 23200 (2017) Kat:3,23200,3,2,2,10,16,2,1,,0,1,0,0
"POINT (9.802579547000050 52.434825249000028)",Unfall 23204 (2017) Kat:3,23204,3,2,5,11,17,2,0,,1,1,0,0
"POINT (9.480347231000053 52.294871118000060)",Unfall 23207 (2017) Kat:3,23207,3,6,2,11,13,2,0,,0,1,0,1
"POINT (10.125536318000059 52.371915590000071)",Unfall 23209 (2017) Kat:3,23209,3,2,4,11,18,2,1,,0,1,0,0
"POINT (9.720480011000063 52.337558629000057)",Unfall 23210 (2017) Kat:3,23210,3,6,2,10,19,7,1,,0,1,0,0
"POINT (9.783436819000031 52.323232445000031)",Unfall 23211 (2017) Kat:3,23211,3,2,5,10,08,7,0,,1,1,0,0
"POINT (9.903753678000044 52.444850736000035)",Unfall 23212 (2017) Kat:3,23212,3,3,5,11,08,2,0,,1,1,0,0
"POINT (9.464546873000074 52.403510185000073)",Unfall 23213 (2017) Kat:3,23213,3,1,8,11,10,2,0,,0,1,0,0
"POINT (9.732364471000039 52.383201949000068)",Unfall 23214 (2017) Kat:3,23214,3,6,2,10,19,7,1,,0,1,0,0
"POINT (9.709402390000037 52.169007831000044)",Unfall 23215 (2017) Kat:3,23215,3,3,0,10,15,7,0,,0,1,0,0
"POINT (9.834006626000075 52.418952520000062)",Unfall 23216 (2017) Kat:3,23216,3,6,2,11,09,2,0,,0,1,0,0
"POINT (9.452738249000049 52.512772343000051)",Unfall 23218 (2017) Kat:3,23218,3,3,5,10,11,7,0,,0,1,0,0
"POINT (9.655655837000040 52.579661567000073)",Unfall 23221 (2017) Kat:3,23221,3,7,9,10,00,7,0,,0,1,0,0
"POINT (9.692281520000051 52.420983341000067)",Unfall 23223 (2017) Kat:3,23223,3,3,5,10,22,7,1,,0,1,0,0
"POINT (10.190202554000052 52.464539396000077)",Unfall 23226 (2017) Kat:2,23226,2,4,6,10,09,7,0,,0,1,1,0
"POINT (9.476342520000060 52.498845981000045)",Unfall 23228 (2017) Kat:3,23228,3,6,2,10,14,2,1,,0,1,0,0
"POINT (9.488019787000042 52.291328545000056)",Unfall 23231 (2017) Kat:3,23231,3,2,5,10,07,2,0,,1,1,0,0
"POINT (9.678341116000070 52.440955422000059)",Unfall 23234 (2017) Kat:3,23234,3,6,4,10,18,2,1,,0,1,0,0
"POINT (9.725723708000032 52.525126200000045)",Unfall 23245 (2017) Kat:3,23245,3,2,4,11,18,6,1,,0,1,0,0
"POINT (9.406463173000077 52.411466835000056)",Unfall 23262 (2017) Kat:2,23262,2,1,8,10,20,2,1,,0,1,0,0
"POINT (9.782972217000065 52.361351231000071)",Unfall 23263 (2017) Kat:3,23263,3,1,8,10,18,2,1,,0,1,0,0
"POINT (9.734768851000069 52.407450806000043)",Unfall 23264 (2017) Kat:3,23264,3,4,6,10,16,2,1,,0,1,1,0
"POINT (9.815087726000058 52.303713443000049)",Unfall 23265 (2017) Kat:3,23265,3,2,5,10,07,2,1,,1,1,0,0
"POINT (9.735308842000052 52.402947400000073)",Unfall 23272 (2017) Kat:3,23272,3,6,3,11,13,6,1,,1,0,0,0
"POINT (9.696337968000023 52.379852602000028)",Unfall 23275 (2017) Kat:3,23275,3,2,5,11,22,1,0,,0,1,0,0
"POINT (10.071230233000051 52.368008032000034)",Unfall 23276 (2017) Kat:3,23276,3,1,8,11,15,1,1,,0,1,0,0
"POINT (9.935245786000053 52.336686327000052)",Unfall 23281 (2017) Kat:3,23281,3,2,2,11,14,4,0,,0,1,0,0
"POINT (9.762276444000065 52.336308357000064)",Unfall 23282 (2017) Kat:3,23282,3,3,5,10,08,2,0,,1,1,0,0
"POINT (9.789462366000066 52.357730149000076)",Unfall 23285 (2017) Kat:3,23285,3,6,2,10,09,2,1,,0,1,0,0
"POINT (9.727385264000077 52.381249322000031)",Unfall 23288 (2017) Kat:3,23288,3,6,2,11,11,5,0,,0,1,0,0
"POINT (9.733771797000031 52.384566095000082)",Unfall 23331 (2017) Kat:3,23331,3,6,2,10,14,2,1,,0,1,0,0
"POINT (9.799896786000033 52.407495538000035)",Unfall 23344 (2017) Kat:3,23344,3,7,0,11,10,6,1,,1,0,0,0
"POINT (9.763450639000041 52.343834398000070)",Unfall 23361 (2017) Kat:3,23361,3,3,5,11,13,7,0,,0,1,0,1
"POINT (9.732001067000056 52.311853834000033)",Unfall 23365 (2017) Kat:3,23365,3,2,3,11,13,7,0,,0,1,0,1
"POINT (9.651196830000060 52.415280089000078)",Unfall 23367 (2017) Kat:3,23367,3,7,0,10,17,6,1,,1,0,0,0
"POINT (9.431743808000022 52.318984357000033)",Unfall 23368 (2017) Kat:3,23368,3,6,2,11,13,7,0,,0,1,0,0
"POINT (9.722552398000062 52.357872223000072)",Unfall 23369 (2017) Kat:3,23369,3,4,6,10,12,6,0,,1,0,1,0
"POINT (9.936912903000064 52.444261627000060)",Unfall 23370 (2017) Kat:3,23370,3,7,8,11,12,7,0,,0,0,0,1
"POINT (9.657199497000022 52.318646554000054)",Unfall 23371 (2017) Kat:3,23371,3,3,5,10,07,6,0,,0,1,0,0
"POINT (9.759735425000031 52.370358939000027)",Unfall 23372 (2017) Kat:3,23372,3,2,2,10,21,6,0,,0,1,0,0
"POINT (9.786955120000073 52.390229978000036)",Unfall 23374 (2017) Kat:3,23374,3,6,2,10,18,6,1,,0,1,0,0
"POINT (9.685821562000058 52.374891766000076)",Unfall 23375 (2017) Kat:3,23375,3,3,5,10,14,6,0,,1,1,0,0
"POINT (9.863302340000075 52.329841504000058)",Unfall 23384 (2017) Kat:3,23384,3,6,9,11,11,7,0,,0,1,0,0
"POINT (9.727153889000022 52.387988735000079)",Unfall 23387 (2017) Kat:3,23387,3,3,5,11,12,7,0,,1,1,0,0
"POINT (9.970428829000070 52.387567433000072)",Unfall 23427 (2017) Kat:3,23427,3,3,5,11,17,4,0,,0,1,0,0
"POINT (9.728896909000071 52.372950117000073)",Unfall 23432 (2017) Kat:3,23432,3,6,2,11,15,6,1,,0,1,0,0
"POINT (9.726339346000032 52.380814795000049)",Unfall 23442 (2017) Kat:3,23442,3,3,5,11,19,4,0,,1,1,0,0
"POINT (9.608780869000043 52.392465871000070)",Unfall 23466 (2017) Kat:3,23466,3,3,5,11,14,6,0,,0,1,0,0
"POINT (9.784748049000029 52.199683333000053)",Unfall 23468 (2017) Kat:2,23468,2,4,6,11,14,6,0,,0,1,1,0
"POINT (9.776059016000033 52.269217947000072)",Unfall 23469 (2017) Kat:2,23469,2,1,8,11,02,5,0,,0,1,0,0
"POINT (10.060023270000045 52.395082617000071)",Unfall 23499 (2017) Kat:3,23499,3,6,2,11,06,6,1,,0,1,0,0
"POINT (9.870144352000068 52.310396157000071)",Unfall 23506 (2017) Kat:2,23506,2,6,3,11,08,4,0,,0,1,0,0
"POINT (9.465077412000028 52.318473502000074)",Unfall 23533 (2017) Kat:2,23533,2,6,6,10,19,5,0,,0,0,1,1
"POINT (9.961635725000065 52.484060754000041)",Unfall 23534 (2017) Kat:3,23534,3,6,4,10,16,5,0,,0,1,0,0
"POINT (10.009796132000076 52.463762293000059)",Unfall 23536 (2017) Kat:3,23536,3,6,3,10,20,5,0,,0,1,0,0
"POINT (9.722557308000035 52.358018866000066)",Unfall 23537 (2017) Kat:3,23537,3,4,6,10,15,5,0,,0,1,1,0
"POINT (9.551133492000076 52.362662366000052)",Unfall 23540 (2017) Kat:3,23540,3,2,5,10,07,5,1,,0,1,0,0
"POINT (9.889596826000059 52.295355463000078)",Unfall 23545 (2017) Kat:3,23545,3,6,2,10,18,5,0,,0,1,0,0
"POINT (9.720249517000070 52.337866806000079)",Unfall 23565 (2017) Kat:3,23565,3,6,2,11,17,4,0,,0,1,0,0
"POINT (9.661876183000061 52.401729038000042)",Unfall 23588 (2017) Kat:3,23588,3,7,0,11,14,5,1,,0,1,0,0
"POINT (9.450569876000031 52.428388728000073)",Unfall 23592 (2017) Kat:3,23592,3,3,0,11,16,5,1,,0,1,0,1
"POINT (9.780495013000063 52.270029564000026)",Unfall 23595 (2017) Kat:3,23595,3,6,2,11,14,5,1,,0,1,0,0
"POINT (9.670770489000063 52.238935943000058)",Unfall 23601 (2017) Kat:3,23601,3,3,5,11,15,5,0,,1,1,0,0
"POINT (9.567349982000053 52.574890338000046)",Unfall 23602 (2017) Kat:3,23602,3,1,8,11,07,5,1,,0,0,0,1
"POINT (9.454629406000038 52.508356893000041)",Unfall 23603 (2017) Kat:3,23603,3,2,5,11,17,5,1,,1,1,0,0
"POINT (9.463090090000037 52.314646780000032)",Unfall 23606 (2017) Kat:3,23606,3,2,2,11,11,5,0,,0,1,0,0
"POINT (9.638978419000068 52.415848423000057)",Unfall 23607 (2017) Kat:3,23607,3,6,2,11,06,5,0,,0,1,0,0
"POINT (9.886504857000034 52.437891734000061)",Unfall 23608 (2017) Kat:3,23608,3,6,2,11,08,5,0,,0,1,0,0