WKT,Name,OBJECTID,UKATEGORIE,UTYP1,UART,UMONAT,USTUNDE,UWOCHENTAG,STRZUSTAND,ULICHTVERH,ISTRAD,ISTPKW,ISTFUSS,ISTKRAD
"POINT (9.735044453000057 52.380327969000064)",Unfall 132254 (2017) Kat:3,132254,3,2,3,08,18,5,0,,1,1,0,0
"POINT (9.748939514000028 52.376069367000071)",Unfall 132255 (2017) Kat:3,132255,3,5,1,08,15,5,0,,1,1,0,0
"POINT (9.685297382000044 52.396682562000080)",Unfall 132277 (2017) Kat:3,132277,3,1,8,08,02,4,0,,0,1,0,0
"POINT (9.749772407000023 52.376470969000081)",Unfall 132278 (2017) Kat:3,132278,3,2,2,08,19,4,0,,1,1,0,0
"POINT (9.378732301000071 52.455036780000057)",Unfall 132279 (2017) Kat:3,132279,3,3,5,08,14,4,0,,1,0,0,0
"POINT (9.732498557000042 52.327546710000036)",Unfall 132280 (2017) Kat:3,132280,3,3,0,08,18,4,0,,1,1,0,0
"POINT (9.667972713000040 52.339121295000041)",Unfall 132281 (2017) Kat:3,132281,3,1,0,08,13,4,0,,1,0,0,0
"POINT (9.765373438000040 52.418147603000079)",Unfall 132282 (2017) Kat:3,132282,3,7,8,08,14,4,0,,0,1,0,0
"POINT (9.770012016000067 52.383715492000078)",Unfall 132283 (2017) Kat:3,132283,3,1,0,08,13,4,0,,1,0,0,0
"POINT (9.754778882000039 52.389563812000063)",Unfall 132284 (2017) Kat:3,132284,3,2,5,08,13,4,0,,1,0,0,0
"POINT (9.696120043000065 52.341832205000060)",Unfall 132317 (2017) Kat:3,132317,3,1,0,08,13,3,0,,1,0,0,0
"POINT (9.762055343000043 52.370859006000046)",Unfall 132318 (2017) Kat:3,132318,3,3,5,08,20,3,0,,1,1,0,0
"POINT (9.732618900000034 52.388674516000037)",Unfall 132319 (2017) Kat:3,132319,3,6,2,08,18,3,1,,0,1,0,0
"POINT (9.599112263000052 52.420402819000060)",Unfall 132320 (2017) Kat:3,132320,3,3,5,08,12,3,1,,1,1,0,0
"POINT (9.973869414000035 52.375748715000043)",Unfall 132321 (2017) Kat:3,132321,3,7,0,08,15,3,0,,1,0,0,0
"POINT (9.802942504000043 52.401451678000058)",Unfall 132322 (2017) Kat:3,132322,3,3,5,08,22,3,0,,0,1,0,0
"POINT (9.830357536000065 52.424875395000072)",Unfall 132323 (2017) Kat:3,132323,3,3,5,08,12,3,0,,1,1,0,0
"POINT (9.672744735000038 52.398357741000041)",Unfall 132324 (2017) Kat:3,132324,3,2,5,08,09,3,0,,0,1,0,0
"POINT (9.798743482000077 52.385306588000049)",Unfall 132349 (2017) Kat:3,132349,3,3,5,07,06,2,0,,1,1,0,0
"POINT (9.460452519000057 52.502571218000071)",Unfall 132374 (2017) Kat:3,132374,3,1,0,07,21,1,0,,1,0,0,0
"POINT (9.733013640000024 52.375732331000052)",Unfall 132375 (2017) Kat:3,132375,3,6,6,07,12,1,0,,1,0,1,0
"POINT (9.743594438000059 52.357225150000033)",Unfall 132394 (2017) Kat:3,132394,3,5,1,07,10,7,0,,0,1,0,0
"POINT (9.964158877000045 52.368918389000044)",Unfall 132395 (2017) Kat:3,132395,3,5,1,07,14,7,0,,0,1,0,0
"POINT (9.690061612000022 52.392653430000053)",Unfall 132396 (2017) Kat:3,132396,3,7,0,07,23,7,0,,1,0,0,0
"POINT (9.699947123000072 52.367129853000051)",Unfall 132397 (2017) Kat:3,132397,3,2,6,07,17,7,0,,0,1,1,0
"POINT (9.774454394000031 52.398290981000059)",Unfall 132398 (2017) Kat:3,132398,3,1,0,07,10,7,0,,1,0,0,0
"POINT (9.655600468000046 52.412226013000065)",Unfall 132415 (2017) Kat:3,132415,3,6,0,07,13,6,0,,0,1,0,0
"POINT (9.729452066000022 52.375877880000075)",Unfall 132416 (2017) Kat:3,132416,3,5,3,07,12,6,0,,1,1,0,0
"POINT (9.461688339000034 52.506746389000057)",Unfall 132417 (2017) Kat:3,132417,3,3,5,07,09,6,0,,1,1,0,0
"POINT (9.963661387000059 52.314020499000037)",Unfall 132418 (2017) Kat:3,132418,3,3,5,07,10,6,0,,0,1,0,0
"POINT (9.667848196000023 52.441134080000040)",Unfall 132419 (2017) Kat:3,132419,3,6,2,07,16,6,0,,0,1,0,0
"POINT (9.570123568000042 52.440486201000056)",Unfall 132423 (2017) Kat:2,132423,2,5,4,07,12,6,0,,0,1,0,1
"POINT (9.777686754000058 52.397317272000066)",Unfall 132437 (2017) Kat:3,132437,3,4,6,08,14,7,1,,0,1,1,0
"POINT (9.700917510000068 52.349368286000072)",Unfall 132438 (2017) Kat:3,132438,3,7,0,08,12,7,1,,0,1,0,0
"POINT (9.755934780000075 52.343302306000055)",Unfall 132448 (2017) Kat:3,132448,3,7,7,08,23,6,1,,1,0,0,0
"POINT (9.764079593000076 52.395360608000033)",Unfall 132449 (2017) Kat:3,132449,3,2,6,08,14,6,1,,0,1,1,0
"POINT (9.748758068000029 52.385604419000060)",Unfall 132450 (2017) Kat:3,132450,3,6,2,08,11,6,1,,0,1,0,0
"POINT (9.553369901000053 52.212328402000026)",Unfall 132451 (2017) Kat:3,132451,3,4,6,08,13,6,1,,0,1,1,0
"POINT (9.707342051000069 52.433441403000074)",Unfall 132452 (2017) Kat:3,132452,3,7,0,08,20,6,1,,0,0,0,1
"POINT (10.016307632000064 52.442660911000075)",Unfall 132453 (2017) Kat:3,132453,3,5,1,08,07,6,1,,1,1,0,0
"POINT (9.792052922000039 52.401203309000039)",Unfall 132454 (2017) Kat:3,132454,3,1,0,08,16,6,1,,1,0,0,0
"POINT (9.769497552000075 52.355452776000050)",Unfall 132455 (2017) Kat:3,132455,3,5,0,08,15,6,1,,1,0,0,0
"POINT (9.817277842000067 52.393666473000053)",Unfall 132456 (2017) Kat:3,132456,3,5,1,08,06,6,1,,0,1,0,1
"POINT (9.702923129000055 52.374981045000027)",Unfall 132494 (2017) Kat:3,132494,3,1,0,08,10,5,1,,0,0,0,1
"POINT (9.814754396000069 52.377024430000063)",Unfall 132495 (2017) Kat:2,132495,2,7,0,08,13,5,0,,0,1,1,0
"POINT (9.730689287000075 52.391297177000069)",Unfall 132496 (2017) Kat:3,132496,3,3,5,08,07,5,1,,0,1,0,0
"POINT (9.750483723000059 52.415935620000027)",Unfall 132497 (2017) Kat:3,132497,3,6,6,08,07,5,1,,1,0,1,0
"POINT (9.749786725000035 52.378029905000062)",Unfall 132498 (2017) Kat:3,132498,3,3,5,08,09,5,1,,1,0,0,0
"POINT (9.599103479000064 52.315454423000062)",Unfall 132499 (2017) Kat:3,132499,3,4,6,08,12,5,0,,0,1,1,0
"POINT (9.465250410000067 52.299618492000036)",Unfall 132500 (2017) Kat:3,132500,3,7,1,08,18,5,0,,0,1,0,0
"POINT (9.595421744000021 52.426758779000068)",Unfall 132501 (2017) Kat:3,132501,3,4,6,08,13,5,1,,0,0,1,0
"POINT (9.745366424000054 52.378697058000057)",Unfall 132502 (2017) Kat:3,132502,3,2,5,08,14,5,0,,1,1,0,0
"POINT (9.674053961000027 52.413911634000044)",Unfall 132503 (2017) Kat:2,132503,2,3,5,08,13,5,0,,0,1,0,0
"POINT (9.741959560000055 52.373732446000076)",Unfall 132504 (2017) Kat:2,132504,2,3,5,08,12,5,0,,1,1,0,0
"POINT (9.735874532000025 52.383938754000042)",Unfall 132505 (2017) Kat:2,132505,2,6,2,08,08,5,1,,0,1,0,0
"POINT (9.727906714000028 52.349375836000036)",Unfall 132547 (2017) Kat:3,132547,3,3,5,08,13,4,0,,1,0,0,0
"POINT (9.719866865000029 52.375102312000081)",Unfall 132548 (2017) Kat:3,132548,3,3,5,08,16,4,0,,0,1,0,1
"POINT (9.608837119000043 52.408024939000029)",Unfall 132549 (2017) Kat:3,132549,3,1,5,08,17,4,0,,1,1,0,0
"POINT (9.743503586000031 52.428389986000070)",Unfall 132550 (2017) Kat:3,132550,3,5,1,08,16,4,0,,0,1,0,0
"POINT (9.756612924000024 52.468658898000058)",Unfall 132551 (2017) Kat:3,132551,3,1,9,08,07,4,0,,0,0,0,0
"POINT (10.008605832000057 52.449735174000068)",Unfall 132552 (2017) Kat:3,132552,3,5,5,08,16,4,0,,0,1,0,1
"POINT (9.690544692000060 52.346240836000050)",Unfall 132553 (2017) Kat:3,132553,3,3,5,08,16,4,0,,0,1,0,0
"POINT (9.820574750000048 52.359518540000067)",Unfall 132554 (2017) Kat:3,132554,3,2,5,08,16,4,0,,0,1,0,0
"POINT (9.803082697000036 52.396578792000071)",Unfall 132555 (2017) Kat:3,132555,3,3,5,08,11,4,0,,1,1,0,0
"POINT (9.746375257000068 52.354177497000080)",Unfall 132556 (2017) Kat:3,132556,3,6,4,08,07,4,0,,1,0,0,0
"POINT (9.753626923000070 52.414747220000038)",Unfall 132589 (2017) Kat:3,132589,3,3,5,08,07,3,0,,0,1,0,0
"POINT (9.738046316000066 52.382133585000076)",Unfall 132590 (2017) Kat:3,132590,3,2,2,08,15,3,0,,0,1,0,0
"POINT (9.741540577000023 52.373817926000072)",Unfall 132591 (2017) Kat:3,132591,3,6,3,08,08,3,0,,1,1,0,0
"POINT (9.460312779000049 52.494393448000039)",Unfall 132592 (2017) Kat:3,132592,3,4,6,08,13,3,0,,0,1,1,0
"POINT (9.450380660000064 52.507460494000043)",Unfall 132593 (2017) Kat:3,132593,3,3,5,08,07,3,0,,1,1,0,0
"POINT (9.746467618000054 52.367566564000072)",Unfall 132625 (2017) Kat:3,132625,3,7,1,08,09,2,0,,1,1,0,0
"POINT (9.742424578000055 52.386425651000081)",Unfall 132626 (2017) Kat:3,132626,3,6,6,08,07,2,0,,1,0,1,0
"POINT (9.754175902000043 52.389938691000054)",Unfall 132627 (2017) Kat:2,132627,2,7,0,08,20,2,0,,1,0,0,0
"POINT (9.756577935000053 52.339327155000035)",Unfall 132628 (2017) Kat:2,132628,2,2,5,08,17,2,0,,1,1,0,0
"POINT (9.719972378000023 52.397120485000073)",Unfall 132629 (2017) Kat:2,132629,2,7,0,08,16,2,0,,0,0,0,0
"POINT (9.734653303000073 52.420892216000027)",Unfall 132630 (2017) Kat:3,132630,3,3,5,08,11,2,0,,0,1,0,0
"POINT (9.749932980000040 52.376298816000030)",Unfall 132631 (2017) Kat:3,132631,3,4,6,08,13,2,0,,0,1,1,0
"POINT (9.815622887000075 52.396197088000065)",Unfall 132632 (2017) Kat:2,132632,2,4,6,08,13,2,0,,0,1,1,0
"POINT (9.692288147000056 52.396642739000072)",Unfall 132633 (2017) Kat:3,132633,3,2,5,08,10,2,0,,1,1,0,0
"POINT (9.691676562000055 52.330192618000069)",Unfall 132657 (2017) Kat:3,132657,3,1,0,08,17,1,0,,1,0,0,0
"POINT (9.661408086000051 52.376034415000049)",Unfall 132658 (2017) Kat:3,132658,3,7,0,08,12,1,0,,1,1,0,0
"POINT (9.752486800000042 52.359619526000074)",Unfall 132659 (2017) Kat:3,132659,3,1,0,08,18,1,0,,1,0,0,0
"POINT (9.744192319000035 52.377604337000037)",Unfall 132660 (2017) Kat:3,132660,3,7,0,08,19,1,0,,0,0,1,0
"POINT (9.653865498000073 52.343422846000067)",Unfall 132661 (2017) Kat:2,132661,2,1,0,08,13,1,0,,1,0,0,0
"POINT (9.750830686000029 52.375425317000065)",Unfall 132662 (2017) Kat:3,132662,3,3,0,08,05,1,0,,1,0,0,0
"POINT (9.588027155000077 52.417226628000037)",Unfall 132683 (2017) Kat:3,132683,3,3,5,08,22,7,0,,0,1,0,0
"POINT (9.610012551000068 52.416260704000081)",Unfall 132684 (2017) Kat:2,132684,2,3,5,08,11,7,0,,1,1,0,0
"POINT (10.014601552000045 52.382701330000032)",Unfall 132685 (2017) Kat:3,132685,3,6,2,08,18,7,0,,0,1,0,0
"POINT (9.743013180000048 52.440105773000028)",Unfall 132686 (2017) Kat:3,132686,3,3,5,08,15,7,0,,1,1,0,0
"POINT (9.719912502000057 52.367935360000047)",Unfall 132693 (2017) Kat:3,132693,3,7,5,08,09,7,0,,0,1,0,0
"POINT (9.828724197000042 52.346167265000076)",Unfall 132694 (2017) Kat:3,132694,3,2,4,08,09,7,0,,0,1,0,0
"POINT (9.720412693000071 52.397409503000063)",Unfall 132695 (2017) Kat:3,132695,3,3,5,08,19,7,0,,0,1,0,0
"POINT (9.744511334000038 52.395143130000065)",Unfall 132696 (2017) Kat:3,132696,3,6,2,08,19,7,0,,0,1,0,0
"POINT (9.654572920000021 52.407802687000071)",Unfall 132712 (2017) Kat:3,132712,3,2,2,08,21,6,1,,0,1,0,0
"POINT (9.690272045000029 52.346872361000067)",Unfall 132713 (2017) Kat:3,132713,3,6,2,08,09,6,0,,0,1,0,0
"POINT (9.782673214000056 52.343504348000067)",Unfall 132714 (2017) Kat:3,132714,3,1,0,08,07,6,0,,1,0,0,0
"POINT (9.773470402000044 52.410235864000072)",Unfall 132715 (2017) Kat:3,132715,3,3,5,08,10,6,1,,0,1,0,0
"POINT (9.448929376000024 52.417073065000068)",Unfall 132716 (2017) Kat:3,132716,3,3,5,08,17,6,0,,1,1,0,0
"POINT (9.465834757000039 52.426371335000056)",Unfall 132717 (2017) Kat:3,132717,3,1,0,08,10,6,1,,1,0,0,0
"POINT (9.610179126000048 52.416154864000077)",Unfall 132718 (2017) Kat:3,132718,3,1,0,08,13,6,1,,0,0,0,1
"POINT (10.017737888000056 52.435845528000073)",Unfall 132719 (2017) Kat:3,132719,3,2,5,08,17,6,1,,1,1,0,0
"POINT (9.834774818000028 52.338526194000053)",Unfall 132720 (2017) Kat:3,132720,3,1,0,08,17,6,1,,1,0,0,0
"POINT (9.741367386000036 52.369056331000081)",Unfall 132721 (2017) Kat:3,132721,3,1,0,08,13,6,1,,1,0,0,0
"POINT (9.799655301000030 52.412093434000042)",Unfall 132722 (2017) Kat:3,132722,3,5,1,08,14,6,0,,0,1,0,0
"POINT (9.744691780000039 52.357375345000037)",Unfall 132762 (2017) Kat:3,132762,3,4,6,08,14,5,0,,0,1,1,0
"POINT (9.787243129000046 52.330588850000026)",Unfall 132763 (2017) Kat:3,132763,3,2,5,08,15,5,1,,1,1,0,0
"POINT (9.744572590000075 52.385158562000072)",Unfall 132764 (2017) Kat:3,132764,3,6,2,08,14,5,0,,0,1,0,0
"POINT (9.741321015000040 52.371397136000041)",Unfall 132765 (2017) Kat:3,132765,3,2,3,08,12,5,0,,1,1,0,0
"POINT (9.558435386000042 52.209658282000078)",Unfall 132766 (2017) Kat:3,132766,3,2,6,08,15,5,0,,0,1,1,0
"POINT (9.595418276000032 52.426688893000062)",Unfall 132767 (2017) Kat:3,132767,3,4,6,08,15,5,0,,1,0,1,0
"POINT (9.610539577000054 52.416271226000049)",Unfall 132768 (2017) Kat:3,132768,3,6,2,08,21,5,1,,0,1,0,0
"POINT (9.961707928000067 52.389396764000026)",Unfall 132769 (2017) Kat:3,132769,3,6,2,08,05,5,0,,0,1,0,1
"POINT (9.857947521000028 52.491835851000076)",Unfall 132770 (2017) Kat:3,132770,3,1,0,08,20,5,1,,0,0,0,1
"POINT (10.004110456000035 52.445879717000082)",Unfall 132771 (2017) Kat:3,132771,3,3,5,08,20,5,1,,1,1,0,0
"POINT (9.739405164000061 52.373618471000043)",Unfall 132772 (2017) Kat:3,132772,3,3,5,08,17,5,0,,1,1,0,0
"POINT (9.765314458000034 52.378114080000046)",Unfall 132773 (2017) Kat:3,132773,3,3,5,08,14,5,0,,0,1,0,0
"POINT (9.741423405000035 52.360055080000052)",Unfall 132774 (2017) Kat:3,132774,3,6,6,08,07,5,0,,1,0,1,0
"POINT (9.755836041000066 52.342631677000043)",Unfall 132808 (2017) Kat:3,132808,3,3,5,08,11,4,0,,1,1,0,0
"POINT (9.737400980000075 52.372054553000055)",Unfall 132809 (2017) Kat:3,132809,3,5,1,08,11,4,0,,1,1,0,0
"POINT (9.964844597000024 52.364752269000064)",Unfall 132810 (2017) Kat:3,132810,3,2,2,08,11,4,0,,0,1,0,0
"POINT (9.735630636000053 52.440531554000074)",Unfall 132811 (2017) Kat:3,132811,3,5,1,08,11,4,0,,0,1,0,1
"POINT (10.001105262000067 52.445816365000042)",Unfall 132812 (2017) Kat:3,132812,3,6,4,08,15,4,0,,1,0,0,0
"POINT (9.739636612000027 52.373196434000079)",Unfall 132813 (2017) Kat:3,132813,3,6,4,08,13,4,0,,1,0,0,0
"POINT (9.549326071000053 52.211273764000055)",Unfall 132814 (2017) Kat:3,132814,3,7,0,08,08,4,0,,0,1,0,0
"POINT (9.663700510000069 52.410582379000061)",Unfall 132815 (2017) Kat:2,132815,2,4,6,08,23,4,0,,0,0,1,0
"POINT (9.736092666000047 52.378870122000080)",Unfall 132816 (2017) Kat:3,132816,3,3,5,08,16,4,0,,1,1,0,0
"POINT (9.719677662000038 52.367514916000061)",Unfall 132848 (2017) Kat:3,132848,3,6,3,08,16,3,0,,0,1,0,0
"POINT (9.719661496000072 52.366934751000031)",Unfall 132849 (2017) Kat:3,132849,3,5,1,08,18,3,0,,1,1,0,0
"POINT (9.819223177000026 52.400026936000074)",Unfall 132850 (2017) Kat:3,132850,3,6,2,08,09,3,0,,0,1,0,0
"POINT (9.790042546000052 52.410347148000028)",Unfall 132851 (2017) Kat:3,132851,3,1,0,08,22,3,1,,0,0,0,1
"POINT (9.767954763000034 52.265088468000044)",Unfall 132852 (2017) Kat:3,132852,3,3,5,08,10,3,0,,1,1,0,0
"POINT (9.737090580000029 52.370462519000057)",Unfall 132853 (2017) Kat:3,132853,3,7,1,08,23,3,0,,1,1,0,0
"POINT (9.717195336000032 52.344961200000057)",Unfall 132854 (2017) Kat:3,132854,3,4,6,08,21,3,1,,0,1,1,0
"POINT (9.815635443000076 52.396177932000057)",Unfall 132855 (2017) Kat:3,132855,3,7,4,08,15,3,0,,0,1,0,0
"POINT (9.813433464000070 52.377380618000075)",Unfall 132856 (2017) Kat:3,132856,3,7,0,08,07,3,0,,1,0,0,0
"POINT (9.728037983000036 52.372796945000061)",Unfall 132857 (2017) Kat:3,132857,3,3,5,08,07,3,0,,0,1,0,0
"POINT (9.694213814000023 52.352936177000061)",Unfall 132896 (2017) Kat:3,132896,3,2,5,08,17,2,0,,0,1,0,0
"POINT (9.753745413000047 52.340328840000041)",Unfall 132897 (2017) Kat:3,132897,3,6,2,08,15,2,0,,0,1,0,0
"POINT (9.653875164000056 52.317860069000062)",Unfall 132898 (2017) Kat:3,132898,3,5,1,08,09,2,0,,1,1,0,0
"POINT (9.937896549000072 52.343397230000051)",Unfall 132899 (2017) Kat:3,132899,3,3,0,08,16,2,0,,0,0,0,0
"POINT (10.012897474000056 52.437395781000077)",Unfall 132900 (2017) Kat:3,132900,3,3,5,08,07,2,0,,1,0,0,1
"POINT (9.871461074000024 52.373923331000071)",Unfall 132901 (2017) Kat:2,132901,2,3,5,08,16,2,0,,0,0,0,1
"POINT (9.753702665000049 52.430550510000046)",Unfall 132902 (2017) Kat:2,132902,2,3,5,08,14,2,0,,1,0,0,0
"POINT (9.855206491000047 52.482160655000030)",Unfall 132927 (2017) Kat:3,132927,3,6,9,08,11,1,0,,0,1,0,0
"POINT (9.832171557000038 52.347346224000034)",Unfall 132928 (2017) Kat:3,132928,3,1,0,08,21,1,0,,1,0,0,0
"POINT (9.755335912000021 52.351214431000074)",Unfall 132929 (2017) Kat:2,132929,2,7,0,08,19,1,0,,1,0,0,0
"POINT (9.730994898000063 52.394971921000035)",Unfall 132930 (2017) Kat:3,132930,3,2,5,08,12,1,0,,0,1,0,0
"POINT (9.723188876000052 52.375050887000043)",Unfall 132931 (2017) Kat:3,132931,3,5,1,08,03,1,0,,1,1,0,0
"POINT (9.477378573000067 52.305758935000028)",Unfall 132943 (2017) Kat:3,132943,3,3,5,08,14,7,0,,0,1,0,0
"POINT (9.793029611000065 52.395337898000037)",Unfall 132962 (2017) Kat:3,132962,3,6,2,08,19,1,0,,0,1,0,1
"POINT (9.319793671000070 52.490410204000057)",Unfall 132963 (2017) Kat:3,132963,3,7,0,08,15,1,0,,1,0,0,0
"POINT (9.847840828000074 52.430887015000053)",Unfall 132964 (2017) Kat:3,132964,3,3,5,08,14,1,0,,0,1,0,0
"POINT (9.717132133000064 52.343875388000072)",Unfall 132965 (2017) Kat:3,132965,3,6,2,08,13,1,0,,0,1,0,0
"POINT (9.743536665000022 52.377798313000028)",Unfall 132966 (2017) Kat:2,132966,2,7,1,08,11,1,0,,1,1,0,0
"POINT (9.763778066000043 52.368743788000074)",Unfall 132985 (2017) Kat:3,132985,3,3,5,08,00,7,0,,1,0,0,1
"POINT (9.613858063000066 52.404904202000068)",Unfall 132986 (2017) Kat:3,132986,3,4,6,08,12,7,0,,0,1,1,0
"POINT (9.748584406000077 52.523443318000034)",Unfall 132987 (2017) Kat:2,132987,2,4,6,08,16,7,0,,0,1,1,0
"POINT (9.785954547000074 52.334916161000081)",Unfall 132988 (2017) Kat:3,132988,3,7,0,08,16,7,0,,1,0,0,0
"POINT (9.745581081000069 52.378919572000029)",Unfall 132989 (2017) Kat:3,132989,3,4,6,08,14,7,0,,0,1,1,0
"POINT (9.724294075000046 52.387423316000081)",Unfall 133013 (2017) Kat:3,133013,3,7,5,08,10,6,0,,0,1,0,0
"POINT (9.741288908000058 52.411358012000051)",Unfall 133014 (2017) Kat:3,133014,3,4,6,08,07,6,0,,0,1,1,0
"POINT (9.555681504000063 52.205609542000047)",Unfall 133015 (2017) Kat:3,133015,3,3,5,08,17,6,0,,1,1,0,0
"POINT (9.539138750000063 52.216060255000059)",Unfall 133016 (2017) Kat:3,133016,3,5,0,08,09,6,0,,1,0,0,0
"POINT (9.472166437000055 52.300134249000052)",Unfall 133017 (2017) Kat:3,133017,3,3,5,08,17,6,0,,1,0,0,0
"POINT (9.980906276000042 52.376616281000054)",Unfall 133018 (2017) Kat:3,133018,3,3,5,08,18,6,0,,1,1,0,0
"POINT (9.971529322000038 52.362568336000038)",Unfall 133019 (2017) Kat:3,133019,3,5,1,08,16,6,0,,1,1,0,0
"POINT (9.734532285000057 52.442499337000072)",Unfall 133020 (2017) Kat:3,133020,3,5,1,08,18,6,0,,1,1,0,0
"POINT (9.810013367000067 52.397327801000074)",Unfall 133021 (2017) Kat:3,133021,3,7,9,08,10,6,0,,0,1,0,0
"POINT (9.771219431000077 52.330902310000056)",Unfall 133047 (2017) Kat:3,133047,3,3,5,08,10,5,1,,1,1,0,0
"POINT (9.739726523000059 52.381258835000040)",Unfall 133048 (2017) Kat:3,133048,3,2,3,08,17,5,0,,1,1,0,0
"POINT (9.744553776000032 52.377205755000034)",Unfall 133049 (2017) Kat:3,133049,3,2,5,08,16,5,0,,1,1,0,0
"POINT (9.622181091000073 52.432019578000052)",Unfall 133050 (2017) Kat:3,133050,3,3,5,08,12,5,0,,0,1,0,1
"POINT (9.575309623000067 52.432181298000046)",Unfall 133051 (2017) Kat:3,133051,3,1,0,08,10,5,1,,0,0,0,1
"POINT (9.967547153000055 52.371747329000073)",Unfall 133052 (2017) Kat:3,133052,3,3,5,08,08,5,1,,0,1,0,0
"POINT (9.750634711000032 52.375337130000048)",Unfall 133053 (2017) Kat:2,133053,2,3,5,08,13,5,0,,1,1,0,0
"POINT (9.731826557000034 52.375412467000046)",Unfall 133054 (2017) Kat:3,133054,3,7,0,08,06,5,1,,1,0,0,0
"POINT (9.732618900000034 52.388674516000037)",Unfall 133089 (2017) Kat:3,133089,3,2,4,08,16,4,0,,1,1,0,0
"POINT (9.819404599000052 52.429337655000040)",Unfall 133090 (2017) Kat:3,133090,3,3,5,08,16,4,0,,1,0,0,0
"POINT (9.739618564000068 52.381194672000049)",Unfall 133091 (2017) Kat:3,133091,3,3,5,08,05,4,0,,1,1,0,0
"POINT (9.711038804000054 52.367242982000050)",Unfall 133092 (2017) Kat:3,133092,3,7,0,08,17,4,0,,1,0,0,0
"POINT (9.756560798000066 52.339551294000046)",Unfall 133093 (2017) Kat:3,133093,3,6,4,08,15,4,0,,1,0,0,0
"POINT (9.761973216000058 52.356620467000027)",Unfall 133094 (2017) Kat:2,133094,2,4,6,08,13,4,0,,0,1,1,0
"POINT (9.748828102000061 52.396802836000063)",Unfall 133095 (2017) Kat:3,133095,3,2,5,08,13,4,0,,1,1,0,0
"POINT (9.739202484000032 52.370459399000026)",Unfall 133096 (2017) Kat:3,133096,3,5,1,08,13,4,0,,1,1,0,0
"POINT (9.678178702000025 52.395503274000077)",Unfall 133123 (2017) Kat:3,133123,3,5,1,08,07,3,0,,0,1,0,0
"POINT (9.798599298000056 52.376300897000078)",Unfall 133124 (2017) Kat:3,133124,3,3,0,08,09,3,0,,1,0,0,0
"POINT (9.745254168000031 52.384637929000064)",Unfall 133125 (2017) Kat:2,133125,2,3,5,08,13,3,0,,1,1,0,0
"POINT (9.781453007000039 52.400104766000027)",Unfall 133126 (2017) Kat:2,133126,2,2,5,08,09,3,0,,1,1,0,0
"POINT (9.719592455000054 52.366417962000071)",Unfall 133160 (2017) Kat:3,133160,3,7,0,08,08,2,0,,0,0,0,0
"POINT (9.751525172000072 52.367577410000081)",Unfall 133161 (2017) Kat:3,133161,3,6,6,08,16,2,0,,0,1,1,0
"POINT (9.821738097000036 52.346107339000071)",Unfall 133162 (2017) Kat:3,133162,3,6,3,08,19,2,0,,1,1,0,0
"POINT (9.751301891000026 52.438738142000034)",Unfall 133187 (2017) Kat:3,133187,3,1,0,08,17,1,1,,1,0,0,0
"POINT (9.736080042000026 52.436665027000060)",Unfall 133188 (2017) Kat:2,133188,2,7,0,08,11,1,0,,1,0,0,0
"POINT (9.741793845000075 52.372918894000065)",Unfall 133189 (2017) Kat:3,133189,3,1,0,08,00,1,0,,1,0,0,0
"POINT (9.690441354000029 52.443701133000047)",Unfall 133206 (2017) Kat:3,133206,3,6,4,09,19,2,0,,0,0,0,0
"POINT (9.874746484000070 52.511133146000077)",Unfall 133207 (2017) Kat:3,133207,3,3,5,09,08,2,0,,0,1,0,0
"POINT (9.761705453000047 52.356507385000043)",Unfall 133208 (2017) Kat:3,133208,3,3,5,09,07,2,0,,1,1,0,0
"POINT (9.618412466000052 52.404749788000061)",Unfall 133212 (2017) Kat:3,133212,3,3,5,09,18,2,0,,1,1,0,0
"POINT (9.716958802000022 52.335557153000082)",Unfall 133213 (2017) Kat:3,133213,3,1,0,09,14,2,0,,1,0,0,0
"POINT (9.759200718000045 52.361691719000078)",Unfall 133214 (2017) Kat:3,133214,3,2,0,09,14,2,0,,1,1,0,0
"POINT (9.758093281000072 52.396211639000057)",Unfall 133215 (2017) Kat:3,133215,3,6,2,09,10,2,0,,0,1,0,0
"POINT (9.734943124000040 52.380273502000080)",Unfall 133216 (2017) Kat:3,133216,3,7,0,09,19,2,0,,0,1,0,0
"POINT (9.734028222000063 52.376624993000064)",Unfall 133217 (2017) Kat:3,133217,3,1,0,09,18,2,0,,1,0,0,0