WKT,Name,OBJECTID,UKATEGORIE,UTYP1,UART,UMONAT,USTUNDE,UWOCHENTAG,STRZUSTAND,ULICHTVERH,ISTRAD,ISTPKW,ISTFUSS,ISTKRAD
"POINT (9.738781196000048 52.371287104000032)",Unfall 133218 (2017) Kat:3,133218,3,2,6,09,15,2,0,,0,1,1,0
"POINT (9.734608207000065 52.362284363000072)",Unfall 133242 (2017) Kat:3,133242,3,2,5,09,12,1,0,,1,0,0,0
"POINT (9.717411636000065 52.416101172000026)",Unfall 133243 (2017) Kat:3,133243,3,3,5,09,13,1,0,,1,1,0,0
"POINT (10.014267533000066 52.483066269000062)",Unfall 133244 (2017) Kat:3,133244,3,6,4,09,11,1,0,,1,0,0,0
"POINT (9.710226468000030 52.442872517000069)",Unfall 133245 (2017) Kat:2,133245,2,1,0,09,16,1,0,,1,0,0,0
"POINT (9.708974344000069 52.367185788000029)",Unfall 133246 (2017) Kat:3,133246,3,7,0,09,13,1,0,,1,0,0,0
"POINT (9.819413727000040 52.429353776000028)",Unfall 133263 (2017) Kat:3,133263,3,3,5,09,11,7,0,,0,1,0,0
"POINT (9.746101170000031 52.400135426000077)",Unfall 133264 (2017) Kat:3,133264,3,5,0,09,16,7,0,,0,1,0,1
"POINT (9.431726357000059 52.422399616000064)",Unfall 133265 (2017) Kat:3,133265,3,4,6,09,12,7,0,,0,1,1,0
"POINT (9.744221264000032 52.543630340000050)",Unfall 133266 (2017) Kat:3,133266,3,1,0,09,22,7,0,,1,0,0,0
"POINT (9.714857374000076 52.371038712000029)",Unfall 133267 (2017) Kat:2,133267,2,4,6,09,23,7,0,,0,1,1,0
"POINT (9.750595271000066 52.375320424000051)",Unfall 133268 (2017) Kat:3,133268,3,2,5,09,18,7,0,,1,1,0,0
"POINT (9.700352599000041 52.408354030000055)",Unfall 133269 (2017) Kat:3,133269,3,1,0,09,11,7,0,,1,0,0,0
"POINT (9.741527096000027 52.432876688000079)",Unfall 133270 (2017) Kat:2,133270,2,7,0,09,13,7,0,,1,0,0,0
"POINT (9.653697298000054 52.411973642000078)",Unfall 133290 (2017) Kat:3,133290,3,2,5,09,07,6,0,,1,1,0,0
"POINT (9.694162525000024 52.352783510000052)",Unfall 133291 (2017) Kat:3,133291,3,6,2,09,16,6,0,,0,1,0,0
"POINT (9.764972606000072 52.359931272000040)",Unfall 133292 (2017) Kat:3,133292,3,6,4,09,23,6,0,,1,0,0,0
"POINT (9.733873023000058 52.394808561000048)",Unfall 133293 (2017) Kat:3,133293,3,2,6,09,13,6,0,,0,1,1,0
"POINT (9.534798907000038 52.307171418000053)",Unfall 133294 (2017) Kat:3,133294,3,3,5,09,15,6,0,,1,1,0,0
"POINT (9.722003060000077 52.378747362000070)",Unfall 133295 (2017) Kat:3,133295,3,3,5,09,19,6,0,,1,1,0,0
"POINT (9.706637553000064 52.410273949000043)",Unfall 133296 (2017) Kat:2,133296,2,2,5,09,16,6,0,,0,1,0,0
"POINT (9.684330714000055 52.393417716000044)",Unfall 133297 (2017) Kat:3,133297,3,2,2,09,12,6,0,,1,0,0,0
"POINT (9.743586235000066 52.325176254000041)",Unfall 133332 (2017) Kat:3,133332,3,7,0,08,22,5,0,,0,0,0,0
"POINT (9.460420996000039 52.513301785000067)",Unfall 133333 (2017) Kat:3,133333,3,2,5,08,16,5,0,,1,1,0,0
"POINT (9.456502571000044 52.507422698000028)",Unfall 133334 (2017) Kat:3,133334,3,1,0,08,16,5,1,,0,0,0,1
"POINT (9.611198718000026 52.315287097000066)",Unfall 133335 (2017) Kat:3,133335,3,4,6,08,17,5,0,,0,0,1,0
"POINT (9.733994435000057 52.375439007000068)",Unfall 133336 (2017) Kat:3,133336,3,5,1,08,13,5,0,,1,1,0,0
"POINT (9.766051990000051 52.393943580000041)",Unfall 133337 (2017) Kat:3,133337,3,1,0,08,10,5,1,,0,0,0,1
"POINT (9.724537044000044 52.358484490000080)",Unfall 133376 (2017) Kat:3,133376,3,2,5,08,21,4,0,,0,1,0,0
"POINT (9.725522177000073 52.382322426000030)",Unfall 133377 (2017) Kat:3,133377,3,3,5,08,13,4,0,,1,0,0,1
"POINT (9.738081268000030 52.454327598000077)",Unfall 133378 (2017) Kat:3,133378,3,5,4,08,17,4,0,,1,1,0,0
"POINT (10.030794311000022 52.453212017000055)",Unfall 133379 (2017) Kat:3,133379,3,6,0,08,07,4,0,,1,1,0,0
"POINT (9.706272386000023 52.367166221000048)",Unfall 133380 (2017) Kat:3,133380,3,1,0,08,14,4,0,,1,0,0,0
"POINT (9.799019701000077 52.376385837000043)",Unfall 133381 (2017) Kat:3,133381,3,3,5,08,07,4,0,,1,1,0,0
"POINT (9.694026263000069 52.352728890000037)",Unfall 133424 (2017) Kat:3,133424,3,6,2,08,14,3,0,,0,1,0,0
"POINT (9.727155083000071 52.351350327000034)",Unfall 133425 (2017) Kat:3,133425,3,6,4,08,07,3,0,,1,1,0,0
"POINT (9.714273488000060 52.371512102000054)",Unfall 133426 (2017) Kat:3,133426,3,2,3,08,13,3,0,,1,1,0,0
"POINT (9.779613755000071 52.401898929000026)",Unfall 133427 (2017) Kat:3,133427,3,2,5,08,18,3,0,,1,0,0,0
"POINT (9.588141758000063 52.446701047000033)",Unfall 133428 (2017) Kat:3,133428,3,2,5,08,10,3,0,,1,1,0,0
"POINT (9.739905658000055 52.379337818000067)",Unfall 133429 (2017) Kat:3,133429,3,2,0,08,17,3,0,,0,1,0,1
"POINT (9.736278873000060 52.414325011000074)",Unfall 133430 (2017) Kat:3,133430,3,4,6,08,14,3,0,,1,0,1,0
"POINT (9.751879663000068 52.372964954000054)",Unfall 133431 (2017) Kat:3,133431,3,3,5,08,07,3,0,,1,1,0,0
"POINT (9.749438271000031 52.354787396000063)",Unfall 133464 (2017) Kat:3,133464,3,6,2,08,18,2,0,,0,1,0,0
"POINT (9.773135886000034 52.395824503000028)",Unfall 133465 (2017) Kat:3,133465,3,6,2,08,13,2,0,,0,1,0,0
"POINT (9.542104149000068 52.209905233000029)",Unfall 133466 (2017) Kat:3,133466,3,3,5,08,08,2,0,,0,1,0,0
"POINT (9.838599304000070 52.494060412000067)",Unfall 133467 (2017) Kat:3,133467,3,2,4,08,06,2,0,,1,1,0,0
"POINT (9.755047382000043 52.367225878000056)",Unfall 133468 (2017) Kat:2,133468,2,1,0,08,14,2,0,,0,0,1,0
"POINT (9.723623196000062 52.368494636000037)",Unfall 133469 (2017) Kat:3,133469,3,1,0,08,18,2,0,,1,0,0,0
"POINT (9.728457259000038 52.372877956000082)",Unfall 133470 (2017) Kat:3,133470,3,4,6,08,11,2,0,,0,1,1,0
"POINT (9.761559962000035 52.379789218000042)",Unfall 133471 (2017) Kat:3,133471,3,3,5,08,07,2,0,,0,1,0,0
"POINT (9.821557069000050 52.339329200000066)",Unfall 133491 (2017) Kat:3,133491,3,6,2,09,13,3,1,,0,1,0,0
"POINT (9.758445861000041 52.410302241000068)",Unfall 133492 (2017) Kat:3,133492,3,1,1,09,17,3,1,,0,1,0,0
"POINT (9.604105654000023 52.311064998000063)",Unfall 133493 (2017) Kat:3,133493,3,3,5,09,14,3,1,,0,1,0,0
"POINT (9.663857830000040 52.342258194000067)",Unfall 133494 (2017) Kat:3,133494,3,7,1,09,07,3,0,,1,1,0,0
"POINT (9.745030723000070 52.547473687000036)",Unfall 133495 (2017) Kat:3,133495,3,3,5,09,18,3,0,,1,1,0,0
"POINT (9.717937627000026 52.332081806000076)",Unfall 133496 (2017) Kat:2,133496,2,6,3,09,19,3,1,,1,1,0,0
"POINT (9.787061717000029 52.401663505000045)",Unfall 133520 (2017) Kat:3,133520,3,3,5,09,07,2,0,,1,1,0,0
"POINT (9.727035048000062 52.375835492000078)",Unfall 133521 (2017) Kat:3,133521,3,2,2,09,15,2,0,,0,1,0,0
"POINT (9.741511688000060 52.375598734000050)",Unfall 133522 (2017) Kat:3,133522,3,3,5,09,11,2,0,,1,1,0,0
"POINT (9.723032093000029 52.369625805000055)",Unfall 133523 (2017) Kat:3,133523,3,6,6,09,15,2,0,,0,0,1,0
"POINT (9.742852332000041 52.411322599000073)",Unfall 133524 (2017) Kat:3,133524,3,7,6,09,13,2,0,,1,0,1,0
"POINT (9.722092141000076 52.352482019000036)",Unfall 133544 (2017) Kat:3,133544,3,2,3,09,17,1,0,,1,1,0,0
"POINT (9.752995391000070 52.390043948000027)",Unfall 133545 (2017) Kat:3,133545,3,3,6,09,08,1,0,,0,1,1,0
"POINT (9.736734069000022 52.412468169000078)",Unfall 133559 (2017) Kat:3,133559,3,2,4,09,20,7,1,,0,1,0,0
"POINT (9.428133344000059 52.421776682000029)",Unfall 133560 (2017) Kat:3,133560,3,3,5,09,13,7,1,,1,1,0,0
"POINT (9.618732376000025 52.442400412000040)",Unfall 133561 (2017) Kat:3,133561,3,1,8,09,18,7,1,,0,1,0,0
"POINT (9.828819099000043 52.427637780000055)",Unfall 133562 (2017) Kat:2,133562,2,2,5,09,20,7,1,,0,1,0,1
"POINT (9.724824875000024 52.345041296000034)",Unfall 133563 (2017) Kat:3,133563,3,3,5,09,19,7,1,,1,1,0,0
"POINT (9.733054139000046 52.392099216000076)",Unfall 133564 (2017) Kat:3,133564,3,6,0,09,12,7,1,,1,1,0,0
"POINT (9.712702725000042 52.342221517000041)",Unfall 133596 (2017) Kat:3,133596,3,2,5,09,13,6,1,,1,1,0,0
"POINT (9.701309389000073 52.374931525000079)",Unfall 133597 (2017) Kat:3,133597,3,6,2,09,18,6,1,,0,1,0,1
"POINT (9.776604449000047 52.332897341000034)",Unfall 133598 (2017) Kat:3,133598,3,4,6,09,22,6,1,,0,1,1,0
"POINT (9.735453624000058 52.396181727000055)",Unfall 133599 (2017) Kat:3,133599,3,6,2,09,17,6,1,,0,1,0,0
"POINT (9.593916243000024 52.421039897000071)",Unfall 133600 (2017) Kat:3,133600,3,3,5,09,17,6,1,,0,1,0,0
"POINT (9.845372317000056 52.485787320000043)",Unfall 133601 (2017) Kat:3,133601,3,3,5,09,17,6,1,,0,1,0,0
"POINT (9.728334370000027 52.377823288000059)",Unfall 133602 (2017) Kat:3,133602,3,2,5,09,15,6,1,,0,1,0,1
"POINT (9.748681117000047 52.351210840000078)",Unfall 133603 (2017) Kat:3,133603,3,7,4,09,13,6,0,,0,1,0,0
"POINT (9.707768495000039 52.373345262000043)",Unfall 133604 (2017) Kat:2,133604,2,1,0,09,11,6,1,,1,0,0,0
"POINT (9.693315692000056 52.393362509000042)",Unfall 133629 (2017) Kat:3,133629,3,3,5,09,17,5,1,,0,1,0,0
"POINT (9.792661852000038 52.396943515000032)",Unfall 133630 (2017) Kat:3,133630,3,2,5,09,15,5,0,,1,1,0,0
"POINT (9.733972368000025 52.375443606000033)",Unfall 133631 (2017) Kat:3,133631,3,5,1,09,15,5,1,,0,1,0,1
"POINT (9.745159038000054 52.547568373000047)",Unfall 133632 (2017) Kat:3,133632,3,4,6,09,14,5,0,,0,1,1,0
"POINT (9.978587789000073 52.383122079000032)",Unfall 133633 (2017) Kat:3,133633,3,7,5,09,17,5,1,,1,1,0,0
"POINT (9.864128000000051 52.485774082000034)",Unfall 133634 (2017) Kat:3,133634,3,3,5,09,14,5,1,,1,1,0,0
"POINT (9.690732929000035 52.439902903000075)",Unfall 133635 (2017) Kat:2,133635,2,1,0,09,17,5,0,,1,0,0,0
"POINT (9.737892659000067 52.384735815000056)",Unfall 133636 (2017) Kat:3,133636,3,4,6,09,13,5,1,,1,0,1,0
"POINT (9.730867846000024 52.376115038000080)",Unfall 133670 (2017) Kat:3,133670,3,4,0,09,08,4,1,,1,0,1,0
"POINT (9.722103899000047 52.423086115000046)",Unfall 133671 (2017) Kat:3,133671,3,1,4,09,13,4,1,,0,1,0,0
"POINT (9.733691923000038 52.399079987000050)",Unfall 133672 (2017) Kat:3,133672,3,3,5,09,13,4,1,,1,1,0,0
"POINT (9.758086577000029 52.336829171000034)",Unfall 133673 (2017) Kat:3,133673,3,5,1,09,12,4,0,,0,1,0,0
"POINT (9.702083086000073 52.328898504000051)",Unfall 133710 (2017) Kat:3,133710,3,3,0,09,23,3,0,,0,1,0,1
"POINT (9.823261150000064 52.302750285000059)",Unfall 133711 (2017) Kat:3,133711,3,1,1,09,11,3,0,,1,1,0,0
"POINT (9.753540274000045 52.376706062000039)",Unfall 133712 (2017) Kat:3,133712,3,6,2,09,08,3,0,,1,1,0,0
"POINT (9.573006779000025 52.273188158000039)",Unfall 133713 (2017) Kat:3,133713,3,4,6,09,12,3,0,,0,1,1,0
"POINT (9.743271525000068 52.548278905000075)",Unfall 133714 (2017) Kat:3,133714,3,7,0,09,16,3,0,,1,0,0,0
"POINT (9.791590168000028 52.384756082000081)",Unfall 133715 (2017) Kat:3,133715,3,3,5,09,19,3,0,,1,0,0,0
"POINT (9.817493186000036 52.301958127000034)",Unfall 133716 (2017) Kat:2,133716,2,6,4,09,07,3,0,,1,0,0,0
"POINT (9.758068627000057 52.340305715000056)",Unfall 133717 (2017) Kat:3,133717,3,6,0,09,06,3,0,,1,1,0,0
"POINT (9.429613434000032 52.577807866000057)",Unfall 133747 (2017) Kat:3,133747,3,3,5,09,17,5,0,,1,1,0,0
"POINT (9.719360311000060 52.366047591000040)",Unfall 133748 (2017) Kat:3,133748,3,7,5,09,12,5,0,,1,0,0,0
"POINT (9.442027425000049 52.426265563000072)",Unfall 133780 (2017) Kat:3,133780,3,7,0,09,12,4,0,,1,0,0,0
"POINT (9.761771551000038 52.366482093000059)",Unfall 133781 (2017) Kat:2,133781,2,3,5,09,07,4,0,,1,1,0,0
"POINT (9.723387273000071 52.370791918000066)",Unfall 133803 (2017) Kat:3,133803,3,5,1,09,19,3,0,,1,1,0,0
"POINT (9.847000972000046 52.386864089000028)",Unfall 133804 (2017) Kat:3,133804,3,5,6,09,03,3,1,,0,1,1,0
"POINT (9.729232794000041 52.393472217000067)",Unfall 133805 (2017) Kat:3,133805,3,3,5,09,07,3,0,,0,1,0,0
"POINT (9.693410357000062 52.381424755000069)",Unfall 133806 (2017) Kat:3,133806,3,7,0,09,07,3,1,,1,0,0,0
"POINT (9.740516889000048 52.374091864000036)",Unfall 133807 (2017) Kat:3,133807,3,3,0,09,08,3,0,,1,1,0,0
"POINT (9.479280233000054 52.429084602000046)",Unfall 133808 (2017) Kat:3,133808,3,5,1,09,06,3,0,,0,1,0,0
"POINT (9.821280736000063 52.340575256000079)",Unfall 133809 (2017) Kat:3,133809,3,2,5,09,19,3,0,,1,1,0,0
"POINT (9.729094615000065 52.393707610000035)",Unfall 133810 (2017) Kat:3,133810,3,7,0,09,17,3,0,,0,1,0,0
"POINT (9.717057326000031 52.339767011000049)",Unfall 133837 (2017) Kat:3,133837,3,6,0,09,16,2,1,,0,1,0,1
"POINT (9.739727137000045 52.365563427000041)",Unfall 133838 (2017) Kat:3,133838,3,1,0,09,18,2,1,,1,0,0,0
"POINT (9.739832656000033 52.369171812000047)",Unfall 133839 (2017) Kat:3,133839,3,2,2,09,20,2,1,,0,1,0,0
"POINT (9.737480691000030 52.441003333000026)",Unfall 133840 (2017) Kat:3,133840,3,3,5,09,12,2,0,,1,1,0,0
"POINT (9.988121066000076 52.458690934000060)",Unfall 133841 (2017) Kat:3,133841,3,2,3,09,10,2,0,,1,1,0,0
"POINT (9.707302790000028 52.369326341000033)",Unfall 133842 (2017) Kat:3,133842,3,2,5,09,14,2,1,,1,1,0,0
"POINT (9.810796460000063 52.301265630000046)",Unfall 133843 (2017) Kat:2,133843,2,2,6,09,18,2,1,,0,1,1,0
"POINT (9.671735033000061 52.415647405000072)",Unfall 133844 (2017) Kat:2,133844,2,3,5,09,18,2,1,,1,1,0,0
"POINT (9.751060420000044 52.392692404000059)",Unfall 133845 (2017) Kat:3,133845,3,2,2,09,11,2,1,,1,1,0,0
"POINT (9.714329919000022 52.361014945000079)",Unfall 133886 (2017) Kat:3,133886,3,2,5,09,13,7,0,,0,1,0,0
"POINT (9.818535475000033 52.323467835000031)",Unfall 133887 (2017) Kat:3,133887,3,4,6,09,23,7,0,,0,1,1,0
"POINT (9.765111585000057 52.360626995000075)",Unfall 133888 (2017) Kat:2,133888,2,3,5,09,09,7,0,,1,1,0,0
"POINT (9.741852855000047 52.391115478000074)",Unfall 133919 (2017) Kat:3,133919,3,3,5,09,16,6,1,,0,1,0,0
"POINT (9.449607717000049 52.417267053000046)",Unfall 133920 (2017) Kat:3,133920,3,3,5,09,12,6,0,,0,1,0,0
"POINT (9.967405212000074 52.312624196000058)",Unfall 133921 (2017) Kat:3,133921,3,5,0,09,09,6,0,,1,1,0,0
"POINT (9.728755196000066 52.440919613000062)",Unfall 133922 (2017) Kat:3,133922,3,1,0,09,15,6,1,,0,1,0,1
"POINT (9.738221583000041 52.445471919000056)",Unfall 133923 (2017) Kat:3,133923,3,3,0,09,07,6,0,,1,1,0,0
"POINT (9.753645339000059 52.381976399000052)",Unfall 133924 (2017) Kat:3,133924,3,4,6,09,16,6,0,,0,1,1,0
"POINT (9.767804635000061 52.413447880000035)",Unfall 133925 (2017) Kat:3,133925,3,1,0,09,19,6,1,,1,0,0,0
"POINT (9.713695712000060 52.370282928000051)",Unfall 133926 (2017) Kat:3,133926,3,3,5,09,16,6,0,,1,0,0,0
"POINT (9.731210642000065 52.398420370000053)",Unfall 133927 (2017) Kat:3,133927,3,2,5,09,14,6,0,,1,1,0,0
"POINT (9.729983218000029 52.392264049000062)",Unfall 133928 (2017) Kat:3,133928,3,7,0,09,12,6,0,,0,1,0,0
"POINT (9.738844984000025 52.363298972000052)",Unfall 133950 (2017) Kat:3,133950,3,2,5,09,17,5,0,,1,0,0,0
"POINT (9.709405126000036 52.413440258000037)",Unfall 133951 (2017) Kat:3,133951,3,5,1,09,14,5,0,,1,1,0,0
"POINT (9.667830310000056 52.378686381000080)",Unfall 133952 (2017) Kat:3,133952,3,7,0,09,15,5,0,,1,0,0,0
"POINT (9.850505998000074 52.413153668000064)",Unfall 133953 (2017) Kat:3,133953,3,1,8,09,13,5,1,,0,1,0,0
"POINT (9.838688543000046 52.344887936000077)",Unfall 133993 (2017) Kat:3,133993,3,7,6,09,13,4,1,,0,1,1,0
"POINT (9.717062543000054 52.354348788000038)",Unfall 133994 (2017) Kat:3,133994,3,3,5,09,16,4,0,,1,1,0,0
"POINT (9.814818233000040 52.305603335000058)",Unfall 133995 (2017) Kat:3,133995,3,4,0,09,07,4,1,,0,1,1,0
"POINT (9.771910209000055 52.417412110000043)",Unfall 133996 (2017) Kat:3,133996,3,3,0,09,18,4,0,,0,1,0,0
"POINT (9.768589978000023 52.410265885000058)",Unfall 133997 (2017) Kat:3,133997,3,6,2,09,08,4,1,,0,1,0,0
"POINT (9.729663353000035 52.311855974000082)",Unfall 133998 (2017) Kat:3,133998,3,1,0,09,16,4,1,,1,0,0,0
"POINT (9.738715250000041 52.446064671000045)",Unfall 133999 (2017) Kat:3,133999,3,3,5,09,07,4,1,,1,0,0,0
"POINT (9.698284343000069 52.414962319000040)",Unfall 134000 (2017) Kat:3,134000,3,7,0,09,16,4,0,,0,1,0,0
"POINT (9.829583533000061 52.284175895000033)",Unfall 134031 (2017) Kat:3,134031,3,1,0,09,10,6,0,,1,0,0,0
"POINT (9.744920619000027 52.363711544000068)",Unfall 134032 (2017) Kat:2,134032,2,1,3,09,12,6,0,,1,0,0,0
"POINT (9.760701193000045 52.395959552000079)",Unfall 134033 (2017) Kat:3,134033,3,2,5,09,16,6,0,,1,1,0,0
"POINT (9.462151102000064 52.504850047000048)",Unfall 134034 (2017) Kat:3,134034,3,6,2,09,10,6,0,,0,1,0,0
"POINT (9.604562915000031 52.426719990000038)",Unfall 134035 (2017) Kat:3,134035,3,7,1,09,15,6,0,,0,1,0,0
"POINT (9.731550365000032 52.437412300000062)",Unfall 134036 (2017) Kat:3,134036,3,3,5,09,18,6,0,,1,1,0,0
"POINT (10.009575799000061 52.449778201000072)",Unfall 134037 (2017) Kat:3,134037,3,3,5,09,18,6,0,,0,1,0,0
"POINT (9.692336974000057 52.398134469000070)",Unfall 134038 (2017) Kat:2,134038,2,3,5,09,18,6,0,,1,1,0,0
"POINT (9.608390505000045 52.436860636000063)",Unfall 134039 (2017) Kat:1,134039,1,7,6,09,18,6,0,,0,1,1,0
"POINT (9.756073347000040 52.377534060000073)",Unfall 134040 (2017) Kat:3,134040,3,2,5,09,15,6,0,,0,1,0,0
"POINT (9.764346769000042 52.261632871000074)",Unfall 134041 (2017) Kat:2,134041,2,6,2,09,11,6,0,,0,1,0,0
"POINT (9.722507476000033 52.351345344000038)",Unfall 134042 (2017) Kat:3,134042,3,5,1,09,08,6,0,,1,1,0,0
"POINT (9.741231352000057 52.395149955000079)",Unfall 134078 (2017) Kat:3,134078,3,1,0,09,18,5,1,,1,1,0,0
"POINT (9.601227886000061 52.315180169000030)",Unfall 134079 (2017) Kat:3,134079,3,4,0,09,13,5,0,,0,0,1,0
"POINT (9.740276618000053 52.421036450000031)",Unfall 134080 (2017) Kat:3,134080,3,3,5,09,17,5,1,,0,1,0,1
"POINT (9.773530331000075 52.335458692000032)",Unfall 134081 (2017) Kat:3,134081,3,3,0,09,15,5,0,,0,1,0,1
"POINT (9.739480061000052 52.364253667000071)",Unfall 134106 (2017) Kat:3,134106,3,5,1,09,17,4,0,,1,1,0,0
"POINT (9.734818840000060 52.380353018000051)",Unfall 134107 (2017) Kat:3,134107,3,2,3,09,17,4,0,,1,0,0,0
"POINT (10.010258346000057 52.447768665000069)",Unfall 134108 (2017) Kat:3,134108,3,1,0,09,18,4,1,,1,0,0,0
"POINT (9.756858842000042 52.364723593000065)",Unfall 134109 (2017) Kat:3,134109,3,7,6,09,13,4,0,,1,0,1,0
"POINT (9.751794864000033 52.373354227000050)",Unfall 134110 (2017) Kat:3,134110,3,6,4,09,08,4,0,,1,0,0,0
"POINT (9.716108516000077 52.399612295000054)",Unfall 134132 (2017) Kat:3,134132,3,3,5,09,13,3,0,,0,1,0,0
"POINT (9.686267626000074 52.377205361000051)",Unfall 134133 (2017) Kat:3,134133,3,3,5,09,15,3,0,,1,1,0,0
"POINT (9.716755548000037 52.372858072000042)",Unfall 134134 (2017) Kat:3,134134,3,6,3,09,15,3,0,,0,1,0,0
"POINT (9.687357679000058 52.377080923000051)",Unfall 134135 (2017) Kat:3,134135,3,1,0,09,15,3,0,,1,0,0,0
"POINT (9.746711647000041 52.384476707000033)",Unfall 134136 (2017) Kat:3,134136,3,7,0,09,14,3,0,,1,0,0,0
"POINT (9.804450498000051 52.306803095000078)",Unfall 134137 (2017) Kat:3,134137,3,7,0,09,14,3,0,,1,0,0,0
"POINT (9.733931125000026 52.402568289000044)",Unfall 134138 (2017) Kat:3,134138,3,1,0,09,13,3,0,,1,0,0,0
"POINT (9.748351185000047 52.378375108000057)",Unfall 134139 (2017) Kat:3,134139,3,6,6,09,12,3,0,,1,0,1,0
"POINT (9.672786060000021 52.398274044000061)",Unfall 134161 (2017) Kat:3,134161,3,7,3,09,18,2,1,,0,1,0,1
"POINT (9.750966402000074 52.348367216000042)",Unfall 134162 (2017) Kat:3,134162,3,3,5,09,18,2,1,,1,1,0,0
"POINT (9.732071516000076 52.396302375000062)",Unfall 134163 (2017) Kat:3,134163,3,3,5,09,16,2,0,,0,1,0,0
"POINT (9.789712266000038 52.397059163000051)",Unfall 134164 (2017) Kat:3,134164,3,2,4,09,13,2,1,,1,1,0,0
"POINT (9.668355875000032 52.346541537000064)",Unfall 134165 (2017) Kat:3,134165,3,7,5,09,17,2,1,,1,1,0,0
"POINT (9.960179388000029 52.317947567000033)",Unfall 134166 (2017) Kat:3,134166,3,7,0,09,07,2,1,,0,1,1,0
"POINT (10.013788432000069 52.452310517000058)",Unfall 134167 (2017) Kat:3,134167,3,1,0,09,15,2,0,,1,0,0,0
"POINT (9.753288769000051 52.392185190000077)",Unfall 134168 (2017) Kat:3,134168,3,2,0,09,08,2,1,,1,1,0,0
"POINT (9.677833186000044 52.395857599000067)",Unfall 134193 (2017) Kat:3,134193,3,1,0,09,19,1,1,,0,0,0,1
"POINT (9.718835000000070 52.374101025000073)",Unfall 134194 (2017) Kat:3,134194,3,2,2,09,18,1,1,,1,1,0,0
"POINT (9.552205868000044 52.214726125000027)",Unfall 134195 (2017) Kat:3,134195,3,3,5,09,13,1,1,,0,1,0,0
"POINT (9.458339155000033 52.503200298000081)",Unfall 134196 (2017) Kat:3,134196,3,6,2,09,17,1,1,,0,1,0,0
"POINT (9.823489017000043 52.384169231000044)",Unfall 134197 (2017) Kat:3,134197,3,2,5,09,14,1,1,,0,1,0,0
"POINT (9.738587152000036 52.447653501000048)",Unfall 134198 (2017) Kat:2,134198,2,7,0,09,14,1,1,,1,0,0,0
"POINT (9.752888495000036 52.377609252000070)",Unfall 134199 (2017) Kat:3,134199,3,6,2,09,12,1,1,,0,1,0,0
"POINT (9.799854312000036 52.335864762000028)",Unfall 134217 (2017) Kat:3,134217,3,6,2,09,18,7,0,,0,1,0,0
"POINT (9.462653363000072 52.300298978000058)",Unfall 134218 (2017) Kat:3,134218,3,5,1,09,15,7,0,,1,1,0,0
"POINT (9.731700416000024 52.406022177000068)",Unfall 134219 (2017) Kat:3,134219,3,3,5,09,16,7,0,,0,1,0,0
"POINT (9.656012557000054 52.408693640000081)",Unfall 134254 (2017) Kat:3,134254,3,3,5,09,08,6,0,,1,1,0,0
"POINT (9.721844295000039 52.389402715000074)",Unfall 134255 (2017) Kat:3,134255,3,6,3,09,12,6,0,,1,1,0,0
"POINT (9.804576702000077 52.419577443000037)",Unfall 134256 (2017) Kat:3,134256,3,6,2,09,08,6,0,,0,1,0,0
"POINT (9.459247019000031 52.505264137000040)",Unfall 134257 (2017) Kat:3,134257,3,7,6,09,10,6,0,,0,1,1,0
"POINT (9.672298720000072 52.365084641000067)",Unfall 134258 (2017) Kat:3,134258,3,3,5,09,18,6,0,,1,1,0,0
"POINT (9.704073867000034 52.369611950000035)",Unfall 134259 (2017) Kat:2,134259,2,2,0,09,16,6,0,,1,0,0,1
"POINT (9.787560174000021 52.330820110000047)",Unfall 134260 (2017) Kat:3,134260,3,3,5,09,13,6,0,,0,1,0,0
"POINT (9.770301179000057 52.348964032000026)",Unfall 134285 (2017) Kat:3,134285,3,3,5,09,12,5,0,,0,1,0,0
"POINT (9.749677281000061 52.395048351000071)",Unfall 134286 (2017) Kat:3,134286,3,6,2,09,16,5,0,,0,1,0,0
"POINT (9.635905898000033 52.400793096000029)",Unfall 134287 (2017) Kat:3,134287,3,3,5,09,08,5,0,,1,1,0,0
"POINT (9.730991127000038 52.378642496000055)",Unfall 134292 (2017) Kat:3,134292,3,2,5,10,13,4,0,,1,1,0,0
"POINT (9.712935076000065 52.371558037000057)",Unfall 134321 (2017) Kat:3,134321,3,1,0,10,11,3,1,,1,0,0,0