WKT,Name,OBJECTID,UKATEGORIE,UTYP1,UART,UMONAT,USTUNDE,UWOCHENTAG,STRZUSTAND,ULICHTVERH,ISTRAD,ISTPKW,ISTFUSS,ISTKRAD
"POINT (9.762760216000061 52.410190059000058)",Unfall 136440 (2017) Kat:3,136440,3,2,2,12,19,3,0,,0,1,0,0
"POINT (9.707861989000037 52.364768298000058)",Unfall 136446 (2017) Kat:3,136446,3,1,0,12,15,2,0,,1,0,0,0
"POINT (9.801678885000058 52.408861780000052)",Unfall 136447 (2017) Kat:3,136447,3,1,0,12,01,2,0,,1,0,0,0
"POINT (9.735382989000073 52.372268614000063)",Unfall 136452 (2017) Kat:3,136452,3,1,9,12,07,1,0,,0,1,0,0
"POINT (9.734821703000023 52.380347555000071)",Unfall 136458 (2017) Kat:3,136458,3,7,0,12,23,7,0,,0,1,0,0
"POINT (9.714622665000036 52.365569844000049)",Unfall 136459 (2017) Kat:3,136459,3,4,6,12,12,7,1,,0,1,1,0
"POINT (9.744007137000040 52.390459636000060)",Unfall 136474 (2017) Kat:3,136474,3,3,5,12,23,6,0,,0,1,0,0
"POINT (9.742240588000072 52.381335026000045)",Unfall 136504 (2017) Kat:3,136504,3,2,2,12,13,5,1,,1,1,0,0
"POINT (10.177743439000039 52.409108834000051)",Unfall 136505 (2017) Kat:3,136505,3,5,1,12,20,5,0,,0,1,0,0
"POINT (9.979048990000024 52.327114122000069)",Unfall 136506 (2017) Kat:3,136506,3,1,9,12,23,5,1,,0,1,0,0
"POINT (9.740609622000022 52.374426550000067)",Unfall 136507 (2017) Kat:2,136507,2,5,1,12,20,5,0,,1,1,0,0
"POINT (9.725677457000074 52.397810180000079)",Unfall 136508 (2017) Kat:3,136508,3,2,5,12,07,5,1,,1,0,0,0
"POINT (9.706791574000022 52.407890501000054)",Unfall 136540 (2017) Kat:3,136540,3,3,5,12,16,4,1,,0,1,0,0
"POINT (9.474820727000065 52.424283031000073)",Unfall 136541 (2017) Kat:2,136541,2,7,8,12,11,4,1,,0,1,0,0
"POINT (9.743566168000029 52.357261283000071)",Unfall 136542 (2017) Kat:2,136542,2,6,3,12,13,4,1,,0,1,0,0
"POINT (9.771892211000022 52.417474135000077)",Unfall 136543 (2017) Kat:2,136543,2,3,5,12,14,4,0,,1,1,0,0
"POINT (9.737638971000024 52.450406668000028)",Unfall 136544 (2017) Kat:2,136544,2,3,5,12,12,4,1,,1,1,0,0
"POINT (9.753364641000076 52.365130218000047)",Unfall 136545 (2017) Kat:2,136545,2,4,6,12,11,4,1,,0,1,1,0
"POINT (9.722537533000036 52.362364532000072)",Unfall 136569 (2017) Kat:3,136569,3,1,3,12,09,3,1,,1,0,0,0
"POINT (9.782582803000025 52.373348670000041)",Unfall 136570 (2017) Kat:3,136570,3,3,5,12,16,3,1,,1,1,0,0
"POINT (9.738065088000042 52.381858472000033)",Unfall 136571 (2017) Kat:3,136571,3,2,2,12,16,3,1,,1,1,0,0
"POINT (10.003701843000044 52.449016203000042)",Unfall 136572 (2017) Kat:3,136572,3,4,6,12,15,3,1,,0,1,1,0
"POINT (9.749780505000047 52.393565147000061)",Unfall 136573 (2017) Kat:3,136573,3,5,1,12,07,3,1,,1,1,0,0
"POINT (9.720106384000076 52.392024622000065)",Unfall 136606 (2017) Kat:3,136606,3,7,0,12,10,2,0,,0,0,0,0
"POINT (9.716477470000029 52.362235966000071)",Unfall 136607 (2017) Kat:2,136607,2,4,6,12,16,2,0,,0,0,1,0
"POINT (9.823577435000061 52.356241667000063)",Unfall 136608 (2017) Kat:3,136608,3,6,2,12,07,2,0,,0,1,0,0
"POINT (9.961815122000076 52.389556218000052)",Unfall 136621 (2017) Kat:3,136621,3,3,5,12,00,1,1,,0,1,0,0
"POINT (9.722366070000021 52.388265159000071)",Unfall 136622 (2017) Kat:3,136622,3,3,5,12,16,1,0,,1,1,0,0
"POINT (9.796648670000025 52.404929427000070)",Unfall 136623 (2017) Kat:3,136623,3,7,8,12,15,1,0,,0,1,0,0
"POINT (9.781212286000027 52.403848317000040)",Unfall 136644 (2017) Kat:3,136644,3,3,5,12,12,7,0,,1,1,0,0
"POINT (9.732570680000038 52.376845968000055)",Unfall 136661 (2017) Kat:3,136661,3,7,0,12,21,6,0,,1,0,0,0
"POINT (9.734139886000037 52.374586877000070)",Unfall 136662 (2017) Kat:3,136662,3,7,6,12,14,6,0,,0,1,1,0
"POINT (9.732796727000050 52.398795514000028)",Unfall 136663 (2017) Kat:3,136663,3,5,1,12,18,6,1,,0,1,0,1
"POINT (9.695321237000030 52.407503065000071)",Unfall 136664 (2017) Kat:3,136664,3,1,0,12,14,6,0,,1,0,0,0
"POINT (9.806321179000065 52.417214208000075)",Unfall 136665 (2017) Kat:3,136665,3,3,5,12,16,6,0,,1,1,0,0
"POINT (9.780784250000068 52.328474867000068)",Unfall 136666 (2017) Kat:2,136666,2,3,0,12,14,6,0,,1,1,0,0
"POINT (9.749243485000022 52.390211228000055)",Unfall 136667 (2017) Kat:3,136667,3,2,5,12,10,6,1,,1,1,0,0
"POINT (9.721455383000034 52.376336746000050)",Unfall 136690 (2017) Kat:3,136690,3,5,1,12,09,5,1,,0,1,0,1
"POINT (9.833056561000035 52.390009035000048)",Unfall 136691 (2017) Kat:3,136691,3,7,0,12,10,5,1,,1,0,0,0
"POINT (9.793036069000038 52.403231772000026)",Unfall 136692 (2017) Kat:3,136692,3,2,2,12,18,5,0,,0,1,0,0
"POINT (9.751438832000076 52.374251021000077)",Unfall 136693 (2017) Kat:3,136693,3,6,3,12,09,5,1,,0,1,0,0
"POINT (9.439957597000046 52.498769802000027)",Unfall 136694 (2017) Kat:3,136694,3,7,0,12,09,5,1,,1,0,0,0
"POINT (9.740686254000025 52.485493155000029)",Unfall 136927 (2017) Kat:2,136927,2,1,8,12,14,1,1,,0,1,0,0
"POINT (9.567894492000050 52.210703518000059)",Unfall 136938 (2017) Kat:3,136938,3,6,2,12,15,7,1,,0,1,0,0
"POINT (9.805409799000074 52.412339667000026)",Unfall 136939 (2017) Kat:2,136939,2,2,5,12,10,7,1,,1,1,0,0
"POINT (9.733730600000058 52.362124115000029)",Unfall 136955 (2017) Kat:3,136955,3,3,5,12,17,6,0,,0,1,0,1
"POINT (9.837259259000064 52.396916555000075)",Unfall 136956 (2017) Kat:3,136956,3,3,5,12,12,6,0,,1,1,0,0
"POINT (9.908059515000048 52.443957817000069)",Unfall 136970 (2017) Kat:3,136970,3,3,5,12,12,5,0,,0,1,0,0
"POINT (9.737721749000059 52.372481073000074)",Unfall 136971 (2017) Kat:2,136971,2,4,6,12,13,5,0,,0,1,1,0
"POINT (9.703082599000027 52.350460548000058)",Unfall 136972 (2017) Kat:3,136972,3,3,0,12,07,5,0,,0,1,0,1
"POINT (9.646330371000033 52.400172476000080)",Unfall 8290 (2018) Kat:3, Licht: 0,8290,3,2,2,01,12,6,1,0,0,1,0,0
"POINT (10.026012233000074 52.380976879000059)",Unfall 8381 (2018) Kat:3, Licht: 0,8381,3,6,2,01,11,7,0,0,0,1,0,0
"POINT (9.766617352000026 52.340256203000081)",Unfall 8400 (2018) Kat:3, Licht: 2,8400,3,6,2,01,17,5,1,2,0,1,0,0
"POINT (9.665529623000055 52.333081720000052)",Unfall 8409 (2018) Kat:3, Licht: 2,8409,3,1,0,01,03,4,1,2,0,0,0,1
"POINT (9.978073253000048 52.316532134000056)",Unfall 8446 (2018) Kat:3, Licht: 0,8446,3,3,5,01,08,5,1,0,0,1,0,0
"POINT (9.618920819000039 52.428429316000063)",Unfall 8501 (2018) Kat:3, Licht: 2,8501,3,6,2,01,17,6,0,2,0,1,0,0
"POINT (9.613538860000062 52.392190656000082)",Unfall 8541 (2018) Kat:3, Licht: 2,8541,3,3,5,01,17,7,0,2,1,1,0,0
"POINT (10.034070878000023 52.378683572000057)",Unfall 8564 (2018) Kat:3, Licht: 2,8564,3,6,2,01,18,1,0,2,0,1,0,0
"POINT (10.121352551000030 52.369363008000050)",Unfall 8596 (2018) Kat:3, Licht: 0,8596,3,6,4,01,16,3,1,0,0,1,0,0
"POINT (9.429986461000055 52.426168440000026)",Unfall 8607 (2018) Kat:3, Licht: 2,8607,3,4,6,01,18,5,1,2,0,1,1,0
"POINT (9.963940036000054 52.316034063000075)",Unfall 8618 (2018) Kat:3, Licht: 1,8618,3,2,5,01,07,4,1,1,1,1,0,0
"POINT (9.697102799000049 52.341540381000073)",Unfall 8658 (2018) Kat:2, Licht: 2,8658,2,2,5,01,17,5,1,2,1,1,0,0
"POINT (9.798555452000073 52.416857679000032)",Unfall 8730 (2018) Kat:3, Licht: 0,8730,3,7,6,01,09,6,1,0,0,1,1,0
"POINT (9.735877317000075 52.401478784000062)",Unfall 8736 (2018) Kat:2, Licht: 2,8736,2,4,6,01,02,2,1,2,0,1,1,0
"POINT (9.754920941000023 52.436212711000053)",Unfall 8757 (2018) Kat:3, Licht: 0,8757,3,1,0,01,11,7,0,0,1,0,0,0
"POINT (9.956997837000074 52.318839106000041)",Unfall 8826 (2018) Kat:3, Licht: 1,8826,3,3,5,01,16,5,1,1,1,1,0,0
"POINT (9.749677945000030 52.369259496000041)",Unfall 8838 (2018) Kat:3, Licht: 2,8838,3,2,3,01,19,5,1,2,1,1,0,0
"POINT (10.046845015000031 52.375060311000027)",Unfall 8845 (2018) Kat:3, Licht: 0,8845,3,6,2,01,12,1,0,0,0,1,0,0
"POINT (9.665263146000029 52.239642596000067)",Unfall 8848 (2018) Kat:3, Licht: 2,8848,3,4,6,01,16,4,1,2,0,1,1,0
"POINT (9.480669374000058 52.380904958000031)",Unfall 8898 (2018) Kat:2, Licht: 0,8898,2,1,4,01,13,4,1,0,0,1,0,0
"POINT (9.480333099000063 52.294881734000057)",Unfall 8945 (2018) Kat:3, Licht: 0,8945,3,3,5,01,13,6,0,0,0,1,0,0
"POINT (9.726383999000063 52.380834332000063)",Unfall 9057 (2018) Kat:3, Licht: 2,9057,3,3,5,01,18,5,1,2,1,1,0,0
"POINT (9.724949776000074 52.317906574000062)",Unfall 9067 (2018) Kat:3, Licht: 0,9067,3,1,0,01,10,4,1,0,1,0,0,0
"POINT (9.588811939000038 52.395537250000075)",Unfall 9105 (2018) Kat:3, Licht: 2,9105,3,2,6,01,18,5,1,2,0,1,1,0
"POINT (10.129343827000071 52.363309105000042)",Unfall 9170 (2018) Kat:3, Licht: 2,9170,3,6,2,01,07,4,1,2,0,1,0,0
"POINT (9.447081516000026 52.439967478000028)",Unfall 9183 (2018) Kat:3, Licht: 2,9183,3,1,8,01,02,2,0,2,0,1,0,0
"POINT (9.970340703000034 52.388276992000044)",Unfall 9202 (2018) Kat:3, Licht: 0,9202,3,3,5,01,11,7,0,0,0,1,0,0
"POINT (9.528695097000025 52.304281282000034)",Unfall 9269 (2018) Kat:3, Licht: 2,9269,3,1,8,01,18,5,1,2,0,1,0,0
"POINT (9.675946462000070 52.438126288000035)",Unfall 9279 (2018) Kat:3, Licht: 1,9279,3,3,5,01,17,4,1,1,0,1,0,0
"POINT (9.851718189000053 52.267182202000072)",Unfall 9283 (2018) Kat:3, Licht: 0,9283,3,1,8,01,11,5,1,0,0,1,0,0
"POINT (9.796330887000067 52.548033885000052)",Unfall 9289 (2018) Kat:3, Licht: 0,9289,3,6,0,01,14,1,0,0,0,1,0,0
"POINT (9.699595825000074 52.347518665000052)",Unfall 9292 (2018) Kat:3, Licht: 0,9292,3,6,2,01,14,4,1,0,0,1,0,0
"POINT (9.757412723000073 52.427244477000045)",Unfall 9349 (2018) Kat:2, Licht: 0,9349,2,6,2,01,08,2,0,0,0,0,0,0
"POINT (9.588373038000043 52.437872495000079)",Unfall 9352 (2018) Kat:3, Licht: 2,9352,3,3,5,01,18,5,0,2,1,1,0,0
"POINT (9.931114385000058 52.339391458000080)",Unfall 9353 (2018) Kat:2, Licht: 2,9353,2,2,6,01,17,5,1,2,0,1,1,0
"POINT (9.603500023000038 52.332709555000065)",Unfall 9355 (2018) Kat:2, Licht: 0,9355,2,4,6,01,12,5,0,0,0,1,1,0
"POINT (9.888828128000057 52.425090031000082)",Unfall 9357 (2018) Kat:3, Licht: 2,9357,3,6,2,01,06,5,1,2,0,1,0,0
"POINT (9.629763970000056 52.208914967000055)",Unfall 9391 (2018) Kat:3, Licht: 2,9391,3,3,5,01,06,2,1,2,0,1,0,0
"POINT (9.732996909000065 52.426211326000043)",Unfall 9393 (2018) Kat:3, Licht: 0,9393,3,7,2,01,14,1,0,0,0,1,0,0
"POINT (9.909192984000072 52.343868051000072)",Unfall 9434 (2018) Kat:3, Licht: 0,9434,3,1,8,01,14,7,1,0,0,1,0,0
"POINT (9.465171852000026 52.410314394000068)",Unfall 9441 (2018) Kat:3, Licht: 2,9441,3,2,5,01,21,4,0,2,0,1,0,0
"POINT (9.728086302000065 52.588326080000058)",Unfall 9443 (2018) Kat:3, Licht: 2,9443,3,2,6,01,07,4,2,2,0,1,1,0
"POINT (9.942147137000063 52.392167483000037)",Unfall 9445 (2018) Kat:3, Licht: 2,9445,3,6,2,01,17,4,0,2,0,1,0,0
"POINT (10.032171408000067 52.379218970000068)",Unfall 9446 (2018) Kat:3, Licht: 0,9446,3,6,2,01,14,4,0,0,0,1,0,0
"POINT (9.746432067000058 52.320495237000046)",Unfall 9449 (2018) Kat:3, Licht: 2,9449,3,4,6,01,07,6,0,2,0,1,1,0
"POINT (10.130427070000053 52.398046173000068)",Unfall 9454 (2018) Kat:3, Licht: 2,9454,3,3,5,01,17,2,1,2,0,1,0,0
"POINT (9.736134349000054 52.396881220000068)",Unfall 9459 (2018) Kat:3, Licht: 0,9459,3,2,5,01,12,1,0,0,1,1,0,0
"POINT (9.838396448000026 52.409977289000039)",Unfall 9515 (2018) Kat:3, Licht: 0,9515,3,3,5,01,14,7,0,0,0,1,0,0
"POINT (9.861158859000057 52.357763661000035)",Unfall 9520 (2018) Kat:3, Licht: 0,9520,3,6,3,01,11,2,0,0,0,1,0,0
"POINT (9.626626652000027 52.221698172000060)",Unfall 9522 (2018) Kat:3, Licht: 0,9522,3,6,2,01,16,1,0,0,0,1,0,0
"POINT (9.698375582000040 52.417299287000048)",Unfall 9524 (2018) Kat:3, Licht: 2,9524,3,6,2,01,17,3,0,2,0,1,0,0
"POINT (9.740117350000048 52.302021818000071)",Unfall 9527 (2018) Kat:3, Licht: 2,9527,3,2,6,01,18,3,1,2,0,1,1,0
"POINT (9.911095636000027 52.357435648000035)",Unfall 9529 (2018) Kat:3, Licht: 2,9529,3,3,5,01,17,3,1,2,0,1,0,0
"POINT (9.716863877000037 52.440689776000056)",Unfall 9532 (2018) Kat:3, Licht: 2,9532,3,6,2,01,17,3,0,2,0,1,0,0
"POINT (9.788365744000032 52.455626221000045)",Unfall 9535 (2018) Kat:3, Licht: 2,9535,3,4,6,01,07,3,0,2,0,1,1,0
"POINT (9.733380812000064 52.417807815000060)",Unfall 9536 (2018) Kat:3, Licht: 2,9536,3,3,5,01,07,2,0,2,1,1,0,0
"POINT (10.104100439000035 52.364214982000078)",Unfall 9537 (2018) Kat:2, Licht: 2,9537,2,6,2,01,05,3,0,2,0,0,0,0
"POINT (9.781688735000046 52.424946651000027)",Unfall 9563 (2018) Kat:3, Licht: 0,9563,3,2,6,01,12,6,0,0,0,1,1,0
"POINT (9.622990705000063 52.311446990000036)",Unfall 9566 (2018) Kat:3, Licht: 2,9566,3,7,0,01,17,7,0,2,1,0,0,0
"POINT (9.687833549000061 52.553818991000071)",Unfall 9588 (2018) Kat:3, Licht: 0,9588,3,1,0,01,14,2,0,0,1,0,0,0
"POINT (9.697191314000065 52.374988169000062)",Unfall 9590 (2018) Kat:3, Licht: 2,9590,3,4,6,01,18,1,0,2,0,1,1,0
"POINT (9.730213768000056 52.368958507000059)",Unfall 9638 (2018) Kat:3, Licht: 2,9638,3,3,5,01,18,2,0,2,1,1,0,0
"POINT (9.697724344000051 52.377160806000063)",Unfall 9640 (2018) Kat:3, Licht: 0,9640,3,6,2,01,13,2,0,0,0,1,0,0
"POINT (9.429267911000068 52.427460149000069)",Unfall 9641 (2018) Kat:3, Licht: 0,9641,3,2,4,01,15,2,0,0,1,1,0,0
"POINT (9.793223648000037 52.351734586000077)",Unfall 9643 (2018) Kat:2, Licht: 1,9643,2,6,2,01,07,6,1,1,0,1,0,0
"POINT (9.427487507000024 52.431114648000062)",Unfall 9644 (2018) Kat:3, Licht: 0,9644,3,2,6,01,08,2,0,0,0,1,1,0
"POINT (9.443761365000057 52.504567072000043)",Unfall 9646 (2018) Kat:3, Licht: 0,9646,3,7,6,01,12,2,0,0,0,1,1,0
"POINT (9.800109616000043 52.426448424000057)",Unfall 9647 (2018) Kat:2, Licht: 0,9647,2,1,0,01,15,7,0,0,1,0,0,0
"POINT (10.136495929000034 52.460007438000048)",Unfall 9648 (2018) Kat:3, Licht: 0,9648,3,6,2,01,11,2,0,0,0,1,0,0
"POINT (9.822208363000073 52.406287949000046)",Unfall 9650 (2018) Kat:3, Licht: 0,9650,3,6,2,01,15,2,0,0,0,1,0,0
"POINT (10.104287685000031 52.364195229000075)",Unfall 9652 (2018) Kat:1, Licht: 2,9652,1,6,2,01,07,2,0,2,0,1,0,0
"POINT (9.793891697000049 52.194093169000041)",Unfall 9653 (2018) Kat:3, Licht: 1,9653,3,1,8,01,16,1,0,1,0,1,0,0
"POINT (9.666817160000051 52.339135770000041)",Unfall 9654 (2018) Kat:2, Licht: 1,9654,2,2,6,01,08,2,0,1,0,1,1,0
"POINT (9.606595195000068 52.571941772000059)",Unfall 9659 (2018) Kat:3, Licht: 0,9659,3,2,2,01,14,6,1,0,0,1,0,0
"POINT (9.817845421000072 52.311341177000031)",Unfall 9668 (2018) Kat:3, Licht: 1,9668,3,6,2,01,07,5,1,1,0,1,0,0
"POINT (9.590395677000061 52.396957610000072)",Unfall 9684 (2018) Kat:3, Licht: 1,9684,3,5,1,01,16,6,1,1,0,1,0,0
"POINT (9.948670832000062 52.454640452000035)",Unfall 9695 (2018) Kat:3, Licht: 0,9695,3,6,2,01,12,6,1,0,0,1,0,0
"POINT (9.474238792000051 52.389282566000077)",Unfall 9729 (2018) Kat:2, Licht: 0,9729,2,2,4,01,10,4,1,0,0,1,0,0
"POINT (9.733765456000072 52.472779281000044)",Unfall 9731 (2018) Kat:3, Licht: 2,9731,3,1,0,01,22,4,1,2,1,0,0,0
"POINT (9.957470527000055 52.390472895000073)",Unfall 9732 (2018) Kat:3, Licht: 0,9732,3,6,2,01,14,4,1,0,0,0,0,0
"POINT (9.733617405000075 52.427244264000080)",Unfall 9736 (2018) Kat:3, Licht: 0,9736,3,6,3,01,15,4,1,0,0,1,0,0
"POINT (9.444991938000044 52.525555399000041)",Unfall 9737 (2018) Kat:3, Licht: 2,9737,3,1,8,01,06,6,2,2,0,1,0,0
"POINT (9.613234455000054 52.421739939000076)",Unfall 9747 (2018) Kat:3, Licht: 0,9747,3,6,2,01,16,6,0,0,0,1,0,0
"POINT (9.709831524000038 52.407332623000059)",Unfall 9751 (2018) Kat:3, Licht: 2,9751,3,3,5,01,17,7,0,2,1,0,0,0
"POINT (9.947502888000031 52.476869393000072)",Unfall 9793 (2018) Kat:3, Licht: 1,9793,3,1,9,01,07,6,2,1,0,1,0,0
"POINT (9.709498033000045 52.346767433000082)",Unfall 9796 (2018) Kat:3, Licht: 0,9796,3,6,2,01,07,6,1,0,0,1,0,0
"POINT (9.914784249000036 52.395443105000027)",Unfall 9805 (2018) Kat:1, Licht: 0,9805,1,6,2,01,10,6,1,0,0,1,0,0
"POINT (9.722203983000043 52.378352025000027)",Unfall 9826 (2018) Kat:3, Licht: 1,9826,3,6,2,01,17,5,1,1,0,1,0,0
"POINT (9.715232032000074 52.378120763000027)",Unfall 9833 (2018) Kat:3, Licht: 2,9833,3,6,2,01,17,5,1,2,0,1,0,0
"POINT (9.636019571000077 52.331596724000065)",Unfall 9837 (2018) Kat:3, Licht: 2,9837,3,2,6,01,18,5,1,2,0,1,1,0
"POINT (9.725522652000052 52.322454545000028)",Unfall 9844 (2018) Kat:3, Licht: 0,9844,3,6,2,01,11,5,1,0,0,1,0,0
"POINT (9.464083778000031 52.524258378000070)",Unfall 9848 (2018) Kat:3, Licht: 0,9848,3,1,4,01,18,5,1,0,0,1,0,0
"POINT (9.577822302000072 52.458624691000068)",Unfall 9852 (2018) Kat:3, Licht: 0,9852,3,4,6,01,12,5,1,0,0,1,1,0
"POINT (9.444991938000044 52.525555399000041)",Unfall 9853 (2018) Kat:3, Licht: 2,9853,3,1,9,01,06,6,2,2,0,1,0,0
"POINT (10.102594237000062 52.393702987000040)",Unfall 9859 (2018) Kat:3, Licht: 0,9859,3,6,2,01,14,5,1,0,0,1,0,0
"POINT (9.732690506000040 52.436152716000038)",Unfall 9863 (2018) Kat:3, Licht: 2,9863,3,2,6,01,07,5,1,2,0,1,1,0
"POINT (9.850853484000027 52.478069747000063)",Unfall 9868 (2018) Kat:3, Licht: 2,9868,3,1,9,01,22,5,1,2,0,1,0,0
"POINT (10.065764070000057 52.469954911000059)",Unfall 9869 (2018) Kat:3, Licht: 2,9869,3,1,9,01,05,6,2,2,0,1,0,0
"POINT (9.827247338000063 52.346278014000063)",Unfall 9873 (2018) Kat:3, Licht: 2,9873,3,2,5,01,18,7,0,2,0,1,1,0
"POINT (9.879068217000054 52.311400644000059)",Unfall 9875 (2018) Kat:2, Licht: 2,9875,2,7,0,01,15,5,1,2,0,1,0,0
"POINT (9.733198186000038 52.419148841000037)",Unfall 9887 (2018) Kat:3, Licht: 0,9887,3,3,5,01,12,5,1,0,1,1,0,0
"POINT (9.847054507000053 52.412744735000047)",Unfall 9895 (2018) Kat:3, Licht: 0,9895,3,6,2,01,11,5,1,0,0,1,0,0
"POINT (9.872474011000065 52.310668963000069)",Unfall 9899 (2018) Kat:3, Licht: 2,9899,3,2,5,01,07,5,1,2,0,1,0,0
"POINT (9.709498033000045 52.346767433000082)",Unfall 9900 (2018) Kat:3, Licht: 0,9900,3,6,2,01,07,6,1,0,0,1,0,0
"POINT (9.753771380000046 52.370023268000068)",Unfall 9908 (2018) Kat:3, Licht: 0,9908,3,6,2,01,10,3,1,0,0,1,0,0
"POINT (9.757066703000021 52.334432872000036)",Unfall 9911 (2018) Kat:3, Licht: 0,9911,3,6,2,01,07,3,1,0,0,1,0,0
"POINT (9.752392638000060 52.547376981000070)",Unfall 9912 (2018) Kat:3, Licht: 2,9912,3,1,4,01,06,6,2,2,0,1,0,0
"POINT (9.727144908000071 52.381157227000074)",Unfall 9913 (2018) Kat:3, Licht: 2,9913,3,2,6,01,07,3,1,2,0,1,1,0
"POINT (9.531482033000032 52.465084114000035)",Unfall 9915 (2018) Kat:3, Licht: 2,9915,3,1,3,01,07,3,2,2,0,1,0,0
"POINT (10.172482858000023 52.419420270000046)",Unfall 9917 (2018) Kat:3, Licht: 2,9917,3,3,5,01,06,3,1,2,0,1,0,0
"POINT (10.035336644000040 52.378324034000059)",Unfall 9922 (2018) Kat:3, Licht: 0,9922,3,6,2,01,15,6,1,0,0,1,0,0
"POINT (9.498547277000057 52.402821786000061)",Unfall 9946 (2018) Kat:3, Licht: 0,9946,3,6,2,01,11,3,0,0,0,1,0,0
"POINT (10.027457406000053 52.523187416000042)",Unfall 9952 (2018) Kat:2, Licht: 2,9952,2,3,5,01,17,6,0,2,0,1,0,1
"POINT (9.588924036000037 52.395677916000068)",Unfall 9953 (2018) Kat:3, Licht: 2,9953,3,2,5,01,18,2,1,2,1,1,0,0
"POINT (9.576125145000049 52.423164251000060)",Unfall 9968 (2018) Kat:3, Licht: 0,9968,3,6,2,01,13,2,0,0,0,1,0,0
"POINT (9.850795979000054 52.322202041000082)",Unfall 9971 (2018) Kat:3, Licht: 2,9971,3,1,8,01,07,3,1,2,0,1,0,0
"POINT (9.881392305000077 52.435603793000041)",Unfall 9976 (2018) Kat:3, Licht: 2,9976,3,6,2,01,16,3,0,2,0,1,0,0
"POINT (10.036793995000039 52.377912152000079)",Unfall 9980 (2018) Kat:3, Licht: 2,9980,3,6,2,01,18,3,0,2,0,1,0,0
"POINT (9.729175027000053 52.491680264000081)",Unfall 9983 (2018) Kat:2, Licht: 2,9983,2,2,5,01,07,3,1,2,0,1,0,0
"POINT (10.021123806000048 52.457637150000039)",Unfall 9984 (2018) Kat:3, Licht: 1,9984,3,6,2,01,07,4,1,1,0,1,0,0
"POINT (9.787788537000040 52.355491748000077)",Unfall 9986 (2018) Kat:3, Licht: 2,9986,3,6,2,01,06,3,1,2,0,1,0,0
"POINT (9.651368395000077 52.424723850000078)",Unfall 9996 (2018) Kat:3, Licht: 0,9996,3,6,2,01,15,3,0,0,0,1,0,0
"POINT (9.618821966000041 52.470159663000061)",Unfall 10016 (2018) Kat:3, Licht: 2,10016,3,6,6,01,20,2,1,2,0,1,1,0
"POINT (9.611534783000025 52.435586063000073)",Unfall 10055 (2018) Kat:3, Licht: 0,10055,3,7,0,01,10,7,0,0,0,0,0,0
"POINT (9.771376362000069 52.335021223000069)",Unfall 10064 (2018) Kat:2, Licht: 0,10064,2,4,6,01,12,3,0,0,0,1,1,0
"POINT (9.449739799000042 52.426335253000047)",Unfall 10079 (2018) Kat:2, Licht: 0,10079,2,7,0,01,10,7,1,0,1,0,0,0
"POINT (9.854132872000037 52.390420123000069)",Unfall 10092 (2018) Kat:3, Licht: 0,10092,3,2,5,01,11,2,0,0,1,1,0,0
"POINT (9.721685636000075 52.327411000000041)",Unfall 10095 (2018) Kat:3, Licht: 2,10095,3,7,0,01,20,1,1,2,1,0,0,0
"POINT (9.734015913000064 52.387059292000060)",Unfall 10107 (2018) Kat:3, Licht: 1,10107,3,2,5,01,17,5,0,1,0,1,0,0
"POINT (9.508295275000023 52.300898866000068)",Unfall 10111 (2018) Kat:3, Licht: 0,10111,3,1,0,01,10,2,0,0,0,1,0,0
"POINT (9.656473634000065 52.169829791000041)",Unfall 10121 (2018) Kat:3, Licht: 0,10121,3,3,5,01,11,5,0,0,0,1,0,0
"POINT (10.103182304000029 52.457898459000035)",Unfall 10126 (2018) Kat:3, Licht: 2,10126,3,6,2,01,17,4,0,2,1,1,0,0
"POINT (9.599961989000065 52.435239738000064)",Unfall 10127 (2018) Kat:2, Licht: 2,10127,2,3,5,01,18,7,0,2,0,1,0,0
"POINT (9.492743555000061 52.319896424000035)",Unfall 10137 (2018) Kat:2, Licht: 2,10137,2,3,5,01,06,2,1,2,0,1,0,0
"POINT (9.607029475000047 52.311437725000076)",Unfall 10139 (2018) Kat:3, Licht: 0,10139,3,4,6,01,15,3,0,0,0,1,1,0
"POINT (9.633272382000030 52.492654236000078)",Unfall 10140 (2018) Kat:3, Licht: 1,10140,3,6,2,01,16,2,1,1,0,1,0,0
"POINT (9.818630207000069 52.410279195000044)",Unfall 10141 (2018) Kat:3, Licht: 0,10141,3,2,3,01,13,4,0,0,0,1,0,0
"POINT (9.897440264000068 52.397249711000029)",Unfall 10146 (2018) Kat:3, Licht: 0,10146,3,6,2,01,14,5,0,0,0,0,0,0
"POINT (10.025973952000072 52.380987843000071)",Unfall 10147 (2018) Kat:3, Licht: 2,10147,3,6,2,01,05,2,1,2,0,1,0,0
"POINT (10.014172892000033 52.287476978000029)",Unfall 10152 (2018) Kat:2, Licht: 0,10152,2,1,4,01,14,5,1,0,0,1,0,0
"POINT (9.754110451000031 52.311323690000052)",Unfall 10155 (2018) Kat:2, Licht: 0,10155,2,3,5,01,07,3,0,0,1,1,0,0
"POINT (9.746319642000060 52.365816404000043)",Unfall 10160 (2018) Kat:3, Licht: 0,10160,3,2,5,01,10,5,0,0,1,1,0,0
"POINT (10.028764504000037 52.380188473000032)",Unfall 10162 (2018) Kat:3, Licht: 0,10162,3,6,2,01,14,6,0,0,0,1,0,0