WKT,Name,OBJECTID,UKATEGORIE,UTYP1,UART,UMONAT,USTUNDE,UWOCHENTAG,STRZUSTAND,ULICHTVERH,ISTRAD,ISTPKW,ISTFUSS,ISTKRAD
"POINT (9.886466872000028 52.359381367000026)",Unfall 13023 (2018) Kat:3, Licht: 0,13023,3,6,0,04,15,1,0,0,0,1,0,0
"POINT (9.757223037000074 52.370217015000037)",Unfall 13024 (2018) Kat:3, Licht: 0,13024,3,2,5,04,18,1,0,0,1,1,0,0
"POINT (9.750282076000076 52.529926673000034)",Unfall 13026 (2018) Kat:3, Licht: 0,13026,3,2,2,04,09,6,0,0,0,1,0,0
"POINT (9.747738979000076 52.203376465000076)",Unfall 13033 (2018) Kat:2, Licht: 2,13033,2,7,9,04,00,3,1,2,0,1,0,0
"POINT (9.553792406000071 52.317982158000063)",Unfall 13034 (2018) Kat:2, Licht: 0,13034,2,3,5,04,15,7,0,0,0,1,0,0
"POINT (9.743139843000051 52.297240863000070)",Unfall 13043 (2018) Kat:3, Licht: 0,13043,3,6,2,04,13,4,0,0,0,1,0,0
"POINT (9.630447238000045 52.224929259000078)",Unfall 13057 (2018) Kat:2, Licht: 2,13057,2,1,8,04,00,1,0,2,0,0,0,1
"POINT (9.589700541000070 52.439025437000055)",Unfall 13067 (2018) Kat:3, Licht: 0,13067,3,2,5,04,09,5,0,0,0,1,0,0
"POINT (9.732225745000051 52.369676100000049)",Unfall 13070 (2018) Kat:3, Licht: 0,13070,3,3,5,04,17,2,0,0,1,1,0,0
"POINT (9.634208235000074 52.354522535000058)",Unfall 13072 (2018) Kat:2, Licht: 0,13072,2,1,9,04,19,2,0,0,0,1,0,0
"POINT (10.041910181000048 52.307814281000049)",Unfall 13074 (2018) Kat:2, Licht: 0,13074,2,6,4,04,10,4,0,0,0,1,0,0
"POINT (9.791314634000059 52.315332338000076)",Unfall 13080 (2018) Kat:3, Licht: 0,13080,3,3,5,04,09,6,0,0,1,1,0,0
"POINT (10.047740808000071 52.483620362000067)",Unfall 13091 (2018) Kat:3, Licht: 0,13091,3,3,5,04,16,7,0,0,0,1,0,0
"POINT (10.013750874000038 52.517157896000072)",Unfall 13099 (2018) Kat:3, Licht: 0,13099,3,3,5,04,12,7,0,0,0,1,0,0
"POINT (9.650053772000035 52.423922794000077)",Unfall 13100 (2018) Kat:3, Licht: 0,13100,3,1,8,04,08,7,0,0,0,1,0,0
"POINT (9.998420637000038 52.505493856000044)",Unfall 13104 (2018) Kat:3, Licht: 0,13104,3,5,1,04,11,3,0,0,0,1,0,0
"POINT (9.837595735000036 52.490557111000044)",Unfall 13109 (2018) Kat:2, Licht: 0,13109,2,6,2,04,10,4,0,0,0,0,0,0
"POINT (9.401668459000064 52.454353900000058)",Unfall 13118 (2018) Kat:3, Licht: 0,13118,3,2,4,04,06,4,0,0,0,1,0,0
"POINT (10.129590518000043 52.370515263000073)",Unfall 13121 (2018) Kat:2, Licht: 2,13121,2,6,4,04,21,5,1,2,0,1,0,0
"POINT (9.854789311000047 52.390247091000049)",Unfall 13141 (2018) Kat:3, Licht: 0,13141,3,3,6,04,11,7,0,0,0,0,1,0
"POINT (9.963532963000034 52.365467442000067)",Unfall 13142 (2018) Kat:3, Licht: 0,13142,3,2,5,04,12,2,0,0,1,1,0,0
"POINT (10.107100575000061 52.488102941000079)",Unfall 13154 (2018) Kat:3, Licht: 0,13154,3,6,2,04,12,6,0,0,0,1,0,0
"POINT (9.798373447000074 52.412407173000076)",Unfall 13155 (2018) Kat:3, Licht: 0,13155,3,3,5,04,12,2,0,0,1,1,0,0
"POINT (9.626927201000058 52.420802621000064)",Unfall 13157 (2018) Kat:3, Licht: 0,13157,3,6,2,04,15,4,0,0,0,1,0,0
"POINT (9.862114523000059 52.370817398000042)",Unfall 13160 (2018) Kat:3, Licht: 0,13160,3,3,5,04,08,5,1,0,0,1,0,1
"POINT (9.818579676000070 52.516393101000062)",Unfall 13171 (2018) Kat:3, Licht: 0,13171,3,6,2,04,12,6,0,0,0,1,0,0
"POINT (9.747180570000069 52.427465425000037)",Unfall 13181 (2018) Kat:3, Licht: 0,13181,3,6,2,04,12,2,0,0,0,0,0,0
"POINT (9.819318401000032 52.514861806000056)",Unfall 13187 (2018) Kat:3, Licht: 0,13187,3,6,2,04,13,5,0,0,0,0,0,0
"POINT (9.853901402000076 52.491716970000027)",Unfall 13189 (2018) Kat:3, Licht: 0,13189,3,7,0,04,15,1,0,0,0,0,0,1
"POINT (9.750210786000025 52.360515175000046)",Unfall 13192 (2018) Kat:2, Licht: 0,13192,2,2,6,04,10,6,0,0,0,1,1,0
"POINT (9.521331884000063 52.302210809000030)",Unfall 13193 (2018) Kat:3, Licht: 0,13193,3,6,4,04,13,2,0,0,0,1,0,0
"POINT (9.727031645000068 52.427332354000043)",Unfall 13194 (2018) Kat:3, Licht: 0,13194,3,6,2,04,08,3,0,0,0,1,0,0
"POINT (9.492147324000030 52.415821127000072)",Unfall 13199 (2018) Kat:3, Licht: 0,13199,3,6,2,04,17,5,0,0,0,1,0,0
"POINT (9.858299282000075 52.419308371000056)",Unfall 13224 (2018) Kat:3, Licht: 0,13224,3,7,2,04,15,7,0,0,0,1,0,0
"POINT (9.928201824000041 52.347758948000035)",Unfall 13228 (2018) Kat:3, Licht: 0,13228,3,3,5,04,08,3,0,0,1,1,0,0
"POINT (10.060370081000030 52.504521918000080)",Unfall 13233 (2018) Kat:2, Licht: 0,13233,2,1,9,04,16,4,0,0,0,0,0,1
"POINT (9.709591627000066 52.421079854000027)",Unfall 13267 (2018) Kat:3, Licht: 0,13267,3,7,6,04,12,3,0,0,0,0,1,0
"POINT (9.573044173000028 52.424604449000071)",Unfall 13283 (2018) Kat:3, Licht: 0,13283,3,6,2,04,17,4,0,0,0,1,0,0
"POINT (9.763746508000054 52.551335423000069)",Unfall 13286 (2018) Kat:2, Licht: 0,13286,2,3,5,04,17,5,1,0,0,1,0,0
"POINT (9.723436291000041 52.377716641000063)",Unfall 13295 (2018) Kat:3, Licht: 2,13295,3,2,5,04,21,4,0,2,0,1,1,0
"POINT (9.729145669000047 52.584097144000054)",Unfall 13298 (2018) Kat:3, Licht: 0,13298,3,3,5,04,09,5,1,0,0,1,0,0
"POINT (9.395851478000054 52.457161944000063)",Unfall 13308 (2018) Kat:3, Licht: 0,13308,3,6,4,04,18,7,0,0,0,1,0,0
"POINT (9.900039739000022 52.433450660000062)",Unfall 13309 (2018) Kat:3, Licht: 0,13309,3,6,2,04,10,2,0,0,0,1,0,0
"POINT (9.723467897000035 52.427915817000041)",Unfall 13320 (2018) Kat:1, Licht: 2,13320,1,3,2,04,21,6,0,2,0,1,0,1
"POINT (9.428137924000055 52.428350076000072)",Unfall 13321 (2018) Kat:3, Licht: 0,13321,3,7,0,04,14,2,0,0,0,0,0,1
"POINT (9.830099658000052 52.417114613000081)",Unfall 13322 (2018) Kat:3, Licht: 0,13322,3,1,0,04,17,3,0,0,1,0,0,0
"POINT (9.733495624000057 52.438531882000063)",Unfall 13346 (2018) Kat:3, Licht: 0,13346,3,6,6,04,15,6,0,0,1,1,1,0
"POINT (9.602336887000035 52.177101695000033)",Unfall 13351 (2018) Kat:3, Licht: 0,13351,3,1,8,04,15,6,1,0,0,1,0,0
"POINT (9.655042090000052 52.407255415000066)",Unfall 13352 (2018) Kat:3, Licht: 0,13352,3,1,2,04,09,1,0,0,0,1,0,0
"POINT (9.444366253000055 52.368035192000036)",Unfall 13355 (2018) Kat:3, Licht: 2,13355,3,7,9,04,02,6,1,2,0,1,0,0
"POINT (9.455670967000060 52.507274833000054)",Unfall 13359 (2018) Kat:3, Licht: 0,13359,3,3,5,04,09,6,1,0,1,0,0,0
"POINT (9.744445016000043 52.452947891000065)",Unfall 13362 (2018) Kat:3, Licht: 0,13362,3,6,2,04,12,5,0,0,0,1,0,0
"POINT (9.573169342000028 52.392745711000032)",Unfall 13366 (2018) Kat:2, Licht: 2,13366,2,1,8,04,23,6,1,2,0,1,0,0
"POINT (9.627159782000035 52.423334738000051)",Unfall 13370 (2018) Kat:3, Licht: 0,13370,3,6,2,04,13,1,0,0,0,1,0,0
"POINT (9.629913371000043 52.421590159000061)",Unfall 13372 (2018) Kat:2, Licht: 0,13372,2,1,8,04,18,6,1,0,0,1,0,0
"POINT (9.722460602000069 52.378486744000043)",Unfall 13379 (2018) Kat:3, Licht: 0,13379,3,6,2,04,13,6,1,0,0,1,0,0
"POINT (9.697788592000052 52.377100105000068)",Unfall 13398 (2018) Kat:3, Licht: 0,13398,3,6,2,04,10,7,0,0,0,1,0,0
"POINT (9.857762244000071 52.356746519000069)",Unfall 13422 (2018) Kat:3, Licht: 0,13422,3,6,2,04,14,5,1,0,0,1,0,0
"POINT (9.500067778000073 52.330291462000048)",Unfall 13434 (2018) Kat:3, Licht: 0,13434,3,6,2,04,10,2,0,0,0,1,0,0
"POINT (10.058677470000021 52.495763158000045)",Unfall 13445 (2018) Kat:3, Licht: 0,13445,3,2,3,04,17,3,0,0,0,0,0,0
"POINT (9.582058738000058 52.423591869000063)",Unfall 13450 (2018) Kat:3, Licht: 0,13450,3,6,2,04,17,4,0,0,0,1,0,0
"POINT (9.798942922000038 52.411186238000028)",Unfall 13460 (2018) Kat:3, Licht: 0,13460,3,4,0,04,15,4,0,0,0,1,1,0
"POINT (9.797670712000070 52.455186445000038)",Unfall 13463 (2018) Kat:3, Licht: 0,13463,3,2,5,04,08,5,1,0,0,1,0,0
"POINT (9.733364173000041 52.438629136000031)",Unfall 13474 (2018) Kat:3, Licht: 0,13474,3,3,5,04,15,7,0,0,1,1,0,0
"POINT (9.799878057000058 52.407592842000042)",Unfall 13484 (2018) Kat:3, Licht: 0,13484,3,1,0,04,13,1,0,0,1,0,0,0
"POINT (9.502582124000071 52.405118435000077)",Unfall 13487 (2018) Kat:3, Licht: 0,13487,3,6,3,04,12,6,0,0,0,1,0,0
"POINT (9.464744982000070 52.514216417000057)",Unfall 13488 (2018) Kat:3, Licht: 0,13488,3,6,2,04,07,2,0,0,0,1,0,0
"POINT (9.973460072000023 52.370321544000035)",Unfall 13489 (2018) Kat:3, Licht: 2,13489,3,6,2,04,21,3,0,2,1,0,0,0
"POINT (9.718872753000028 52.333433408000076)",Unfall 13498 (2018) Kat:3, Licht: 0,13498,3,2,5,04,17,2,0,0,0,1,0,1
"POINT (9.732965997000065 52.420852165000042)",Unfall 13500 (2018) Kat:1, Licht: 0,13500,1,2,5,04,18,4,0,0,1,0,0,0
"POINT (9.750492674000043 52.360143772000072)",Unfall 13503 (2018) Kat:3, Licht: 0,13503,3,2,5,04,10,5,1,0,1,1,0,0
"POINT (9.654651295000065 52.407863425000073)",Unfall 13515 (2018) Kat:2, Licht: 2,13515,2,3,5,04,22,6,0,2,0,1,0,1
"POINT (9.881441683000048 52.435490336000043)",Unfall 13525 (2018) Kat:3, Licht: 0,13525,3,6,2,04,15,2,0,0,0,1,0,0
"POINT (9.734049142000060 52.387251260000028)",Unfall 13531 (2018) Kat:3, Licht: 0,13531,3,3,5,04,14,5,0,0,1,0,0,0
"POINT (9.863862297000026 52.375144164000062)",Unfall 13543 (2018) Kat:3, Licht: 0,13543,3,4,0,04,16,5,0,0,0,0,1,0
"POINT (10.117714585000044 52.358476305000067)",Unfall 13569 (2018) Kat:3, Licht: 0,13569,3,6,2,04,10,7,0,0,0,1,0,0
"POINT (9.623167309000053 52.272066937000034)",Unfall 13573 (2018) Kat:2, Licht: 0,13573,2,3,0,04,07,3,0,0,1,1,0,0
"POINT (9.764664723000067 52.342535960000077)",Unfall 13578 (2018) Kat:3, Licht: 0,13578,3,7,3,04,19,4,0,0,0,1,0,0
"POINT (9.730522568000026 52.370760284000028)",Unfall 13612 (2018) Kat:3, Licht: 0,13612,3,2,5,04,18,3,0,0,1,0,0,0
"POINT (9.779054348000045 52.269840970000075)",Unfall 13628 (2018) Kat:3, Licht: 0,13628,3,6,3,04,16,4,0,0,0,1,0,1
"POINT (9.838814177000074 52.301710428000035)",Unfall 13631 (2018) Kat:3, Licht: 0,13631,3,6,2,04,16,5,0,0,0,1,0,0
"POINT (9.624543688000074 52.449440285000037)",Unfall 13641 (2018) Kat:3, Licht: 0,13641,3,2,2,04,17,5,1,0,0,1,0,0
"POINT (9.733334482000032 52.420844230000057)",Unfall 13652 (2018) Kat:3, Licht: 1,13652,3,6,2,04,19,7,0,1,0,1,0,0
"POINT (9.659994840000024 52.387329525000041)",Unfall 13653 (2018) Kat:2, Licht: 0,13653,2,2,5,04,16,2,0,0,0,1,0,1
"POINT (10.012899578000031 52.442867353000054)",Unfall 13664 (2018) Kat:3, Licht: 0,13664,3,4,6,04,13,6,0,0,0,1,1,0
"POINT (9.833898896000051 52.419552100000033)",Unfall 13665 (2018) Kat:3, Licht: 0,13665,3,6,2,04,08,2,0,0,0,1,0,0
"POINT (9.631557584000063 52.421203160000061)",Unfall 13667 (2018) Kat:3, Licht: 0,13667,3,6,3,04,14,4,0,0,0,1,0,0
"POINT (9.817682087000037 52.362918686000057)",Unfall 13681 (2018) Kat:3, Licht: 0,13681,3,6,0,04,08,5,0,0,1,0,0,0
"POINT (9.733272513000031 52.421392431000072)",Unfall 13685 (2018) Kat:3, Licht: 0,13685,3,6,3,04,08,5,0,0,0,1,0,0
"POINT (9.425235953000026 52.429454430000078)",Unfall 13689 (2018) Kat:3, Licht: 0,13689,3,2,3,04,17,5,0,0,1,1,0,0
"POINT (9.431642355000065 52.422569153000040)",Unfall 13693 (2018) Kat:3, Licht: 0,13693,3,2,5,04,16,5,0,0,1,1,0,0
"POINT (9.762069892000056 52.370419653000056)",Unfall 13695 (2018) Kat:3, Licht: 0,13695,3,2,5,04,08,6,0,0,1,1,0,0
"POINT (9.652369657000065 52.320327742000075)",Unfall 13697 (2018) Kat:3, Licht: 0,13697,3,6,2,04,17,5,0,0,0,1,0,0
"POINT (9.732382845000075 52.319022801000074)",Unfall 13701 (2018) Kat:3, Licht: 0,13701,3,3,5,04,16,5,0,0,0,1,0,1
"POINT (9.806354023000040 52.318082572000037)",Unfall 13702 (2018) Kat:3, Licht: 2,13702,3,6,2,04,20,1,1,2,0,1,0,0
"POINT (10.030819893000057 52.379461462000052)",Unfall 13705 (2018) Kat:3, Licht: 0,13705,3,6,8,04,07,6,0,0,0,1,0,0
"POINT (9.719246131000034 52.352412005000076)",Unfall 13706 (2018) Kat:2, Licht: 0,13706,2,6,3,04,16,2,0,0,0,1,0,1
"POINT (9.763757193000060 52.551475136000079)",Unfall 13709 (2018) Kat:3, Licht: 2,13709,3,6,2,04,21,5,0,2,0,1,0,0
"POINT (9.482209745000034 52.302323879000028)",Unfall 13712 (2018) Kat:3, Licht: 0,13712,3,2,5,04,08,5,0,0,1,0,0,0
"POINT (9.916613891000054 52.512248632000080)",Unfall 13716 (2018) Kat:3, Licht: 0,13716,3,3,5,04,16,5,0,0,1,1,0,0
"POINT (10.013323680000042 52.443819191000046)",Unfall 13721 (2018) Kat:3, Licht: 0,13721,3,3,5,04,09,5,0,0,1,1,0,0
"POINT (9.724061421000044 52.377382337000029)",Unfall 13728 (2018) Kat:3, Licht: 0,13728,3,6,3,04,14,5,0,0,0,1,0,0
"POINT (9.711259621000068 52.429335295000044)",Unfall 13735 (2018) Kat:3, Licht: 0,13735,3,6,2,04,16,5,0,0,0,1,0,0
"POINT (9.760565407000058 52.346742423000080)",Unfall 13736 (2018) Kat:2, Licht: 0,13736,2,3,5,04,17,7,0,0,1,1,0,0
"POINT (9.942060874000049 52.392342001000031)",Unfall 13744 (2018) Kat:3, Licht: 0,13744,3,6,3,04,08,5,0,0,0,1,0,0
"POINT (9.658453664000035 52.388055534000046)",Unfall 13745 (2018) Kat:3, Licht: 1,13745,3,7,0,04,21,7,0,1,1,0,1,0
"POINT (9.349517246000062 52.533914997000068)",Unfall 13747 (2018) Kat:2, Licht: 0,13747,2,2,5,04,07,5,0,0,0,0,0,1
"POINT (9.628106379000030 52.422681513000043)",Unfall 13766 (2018) Kat:3, Licht: 0,13766,3,7,7,04,14,1,0,0,0,1,0,0
"POINT (9.721305393000023 52.360750302000042)",Unfall 13769 (2018) Kat:3, Licht: 0,13769,3,2,5,04,17,5,0,0,1,1,0,0
"POINT (9.585603067000022 52.582383635000042)",Unfall 13781 (2018) Kat:3, Licht: 0,13781,3,4,0,04,08,2,0,0,0,1,1,0
"POINT (9.978622655000038 52.375112679000040)",Unfall 13794 (2018) Kat:3, Licht: 0,13794,3,6,2,04,07,3,0,0,0,1,0,0
"POINT (9.725919781000073 52.336587718000033)",Unfall 13799 (2018) Kat:3, Licht: 0,13799,3,6,2,04,15,4,0,0,0,1,0,0
"POINT (9.734778624000057 52.407339694000029)",Unfall 13808 (2018) Kat:3, Licht: 0,13808,3,2,4,04,10,4,0,0,0,1,0,0
"POINT (10.124722516000077 52.372248394000053)",Unfall 13811 (2018) Kat:3, Licht: 0,13811,3,6,2,04,08,5,1,0,0,1,0,0
"POINT (9.729392597000071 52.489875255000072)",Unfall 13821 (2018) Kat:3, Licht: 0,13821,3,3,5,04,14,7,0,0,0,1,0,0
"POINT (9.680416237000031 52.371928728000057)",Unfall 13833 (2018) Kat:3, Licht: 0,13833,3,2,5,04,11,6,0,0,1,1,0,0
"POINT (9.610683897000058 52.392088996000041)",Unfall 13834 (2018) Kat:3, Licht: 0,13834,3,7,0,04,13,2,0,0,0,0,0,0
"POINT (9.456947794000030 52.500497006000046)",Unfall 13835 (2018) Kat:3, Licht: 0,13835,3,6,4,04,12,3,0,0,1,0,0,0
"POINT (9.675098078000076 52.381885110000042)",Unfall 13836 (2018) Kat:2, Licht: 0,13836,2,3,3,04,08,4,0,0,1,0,0,0
"POINT (9.801992936000033 52.456269606000035)",Unfall 13845 (2018) Kat:3, Licht: 0,13845,3,6,2,04,16,4,0,0,0,1,0,0
"POINT (9.706329211000025 52.365592386000060)",Unfall 13848 (2018) Kat:3, Licht: 0,13848,3,6,2,04,13,5,1,0,0,1,0,0
"POINT (9.632294610000031 52.411293087000047)",Unfall 13858 (2018) Kat:3, Licht: 0,13858,3,2,5,04,19,6,0,0,0,1,0,0
"POINT (9.745202772000027 52.338804598000081)",Unfall 13868 (2018) Kat:3, Licht: 0,13868,3,7,2,04,18,2,0,0,0,1,0,0
"POINT (9.529395473000022 52.191411700000060)",Unfall 13874 (2018) Kat:2, Licht: 2,13874,2,6,2,04,22,5,0,2,0,1,0,0
"POINT (9.591928337000070 52.402023840000027)",Unfall 13879 (2018) Kat:2, Licht: 0,13879,2,6,0,04,14,3,0,0,1,0,0,0
"POINT (9.515698258000043 52.278977095000073)",Unfall 13911 (2018) Kat:3, Licht: 0,13911,3,1,0,04,11,7,0,0,1,0,0,0
"POINT (9.655902091000030 52.406380739000042)",Unfall 13915 (2018) Kat:3, Licht: 0,13915,3,7,3,04,10,3,0,0,0,1,0,0
"POINT (9.635462201000053 52.418001334000053)",Unfall 13920 (2018) Kat:3, Licht: 0,13920,3,6,2,04,15,4,0,0,0,1,0,0
"POINT (9.973171958000023 52.385690882000063)",Unfall 13930 (2018) Kat:3, Licht: 1,13930,3,6,0,04,20,1,0,1,0,0,0,1
"POINT (9.451722527000072 52.307465914000034)",Unfall 13933 (2018) Kat:3, Licht: 0,13933,3,6,2,04,12,5,0,0,0,1,0,0
"POINT (9.636393569000063 52.422003088000054)",Unfall 13944 (2018) Kat:3, Licht: 0,13944,3,6,2,05,15,6,0,0,0,1,0,0
"POINT (9.737198763000038 52.368531442000062)",Unfall 13957 (2018) Kat:2, Licht: 0,13957,2,6,4,05,10,3,0,0,1,0,0,0
"POINT (9.760441694000065 52.259573025000066)",Unfall 13963 (2018) Kat:2, Licht: 0,13963,2,3,5,05,11,2,0,0,0,1,0,1
"POINT (9.456858456000020 52.486956394000060)",Unfall 13972 (2018) Kat:2, Licht: 0,13972,2,3,5,05,10,4,0,0,1,1,0,0
"POINT (9.848105710000027 52.472274557000048)",Unfall 13977 (2018) Kat:2, Licht: 0,13977,2,4,6,05,18,2,0,0,0,1,1,0
"POINT (9.750828205000062 52.359705368000050)",Unfall 13992 (2018) Kat:3, Licht: 0,13992,3,6,2,05,12,7,0,0,0,1,0,0
"POINT (9.905223666000040 52.284073084000056)",Unfall 13994 (2018) Kat:3, Licht: 0,13994,3,7,8,05,12,6,0,0,0,1,0,0
"POINT (9.721071511000048 52.341946044000053)",Unfall 14006 (2018) Kat:3, Licht: 0,14006,3,6,2,05,14,7,0,0,0,1,0,0
"POINT (10.114515764000032 52.355043013000056)",Unfall 14020 (2018) Kat:3, Licht: 0,14020,3,2,2,05,17,4,1,0,0,1,0,0
"POINT (9.663866303000077 52.316223357000069)",Unfall 14039 (2018) Kat:3, Licht: 0,14039,3,6,2,05,17,4,0,0,0,1,0,0
"POINT (9.964376307000066 52.373200015000066)",Unfall 14058 (2018) Kat:3, Licht: 0,14058,3,2,5,05,15,3,0,0,1,1,0,0
"POINT (9.461264883000069 52.378356393000047)",Unfall 14069 (2018) Kat:3, Licht: 0,14069,3,1,3,05,15,1,0,0,0,1,0,0
"POINT (9.719970170000067 52.330822988000079)",Unfall 14070 (2018) Kat:3, Licht: 0,14070,3,6,3,05,16,3,0,0,0,1,0,0
"POINT (9.735954391000064 52.612610766000046)",Unfall 14075 (2018) Kat:3, Licht: 0,14075,3,6,2,05,16,3,0,0,0,1,0,0
"POINT (9.434547366000061 52.442913243000078)",Unfall 14081 (2018) Kat:3, Licht: 0,14081,3,3,5,05,16,3,0,0,0,1,0,0
"POINT (9.779584573000022 52.327482429000042)",Unfall 14082 (2018) Kat:3, Licht: 0,14082,3,2,6,05,11,2,0,0,0,1,1,0
"POINT (9.731946254000036 52.369463469000038)",Unfall 14083 (2018) Kat:2, Licht: 2,14083,2,3,5,05,21,4,0,2,1,1,0,0
"POINT (9.695987565000053 52.380150215000072)",Unfall 14085 (2018) Kat:3, Licht: 1,14085,3,7,2,05,05,3,0,1,0,1,0,0
"POINT (9.974992480000026 52.389753280000036)",Unfall 14093 (2018) Kat:2, Licht: 2,14093,2,6,3,05,22,3,0,2,0,1,0,0
"POINT (9.928472316000068 52.347142019000046)",Unfall 14096 (2018) Kat:3, Licht: 0,14096,3,3,5,05,15,6,0,0,0,1,0,0
"POINT (9.734310161000053 52.468814413000075)",Unfall 14106 (2018) Kat:3, Licht: 0,14106,3,3,5,05,18,3,0,0,0,1,0,0
"POINT (9.630897547000075 52.485217042000045)",Unfall 14111 (2018) Kat:2, Licht: 0,14111,2,1,8,05,17,2,0,0,0,0,0,1
"POINT (9.615418523000074 52.405674330000068)",Unfall 14122 (2018) Kat:3, Licht: 0,14122,3,4,6,05,07,2,0,0,0,1,1,0
"POINT (10.180645475000063 52.421530315000041)",Unfall 14124 (2018) Kat:3, Licht: 0,14124,3,2,4,05,06,5,0,0,0,1,0,0
"POINT (9.789707530000044 52.466859581000051)",Unfall 14143 (2018) Kat:3, Licht: 0,14143,3,5,5,05,12,5,0,0,0,1,0,0
"POINT (9.791000092000047 52.420580493000045)",Unfall 14152 (2018) Kat:3, Licht: 0,14152,3,6,0,05,17,6,0,0,1,0,0,0
"POINT (9.847420235000072 52.360120393000045)",Unfall 14171 (2018) Kat:2, Licht: 0,14171,2,2,5,05,16,2,0,0,0,1,0,0
"POINT (10.043544599000029 52.375859182000056)",Unfall 14181 (2018) Kat:3, Licht: 0,14181,3,1,8,05,17,4,0,0,0,1,0,0
"POINT (9.593034613000043 52.211055287000079)",Unfall 14186 (2018) Kat:3, Licht: 0,14186,3,1,0,05,18,2,0,0,1,0,0,0
"POINT (9.712044357000025 52.441027869000038)",Unfall 14193 (2018) Kat:2, Licht: 0,14193,2,3,5,05,18,7,0,0,1,1,0,0
"POINT (9.927994681000030 52.317752368000072)",Unfall 14201 (2018) Kat:3, Licht: 0,14201,3,7,0,05,11,7,1,0,0,0,0,1
"POINT (9.466490212000053 52.454777513000067)",Unfall 14217 (2018) Kat:3, Licht: 0,14217,3,1,0,05,11,1,0,0,1,0,0,0
"POINT (9.731695631000036 52.429990829000076)",Unfall 14231 (2018) Kat:3, Licht: 0,14231,3,6,2,05,16,4,0,0,0,1,0,0
"POINT (9.431128508000029 52.423402017000058)",Unfall 14243 (2018) Kat:3, Licht: 0,14243,3,2,0,05,07,4,0,0,1,1,0,0
"POINT (9.575660399000071 52.391935096000054)",Unfall 14250 (2018) Kat:3, Licht: 2,14250,3,1,9,05,21,4,0,2,0,1,0,0
"POINT (9.737715874000060 52.368228929000054)",Unfall 14262 (2018) Kat:3, Licht: 0,14262,3,1,0,05,12,3,0,0,1,0,0,0
"POINT (9.656686109000077 52.339563793000082)",Unfall 14275 (2018) Kat:3, Licht: 0,14275,3,2,0,05,17,2,0,0,0,1,0,1
"POINT (9.812026365000065 52.305380764000063)",Unfall 14276 (2018) Kat:2, Licht: 0,14276,2,2,5,05,12,4,0,0,1,1,0,0
"POINT (9.635235471000044 52.418008105000069)",Unfall 14277 (2018) Kat:3, Licht: 0,14277,3,6,2,05,13,5,0,0,0,1,0,0
"POINT (9.863535797000054 52.326754889000028)",Unfall 14291 (2018) Kat:3, Licht: 1,14291,3,7,8,05,20,6,0,1,0,1,0,0
"POINT (9.425595299000065 52.429465307000044)",Unfall 14298 (2018) Kat:3, Licht: 0,14298,3,6,3,04,10,2,0,0,0,1,0,1
"POINT (9.775399352000022 52.427582376000032)",Unfall 14301 (2018) Kat:3, Licht: 0,14301,3,6,2,05,13,6,0,0,0,1,0,0
"POINT (9.876402611000060 52.435038934000033)",Unfall 14305 (2018) Kat:3, Licht: 0,14305,3,3,5,05,09,3,0,0,0,1,0,0
"POINT (9.728375256000049 52.318724918000044)",Unfall 14308 (2018) Kat:3, Licht: 0,14308,3,3,0,04,11,2,0,0,0,1,0,0
"POINT (9.401624638000044 52.333079414000053)",Unfall 14311 (2018) Kat:3, Licht: 0,14311,3,7,4,04,17,2,0,0,0,1,0,1
"POINT (9.611134153000023 52.392057039000065)",Unfall 14312 (2018) Kat:3, Licht: 0,14312,3,2,3,05,17,3,0,0,1,0,0,0
"POINT (9.725715851000075 52.546926089000067)",Unfall 14317 (2018) Kat:3, Licht: 0,14317,3,2,4,04,13,2,1,0,0,0,0,1
"POINT (10.191151602000048 52.469281198000033)",Unfall 14320 (2018) Kat:2, Licht: 0,14320,2,7,4,05,14,5,0,0,0,1,0,0
"POINT (9.764100944000063 52.453315209000039)",Unfall 14322 (2018) Kat:3, Licht: 0,14322,3,6,2,04,13,2,1,0,0,1,0,0
"POINT (9.989609118000033 52.461185447000048)",Unfall 14329 (2018) Kat:3, Licht: 0,14329,3,6,0,05,16,4,1,0,0,0,0,1
"POINT (9.886530463000042 52.584317531000067)",Unfall 14332 (2018) Kat:2, Licht: 0,14332,2,6,4,04,06,2,0,0,0,1,0,0
"POINT (9.718874972000037 52.333415545000037)",Unfall 14333 (2018) Kat:3, Licht: 1,14333,3,6,2,05,20,2,0,1,0,1,0,0
"POINT (9.564534296000034 52.323196363000079)",Unfall 14336 (2018) Kat:2, Licht: 0,14336,2,2,4,04,18,2,0,0,0,1,0,0
"POINT (9.815696938000031 52.403052246000073)",Unfall 14341 (2018) Kat:3, Licht: 0,14341,3,6,2,05,16,5,0,0,0,1,0,0
"POINT (9.605835136000053 52.339193178000073)",Unfall 14342 (2018) Kat:2, Licht: 0,14342,2,6,2,04,12,2,0,0,1,1,0,0
"POINT (9.835662336000041 52.419696052000063)",Unfall 14347 (2018) Kat:3, Licht: 0,14347,3,6,2,04,11,2,0,0,0,1,0,0
"POINT (9.618258832000038 52.405823829000042)",Unfall 14349 (2018) Kat:3, Licht: 0,14349,3,3,5,05,08,7,0,0,1,1,0,0
"POINT (9.828578740000069 52.424002151000082)",Unfall 14351 (2018) Kat:3, Licht: 2,14351,3,1,3,05,00,6,0,2,0,1,0,0