WKT,Name,OBJECTID,UKATEGORIE,UTYP1,UART,UMONAT,USTUNDE,UWOCHENTAG,STRZUSTAND,ULICHTVERH,ISTRAD,ISTPKW,ISTFUSS,ISTKRAD
"POINT (9.353120037000053 52.442965136000055)",Unfall 19414 (2018) Kat:3, Licht: 2,19414,3,6,6,08,00,7,0,2,1,0,1,0
"POINT (9.723478134000061 52.368045874000074)",Unfall 19417 (2018) Kat:3, Licht: 0,19417,3,6,4,08,08,5,0,0,1,0,0,0
"POINT (9.621515511000041 52.421134874000074)",Unfall 19422 (2018) Kat:3, Licht: 0,19422,3,6,2,08,12,3,0,0,0,1,0,0
"POINT (9.733594352000068 52.437358037000081)",Unfall 19430 (2018) Kat:2, Licht: 0,19430,2,3,5,08,16,5,0,0,1,1,0,0
"POINT (9.614181049000024 52.430518069000073)",Unfall 19433 (2018) Kat:3, Licht: 0,19433,3,3,5,08,19,6,0,0,1,1,0,0
"POINT (9.858784973000070 52.407331139000064)",Unfall 19435 (2018) Kat:1, Licht: 0,19435,1,6,2,08,10,4,0,0,0,1,0,0
"POINT (9.817871719000038 52.461093837000078)",Unfall 19442 (2018) Kat:3, Licht: 0,19442,3,2,2,08,15,2,0,0,0,1,0,0
"POINT (9.572362605000023 52.397492940000063)",Unfall 19443 (2018) Kat:3, Licht: 0,19443,3,6,2,08,14,5,1,0,0,1,0,0
"POINT (9.496698224000056 52.483839085000056)",Unfall 19448 (2018) Kat:3, Licht: 1,19448,3,7,9,08,19,4,0,1,0,1,0,0
"POINT (9.762881227000037 52.427112309000051)",Unfall 19458 (2018) Kat:3, Licht: 0,19458,3,6,2,08,17,7,0,0,0,1,0,0
"POINT (9.859219146000044 52.386557299000060)",Unfall 19459 (2018) Kat:3, Licht: 0,19459,3,2,2,08,15,4,0,0,0,1,0,0
"POINT (9.847712312000056 52.392740621000030)",Unfall 19474 (2018) Kat:3, Licht: 0,19474,3,3,5,08,08,5,0,0,1,0,0,0
"POINT (9.634277002000033 52.305636787000026)",Unfall 19476 (2018) Kat:3, Licht: 0,19476,3,2,2,08,16,2,0,0,0,1,0,0
"POINT (9.779925648000074 52.454506775000027)",Unfall 19477 (2018) Kat:2, Licht: 0,19477,2,6,2,08,14,6,0,0,0,1,0,0
"POINT (9.716251920000047 52.366860386000042)",Unfall 19485 (2018) Kat:3, Licht: 0,19485,3,5,0,08,16,3,0,0,1,1,0,0
"POINT (9.646153529000060 52.403909712000029)",Unfall 19487 (2018) Kat:3, Licht: 0,19487,3,2,5,08,18,3,0,0,1,1,0,0
"POINT (10.009351272000060 52.381495120000068)",Unfall 19491 (2018) Kat:3, Licht: 0,19491,3,2,2,08,08,4,0,0,0,1,0,0
"POINT (9.842279675000043 52.388078112000073)",Unfall 19497 (2018) Kat:3, Licht: 0,19497,3,3,5,08,13,3,1,0,1,1,0,0
"POINT (9.727558547000058 52.590242347000071)",Unfall 19503 (2018) Kat:3, Licht: 0,19503,3,3,5,08,07,4,0,0,1,1,0,0
"POINT (9.464397861000066 52.349606333000054)",Unfall 19505 (2018) Kat:2, Licht: 0,19505,2,1,9,08,06,5,1,0,0,1,0,0
"POINT (9.420292542000027 52.331517579000035)",Unfall 19507 (2018) Kat:3, Licht: 0,19507,3,6,2,08,14,3,1,0,0,1,0,0
"POINT (9.896925427000042 52.378347396000038)",Unfall 19515 (2018) Kat:3, Licht: 0,19515,3,6,3,08,19,3,0,0,0,1,0,0
"POINT (9.832205864000059 52.422175576000029)",Unfall 19517 (2018) Kat:3, Licht: 0,19517,3,3,5,08,16,3,0,0,0,1,0,0
"POINT (9.746990974000028 52.215428230000043)",Unfall 19518 (2018) Kat:3, Licht: 0,19518,3,6,2,08,16,6,0,0,0,1,0,0
"POINT (9.797544006000067 52.546474355000043)",Unfall 19523 (2018) Kat:2, Licht: 0,19523,2,6,2,08,12,3,0,0,0,0,0,0
"POINT (9.583942775000025 52.423665450000044)",Unfall 19530 (2018) Kat:3, Licht: 0,19530,3,6,2,08,13,3,0,0,0,1,0,0
"POINT (9.722667421000040 52.378375696000035)",Unfall 19533 (2018) Kat:3, Licht: 0,19533,3,6,4,08,14,3,0,0,1,0,0,0
"POINT (9.783519557000034 52.360451851000050)",Unfall 19538 (2018) Kat:3, Licht: 0,19538,3,6,2,08,07,4,0,0,0,1,0,0
"POINT (9.725095892000070 52.317938472000037)",Unfall 19574 (2018) Kat:3, Licht: 0,19574,3,1,0,08,12,1,0,0,1,0,0,0
"POINT (9.467915902000073 52.424369492000039)",Unfall 19575 (2018) Kat:3, Licht: 0,19575,3,3,5,08,17,5,0,0,1,0,0,0
"POINT (9.714704053000048 52.360934829000030)",Unfall 19576 (2018) Kat:1, Licht: 0,19576,1,3,5,08,10,5,0,0,1,1,0,0
"POINT (9.833286286000032 52.338254049000057)",Unfall 19589 (2018) Kat:3, Licht: 0,19589,3,3,5,08,09,2,1,0,1,1,0,0
"POINT (9.725208411000040 52.380311295000070)",Unfall 19590 (2018) Kat:3, Licht: 0,19590,3,6,2,08,16,5,0,0,0,1,0,0
"POINT (9.860723592000056 52.384128742000030)",Unfall 19595 (2018) Kat:3, Licht: 0,19595,3,6,2,08,14,4,0,0,1,0,0,0
"POINT (9.724694187000068 52.601303359000042)",Unfall 19604 (2018) Kat:3, Licht: 0,19604,3,6,2,08,13,7,0,0,0,1,0,0
"POINT (9.749902090000035 52.369271801000082)",Unfall 19616 (2018) Kat:2, Licht: 0,19616,2,3,5,08,10,1,0,0,0,1,0,1
"POINT (9.708159628000033 52.409604465000029)",Unfall 19617 (2018) Kat:3, Licht: 0,19617,3,7,0,08,15,5,1,0,0,1,0,1
"POINT (9.597473042000047 52.388649391000058)",Unfall 19622 (2018) Kat:2, Licht: 2,19622,2,1,8,08,21,3,0,2,0,0,0,1
"POINT (9.758591401000047 52.521409948000041)",Unfall 19629 (2018) Kat:2, Licht: 0,19629,2,1,9,08,11,2,1,0,0,1,0,0
"POINT (9.459864787000072 52.306407100000058)",Unfall 19630 (2018) Kat:2, Licht: 0,19630,2,7,0,08,09,5,0,0,1,0,0,0
"POINT (9.732338529000060 52.369449061000068)",Unfall 19635 (2018) Kat:3, Licht: 0,19635,3,3,0,08,16,4,0,0,1,0,0,0
"POINT (9.751790819000064 52.594497732000036)",Unfall 19646 (2018) Kat:3, Licht: 0,19646,3,6,2,08,11,7,0,0,0,1,0,0
"POINT (9.666964971000027 52.318582021000054)",Unfall 19648 (2018) Kat:3, Licht: 0,19648,3,6,2,08,17,4,0,0,0,1,0,1
"POINT (9.738440076000074 52.368313182000065)",Unfall 19661 (2018) Kat:3, Licht: 0,19661,3,1,0,08,13,6,1,0,0,0,0,1
"POINT (9.970907286000056 52.372970728000041)",Unfall 19663 (2018) Kat:2, Licht: 0,19663,2,3,5,08,08,5,0,0,0,1,0,1
"POINT (9.707518959000026 52.410351501000036)",Unfall 19675 (2018) Kat:3, Licht: 0,19675,3,5,0,08,15,5,0,0,1,0,0,0
"POINT (9.465124854000067 52.398105715000042)",Unfall 19676 (2018) Kat:3, Licht: 0,19676,3,3,0,08,11,1,0,0,1,1,0,0
"POINT (9.956372664000071 52.319165636000037)",Unfall 19678 (2018) Kat:3, Licht: 2,19678,3,6,6,08,21,6,0,2,1,0,1,0
"POINT (9.695234637000056 52.374772938000035)",Unfall 19680 (2018) Kat:3, Licht: 0,19680,3,2,5,08,09,4,0,0,1,1,0,0
"POINT (9.611560526000062 52.300469910000061)",Unfall 19691 (2018) Kat:3, Licht: 0,19691,3,1,9,08,12,4,0,0,0,0,0,1
"POINT (9.964188096000044 52.315966889000038)",Unfall 19693 (2018) Kat:3, Licht: 0,19693,3,2,2,08,17,4,0,0,0,1,0,1
"POINT (9.791114477000065 52.349456968000027)",Unfall 19708 (2018) Kat:2, Licht: 0,19708,2,1,9,08,16,6,0,0,0,0,0,1
"POINT (9.523395480000033 52.460115968000082)",Unfall 19715 (2018) Kat:3, Licht: 0,19715,3,3,5,08,07,4,0,0,1,1,0,0
"POINT (9.951554469000030 52.319402401000048)",Unfall 19719 (2018) Kat:3, Licht: 0,19719,3,2,2,08,16,5,1,0,0,1,0,0
"POINT (9.730384695000055 52.383781893000048)",Unfall 19723 (2018) Kat:3, Licht: 0,19723,3,3,5,08,12,2,0,0,0,1,0,0
"POINT (9.455719102000046 52.505038059000071)",Unfall 19724 (2018) Kat:2, Licht: 0,19724,2,6,3,08,11,6,0,0,1,0,0,0
"POINT (9.479492058000062 52.371213461000082)",Unfall 19733 (2018) Kat:3, Licht: 0,19733,3,1,8,08,09,7,1,0,0,1,0,0
"POINT (9.766384509000034 52.552194532000044)",Unfall 19734 (2018) Kat:3, Licht: 2,19734,3,4,0,08,21,3,0,2,0,0,1,0
"POINT (9.735585656000069 52.401344923000067)",Unfall 19737 (2018) Kat:2, Licht: 2,19737,2,4,6,08,21,4,0,2,0,0,1,0
"POINT (9.720837125000060 52.475618259000044)",Unfall 19739 (2018) Kat:3, Licht: 0,19739,3,6,2,08,15,4,0,0,0,1,0,1
"POINT (9.974932675000048 52.401744704000066)",Unfall 19762 (2018) Kat:3, Licht: 0,19762,3,3,5,08,19,1,0,0,0,1,0,0
"POINT (9.636526179000043 52.396521893000056)",Unfall 19763 (2018) Kat:3, Licht: 0,19763,3,2,4,08,11,5,0,0,0,1,0,0
"POINT (9.400369710000064 52.332670940000071)",Unfall 19776 (2018) Kat:3, Licht: 0,19776,3,1,0,08,09,2,1,0,0,0,0,1
"POINT (9.555805354000029 52.204273730000068)",Unfall 19777 (2018) Kat:3, Licht: 0,19777,3,3,5,08,16,5,0,0,1,1,0,0
"POINT (9.719083984000065 52.345936762000065)",Unfall 19791 (2018) Kat:3, Licht: 0,19791,3,6,3,08,07,5,0,0,0,1,0,0
"POINT (9.721854541000027 52.378581743000041)",Unfall 19806 (2018) Kat:3, Licht: 0,19806,3,6,2,08,14,7,0,0,0,1,1,0
"POINT (9.718502354000066 52.346454531000063)",Unfall 19809 (2018) Kat:3, Licht: 0,19809,3,2,5,08,08,5,0,0,0,1,0,1
"POINT (9.742926608000062 52.604115447000027)",Unfall 19814 (2018) Kat:3, Licht: 0,19814,3,6,2,08,15,3,0,0,0,1,0,0
"POINT (10.042669733000025 52.476700223000080)",Unfall 19823 (2018) Kat:3, Licht: 0,19823,3,1,9,08,15,5,0,0,0,1,0,0
"POINT (9.746470558000056 52.212842675000047)",Unfall 19826 (2018) Kat:3, Licht: 0,19826,3,6,2,08,14,6,0,0,0,1,0,0
"POINT (9.642648852000036 52.414625296000054)",Unfall 19827 (2018) Kat:3, Licht: 0,19827,3,6,3,08,09,2,0,0,0,1,0,0
"POINT (9.734846066000046 52.391137422000043)",Unfall 19828 (2018) Kat:3, Licht: 0,19828,3,6,2,08,14,4,0,0,0,1,0,0
"POINT (9.727102287000037 52.366937144000076)",Unfall 19834 (2018) Kat:3, Licht: 0,19834,3,2,2,08,07,2,0,0,0,1,0,0
"POINT (9.725696411000058 52.380529639000031)",Unfall 19839 (2018) Kat:3, Licht: 0,19839,3,3,5,08,14,2,1,0,1,1,0,0
"POINT (9.671793683000033 52.250750567000068)",Unfall 19840 (2018) Kat:3, Licht: 1,19840,3,1,8,08,20,4,0,1,1,0,0,0
"POINT (9.639327891000050 52.396768379000036)",Unfall 19846 (2018) Kat:3, Licht: 0,19846,3,3,5,08,13,2,0,0,1,1,0,0
"POINT (9.765306784000075 52.342172864000077)",Unfall 19850 (2018) Kat:3, Licht: 0,19850,3,1,0,08,20,7,0,0,0,0,0,0
"POINT (9.607506748000048 52.309812357000055)",Unfall 19854 (2018) Kat:3, Licht: 0,19854,3,6,2,08,08,2,0,0,0,1,0,0
"POINT (9.301971215000037 52.500772146000031)",Unfall 19861 (2018) Kat:3, Licht: 0,19861,3,1,8,08,17,2,1,0,0,1,0,0
"POINT (9.497577768000042 52.592770166000037)",Unfall 19863 (2018) Kat:3, Licht: 0,19863,3,1,8,08,07,2,0,0,0,1,0,0
"POINT (9.732261335000032 52.383094540000059)",Unfall 19866 (2018) Kat:3, Licht: 0,19866,3,1,0,08,10,5,0,0,1,0,0,0
"POINT (9.731514456000070 52.370153418000029)",Unfall 19867 (2018) Kat:3, Licht: 0,19867,3,7,0,08,16,1,0,0,1,0,0,0
"POINT (9.728515541000036 52.318500052000047)",Unfall 19868 (2018) Kat:3, Licht: 0,19868,3,6,2,08,16,2,0,0,1,0,0,0
"POINT (9.681983930000058 52.170642984000040)",Unfall 19869 (2018) Kat:1, Licht: 2,19869,1,1,9,08,22,6,0,2,0,1,0,0
"POINT (9.822166066000023 52.509133945000031)",Unfall 19877 (2018) Kat:3, Licht: 0,19877,3,6,0,08,10,2,0,0,0,1,0,0
"POINT (9.768549205000056 52.338070343000027)",Unfall 19879 (2018) Kat:3, Licht: 0,19879,3,2,5,08,17,3,0,0,1,0,0,0
"POINT (10.114410274000022 52.350153284000044)",Unfall 19884 (2018) Kat:3, Licht: 0,19884,3,3,5,08,08,4,0,0,1,1,0,0
"POINT (9.460565409000026 52.309803643000066)",Unfall 19899 (2018) Kat:3, Licht: 0,19899,3,2,5,08,18,4,0,0,0,1,0,0
"POINT (9.765373032000071 52.342093906000059)",Unfall 19912 (2018) Kat:3, Licht: 0,19912,3,6,3,08,13,6,0,0,0,1,0,1
"POINT (9.739968552000050 52.607710302000044)",Unfall 19916 (2018) Kat:3, Licht: 1,19916,3,6,2,08,05,6,0,1,0,1,0,0
"POINT (9.712500974000022 52.429336345000081)",Unfall 19927 (2018) Kat:3, Licht: 0,19927,3,6,2,08,17,3,0,0,0,1,0,0
"POINT (9.837815119000027 52.396781072000067)",Unfall 19932 (2018) Kat:3, Licht: 0,19932,3,1,0,08,09,4,0,0,1,0,0,0
"POINT (9.722789234000061 52.485210675000076)",Unfall 19957 (2018) Kat:3, Licht: 0,19957,3,1,9,08,12,6,1,0,0,0,0,0
"POINT (9.731439230000035 52.369372014000078)",Unfall 19967 (2018) Kat:3, Licht: 0,19967,3,3,5,08,18,5,0,0,0,1,0,1
"POINT (9.727344613000071 52.438914639000075)",Unfall 19968 (2018) Kat:3, Licht: 1,19968,3,2,0,08,07,5,1,1,0,1,0,0
"POINT (10.145915790000060 52.361737269000059)",Unfall 19969 (2018) Kat:1, Licht: 0,19969,1,6,2,08,05,2,0,0,0,0,0,0
"POINT (9.774738451000076 52.371050136000065)",Unfall 19982 (2018) Kat:3, Licht: 0,19982,3,2,5,08,10,2,1,0,0,1,0,0
"POINT (9.782813828000030 52.424382002000073)",Unfall 19983 (2018) Kat:3, Licht: 0,19983,3,3,5,08,16,5,0,0,1,1,0,0
"POINT (9.511924140000076 52.289116492000062)",Unfall 19999 (2018) Kat:3, Licht: 0,19999,3,3,0,08,04,7,0,0,1,1,0,0
"POINT (9.723308678000024 52.368111320000082)",Unfall 20002 (2018) Kat:2, Licht: 0,20002,2,6,3,08,07,5,0,0,1,0,0,0
"POINT (9.554539307000027 52.567693665000036)",Unfall 20014 (2018) Kat:2, Licht: 0,20014,2,1,9,08,17,1,0,0,0,1,0,0
"POINT (9.742715995000026 52.368088031000070)",Unfall 20015 (2018) Kat:3, Licht: 0,20015,3,2,5,08,17,5,0,0,1,0,0,0
"POINT (9.774094539000032 52.371011786000054)",Unfall 20020 (2018) Kat:3, Licht: 1,20020,3,6,3,08,20,3,0,1,0,1,0,1
"POINT (9.739179442000022 52.453283215000056)",Unfall 20028 (2018) Kat:2, Licht: 0,20028,2,7,0,08,15,2,1,0,1,0,0,0
"POINT (9.476230418000057 52.297557507000079)",Unfall 20029 (2018) Kat:3, Licht: 0,20029,3,1,0,08,13,5,0,0,1,0,0,0
"POINT (9.347284255000034 52.552043127000047)",Unfall 20034 (2018) Kat:2, Licht: 0,20034,2,6,8,08,17,4,0,0,0,1,0,0
"POINT (9.558145876000026 52.197206220000055)",Unfall 20046 (2018) Kat:3, Licht: 0,20046,3,3,5,08,16,4,0,0,1,1,0,0
"POINT (9.513900376000038 52.411794904000033)",Unfall 20060 (2018) Kat:3, Licht: 0,20060,3,6,2,08,09,5,0,0,0,0,0,0
"POINT (9.798050957000044 52.316630721000081)",Unfall 20062 (2018) Kat:3, Licht: 0,20062,3,6,2,08,18,2,0,0,0,1,0,0
"POINT (9.834834696000030 52.420641721000038)",Unfall 20063 (2018) Kat:3, Licht: 0,20063,3,6,2,08,13,6,0,0,0,1,0,0
"POINT (9.717757433000031 52.367132359000038)",Unfall 20070 (2018) Kat:3, Licht: 0,20070,3,4,6,08,16,5,0,0,0,1,1,0
"POINT (9.988826402000029 52.411543911000081)",Unfall 20073 (2018) Kat:3, Licht: 0,20073,3,3,5,08,15,6,0,0,0,1,0,1
"POINT (9.897621016000073 52.397230880000052)",Unfall 20075 (2018) Kat:2, Licht: 0,20075,2,6,2,08,08,4,0,0,0,1,0,0
"POINT (9.726761714000077 52.544573392000075)",Unfall 20088 (2018) Kat:3, Licht: 0,20088,3,3,5,08,18,4,0,0,0,1,0,0
"POINT (9.712822318000065 52.366799201000049)",Unfall 20103 (2018) Kat:3, Licht: 1,20103,3,1,0,08,20,6,0,1,1,0,0,0
"POINT (9.685128369000040 52.360175727000069)",Unfall 20108 (2018) Kat:3, Licht: 0,20108,3,3,4,08,13,1,0,0,1,0,0,1
"POINT (9.763449293000065 52.343832852000048)",Unfall 20114 (2018) Kat:3, Licht: 0,20114,3,2,5,08,17,5,1,0,1,1,0,0
"POINT (9.735910999000055 52.395985989000053)",Unfall 20115 (2018) Kat:3, Licht: 2,20115,3,2,5,08,04,1,0,2,1,1,0,0
"POINT (9.780484487000024 52.270051126000055)",Unfall 20126 (2018) Kat:3, Licht: 0,20126,3,6,2,08,17,1,0,0,0,1,0,0
"POINT (9.401625781000064 52.333079850000047)",Unfall 20132 (2018) Kat:3, Licht: 0,20132,3,6,2,08,17,1,0,0,0,1,0,0
"POINT (9.730834782000045 52.382450405000043)",Unfall 20133 (2018) Kat:3, Licht: 0,20133,3,6,2,08,10,7,0,0,0,1,0,0
"POINT (9.692762206000054 52.267177328000059)",Unfall 20134 (2018) Kat:3, Licht: 0,20134,3,6,4,08,14,3,0,0,0,0,0,0
"POINT (9.973079280000036 52.385632331000068)",Unfall 20138 (2018) Kat:3, Licht: 0,20138,3,6,3,08,07,4,0,0,0,1,0,0
"POINT (9.836151843000039 52.489937354000062)",Unfall 20142 (2018) Kat:3, Licht: 0,20142,3,2,5,08,10,1,0,0,1,1,0,0
"POINT (9.731277001000024 52.369321300000081)",Unfall 20149 (2018) Kat:3, Licht: 0,20149,3,1,8,08,18,1,0,0,0,1,0,0
"POINT (9.847064829000033 52.390492871000049)",Unfall 20151 (2018) Kat:3, Licht: 0,20151,3,6,0,08,19,1,0,0,0,1,0,1
"POINT (10.003057880000028 52.386595683000053)",Unfall 20157 (2018) Kat:3, Licht: 0,20157,3,6,2,08,16,1,0,0,0,1,0,0
"POINT (9.584604385000034 52.416664341000057)",Unfall 20160 (2018) Kat:3, Licht: 0,20160,3,5,4,08,18,1,0,0,0,1,0,0
"POINT (9.434642258000054 52.421427560000041)",Unfall 20161 (2018) Kat:3, Licht: 0,20161,3,5,0,08,14,5,0,0,0,1,0,0
"POINT (9.761158189000071 52.346703823000041)",Unfall 20162 (2018) Kat:3, Licht: 0,20162,3,1,0,08,12,1,0,0,0,0,0,1
"POINT (9.818758692000074 52.516021477000038)",Unfall 20171 (2018) Kat:3, Licht: 2,20171,3,7,3,08,01,1,0,2,0,1,0,0
"POINT (9.730395178000038 52.318831647000081)",Unfall 20173 (2018) Kat:3, Licht: 0,20173,3,7,5,08,17,2,0,0,0,1,0,0
"POINT (9.420128178000027 52.424859327000036)",Unfall 20174 (2018) Kat:3, Licht: 0,20174,3,6,8,08,13,5,0,0,1,0,1,0
"POINT (9.470819613000060 52.391499719000080)",Unfall 20179 (2018) Kat:3, Licht: 0,20179,3,3,5,08,14,4,0,0,0,1,0,0
"POINT (9.742825670000059 52.368092986000079)",Unfall 20199 (2018) Kat:3, Licht: 2,20199,3,6,2,08,23,7,0,2,0,1,0,0
"POINT (9.980914383000027 52.389349443000071)",Unfall 20201 (2018) Kat:3, Licht: 0,20201,3,6,2,08,11,1,0,0,0,1,0,0
"POINT (9.649468121000041 52.395074932000057)",Unfall 20202 (2018) Kat:3, Licht: 0,20202,3,6,4,08,14,5,0,0,1,1,0,0
"POINT (10.125378352000041 52.371980784000073)",Unfall 20207 (2018) Kat:2, Licht: 0,20207,2,2,5,08,13,3,0,0,1,0,0,0
"POINT (9.841294215000062 52.491202917000066)",Unfall 20216 (2018) Kat:3, Licht: 2,20216,3,3,5,08,23,5,0,2,0,1,0,0
"POINT (9.782390177000025 52.325103045000048)",Unfall 20219 (2018) Kat:3, Licht: 0,20219,3,2,5,08,14,6,0,0,0,1,0,0
"POINT (9.629789726000070 52.300341490000051)",Unfall 20232 (2018) Kat:3, Licht: 0,20232,3,7,4,08,05,7,0,0,0,1,0,0
"POINT (9.456560941000021 52.496681240000044)",Unfall 20234 (2018) Kat:3, Licht: 0,20234,3,5,1,08,10,4,0,0,0,1,0,0
"POINT (10.067279026000051 52.305632121000031)",Unfall 20245 (2018) Kat:2, Licht: 0,20245,2,2,2,08,09,7,0,0,0,1,0,0
"POINT (9.587367817000029 52.582580991000043)",Unfall 20261 (2018) Kat:2, Licht: 0,20261,2,2,2,08,10,5,0,0,0,1,0,1
"POINT (9.539178089000075 52.461599694000029)",Unfall 20262 (2018) Kat:3, Licht: 2,20262,3,6,2,08,02,1,0,2,0,1,0,0
"POINT (9.762112317000060 52.370418675000053)",Unfall 20264 (2018) Kat:3, Licht: 0,20264,3,2,5,08,19,6,0,0,1,1,0,0
"POINT (9.897790783000062 52.407135685000071)",Unfall 20266 (2018) Kat:2, Licht: 0,20266,2,6,2,08,10,4,0,0,0,0,0,0
"POINT (9.721866731000034 52.378580544000044)",Unfall 20274 (2018) Kat:3, Licht: 0,20274,3,1,0,08,15,3,0,0,0,0,0,1
"POINT (9.976312882000059 52.372514869000042)",Unfall 20278 (2018) Kat:3, Licht: 0,20278,3,2,5,08,12,4,0,0,0,1,0,0
"POINT (9.672584520000044 52.377198502000056)",Unfall 20293 (2018) Kat:2, Licht: 0,20293,2,3,5,08,15,6,0,0,1,1,0,0
"POINT (9.455542415000025 52.505038991000049)",Unfall 20310 (2018) Kat:2, Licht: 0,20310,2,6,3,09,17,4,0,0,1,0,0,0
"POINT (9.642043353000076 52.442305033000082)",Unfall 20313 (2018) Kat:3, Licht: 0,20313,3,6,2,09,14,4,0,0,0,1,0,0
"POINT (9.753639199000077 52.370016103000069)",Unfall 20355 (2018) Kat:3, Licht: 0,20355,3,3,5,09,14,4,0,0,1,1,0,0
"POINT (9.847295458000076 52.360139220000065)",Unfall 20361 (2018) Kat:3, Licht: 0,20361,3,3,5,09,13,1,0,0,1,1,0,0
"POINT (9.400837708000040 52.329435763000049)",Unfall 20363 (2018) Kat:3, Licht: 0,20363,3,6,2,09,19,1,0,0,0,1,0,0
"POINT (9.986759877000054 52.389043420000064)",Unfall 20365 (2018) Kat:3, Licht: 0,20365,3,6,2,09,16,1,0,0,0,1,0,0
"POINT (9.764538819000052 52.584407715000054)",Unfall 20367 (2018) Kat:3, Licht: 0,20367,3,6,2,09,11,1,0,0,0,1,0,0
"POINT (9.868145941000023 52.309682643000031)",Unfall 20369 (2018) Kat:3, Licht: 0,20369,3,3,5,09,18,4,0,0,0,1,0,0
"POINT (10.119282070000054 52.360182396000027)",Unfall 20380 (2018) Kat:2, Licht: 0,20380,2,5,1,09,11,4,0,0,0,1,0,0
"POINT (9.581210719000069 52.335205409000082)",Unfall 20406 (2018) Kat:3, Licht: 0,20406,3,6,4,09,18,3,0,0,0,1,0,0
"POINT (9.399832471000025 52.536359252000068)",Unfall 20411 (2018) Kat:3, Licht: 0,20411,3,6,2,09,10,4,0,0,0,1,0,0
"POINT (9.508407903000034 52.408664928000064)",Unfall 20422 (2018) Kat:1, Licht: 0,20422,1,6,2,09,11,3,0,0,0,0,0,0
"POINT (9.826978753000049 52.408876813000063)",Unfall 20425 (2018) Kat:3, Licht: 0,20425,3,6,9,09,19,4,0,0,0,1,0,0
"POINT (9.480276692000075 52.503440521000073)",Unfall 20427 (2018) Kat:3, Licht: 0,20427,3,1,0,09,16,7,0,0,0,0,0,1
"POINT (9.640429636000022 52.443904513000064)",Unfall 20430 (2018) Kat:3, Licht: 0,20430,3,6,2,09,12,7,0,0,0,1,0,0
"POINT (9.726172225000028 52.545960352000066)",Unfall 20433 (2018) Kat:3, Licht: 0,20433,3,3,5,09,12,7,0,0,0,1,0,1
"POINT (9.909861206000073 52.293000646000053)",Unfall 20434 (2018) Kat:3, Licht: 0,20434,3,2,0,09,16,7,0,0,0,1,0,1
"POINT (9.762957052000047 52.344623330000047)",Unfall 20436 (2018) Kat:3, Licht: 2,20436,3,7,0,09,20,7,0,2,1,0,0,0
"POINT (9.844758943000045 52.389557860000082)",Unfall 20440 (2018) Kat:3, Licht: 0,20440,3,3,0,09,18,7,0,0,0,1,0,0
"POINT (9.856966789000069 52.469557756000029)",Unfall 20441 (2018) Kat:3, Licht: 2,20441,3,7,8,09,01,7,0,2,0,0,0,0
"POINT (9.942054371000040 52.449290590000032)",Unfall 20464 (2018) Kat:3, Licht: 0,20464,3,6,4,09,17,3,0,0,0,1,0,0
"POINT (9.677523495000060 52.369532995000043)",Unfall 20475 (2018) Kat:3, Licht: 0,20475,3,1,9,09,15,2,0,0,0,1,0,0
"POINT (9.725382839000076 52.365043608000065)",Unfall 20478 (2018) Kat:3, Licht: 0,20478,3,3,5,09,16,2,0,0,1,1,0,0
"POINT (9.676336613000046 52.438227073000064)",Unfall 20485 (2018) Kat:3, Licht: 0,20485,3,3,5,09,13,4,0,0,0,1,0,0
"POINT (9.862352199000043 52.371456545000058)",Unfall 20486 (2018) Kat:3, Licht: 0,20486,3,1,8,09,06,2,0,0,0,1,0,0
"POINT (10.015810669000075 52.509599947000027)",Unfall 20488 (2018) Kat:2, Licht: 2,20488,2,1,8,09,21,4,0,2,0,0,0,1
"POINT (9.697223993000023 52.310180193000065)",Unfall 20489 (2018) Kat:3, Licht: 0,20489,3,6,2,09,17,2,0,0,0,1,0,0
"POINT (9.950665528000059 52.455692650000060)",Unfall 20492 (2018) Kat:3, Licht: 0,20492,3,7,8,09,14,2,0,0,0,1,0,0
"POINT (9.894424148000041 52.371067921000076)",Unfall 20500 (2018) Kat:3, Licht: 0,20500,3,7,2,09,15,2,0,0,0,1,0,0
"POINT (9.452740123000069 52.412918666000053)",Unfall 20536 (2018) Kat:3, Licht: 0,20536,3,1,8,09,17,4,0,0,0,1,0,0
"POINT (9.636672568000051 52.241842443000053)",Unfall 20543 (2018) Kat:3, Licht: 0,20543,3,6,4,08,17,6,0,0,1,0,0,0
"POINT (9.468535335000070 52.504481967000061)",Unfall 20545 (2018) Kat:3, Licht: 0,20545,3,3,5,08,16,6,0,0,1,1,0,0
"POINT (10.116883649000044 52.357598441000050)",Unfall 20546 (2018) Kat:3, Licht: 0,20546,3,3,5,08,10,6,0,0,0,1,0,1
"POINT (9.810121750000064 52.318310421000035)",Unfall 20547 (2018) Kat:3, Licht: 0,20547,3,6,3,09,19,3,0,0,0,1,0,0
"POINT (9.999862298000039 52.494695801000034)",Unfall 20548 (2018) Kat:3, Licht: 0,20548,3,1,0,08,07,6,0,0,0,0,0,1
"POINT (9.733358495000061 52.420661285000051)",Unfall 20549 (2018) Kat:3, Licht: 0,20549,3,6,2,08,14,6,0,0,0,1,0,0
"POINT (9.744762705000028 52.367463184000030)",Unfall 20550 (2018) Kat:3, Licht: 0,20550,3,3,5,09,17,4,0,0,1,1,0,0