WKT,Name,OBJECTID,UKATEGORIE,UTYP1,UART,UMONAT,USTUNDE,UWOCHENTAG,STRZUSTAND,ULICHTVERH,ISTRAD,ISTPKW,ISTFUSS,ISTKRAD
"POINT (9.740359668000053 52.552335192000044)",Unfall 24213 (2018) Kat:3, Licht: 0,24213,3,3,5,11,10,4,0,0,0,1,0,0
"POINT (9.578971772000045 52.459106374000044)",Unfall 24215 (2018) Kat:3, Licht: 0,24215,3,5,1,11,10,2,0,0,0,1,0,0
"POINT (10.022789594000074 52.456000516000074)",Unfall 24216 (2018) Kat:3, Licht: 0,24216,3,6,2,11,12,2,1,0,0,1,0,0
"POINT (9.640512903000058 52.472932849000074)",Unfall 24217 (2018) Kat:3, Licht: 2,24217,3,3,5,11,18,5,0,2,0,1,0,0
"POINT (9.652288106000071 52.307161394000047)",Unfall 24219 (2018) Kat:3, Licht: 0,24219,3,6,2,11,16,4,0,0,0,1,0,0
"POINT (9.732098716000053 52.435243672000070)",Unfall 24221 (2018) Kat:3, Licht: 2,24221,3,5,1,11,21,4,0,2,0,1,0,0
"POINT (9.697770016000050 52.376325934000079)",Unfall 24227 (2018) Kat:3, Licht: 2,24227,3,6,2,11,07,2,1,2,0,1,0,0
"POINT (9.728302816000053 52.318824846000041)",Unfall 24228 (2018) Kat:3, Licht: 1,24228,3,6,2,11,07,2,1,1,0,1,0,0
"POINT (9.733918531000029 52.416490878000047)",Unfall 24233 (2018) Kat:3, Licht: 2,24233,3,2,5,11,18,4,0,2,1,1,0,0
"POINT (9.575991126000076 52.278003397000077)",Unfall 24236 (2018) Kat:3, Licht: 1,24236,3,2,3,11,07,3,0,1,1,0,0,0
"POINT (9.721216186000049 52.361697163000031)",Unfall 24243 (2018) Kat:2, Licht: 0,24243,2,4,6,11,13,6,0,0,0,1,1,0
"POINT (9.717063179000036 52.356391036000048)",Unfall 24246 (2018) Kat:3, Licht: 2,24246,3,2,3,11,17,5,0,2,0,1,0,0
"POINT (9.726395111000045 52.388374045000035)",Unfall 24254 (2018) Kat:3, Licht: 0,24254,3,2,5,11,13,4,0,0,1,1,0,0
"POINT (9.521827209000037 52.302606418000039)",Unfall 24255 (2018) Kat:3, Licht: 0,24255,3,1,9,11,15,7,0,0,0,0,0,1
"POINT (9.862954966000075 52.379734357000075)",Unfall 24256 (2018) Kat:3, Licht: 0,24256,3,3,5,11,07,2,1,0,1,1,0,0
"POINT (9.578202069000042 52.423440515000038)",Unfall 24257 (2018) Kat:3, Licht: 0,24257,3,1,9,11,15,2,1,0,0,0,0,1
"POINT (9.742921284000033 52.368447938000031)",Unfall 24270 (2018) Kat:3, Licht: 2,24270,3,3,5,11,19,7,0,2,1,1,0,0
"POINT (9.794216018000043 52.371447672000045)",Unfall 24279 (2018) Kat:3, Licht: 0,24279,3,4,6,11,16,7,0,0,1,0,1,0
"POINT (9.611130783000021 52.298804760000053)",Unfall 24281 (2018) Kat:3, Licht: 2,24281,3,2,2,11,18,5,0,2,0,1,0,0
"POINT (9.783431332000021 52.323242559000050)",Unfall 24289 (2018) Kat:3, Licht: 0,24289,3,2,5,11,10,4,0,0,1,0,0,0
"POINT (9.607858262000036 52.388282574000073)",Unfall 24296 (2018) Kat:3, Licht: 0,24296,3,6,2,11,15,3,0,0,0,1,0,0
"POINT (9.761828473000037 52.536740350000059)",Unfall 24308 (2018) Kat:3, Licht: 0,24308,3,1,8,11,14,1,0,0,0,0,0,1
"POINT (9.792921174000071 52.430581546000042)",Unfall 24309 (2018) Kat:3, Licht: 0,24309,3,7,1,11,08,4,0,0,0,1,0,0
"POINT (9.468818599000031 52.382835558000068)",Unfall 24315 (2018) Kat:3, Licht: 2,24315,3,6,2,11,17,1,0,2,0,1,0,0
"POINT (9.777605499000060 52.195203812000045)",Unfall 24328 (2018) Kat:2, Licht: 1,24328,2,3,0,11,16,1,0,1,1,1,0,0
"POINT (9.466021774000069 52.304034554000054)",Unfall 24333 (2018) Kat:3, Licht: 0,24333,3,2,6,11,09,6,1,0,0,1,1,0
"POINT (10.032285037000065 52.523861654000029)",Unfall 24337 (2018) Kat:3, Licht: 0,24337,3,6,2,11,12,3,0,0,0,1,0,0
"POINT (9.655902091000030 52.406380739000042)",Unfall 24351 (2018) Kat:3, Licht: 1,24351,3,6,2,11,18,2,0,1,0,1,0,0
"POINT (9.827199187000076 52.345268007000072)",Unfall 24358 (2018) Kat:3, Licht: 0,24358,3,5,0,11,16,3,0,0,1,1,0,0
"POINT (9.359952478000025 52.454163542000060)",Unfall 24365 (2018) Kat:3, Licht: 0,24365,3,7,1,11,11,6,0,0,0,1,0,0
"POINT (9.491815260000067 52.415987898000026)",Unfall 24387 (2018) Kat:3, Licht: 2,24387,3,6,2,11,22,2,1,2,0,1,0,0
"POINT (9.608396830000061 52.444807036000043)",Unfall 24388 (2018) Kat:3, Licht: 0,24388,3,4,6,11,08,2,1,0,0,1,1,0
"POINT (9.800651023000057 52.406522682000059)",Unfall 24389 (2018) Kat:3, Licht: 0,24389,3,6,2,11,09,5,1,0,0,1,0,0
"POINT (9.733950912000069 52.386700049000069)",Unfall 24391 (2018) Kat:3, Licht: 0,24391,3,3,5,11,14,4,0,0,1,1,0,0
"POINT (9.675868362000074 52.324020273000031)",Unfall 24395 (2018) Kat:3, Licht: 0,24395,3,6,2,11,14,3,0,0,0,1,0,0
"POINT (9.834254613000041 52.279363191000073)",Unfall 24402 (2018) Kat:2, Licht: 0,24402,2,6,2,11,10,6,1,0,0,1,0,0
"POINT (9.734086352000077 52.387506846000065)",Unfall 24405 (2018) Kat:3, Licht: 0,24405,3,6,2,11,09,5,0,0,0,1,0,0
"POINT (9.706817496000042 52.380062662000057)",Unfall 24412 (2018) Kat:3, Licht: 0,24412,3,1,0,11,15,7,0,0,0,0,0,1
"POINT (9.872085477000042 52.308729907000043)",Unfall 24414 (2018) Kat:3, Licht: 0,24414,3,1,0,11,07,2,1,0,0,1,0,0
"POINT (9.978346066000029 52.375197330000049)",Unfall 24424 (2018) Kat:3, Licht: 1,24424,3,6,2,11,16,2,1,1,0,1,0,0
"POINT (9.714978141000074 52.398351339000044)",Unfall 24426 (2018) Kat:3, Licht: 0,24426,3,4,6,11,14,5,0,0,0,1,1,0
"POINT (9.859892986000034 52.489901716000077)",Unfall 24428 (2018) Kat:3, Licht: 2,24428,3,1,0,11,18,4,0,2,1,0,0,0
"POINT (9.593932158000030 52.411420466000038)",Unfall 24431 (2018) Kat:2, Licht: 2,24431,2,7,0,11,18,1,1,2,1,0,0,0
"POINT (9.606264852000038 52.450481433000050)",Unfall 24439 (2018) Kat:3, Licht: 0,24439,3,3,5,11,09,7,0,0,0,1,0,0
"POINT (9.726782768000021 52.375721164000026)",Unfall 24441 (2018) Kat:3, Licht: 2,24441,3,3,5,11,17,5,0,2,1,1,0,0
"POINT (10.059793911000042 52.395302381000079)",Unfall 24456 (2018) Kat:3, Licht: 1,24456,3,4,0,11,16,3,0,1,0,1,1,0
"POINT (9.897215109000058 52.290505946000053)",Unfall 24465 (2018) Kat:3, Licht: 0,24465,3,6,0,11,15,7,0,0,0,1,0,0
"POINT (9.732342438000046 52.383428591000040)",Unfall 24470 (2018) Kat:3, Licht: 1,24470,3,6,2,12,07,2,1,1,0,1,0,0
"POINT (9.574001361000057 52.272141348000048)",Unfall 24476 (2018) Kat:3, Licht: 2,24476,3,2,2,12,17,5,1,2,0,1,0,0
"POINT (9.928297053000051 52.344667830000049)",Unfall 24489 (2018) Kat:3, Licht: 0,24489,3,6,2,12,15,2,1,0,0,1,0,0
"POINT (9.449013798000067 52.440017567000041)",Unfall 24498 (2018) Kat:2, Licht: 0,24498,2,1,4,11,13,5,1,0,0,1,0,0
"POINT (10.136885409000058 52.460117027000081)",Unfall 24507 (2018) Kat:2, Licht: 2,24507,2,7,0,11,04,4,0,2,0,1,0,0
"POINT (9.693657825000059 52.374405936000073)",Unfall 24546 (2018) Kat:3, Licht: 2,24546,3,3,5,12,01,1,1,2,0,1,0,0
"POINT (9.757138919000056 52.319665889000078)",Unfall 24548 (2018) Kat:3, Licht: 0,24548,3,3,5,11,11,6,0,0,0,1,0,0
"POINT (9.974026641000023 52.398011510000060)",Unfall 24550 (2018) Kat:3, Licht: 0,24550,3,6,4,12,07,4,0,0,0,1,0,0
"POINT (9.697223433000033 52.378166280000073)",Unfall 24561 (2018) Kat:3, Licht: 2,24561,3,6,2,12,16,6,1,2,0,1,0,0
"POINT (9.815376464000053 52.303467597000065)",Unfall 24564 (2018) Kat:3, Licht: 0,24564,3,4,6,11,14,3,0,0,0,1,1,0
"POINT (10.125434057000064 52.371958054000061)",Unfall 24568 (2018) Kat:3, Licht: 2,24568,3,2,4,12,20,3,0,2,0,1,0,0
"POINT (9.575104401000033 52.419196904000046)",Unfall 24577 (2018) Kat:3, Licht: 2,24577,3,6,2,11,17,2,0,2,0,1,0,0
"POINT (9.719913110000050 52.367997879000029)",Unfall 24595 (2018) Kat:3, Licht: 2,24595,3,6,4,12,07,4,0,2,1,0,0,0
"POINT (9.690581137000038 52.422244119000027)",Unfall 24606 (2018) Kat:3, Licht: 2,24606,3,6,2,12,16,7,0,2,0,1,0,0
"POINT (9.568277240000043 52.302728718000026)",Unfall 24607 (2018) Kat:2, Licht: 1,24607,2,1,9,12,15,6,1,1,0,1,0,0
"POINT (9.735523339000054 52.394308805000037)",Unfall 24609 (2018) Kat:3, Licht: 1,24609,3,6,3,11,15,7,1,1,0,1,0,1
"POINT (9.764919102000022 52.342634927000063)",Unfall 24610 (2018) Kat:2, Licht: 1,24610,2,2,5,11,16,3,0,1,1,1,0,0
"POINT (9.699852237000073 52.416339868000080)",Unfall 24613 (2018) Kat:3, Licht: 0,24613,3,6,2,11,09,7,1,0,0,1,0,0
"POINT (10.047742065000023 52.483584119000056)",Unfall 24614 (2018) Kat:2, Licht: 0,24614,2,3,5,12,15,3,0,0,0,1,0,0
"POINT (9.872095759000047 52.401577571000075)",Unfall 24619 (2018) Kat:3, Licht: 2,24619,3,1,8,11,20,7,1,2,0,1,0,0
"POINT (9.721621204000030 52.378470779000054)",Unfall 24627 (2018) Kat:3, Licht: 2,24627,3,6,2,12,19,5,1,2,0,1,0,0
"POINT (9.559351277000076 52.421589459000074)",Unfall 24629 (2018) Kat:3, Licht: 2,24629,3,6,3,11,00,7,0,2,0,1,0,0
"POINT (9.755324112000039 52.319483089000073)",Unfall 24640 (2018) Kat:3, Licht: 2,24640,3,6,4,12,06,2,0,2,0,1,0,0
"POINT (9.782571793000045 52.371987927000077)",Unfall 24647 (2018) Kat:3, Licht: 2,24647,3,2,5,12,17,7,1,2,0,1,0,0
"POINT (9.578464979000046 52.423431871000048)",Unfall 24655 (2018) Kat:3, Licht: 0,24655,3,1,9,12,15,7,0,0,0,1,0,0
"POINT (9.732487645000049 52.425722710000059)",Unfall 24668 (2018) Kat:3, Licht: 1,24668,3,6,2,12,06,2,1,1,0,1,0,0
"POINT (9.988578217000054 52.374161176000030)",Unfall 24674 (2018) Kat:3, Licht: 1,24674,3,7,0,12,06,5,1,1,0,0,0,1
"POINT (9.810685293000063 52.318256812000072)",Unfall 24684 (2018) Kat:3, Licht: 0,24684,3,6,2,12,09,3,1,0,0,1,0,0
"POINT (9.624125488000061 52.425130149000040)",Unfall 24700 (2018) Kat:3, Licht: 1,24700,3,6,2,11,16,6,0,1,0,1,0,0
"POINT (9.869037226000046 52.360652414000072)",Unfall 24702 (2018) Kat:3, Licht: 0,24702,3,6,2,12,11,4,0,0,0,1,0,0
"POINT (9.725759539000023 52.546834866000040)",Unfall 24711 (2018) Kat:3, Licht: 2,24711,3,2,0,11,17,5,1,2,0,1,1,0
"POINT (9.888880491000066 52.425754671000050)",Unfall 24716 (2018) Kat:2, Licht: 0,24716,2,1,9,12,09,2,1,0,0,1,0,0
"POINT (9.770467621000023 52.427041742000029)",Unfall 24722 (2018) Kat:3, Licht: 1,24722,3,6,2,12,07,5,0,1,0,1,0,0
"POINT (9.811989489000041 52.399911047000046)",Unfall 24745 (2018) Kat:3, Licht: 2,24745,3,1,8,12,08,1,1,2,0,1,0,0
"POINT (9.695126834000064 52.374566780000066)",Unfall 24747 (2018) Kat:2, Licht: 2,24747,2,4,6,11,17,6,0,2,0,1,1,0
"POINT (9.788519661000066 52.318088401000068)",Unfall 24749 (2018) Kat:2, Licht: 0,24749,2,2,5,12,09,4,0,0,1,1,0,0
"POINT (9.804320427000050 52.275796790000072)",Unfall 24760 (2018) Kat:3, Licht: 1,24760,3,6,2,12,17,6,1,1,0,1,0,0
"POINT (9.611657692000051 52.436438620000047)",Unfall 24763 (2018) Kat:3, Licht: 2,24763,3,2,5,11,21,3,0,2,1,1,0,0
"POINT (9.651567263000061 52.415453593000052)",Unfall 24803 (2018) Kat:3, Licht: 2,24803,3,6,2,11,16,6,0,2,0,1,0,0
"POINT (9.464868847000048 52.304356055000028)",Unfall 24805 (2018) Kat:3, Licht: 0,24805,3,7,6,12,14,7,0,0,0,1,1,0
"POINT (9.670878024000047 52.382654118000062)",Unfall 24807 (2018) Kat:3, Licht: 1,24807,3,2,6,12,07,6,1,1,0,1,1,0
"POINT (9.698668890000022 52.347603750000076)",Unfall 24810 (2018) Kat:3, Licht: 0,24810,3,6,2,11,14,6,0,0,0,1,0,0
"POINT (9.860474812000064 52.492642286000034)",Unfall 24813 (2018) Kat:2, Licht: 0,24813,2,4,6,12,11,3,1,0,0,1,1,0
"POINT (9.714345306000041 52.346427698000070)",Unfall 24818 (2018) Kat:3, Licht: 2,24818,3,6,2,11,05,6,0,2,0,1,0,0
"POINT (9.781765167000060 52.325803082000050)",Unfall 24819 (2018) Kat:3, Licht: 2,24819,3,6,4,12,16,2,0,2,1,0,0,0
"POINT (9.499390868000035 52.424023047000048)",Unfall 24823 (2018) Kat:2, Licht: 1,24823,2,1,8,11,16,6,0,1,0,1,0,0
"POINT (9.858412486000077 52.484222349000049)",Unfall 24824 (2018) Kat:3, Licht: 2,24824,3,4,6,12,17,3,0,2,0,1,1,0
"POINT (10.012667061000059 52.449929694000048)",Unfall 24829 (2018) Kat:1, Licht: 1,24829,1,2,5,11,07,6,0,1,1,0,0,0
"POINT (9.845578653000075 52.414250036000055)",Unfall 24832 (2018) Kat:3, Licht: 2,24832,3,1,9,11,04,2,1,2,0,1,0,0
"POINT (9.962712880000026 52.390249285000039)",Unfall 24843 (2018) Kat:3, Licht: 0,24843,3,6,2,12,11,7,0,0,0,1,0,0
"POINT (9.715264237000042 52.378121091000082)",Unfall 24851 (2018) Kat:3, Licht: 2,24851,3,6,2,12,16,2,1,2,0,1,0,0
"POINT (9.648594698000068 52.424189909000063)",Unfall 24852 (2018) Kat:3, Licht: 0,24852,3,6,3,12,11,7,0,0,0,1,0,0
"POINT (9.726735328000075 52.375761421000050)",Unfall 24861 (2018) Kat:3, Licht: 0,24861,3,3,5,11,10,5,1,0,1,1,0,0
"POINT (10.032205049000027 52.427033797000036)",Unfall 24867 (2018) Kat:3, Licht: 2,24867,3,6,2,12,06,2,1,2,0,1,0,1
"POINT (9.877080165000052 52.352269821000050)",Unfall 24873 (2018) Kat:3, Licht: 2,24873,3,6,3,12,16,5,1,2,0,1,0,0
"POINT (9.630203990000041 52.263417145000062)",Unfall 24888 (2018) Kat:3, Licht: 2,24888,3,6,3,12,15,5,1,2,0,1,0,0
"POINT (9.598753609000028 52.409261813000057)",Unfall 24901 (2018) Kat:3, Licht: 1,24901,3,6,4,12,07,2,0,1,1,1,0,0
"POINT (9.630866634000029 52.206850956000039)",Unfall 24911 (2018) Kat:2, Licht: 2,24911,2,2,3,11,18,5,1,2,1,1,0,0
"POINT (9.731372503000046 52.428548226000032)",Unfall 24916 (2018) Kat:3, Licht: 2,24916,3,6,2,12,07,2,1,2,0,1,0,0
"POINT (9.489485645000059 52.490566561000037)",Unfall 24920 (2018) Kat:3, Licht: 0,24920,3,3,5,11,11,4,0,0,0,1,0,0
"POINT (9.796696377000046 52.415100024000026)",Unfall 24948 (2018) Kat:3, Licht: 0,24948,3,2,5,11,13,6,0,0,1,0,0,0
"POINT (9.748748220000039 52.362402596000038)",Unfall 24950 (2018) Kat:3, Licht: 0,24950,3,2,5,12,14,4,0,0,0,1,0,1
"POINT (9.722753812000065 52.378329310000026)",Unfall 24961 (2018) Kat:3, Licht: 0,24961,3,6,2,12,11,1,1,0,0,1,0,0
"POINT (9.744632721000073 52.209193514000049)",Unfall 24963 (2018) Kat:3, Licht: 2,24963,3,6,2,11,17,6,0,2,0,1,0,0
"POINT (9.724155688000053 52.379724427000042)",Unfall 24965 (2018) Kat:3, Licht: 0,24965,3,6,2,12,12,4,0,0,0,1,0,0
"POINT (9.675398633000043 52.377389220000055)",Unfall 24980 (2018) Kat:3, Licht: 0,24980,3,2,4,11,14,3,0,0,0,1,0,0
"POINT (9.575524519000055 52.431902436000030)",Unfall 24984 (2018) Kat:3, Licht: 2,24984,3,2,4,12,19,3,0,2,0,1,0,0
"POINT (9.445810298000026 52.504605771000058)",Unfall 24994 (2018) Kat:3, Licht: 2,24994,3,2,6,11,06,2,0,2,0,1,1,0
"POINT (9.986456435000036 52.481695388000048)",Unfall 25003 (2018) Kat:3, Licht: 0,25003,3,6,2,12,12,7,1,0,0,1,0,0
"POINT (9.654629018000037 52.407610974000079)",Unfall 25018 (2018) Kat:3, Licht: 2,25018,3,6,2,11,20,5,1,2,0,1,0,0
"POINT (9.749858438000047 52.369269405000068)",Unfall 25019 (2018) Kat:3, Licht: 0,25019,3,7,0,12,12,7,0,0,1,0,0,0
"POINT (9.889328088000070 52.312715038000078)",Unfall 25021 (2018) Kat:3, Licht: 1,25021,3,1,8,12,15,6,1,1,0,1,0,0
"POINT (9.733887861000028 52.309620256000073)",Unfall 25023 (2018) Kat:3, Licht: 2,25023,3,3,5,11,20,5,1,2,1,0,0,0
"POINT (9.574063423000041 52.421663215000081)",Unfall 25024 (2018) Kat:3, Licht: 2,25024,3,3,5,11,17,3,0,2,1,1,0,0
"POINT (9.573806012000034 52.655523571000060)",Unfall 25027 (2018) Kat:3, Licht: 2,25027,3,1,9,11,05,5,1,2,0,1,0,0
"POINT (9.521741156000076 52.469308344000069)",Unfall 25028 (2018) Kat:1, Licht: 2,25028,1,6,2,12,19,3,0,2,0,1,0,0
"POINT (9.971684229000061 52.386176979000027)",Unfall 25033 (2018) Kat:3, Licht: 0,25033,3,1,0,11,10,5,1,0,1,0,0,0
"POINT (9.733729761000063 52.428778298000054)",Unfall 25043 (2018) Kat:3, Licht: 0,25043,3,6,2,11,10,5,1,0,0,1,0,0
"POINT (9.793450019000034 52.351479960000063)",Unfall 25047 (2018) Kat:3, Licht: 2,25047,3,6,2,11,07,5,1,2,0,1,0,0
"POINT (9.717777520000027 52.395592078000050)",Unfall 25052 (2018) Kat:3, Licht: 2,25052,3,3,5,11,17,5,1,2,1,1,0,0
"POINT (9.628702385000054 52.294875369000067)",Unfall 25054 (2018) Kat:3, Licht: 2,25054,3,6,2,12,18,2,1,2,0,1,0,0
"POINT (9.554594340000051 52.461715273000038)",Unfall 25064 (2018) Kat:3, Licht: 0,25064,3,7,0,11,11,5,1,0,1,0,0,0
"POINT (9.782369415000062 52.324795470000026)",Unfall 25069 (2018) Kat:3, Licht: 0,25069,3,7,0,12,13,7,0,0,0,0,0,1
"POINT (9.786812825000027 52.389983473000029)",Unfall 25071 (2018) Kat:3, Licht: 0,25071,3,6,2,12,08,6,1,0,0,1,0,0
"POINT (9.594397660000027 52.411177228000042)",Unfall 25082 (2018) Kat:3, Licht: 1,25082,3,3,5,12,09,2,1,1,1,1,0,0
"POINT (9.579081426000073 52.459167334000028)",Unfall 25088 (2018) Kat:3, Licht: 1,25088,3,6,2,12,16,5,1,1,0,1,0,0
"POINT (9.805749663000029 52.318058979000057)",Unfall 25092 (2018) Kat:3, Licht: 2,25092,3,6,2,11,20,1,1,2,0,1,0,0
"POINT (9.730213768000056 52.368958507000059)",Unfall 25099 (2018) Kat:3, Licht: 0,25099,3,3,5,12,09,3,0,0,1,1,0,0
"POINT (9.796873412000025 52.475445055000080)",Unfall 25102 (2018) Kat:3, Licht: 2,25102,3,3,5,12,06,2,1,2,0,1,0,1
"POINT (9.770019531000060 52.370792136000034)",Unfall 25104 (2018) Kat:3, Licht: 2,25104,3,6,2,11,17,1,1,2,0,1,0,0
"POINT (9.626712935000057 52.423489910000058)",Unfall 25114 (2018) Kat:3, Licht: 2,25114,3,6,6,11,19,6,0,2,1,0,1,0
"POINT (9.823802155000067 52.292208342000038)",Unfall 25116 (2018) Kat:3, Licht: 2,25116,3,6,2,12,20,4,0,2,0,1,0,0
"POINT (9.735296214000073 52.394721528000048)",Unfall 25127 (2018) Kat:3, Licht: 2,25127,3,3,5,11,01,1,1,2,0,1,0,0
"POINT (9.800514669000052 52.406467775000067)",Unfall 25129 (2018) Kat:3, Licht: 2,25129,3,4,6,12,17,2,0,2,0,1,1,0
"POINT (9.779724625000029 52.428087548000065)",Unfall 25135 (2018) Kat:3, Licht: 0,25135,3,6,2,12,07,5,0,0,0,1,0,0
"POINT (9.434458724000024 52.421602506000056)",Unfall 25139 (2018) Kat:3, Licht: 0,25139,3,2,2,11,15,1,1,0,0,1,0,0
"POINT (9.718672351000066 52.574236395000071)",Unfall 25151 (2018) Kat:3, Licht: 2,25151,3,7,0,11,17,1,1,2,1,0,0,0
"POINT (9.821390376000068 52.309554438000077)",Unfall 25160 (2018) Kat:3, Licht: 2,25160,3,6,2,12,18,1,1,2,0,1,0,0
"POINT (9.834484425000028 52.386710088000029)",Unfall 25162 (2018) Kat:3, Licht: 2,25162,3,2,6,11,18,6,0,2,0,1,1,0
"POINT (10.022431377000032 52.456351646000030)",Unfall 25164 (2018) Kat:3, Licht: 2,25164,3,6,2,12,18,4,0,2,0,1,0,0
"POINT (9.904853740000021 52.284431815000062)",Unfall 25168 (2018) Kat:3, Licht: 2,25168,3,1,8,12,22,1,1,2,0,1,0,0
"POINT (9.865511931000071 52.338830513000062)",Unfall 25176 (2018) Kat:3, Licht: 2,25176,3,6,2,11,17,1,1,2,0,1,0,0
"POINT (9.768634875000032 52.338262027000042)",Unfall 25177 (2018) Kat:3, Licht: 2,25177,3,2,5,12,19,6,1,2,1,1,0,0
"POINT (9.729433679000067 52.384972060000052)",Unfall 25180 (2018) Kat:3, Licht: 2,25180,3,6,2,11,16,3,0,2,0,1,0,1
"POINT (9.971503166000048 52.369228784000029)",Unfall 25184 (2018) Kat:3, Licht: 2,25184,3,2,6,12,06,3,1,2,0,1,1,0
"POINT (10.104111700000033 52.452562961000069)",Unfall 25188 (2018) Kat:2, Licht: 0,25188,2,1,8,11,09,1,1,0,0,1,0,0
"POINT (9.745727647000024 52.437198752000029)",Unfall 25212 (2018) Kat:3, Licht: 0,25212,3,7,8,11,08,6,0,0,0,1,0,0
"POINT (9.429666571000041 52.426921343000060)",Unfall 25225 (2018) Kat:3, Licht: 2,25225,3,6,3,12,22,7,1,2,1,0,0,0
"POINT (10.004770995000058 52.386197363000065)",Unfall 25227 (2018) Kat:3, Licht: 0,25227,3,6,2,12,16,6,0,0,0,1,0,0
"POINT (9.875042580000070 52.305532600000049)",Unfall 25232 (2018) Kat:3, Licht: 0,25232,3,6,2,12,12,3,0,0,0,1,0,0
"POINT (9.634757894000074 52.418433480000033)",Unfall 25238 (2018) Kat:3, Licht: 2,25238,3,6,2,12,06,2,1,2,0,1,0,0
"POINT (9.738827357000048 52.368035651000071)",Unfall 25245 (2018) Kat:3, Licht: 2,25245,3,3,5,12,18,5,1,2,1,1,0,0
"POINT (9.734913941000059 52.392910263000033)",Unfall 25253 (2018) Kat:3, Licht: 0,25253,3,3,5,11,13,2,0,0,1,0,0,0
"POINT (9.822623946000022 52.406519315000082)",Unfall 25264 (2018) Kat:2, Licht: 2,25264,2,7,0,12,17,7,1,2,0,1,0,0
"POINT (9.690402386000073 52.346878499000070)",Unfall 25271 (2018) Kat:3, Licht: 0,25271,3,5,1,12,09,2,0,0,0,1,0,0
"POINT (9.630285846000049 52.290081368000074)",Unfall 25272 (2018) Kat:3, Licht: 0,25272,3,6,0,12,08,7,1,0,0,1,0,0
"POINT (10.106909292000068 52.435647289000030)",Unfall 25286 (2018) Kat:3, Licht: 0,25286,3,1,8,12,14,2,0,0,0,1,0,0
"POINT (10.004529026000057 52.497561676000032)",Unfall 25292 (2018) Kat:3, Licht: 0,25292,3,1,8,12,10,5,1,0,0,1,0,0
"POINT (9.829909357000076 52.385349028000064)",Unfall 25302 (2018) Kat:3, Licht: 2,25302,3,6,4,12,06,3,1,2,0,1,0,0
"POINT (9.611346895000054 52.431306296000059)",Unfall 25310 (2018) Kat:3, Licht: 0,25310,3,6,2,11,09,4,0,0,0,1,0,0
"POINT (9.667574271000035 52.341054719000056)",Unfall 25319 (2018) Kat:2, Licht: 0,25319,2,3,5,11,14,4,0,0,1,1,0,0
"POINT (9.415939057000060 52.532398188000059)",Unfall 25321 (2018) Kat:3, Licht: 2,25321,3,1,8,12,18,2,1,2,0,1,0,0
"POINT (9.751472632000059 52.427221943000063)",Unfall 25325 (2018) Kat:3, Licht: 0,25325,3,6,3,11,13,4,0,0,0,1,0,0
"POINT (9.729178406000074 52.491653474000032)",Unfall 25330 (2018) Kat:3, Licht: 2,25330,3,2,4,11,06,5,1,2,0,1,0,0
"POINT (9.638517699000033 52.416129509000029)",Unfall 25334 (2018) Kat:3, Licht: 2,25334,3,1,9,11,00,4,1,2,0,1,0,0
"POINT (9.820442668000055 52.310028492000072)",Unfall 25335 (2018) Kat:3, Licht: 0,25335,3,6,2,12,07,2,1,0,0,1,0,0
"POINT (9.636630280000077 52.417284850000044)",Unfall 25339 (2018) Kat:3, Licht: 2,25339,3,6,2,11,16,4,0,2,0,1,0,0
"POINT (9.782836748000023 52.569563293000044)",Unfall 25365 (2018) Kat:3, Licht: 0,25365,3,6,2,11,17,6,0,0,0,1,0,0
"POINT (9.825157307000040 52.285123840000040)",Unfall 25367 (2018) Kat:3, Licht: 2,25367,3,2,5,12,16,4,0,2,1,1,0,0
"POINT (9.757520601000067 52.282457566000062)",Unfall 25379 (2018) Kat:3, Licht: 2,25379,3,7,8,11,16,6,0,2,0,1,0,0
"POINT (9.830099658000052 52.417114613000081)",Unfall 25381 (2018) Kat:3, Licht: 0,25381,3,3,5,12,13,4,0,0,0,1,0,0
"POINT (9.434656131000054 52.421414233000064)",Unfall 25409 (2018) Kat:3, Licht: 0,25409,3,2,5,11,14,2,0,0,1,1,0,0
"POINT (9.730444751000050 52.370848043000080)",Unfall 25418 (2018) Kat:3, Licht: 2,25418,3,6,2,12,20,7,1,2,0,1,0,0
"POINT (9.751567229000045 52.528705514000080)",Unfall 25425 (2018) Kat:3, Licht: 0,25425,3,2,2,12,14,7,0,0,0,1,0,0
"POINT (9.704542589000027 52.380286336000040)",Unfall 25435 (2018) Kat:3, Licht: 2,25435,3,6,2,12,17,7,1,2,0,1,0,0
"POINT (9.465934147000041 52.304058990000044)",Unfall 25436 (2018) Kat:3, Licht: 2,25436,3,2,6,12,07,6,1,2,0,1,1,0
"POINT (9.587647703000073 52.414980164000042)",Unfall 25439 (2018) Kat:3, Licht: 2,25439,3,2,5,11,19,3,0,2,1,1,0,0
"POINT (9.579290210000067 52.423429753000050)",Unfall 25443 (2018) Kat:2, Licht: 2,25443,2,6,2,12,23,3,1,2,0,0,0,0
"POINT (9.501743762000046 52.334042365000073)",Unfall 25462 (2018) Kat:2, Licht: 0,25462,2,7,0,12,08,7,0,0,0,1,0,1
"POINT (9.724069428000064 52.390987264000046)",Unfall 25470 (2018) Kat:3, Licht: 0,25470,3,7,0,12,13,2,1,0,1,0,0,0
"POINT (9.611192341000049 52.431356995000044)",Unfall 25479 (2018) Kat:3, Licht: 1,25479,3,6,2,11,16,5,1,1,0,1,0,0