WKT,Name,OBJECTID,UKATEGORIE,UTYP1,UART,UMONAT,USTUNDE,UWOCHENTAG,STRZUSTAND,ULICHTVERH,ISTRAD,ISTPKW,ISTFUSS,ISTKRAD
"POINT (9.706496069000025 52.415677425000069)",Unfall 135287 (2018) Kat:3, Licht: 0,135287,3,3,5,08,16,7,0,0,0,1,0,0
"POINT (9.581503270000042 52.438782635000052)",Unfall 135288 (2018) Kat:2, Licht: 1,135288,2,7,0,08,20,6,0,1,1,0,0,0
"POINT (9.731825989000072 52.374529074000066)",Unfall 135289 (2018) Kat:3, Licht: 0,135289,3,4,6,08,06,7,0,0,0,1,1,0
"POINT (9.775119084000039 52.363395187000037)",Unfall 135290 (2018) Kat:2, Licht: 0,135290,2,2,5,08,08,4,0,0,1,1,0,0
"POINT (9.666344718000062 52.355493943000056)",Unfall 135291 (2018) Kat:3, Licht: 0,135291,3,3,5,08,16,6,0,0,0,1,0,0
"POINT (9.705058639000072 52.355426414000078)",Unfall 135294 (2018) Kat:2, Licht: 0,135294,2,1,0,08,14,3,0,0,1,0,0,0
"POINT (9.746160599000064 52.388624567000079)",Unfall 135315 (2018) Kat:3, Licht: 0,135315,3,4,6,08,12,1,0,0,0,1,1,0
"POINT (9.736940987000025 52.381349687000068)",Unfall 135329 (2018) Kat:3, Licht: 0,135329,3,6,4,08,07,3,0,0,1,0,0,0
"POINT (9.662550436000061 52.409334651000052)",Unfall 135355 (2018) Kat:2, Licht: 0,135355,2,3,5,08,13,2,0,0,1,1,0,0
"POINT (9.550560622000035 52.208308024000075)",Unfall 135357 (2018) Kat:3, Licht: 0,135357,3,3,5,08,15,4,0,0,0,1,0,0
"POINT (9.711258999000052 52.372214583000073)",Unfall 135358 (2018) Kat:3, Licht: 0,135358,3,2,3,08,10,7,0,0,1,1,0,0
"POINT (9.828900229000055 52.346166054000037)",Unfall 135360 (2018) Kat:3, Licht: 0,135360,3,6,0,08,11,7,1,0,0,1,0,1
"POINT (9.694643956000050 52.419523339000079)",Unfall 135361 (2018) Kat:3, Licht: 0,135361,3,6,2,08,12,7,0,0,0,1,0,0
"POINT (9.755957783000042 52.395973591000029)",Unfall 135363 (2018) Kat:3, Licht: 1,135363,3,1,0,08,20,7,0,1,1,0,0,0
"POINT (9.716158659000030 52.362569646000054)",Unfall 135366 (2018) Kat:3, Licht: 0,135366,3,1,0,08,18,4,0,0,1,0,0,0
"POINT (9.740882360000057 52.374914165000064)",Unfall 135372 (2018) Kat:3, Licht: 0,135372,3,4,6,08,15,3,0,0,1,0,1,0
"POINT (9.656750530000068 52.407801355000061)",Unfall 135402 (2018) Kat:3, Licht: 0,135402,3,2,4,08,07,6,0,0,0,1,0,1
"POINT (9.817007780000040 52.290937073000066)",Unfall 135404 (2018) Kat:3, Licht: 0,135404,3,6,2,08,12,6,0,0,0,1,0,0
"POINT (9.756775935000064 52.356776701000058)",Unfall 135406 (2018) Kat:3, Licht: 0,135406,3,3,5,08,08,6,0,0,1,1,0,0
"POINT (9.744531202000076 52.385102964000055)",Unfall 135407 (2018) Kat:3, Licht: 0,135407,3,3,5,08,11,4,0,0,1,1,0,0
"POINT (9.833627286000024 52.336633331000030)",Unfall 135408 (2018) Kat:3, Licht: 0,135408,3,4,6,08,15,6,0,0,0,1,1,0
"POINT (9.737192116000074 52.384512390000054)",Unfall 135409 (2018) Kat:3, Licht: 0,135409,3,3,5,08,19,6,0,0,0,1,0,0
"POINT (9.804602032000048 52.377933564000045)",Unfall 135410 (2018) Kat:3, Licht: 0,135410,3,6,2,08,15,3,0,0,0,1,0,1
"POINT (9.781826415000069 52.349011644000029)",Unfall 135412 (2018) Kat:2, Licht: 0,135412,2,7,0,08,07,2,1,0,1,0,0,0
"POINT (9.798317978000057 52.334484370000041)",Unfall 135413 (2018) Kat:3, Licht: 0,135413,3,3,5,08,14,6,0,0,1,1,0,0
"POINT (9.752548825000076 52.370649337000032)",Unfall 135414 (2018) Kat:3, Licht: 0,135414,3,6,2,08,12,6,1,0,0,1,0,1
"POINT (9.717275089000054 52.346641782000063)",Unfall 135415 (2018) Kat:3, Licht: 0,135415,3,6,2,08,12,6,1,0,0,1,0,0
"POINT (9.676249023000025 52.363131376000069)",Unfall 135416 (2018) Kat:3, Licht: 0,135416,3,5,0,08,10,6,0,0,1,1,0,0
"POINT (9.743616649000046 52.379500768000071)",Unfall 135417 (2018) Kat:3, Licht: 2,135417,3,7,8,08,00,6,0,2,1,0,0,0
"POINT (9.621289571000034 52.447866746000045)",Unfall 135418 (2018) Kat:3, Licht: 2,135418,3,2,3,08,21,4,0,2,1,0,0,0
"POINT (9.750056991000065 52.380577596000080)",Unfall 135421 (2018) Kat:3, Licht: 0,135421,3,5,1,08,09,3,0,0,1,1,0,0
"POINT (10.082615358000055 52.483283968000080)",Unfall 135458 (2018) Kat:3, Licht: 0,135458,3,3,5,08,17,2,0,0,1,1,0,0
"POINT (9.653080044000035 52.169863120000059)",Unfall 135460 (2018) Kat:3, Licht: 0,135460,3,6,2,08,16,4,0,0,1,0,0,0
"POINT (9.741618568000035 52.380199676000075)",Unfall 135463 (2018) Kat:3, Licht: 0,135463,3,3,5,08,18,3,0,0,1,1,0,0
"POINT (10.005498958000032 52.447277098000029)",Unfall 135471 (2018) Kat:3, Licht: 0,135471,3,3,5,08,13,4,0,0,1,1,0,0
"POINT (9.685525651000035 52.393141319000051)",Unfall 135473 (2018) Kat:3, Licht: 0,135473,3,7,0,08,13,5,0,0,0,0,0,1
"POINT (9.740096920000042 52.366996713000049)",Unfall 135476 (2018) Kat:3, Licht: 2,135476,3,2,3,08,23,5,0,2,1,0,0,0
"POINT (9.826858428000037 52.375042020000080)",Unfall 135477 (2018) Kat:2, Licht: 0,135477,2,7,7,08,16,5,0,0,1,0,0,0
"POINT (9.798743482000077 52.385306588000049)",Unfall 135479 (2018) Kat:3, Licht: 0,135479,3,3,5,08,17,5,0,0,1,1,0,0
"POINT (9.756742307000025 52.410381544000074)",Unfall 135480 (2018) Kat:3, Licht: 0,135480,3,3,5,08,15,5,0,0,1,1,0,0
"POINT (9.787013705000049 52.401650704000076)",Unfall 135481 (2018) Kat:3, Licht: 0,135481,3,3,5,08,14,5,0,0,1,1,0,0
"POINT (9.749963201000071 52.268998827000075)",Unfall 135482 (2018) Kat:3, Licht: 2,135482,3,1,8,08,00,5,0,2,0,1,0,0
"POINT (9.598381919000076 52.312822738000079)",Unfall 135484 (2018) Kat:3, Licht: 0,135484,3,3,0,08,07,5,0,0,1,1,0,0
"POINT (9.330920717000026 52.534531932000050)",Unfall 135486 (2018) Kat:3, Licht: 0,135486,3,3,5,08,16,5,0,0,0,1,0,0
"POINT (9.462493740000070 52.495060182000032)",Unfall 135489 (2018) Kat:2, Licht: 0,135489,2,4,6,08,17,5,0,0,1,0,1,0
"POINT (9.792661977000023 52.396943534000059)",Unfall 135491 (2018) Kat:3, Licht: 0,135491,3,3,5,08,13,5,0,0,1,1,0,0
"POINT (9.714566306000052 52.414967745000069)",Unfall 135506 (2018) Kat:3, Licht: 0,135506,3,1,9,08,14,2,1,0,0,0,0,1
"POINT (9.708657412000036 52.365253534000033)",Unfall 135520 (2018) Kat:3, Licht: 0,135520,3,6,2,08,16,3,0,0,0,1,0,0
"POINT (9.708639289000075 52.401092323000057)",Unfall 135521 (2018) Kat:2, Licht: 0,135521,2,3,5,08,12,1,0,0,1,1,0,0
"POINT (9.460129762000065 52.494323766000036)",Unfall 135528 (2018) Kat:3, Licht: 0,135528,3,7,6,08,13,4,0,0,0,0,1,0
"POINT (9.717377904000045 52.354406852000068)",Unfall 135531 (2018) Kat:2, Licht: 0,135531,2,3,5,08,13,3,0,0,1,1,0,0
"POINT (9.730982287000074 52.391362309000044)",Unfall 135532 (2018) Kat:2, Licht: 0,135532,2,7,0,08,11,1,0,0,1,0,0,0
"POINT (9.686127303000035 52.394858556000031)",Unfall 135560 (2018) Kat:3, Licht: 0,135560,3,5,1,08,19,4,0,0,1,1,0,0
"POINT (9.765224232000037 52.417967417000057)",Unfall 135561 (2018) Kat:3, Licht: 0,135561,3,6,3,08,11,4,0,0,1,1,0,0
"POINT (9.736734069000022 52.412468169000078)",Unfall 135563 (2018) Kat:3, Licht: 0,135563,3,6,2,08,08,4,0,0,0,1,0,0
"POINT (9.746854028000030 52.382586641000046)",Unfall 135564 (2018) Kat:3, Licht: 0,135564,3,3,5,08,12,2,0,0,1,1,0,0
"POINT (9.764725386000066 52.395652108000036)",Unfall 135565 (2018) Kat:3, Licht: 0,135565,3,6,2,08,08,4,0,0,0,1,0,1
"POINT (9.364968616000056 52.452720166000063)",Unfall 135566 (2018) Kat:3, Licht: 0,135566,3,1,0,08,16,4,0,0,1,0,0,0
"POINT (9.652566381000042 52.395521829000074)",Unfall 135567 (2018) Kat:3, Licht: 0,135567,3,4,6,08,17,4,0,0,0,1,1,0
"POINT (9.859357850000038 52.487438088000033)",Unfall 135568 (2018) Kat:3, Licht: 0,135568,3,3,5,08,15,4,0,0,1,1,0,0
"POINT (9.729764883000030 52.376303036000081)",Unfall 135569 (2018) Kat:3, Licht: 0,135569,3,3,5,08,15,3,0,0,1,0,0,0
"POINT (9.796011664000048 52.311578867000037)",Unfall 135571 (2018) Kat:2, Licht: 0,135571,2,7,0,08,15,4,0,0,0,0,0,1
"POINT (9.727281168000047 52.547132593000072)",Unfall 135572 (2018) Kat:2, Licht: 0,135572,2,1,0,08,08,4,0,0,1,0,0,0
"POINT (9.604523505000032 52.446757220000052)",Unfall 135576 (2018) Kat:3, Licht: 0,135576,3,2,4,08,06,4,0,0,0,1,0,1
"POINT (9.742308238000021 52.325657543000034)",Unfall 135585 (2018) Kat:3, Licht: 0,135585,3,3,5,09,09,4,0,0,1,1,0,0
"POINT (9.721132591000071 52.383521392000034)",Unfall 135587 (2018) Kat:3, Licht: 0,135587,3,5,0,09,13,3,0,0,1,1,0,0
"POINT (9.747440816000051 52.318083177000062)",Unfall 135590 (2018) Kat:3, Licht: 0,135590,3,1,4,09,13,2,0,0,1,0,0,0
"POINT (9.803590753000037 52.398913067000080)",Unfall 135593 (2018) Kat:3, Licht: 0,135593,3,5,1,09,16,7,0,0,0,1,0,0
"POINT (9.732061920000035 52.399778180000055)",Unfall 135621 (2018) Kat:3, Licht: 0,135621,3,6,6,09,17,5,0,0,1,0,1,0
"POINT (9.717368647000058 52.390559954000082)",Unfall 135623 (2018) Kat:3, Licht: 0,135623,3,7,6,09,10,4,0,0,0,1,1,0
"POINT (9.623737155000072 52.412340234000055)",Unfall 135628 (2018) Kat:3, Licht: 0,135628,3,6,2,08,14,6,0,0,0,1,0,0
"POINT (9.717103710000060 52.344899158000032)",Unfall 135633 (2018) Kat:3, Licht: 0,135633,3,2,5,09,16,4,0,0,1,1,0,0
"POINT (9.668660341000077 52.414812411000071)",Unfall 135634 (2018) Kat:3, Licht: 0,135634,3,2,5,08,13,6,0,0,1,1,0,0
"POINT (9.731579600000032 52.358331631000055)",Unfall 135635 (2018) Kat:3, Licht: 0,135635,3,7,7,09,09,3,0,0,1,0,0,0
"POINT (9.852351301000056 52.360526317000051)",Unfall 135636 (2018) Kat:3, Licht: 1,135636,3,3,5,08,06,6,0,1,0,1,0,0
"POINT (9.727343440000027 52.440069369000071)",Unfall 135638 (2018) Kat:3, Licht: 0,135638,3,5,3,09,09,2,0,0,0,1,0,0
"POINT (9.714603526000076 52.386105332000056)",Unfall 135650 (2018) Kat:3, Licht: 0,135650,3,6,6,08,10,6,0,0,1,0,1,0
"POINT (9.792486706000034 52.397543228000075)",Unfall 135652 (2018) Kat:3, Licht: 0,135652,3,6,4,08,13,6,0,0,0,1,0,1
"POINT (9.737331919000042 52.443649003000075)",Unfall 135658 (2018) Kat:3, Licht: 0,135658,3,6,2,08,13,6,0,0,0,1,0,0
"POINT (9.855364640000062 52.388864853000030)",Unfall 135659 (2018) Kat:2, Licht: 0,135659,2,7,0,08,16,6,0,0,1,0,0,0
"POINT (9.804721005000033 52.306912532000069)",Unfall 135661 (2018) Kat:3, Licht: 0,135661,3,2,5,08,12,6,0,0,1,1,0,0
"POINT (9.713105477000056 52.448287631000028)",Unfall 135672 (2018) Kat:3, Licht: 0,135672,3,2,5,09,09,5,0,0,0,0,0,0
"POINT (9.744065028000023 52.369878128000039)",Unfall 135674 (2018) Kat:3, Licht: 0,135674,3,3,5,09,13,4,0,0,0,1,0,0
"POINT (9.623397448000048 52.428944210000054)",Unfall 135683 (2018) Kat:3, Licht: 0,135683,3,3,5,09,13,1,0,0,1,1,0,0
"POINT (9.732397415000037 52.379132555000069)",Unfall 135685 (2018) Kat:3, Licht: 0,135685,3,6,2,09,11,4,0,0,0,1,0,0
"POINT (9.808225199000049 52.379598076000036)",Unfall 135694 (2018) Kat:3, Licht: 0,135694,3,1,0,09,16,2,0,0,1,0,0,0
"POINT (9.738708238000072 52.381425281000077)",Unfall 135698 (2018) Kat:3, Licht: 2,135698,3,3,5,09,22,7,0,2,1,1,0,0
"POINT (9.762811276000036 52.335167096000077)",Unfall 135709 (2018) Kat:3, Licht: 0,135709,3,5,5,09,07,2,0,0,1,1,0,0
"POINT (9.812649354000030 52.306121818000065)",Unfall 135727 (2018) Kat:3, Licht: 0,135727,3,2,6,09,16,5,0,0,0,1,1,0
"POINT (9.774394575000031 52.372015591000036)",Unfall 135729 (2018) Kat:3, Licht: 0,135729,3,6,2,09,07,4,0,0,0,1,0,0
"POINT (9.771505472000058 52.350385234000044)",Unfall 135739 (2018) Kat:3, Licht: 0,135739,3,1,0,09,17,5,0,0,1,0,0,0
"POINT (9.744708394000043 52.535887760000037)",Unfall 135741 (2018) Kat:3, Licht: 0,135741,3,6,0,09,13,4,0,0,1,0,1,0
"POINT (9.747315648000040 52.387602694000066)",Unfall 135743 (2018) Kat:3, Licht: 0,135743,3,3,5,09,11,3,0,0,1,1,0,0
"POINT (9.597457509000037 52.420747596000069)",Unfall 135747 (2018) Kat:3, Licht: 0,135747,3,3,5,09,17,2,0,0,1,1,0,0
"POINT (9.701070116000039 52.395976760000053)",Unfall 135754 (2018) Kat:3, Licht: 0,135754,3,6,2,08,18,5,0,0,0,1,0,0
"POINT (9.810333146000062 52.383309964000034)",Unfall 135758 (2018) Kat:3, Licht: 0,135758,3,3,5,08,15,5,0,0,0,1,0,0
"POINT (9.707237358000043 52.370544688000052)",Unfall 135761 (2018) Kat:3, Licht: 0,135761,3,1,0,08,18,5,1,0,1,0,0,0
"POINT (9.755747830000075 52.356419112000026)",Unfall 135767 (2018) Kat:3, Licht: 0,135767,3,2,5,08,17,5,1,0,1,0,0,0
"POINT (9.808539641000039 52.337169598000060)",Unfall 135769 (2018) Kat:3, Licht: 1,135769,3,6,2,08,08,5,1,1,0,1,0,0
"POINT (9.668022598000050 52.415486093000027)",Unfall 135774 (2018) Kat:3, Licht: 2,135774,3,7,0,09,22,3,0,2,0,1,0,1
"POINT (9.693805666000060 52.361833980000029)",Unfall 135778 (2018) Kat:3, Licht: 0,135778,3,2,5,09,15,3,0,0,1,1,0,0
"POINT (9.785344041000030 52.373433723000062)",Unfall 135783 (2018) Kat:3, Licht: 0,135783,3,7,0,09,13,3,0,0,1,0,0,0
"POINT (9.976909318000026 52.376795023000057)",Unfall 135784 (2018) Kat:3, Licht: 0,135784,3,2,4,09,07,5,0,0,1,1,0,0
"POINT (9.739456452000070 52.376219727000034)",Unfall 135786 (2018) Kat:3, Licht: 0,135786,3,2,5,09,19,4,0,0,1,1,0,0
"POINT (9.752326402000051 52.411164011000039)",Unfall 135792 (2018) Kat:3, Licht: 0,135792,3,3,5,09,07,3,0,0,1,1,0,0
"POINT (9.723249897000073 52.372390513000028)",Unfall 135796 (2018) Kat:3, Licht: 0,135796,3,2,5,09,19,4,0,0,1,1,0,0
"POINT (9.828029129000072 52.290103627000065)",Unfall 135798 (2018) Kat:3, Licht: 0,135798,3,3,5,09,06,3,0,0,1,0,0,0
"POINT (9.661968588000036 52.339880600000072)",Unfall 135799 (2018) Kat:3, Licht: 0,135799,3,6,3,09,18,3,0,0,1,1,0,0
"POINT (9.663735156000030 52.382700292000038)",Unfall 135802 (2018) Kat:3, Licht: 0,135802,3,7,0,09,10,2,0,0,1,0,0,0
"POINT (9.447305614000072 52.499098137000033)",Unfall 135803 (2018) Kat:2, Licht: 0,135803,2,3,5,09,14,3,0,0,1,0,0,0
"POINT (9.734823983000069 52.380344841000067)",Unfall 135833 (2018) Kat:3, Licht: 1,135833,3,2,5,09,20,5,1,1,1,1,0,0
"POINT (9.802723250000042 52.387950994000050)",Unfall 135838 (2018) Kat:3, Licht: 0,135838,3,2,5,09,18,4,0,0,1,0,0,0
"POINT (9.741732861000060 52.441060079000067)",Unfall 135848 (2018) Kat:3, Licht: 0,135848,3,3,5,09,07,3,0,0,1,0,0,0
"POINT (9.707799218000048 52.369465870000056)",Unfall 135852 (2018) Kat:3, Licht: 0,135852,3,7,6,09,13,6,0,0,1,0,1,0
"POINT (9.553737053000077 52.209849116000044)",Unfall 135854 (2018) Kat:2, Licht: 0,135854,2,4,6,09,11,5,1,0,0,1,1,0
"POINT (9.725579169000071 52.562719110000046)",Unfall 135859 (2018) Kat:3, Licht: 0,135859,3,3,5,09,15,2,0,0,1,1,0,0
"POINT (9.707841079000048 52.374177966000047)",Unfall 135864 (2018) Kat:2, Licht: 2,135864,2,3,0,09,01,4,0,2,1,0,0,0
"POINT (9.738039084000036 52.382138538000049)",Unfall 135871 (2018) Kat:3, Licht: 0,135871,3,2,2,09,18,2,0,0,1,0,0,0
"POINT (9.744640357000037 52.391250242000069)",Unfall 135885 (2018) Kat:3, Licht: 0,135885,3,7,6,09,17,3,0,0,0,0,1,0
"POINT (9.737024844000075 52.442785078000043)",Unfall 135892 (2018) Kat:3, Licht: 0,135892,3,2,5,09,14,1,0,0,1,0,0,0
"POINT (9.761859249000054 52.346622383000067)",Unfall 135894 (2018) Kat:3, Licht: 2,135894,3,7,5,09,20,3,0,2,1,1,0,0
"POINT (9.781496714000070 52.415618550000033)",Unfall 135898 (2018) Kat:3, Licht: 0,135898,3,2,5,09,06,6,0,0,1,1,0,0
"POINT (9.739394838000067 52.362760660000049)",Unfall 135900 (2018) Kat:3, Licht: 0,135900,3,7,0,09,17,4,0,0,0,1,0,0
"POINT (9.851078906000055 52.487314957000081)",Unfall 135907 (2018) Kat:3, Licht: 0,135907,3,3,5,09,08,4,0,0,1,1,0,0
"POINT (9.719698182000059 52.359854346000077)",Unfall 135913 (2018) Kat:3, Licht: 0,135913,3,6,4,09,16,2,0,0,1,0,0,0
"POINT (9.748646896000025 52.373486616000037)",Unfall 135916 (2018) Kat:2, Licht: 2,135916,2,2,5,09,18,4,1,2,1,1,0,0
"POINT (9.670659702000023 52.367286328000034)",Unfall 135920 (2018) Kat:3, Licht: 0,135920,3,1,7,09,13,2,0,0,0,1,0,0
"POINT (9.733890424000038 52.445139337000057)",Unfall 135921 (2018) Kat:3, Licht: 0,135921,3,7,0,09,09,2,0,0,1,0,0,0
"POINT (9.740977375000057 52.394323962000044)",Unfall 135929 (2018) Kat:3, Licht: 2,135929,3,2,6,09,20,4,1,2,0,1,1,0
"POINT (9.461834199000066 52.302580612000042)",Unfall 135930 (2018) Kat:3, Licht: 0,135930,3,7,6,09,14,4,0,0,1,0,1,0
"POINT (9.960984654000072 52.368344236000041)",Unfall 135933 (2018) Kat:3, Licht: 0,135933,3,2,5,09,10,3,0,0,1,1,0,0
"POINT (9.708192417000021 52.367188231000057)",Unfall 135943 (2018) Kat:3, Licht: 0,135943,3,3,5,09,17,4,0,0,1,1,0,0
"POINT (9.781062330000054 52.403912768000055)",Unfall 135947 (2018) Kat:3, Licht: 1,135947,3,3,5,09,18,3,0,1,1,1,0,0
"POINT (9.680737063000038 52.416085395000039)",Unfall 135949 (2018) Kat:3, Licht: 0,135949,3,3,5,09,19,7,0,0,1,1,0,0
"POINT (9.663346068000067 52.444513740000048)",Unfall 135951 (2018) Kat:2, Licht: 0,135951,2,6,3,09,15,4,0,0,1,0,0,0
"POINT (9.766963741000041 52.363844094000058)",Unfall 135953 (2018) Kat:3, Licht: 1,135953,3,3,5,09,19,7,0,1,1,0,0,0
"POINT (9.670767432000048 52.368192495000073)",Unfall 135955 (2018) Kat:3, Licht: 0,135955,3,5,1,09,16,6,0,0,0,1,0,0
"POINT (9.590578016000052 52.439967605000049)",Unfall 135956 (2018) Kat:3, Licht: 0,135956,3,6,2,09,11,7,0,0,0,1,0,0
"POINT (9.741045658000076 52.411263695000059)",Unfall 135957 (2018) Kat:3, Licht: 0,135957,3,4,6,09,13,4,0,0,0,1,1,0
"POINT (9.715817469000058 52.362964575000035)",Unfall 135958 (2018) Kat:3, Licht: 0,135958,3,1,0,09,17,5,0,0,1,0,0,0
"POINT (9.763344776000054 52.339527106000048)",Unfall 135959 (2018) Kat:3, Licht: 0,135959,3,7,0,09,10,7,0,0,1,0,0,0
"POINT (9.720811433000051 52.346607600000027)",Unfall 135962 (2018) Kat:3, Licht: 0,135962,3,4,6,09,12,7,0,0,0,1,1,0
"POINT (9.600145067000028 52.392203317000053)",Unfall 135963 (2018) Kat:3, Licht: 0,135963,3,2,4,09,16,2,0,0,1,1,0,0
"POINT (9.656596796000031 52.407471247000046)",Unfall 135966 (2018) Kat:2, Licht: 0,135966,2,3,5,09,13,7,0,0,1,0,0,0
"POINT (9.852851778000058 52.356916785000067)",Unfall 135975 (2018) Kat:3, Licht: 0,135975,3,3,5,09,19,2,0,0,1,1,0,0
"POINT (9.753645532000064 52.353298413000061)",Unfall 135989 (2018) Kat:3, Licht: 0,135989,3,2,4,09,11,3,0,0,1,1,0,0
"POINT (10.010759965000034 52.449829287000057)",Unfall 136001 (2018) Kat:3, Licht: 0,136001,3,2,6,09,13,3,0,0,0,0,1,0
"POINT (9.713564155000029 52.342275283000049)",Unfall 136006 (2018) Kat:3, Licht: 0,136006,3,2,2,09,10,6,0,0,0,1,0,0
"POINT (9.728178848000027 52.366112794000060)",Unfall 136009 (2018) Kat:3, Licht: 0,136009,3,3,5,09,13,4,0,0,1,1,0,0
"POINT (9.753808227000036 52.444335534000061)",Unfall 136015 (2018) Kat:3, Licht: 0,136015,3,3,5,09,09,2,0,0,0,1,0,0
"POINT (9.775916883000036 52.363385921000031)",Unfall 136027 (2018) Kat:3, Licht: 0,136027,3,6,3,09,08,4,0,0,0,1,0,0
"POINT (9.820030363000058 52.400106138000069)",Unfall 136028 (2018) Kat:3, Licht: 0,136028,3,3,5,09,17,2,0,0,0,1,0,1
"POINT (9.734148028000050 52.381285623000053)",Unfall 136045 (2018) Kat:3, Licht: 0,136045,3,3,5,09,13,3,0,0,1,1,0,0
"POINT (9.669905626000059 52.374207157000058)",Unfall 136057 (2018) Kat:2, Licht: 0,136057,2,4,6,09,17,3,0,0,0,1,1,0
"POINT (9.989606234000064 52.445447596000065)",Unfall 136067 (2018) Kat:2, Licht: 0,136067,2,3,5,09,16,6,0,0,1,0,0,0
"POINT (9.773221811000042 52.350811367000063)",Unfall 136074 (2018) Kat:3, Licht: 0,136074,3,3,5,09,19,2,0,0,1,1,0,0
"POINT (9.736777773000028 52.376855566000074)",Unfall 136078 (2018) Kat:3, Licht: 0,136078,3,2,4,09,08,6,0,0,1,1,0,0
"POINT (9.697242678000066 52.365814957000055)",Unfall 136082 (2018) Kat:3, Licht: 2,136082,3,6,4,09,20,6,0,2,1,0,0,0
"POINT (9.841422391000037 52.427127440000049)",Unfall 136083 (2018) Kat:3, Licht: 0,136083,3,1,0,09,08,2,0,0,0,0,0,1
"POINT (9.762650981000036 52.410287518000075)",Unfall 136085 (2018) Kat:3, Licht: 0,136085,3,2,5,09,11,6,0,0,1,1,0,0
"POINT (9.691691522000042 52.400621299000079)",Unfall 136088 (2018) Kat:3, Licht: 0,136088,3,3,5,09,11,6,0,0,1,0,0,1
"POINT (9.908495064000022 52.294900360000042)",Unfall 136091 (2018) Kat:3, Licht: 0,136091,3,3,5,09,13,4,0,0,0,1,0,0
"POINT (9.748653654000066 52.374421218000066)",Unfall 136094 (2018) Kat:3, Licht: 1,136094,3,4,6,09,06,2,0,1,1,0,1,0
"POINT (9.680740701000048 52.416059491000055)",Unfall 136097 (2018) Kat:3, Licht: 0,136097,3,2,4,09,10,3,0,0,1,1,0,0
"POINT (9.750969105000024 52.379183749000049)",Unfall 136105 (2018) Kat:3, Licht: 0,136105,3,2,5,09,15,3,0,0,1,1,0,0
"POINT (9.701436600000022 52.395908343000031)",Unfall 136115 (2018) Kat:3, Licht: 2,136115,3,2,5,09,19,3,0,2,1,0,0,1
"POINT (9.681975203000036 52.357042053000043)",Unfall 136117 (2018) Kat:3, Licht: 0,136117,3,4,6,09,16,3,0,0,0,1,1,0
"POINT (9.710248992000061 52.372565061000046)",Unfall 136118 (2018) Kat:3, Licht: 0,136118,3,3,5,09,08,3,0,0,1,1,0,0
"POINT (9.736359766000021 52.399271370000065)",Unfall 136119 (2018) Kat:3, Licht: 0,136119,3,2,3,09,09,5,0,0,1,0,0,0
"POINT (9.836984181000048 52.396636099000034)",Unfall 136120 (2018) Kat:3, Licht: 0,136120,3,2,5,09,16,3,0,0,1,1,0,0
"POINT (9.709281016000034 52.413312580000081)",Unfall 136122 (2018) Kat:3, Licht: 2,136122,3,3,5,09,05,3,0,2,1,1,0,0
"POINT (9.791029742000035 52.395153066000034)",Unfall 136124 (2018) Kat:3, Licht: 0,136124,3,3,5,09,07,3,0,0,1,1,0,0
"POINT (9.742941687000041 52.369527672000061)",Unfall 136127 (2018) Kat:3, Licht: 0,136127,3,4,6,09,15,3,0,0,0,1,1,0
"POINT (9.733304688000033 52.392255934000048)",Unfall 136128 (2018) Kat:3, Licht: 0,136128,3,7,0,09,13,6,0,0,0,0,0,0
"POINT (9.729664998000033 52.301824640000063)",Unfall 136129 (2018) Kat:3, Licht: 0,136129,3,3,5,09,14,3,0,0,1,1,0,0
"POINT (9.758417525000027 52.525105178000047)",Unfall 136130 (2018) Kat:3, Licht: 0,136130,3,6,4,09,13,3,0,0,1,1,0,0
"POINT (10.011795121000034 52.435242600000038)",Unfall 136132 (2018) Kat:3, Licht: 0,136132,3,5,1,09,18,3,0,0,1,1,0,0
"POINT (9.595216440000058 52.432777122000061)",Unfall 136156 (2018) Kat:3, Licht: 0,136156,3,5,1,09,15,4,0,0,0,1,0,0
"POINT (9.787988226000039 52.359296186000051)",Unfall 136168 (2018) Kat:3, Licht: 0,136168,3,6,2,09,15,6,1,0,0,1,0,0
"POINT (9.460619703000077 52.507688018000067)",Unfall 136181 (2018) Kat:3, Licht: 0,136181,3,7,6,09,10,6,0,0,0,1,1,0
"POINT (9.729094066000073 52.593313099000056)",Unfall 136186 (2018) Kat:3, Licht: 0,136186,3,7,0,09,11,5,0,0,0,1,1,0
"POINT (9.751804518000029 52.385933213000044)",Unfall 136204 (2018) Kat:3, Licht: 0,136204,3,2,5,09,15,2,0,0,1,1,0,0
"POINT (9.726925887000050 52.375782557000036)",Unfall 136205 (2018) Kat:3, Licht: 0,136205,3,3,5,09,08,2,0,0,1,1,0,0
"POINT (9.453961237000044 52.416417670000044)",Unfall 136207 (2018) Kat:3, Licht: 0,136207,3,3,5,09,08,2,0,0,0,1,0,0