WKT,Name,OBJECTID,UKATEGORIE,UTYP1,UART,UMONAT,USTUNDE,UWOCHENTAG,STRZUSTAND,ULICHTVERH,ISTRAD,ISTPKW,ISTFUSS,ISTKRAD
"POINT (9.750641942000073 52.375500051000074)",Unfall 138136 (2018) Kat:3, Licht: 0,138136,3,2,2,11,08,5,0,0,0,1,0,0
"POINT (9.974080695000055 52.383706967000080)",Unfall 138138 (2018) Kat:3, Licht: 2,138138,3,2,5,11,17,5,0,2,1,1,0,0
"POINT (9.815937640000072 52.318211414000075)",Unfall 138139 (2018) Kat:3, Licht: 2,138139,3,6,2,11,18,3,1,2,0,1,0,0
"POINT (9.575117240000054 52.279870410000058)",Unfall 138140 (2018) Kat:3, Licht: 0,138140,3,4,6,11,09,2,1,0,0,1,1,0
"POINT (9.655091967000033 52.348358111000039)",Unfall 138148 (2018) Kat:3, Licht: 0,138148,3,3,5,11,12,2,0,0,0,1,0,0
"POINT (9.453543418000038 52.505022835000034)",Unfall 138151 (2018) Kat:3, Licht: 0,138151,3,3,5,11,12,2,0,0,1,1,0,0
"POINT (9.466877894000049 52.504353869000056)",Unfall 138160 (2018) Kat:3, Licht: 1,138160,3,4,6,11,07,2,1,1,0,1,1,0
"POINT (9.738431877000039 52.445617216000073)",Unfall 138165 (2018) Kat:3, Licht: 1,138165,3,6,2,11,16,2,1,1,0,1,0,0
"POINT (10.010753780000073 52.439012724000065)",Unfall 138168 (2018) Kat:3, Licht: 0,138168,3,3,5,11,09,2,0,0,1,1,0,0
"POINT (9.792531304000022 52.396708644000057)",Unfall 138174 (2018) Kat:3, Licht: 0,138174,3,3,5,11,09,5,1,0,1,1,0,0
"POINT (9.727501901000039 52.361005962000036)",Unfall 138175 (2018) Kat:2, Licht: 2,138175,2,3,5,11,18,2,1,2,1,1,0,0
"POINT (9.700497274000043 52.366315849000046)",Unfall 138178 (2018) Kat:2, Licht: 2,138178,2,2,6,11,16,2,1,2,0,1,1,0
"POINT (9.727971492000052 52.398153671000046)",Unfall 138181 (2018) Kat:3, Licht: 0,138181,3,3,5,11,14,2,0,0,1,1,0,0
"POINT (9.966641981000066 52.331694111000047)",Unfall 138185 (2018) Kat:3, Licht: 2,138185,3,6,2,11,17,5,1,2,0,1,0,0
"POINT (9.744914187000063 52.379167129000052)",Unfall 138186 (2018) Kat:3, Licht: 0,138186,3,4,6,11,09,2,0,0,0,1,1,0
"POINT (9.730636346000040 52.391285387000039)",Unfall 138197 (2018) Kat:3, Licht: 2,138197,3,3,5,11,06,4,0,2,0,1,0,0
"POINT (9.744354774000044 52.374455374000036)",Unfall 138199 (2018) Kat:3, Licht: 2,138199,3,2,5,11,16,4,0,2,0,1,0,0
"POINT (9.710675328000036 52.448292225000046)",Unfall 138201 (2018) Kat:2, Licht: 2,138201,2,3,5,11,03,3,1,2,0,0,0,0
"POINT (9.428836408000052 52.427372101000060)",Unfall 138202 (2018) Kat:3, Licht: 2,138202,3,3,5,11,17,4,0,2,1,1,0,0
"POINT (9.667509060000043 52.373125007000056)",Unfall 138203 (2018) Kat:3, Licht: 0,138203,3,2,2,11,13,4,0,0,0,1,0,0
"POINT (9.460949934000041 52.301702372000079)",Unfall 138205 (2018) Kat:3, Licht: 0,138205,3,7,9,11,10,4,1,0,0,1,0,0
"POINT (9.799954192000030 52.406244346000051)",Unfall 138216 (2018) Kat:3, Licht: 2,138216,3,2,5,11,18,3,1,2,1,1,0,0
"POINT (9.450481897000032 52.509584845000063)",Unfall 138242 (2018) Kat:3, Licht: 2,138242,3,4,6,11,16,5,1,2,0,1,1,0
"POINT (9.704835211000045 52.448434913000028)",Unfall 138244 (2018) Kat:2, Licht: 0,138244,2,3,5,11,12,4,0,0,0,1,0,0
"POINT (9.723198102000026 52.369040445000053)",Unfall 138253 (2018) Kat:3, Licht: 0,138253,3,3,5,11,10,3,0,0,1,1,0,0
"POINT (9.681746865000037 52.358937885000046)",Unfall 138257 (2018) Kat:3, Licht: 2,138257,3,4,6,11,18,5,1,2,0,1,1,0
"POINT (9.815747075000047 52.395901505000040)",Unfall 138262 (2018) Kat:3, Licht: 1,138262,3,7,0,12,07,1,1,1,0,1,0,0
"POINT (9.721034077000070 52.373373167000068)",Unfall 138267 (2018) Kat:2, Licht: 2,138267,2,7,0,12,18,2,0,2,1,0,0,0
"POINT (9.681755611000028 52.416250845000036)",Unfall 138274 (2018) Kat:2, Licht: 2,138274,2,1,8,12,05,1,1,2,0,1,0,0
"POINT (9.726402075000067 52.346405151000056)",Unfall 138280 (2018) Kat:3, Licht: 2,138280,3,4,6,11,20,3,0,2,0,1,1,0
"POINT (9.808431135000035 52.308951803000070)",Unfall 138283 (2018) Kat:3, Licht: 0,138283,3,7,5,11,14,4,0,0,0,1,0,0
"POINT (9.759783621000054 52.340712375000066)",Unfall 138288 (2018) Kat:3, Licht: 2,138288,3,3,5,11,17,3,0,2,1,1,0,0
"POINT (9.763023931000021 52.336714125000071)",Unfall 138290 (2018) Kat:3, Licht: 0,138290,3,4,6,11,09,3,0,0,0,1,1,0
"POINT (9.768081401000075 52.375356787000044)",Unfall 138291 (2018) Kat:3, Licht: 2,138291,3,1,8,11,16,5,1,2,0,1,0,0
"POINT (9.734928153000055 52.370116168000038)",Unfall 138295 (2018) Kat:3, Licht: 2,138295,3,2,4,11,17,3,0,2,1,1,0,0
"POINT (9.711883153000031 52.393586990000074)",Unfall 138298 (2018) Kat:3, Licht: 0,138298,3,7,0,11,09,3,0,0,0,1,0,0
"POINT (9.764006569000060 52.342778907000081)",Unfall 138300 (2018) Kat:3, Licht: 2,138300,3,2,5,11,20,3,0,2,0,1,0,0
"POINT (9.720416187000069 52.391437732000043)",Unfall 138301 (2018) Kat:3, Licht: 1,138301,3,7,0,11,16,3,0,1,1,0,0,0
"POINT (9.705104930000061 52.407288047000065)",Unfall 138303 (2018) Kat:3, Licht: 0,138303,3,3,5,11,13,5,1,0,0,1,0,0
"POINT (9.619862162000061 52.441074337000032)",Unfall 138310 (2018) Kat:3, Licht: 2,138310,3,3,5,12,01,1,1,2,0,1,0,0
"POINT (9.747365410000043 52.387584211000046)",Unfall 138320 (2018) Kat:3, Licht: 2,138320,3,7,6,12,17,2,0,2,0,1,1,0
"POINT (9.705933423000033 52.371997421000060)",Unfall 138331 (2018) Kat:3, Licht: 2,138331,3,4,6,12,07,2,1,2,0,1,1,0
"POINT (9.688338594000072 52.392686682000033)",Unfall 138335 (2018) Kat:3, Licht: 0,138335,3,7,2,11,08,4,0,0,0,1,0,0
"POINT (9.812740734000045 52.401368613000045)",Unfall 138342 (2018) Kat:3, Licht: 0,138342,3,5,1,11,16,5,1,0,0,1,0,0
"POINT (9.796596025000042 52.455083114000047)",Unfall 138347 (2018) Kat:3, Licht: 1,138347,3,3,5,11,16,4,0,1,0,1,0,1
"POINT (9.807548949000022 52.397754619000068)",Unfall 138368 (2018) Kat:3, Licht: 2,138368,3,3,5,11,06,2,0,2,1,1,0,0
"POINT (9.608183705000045 52.311657591000028)",Unfall 138370 (2018) Kat:3, Licht: 0,138370,3,4,6,11,15,2,0,0,0,1,1,0
"POINT (10.013360455000054 52.443761786000039)",Unfall 138372 (2018) Kat:3, Licht: 2,138372,3,3,5,12,06,2,1,2,0,1,0,0
"POINT (9.738493853000023 52.379920097000081)",Unfall 138373 (2018) Kat:3, Licht: 2,138373,3,6,4,11,19,2,0,2,1,1,0,0
"POINT (9.722701210000025 52.388526116000037)",Unfall 138377 (2018) Kat:3, Licht: 2,138377,3,4,6,11,18,2,0,2,0,1,1,0
"POINT (9.714362341000026 52.342257567000047)",Unfall 138379 (2018) Kat:3, Licht: 0,138379,3,2,5,12,13,1,1,0,0,1,0,0
"POINT (9.709432916000026 52.341839031000063)",Unfall 138380 (2018) Kat:2, Licht: 1,138380,2,4,6,11,07,2,0,1,0,1,1,0
"POINT (9.804224850000026 52.391237552000064)",Unfall 138384 (2018) Kat:3, Licht: 0,138384,3,3,5,11,13,6,0,0,1,1,0,0
"POINT (9.722759841000027 52.378326073000039)",Unfall 138388 (2018) Kat:3, Licht: 0,138388,3,6,2,12,12,7,0,0,0,1,0,0
"POINT (9.714459315000056 52.371448472000054)",Unfall 138389 (2018) Kat:3, Licht: 0,138389,3,2,3,11,09,4,0,0,0,1,0,0
"POINT (10.008912339000062 52.446132298000066)",Unfall 138395 (2018) Kat:3, Licht: 0,138395,3,3,5,11,12,6,0,0,1,0,0,0
"POINT (9.749994786000059 52.376561639000045)",Unfall 138398 (2018) Kat:3, Licht: 2,138398,3,2,5,11,18,5,1,2,1,1,0,0
"POINT (9.741676640000037 52.380239255000049)",Unfall 138403 (2018) Kat:3, Licht: 1,138403,3,3,5,11,08,6,0,1,1,1,0,0
"POINT (9.768159869000044 52.378630549000036)",Unfall 138413 (2018) Kat:3, Licht: 0,138413,3,2,5,11,14,5,1,0,0,0,0,0
"POINT (9.594264980000048 52.392103786000064)",Unfall 138421 (2018) Kat:3, Licht: 0,138421,3,4,6,12,14,1,1,0,0,1,1,0
"POINT (9.857287375000055 52.367243339000026)",Unfall 138422 (2018) Kat:3, Licht: 1,138422,3,1,0,11,15,1,1,1,0,0,0,1
"POINT (9.850332506000029 52.413199598000062)",Unfall 138445 (2018) Kat:3, Licht: 0,138445,3,1,8,12,10,2,1,0,0,1,0,0
"POINT (9.664107300000069 52.341633813000044)",Unfall 138455 (2018) Kat:3, Licht: 2,138455,3,1,0,11,23,7,1,2,1,0,0,0
"POINT (9.969287655000073 52.378396595000027)",Unfall 138456 (2018) Kat:2, Licht: 2,138456,2,6,3,11,18,5,1,2,1,1,0,0
"POINT (9.825092186000063 52.340312843000049)",Unfall 138459 (2018) Kat:3, Licht: 2,138459,3,3,5,11,17,4,0,2,1,1,0,0
"POINT (9.748272114000031 52.390973534000068)",Unfall 138474 (2018) Kat:2, Licht: 2,138474,2,2,6,12,16,1,1,2,0,1,1,0
"POINT (9.856202655000061 52.500262561000056)",Unfall 138483 (2018) Kat:3, Licht: 0,138483,3,3,5,12,14,2,0,0,1,0,0,0
"POINT (9.705933423000033 52.371997421000060)",Unfall 138498 (2018) Kat:3, Licht: 2,138498,3,5,3,11,17,4,0,2,1,1,0,0
"POINT (9.814063704000034 52.399006509000060)",Unfall 138503 (2018) Kat:3, Licht: 1,138503,3,2,3,11,16,6,0,1,1,1,0,0
"POINT (9.735237077000022 52.379768552000030)",Unfall 138504 (2018) Kat:3, Licht: 2,138504,3,6,2,11,17,6,0,2,0,1,0,0
"POINT (9.557905344000062 52.211250295000070)",Unfall 138505 (2018) Kat:3, Licht: 2,138505,3,3,5,11,16,6,0,2,0,1,0,0
"POINT (9.484467586000051 52.294396197000026)",Unfall 138507 (2018) Kat:3, Licht: 0,138507,3,7,0,11,11,6,0,0,0,1,0,0
"POINT (9.751217149000070 52.387236493000046)",Unfall 138510 (2018) Kat:3, Licht: 0,138510,3,6,3,11,11,4,0,0,0,1,0,1
"POINT (9.743819141000074 52.357124828000053)",Unfall 138512 (2018) Kat:3, Licht: 2,138512,3,2,5,11,20,6,0,2,1,1,0,0
"POINT (9.736001791000035 52.378861299000050)",Unfall 138515 (2018) Kat:3, Licht: 2,138515,3,2,5,11,18,6,0,2,0,1,0,0
"POINT (9.732937051000022 52.375647513000047)",Unfall 138527 (2018) Kat:2, Licht: 0,138527,2,4,6,12,10,3,0,0,1,0,1,0
"POINT (9.662292892000039 52.403577445000053)",Unfall 138530 (2018) Kat:3, Licht: 0,138530,3,3,5,12,09,2,0,0,0,1,0,0
"POINT (9.718804213000055 52.374079378000033)",Unfall 138541 (2018) Kat:3, Licht: 2,138541,3,3,5,12,16,2,1,2,1,1,0,0
"POINT (9.707393806000027 52.424374085000068)",Unfall 138552 (2018) Kat:3, Licht: 2,138552,3,6,3,12,07,6,1,2,1,0,0,0
"POINT (9.751593380000031 52.420954361000042)",Unfall 138553 (2018) Kat:3, Licht: 2,138553,3,3,5,12,16,6,1,2,0,1,0,1
"POINT (9.776939787000060 52.410227648000046)",Unfall 138555 (2018) Kat:3, Licht: 0,138555,3,6,2,12,13,6,1,0,0,1,0,0
"POINT (9.739914541000076 52.382995777000076)",Unfall 138557 (2018) Kat:2, Licht: 0,138557,2,2,5,12,13,6,1,0,1,1,0,0
"POINT (9.740127965000056 52.368451110000080)",Unfall 138558 (2018) Kat:3, Licht: 2,138558,3,2,5,12,19,6,1,2,1,1,0,0
"POINT (9.567916604000061 52.208394093000038)",Unfall 138560 (2018) Kat:3, Licht: 2,138560,3,1,4,12,18,6,1,2,0,1,0,0
"POINT (9.753955141000063 52.439566886000080)",Unfall 138562 (2018) Kat:3, Licht: 0,138562,3,3,5,12,10,6,1,0,0,1,0,1
"POINT (9.802904900000044 52.303751992000059)",Unfall 138563 (2018) Kat:3, Licht: 0,138563,3,7,0,12,10,3,0,0,1,0,0,0
"POINT (9.732108184000026 52.437584608000066)",Unfall 138564 (2018) Kat:3, Licht: 1,138564,3,2,5,12,08,6,1,1,1,1,0,0
"POINT (10.027373581000063 52.453271470000061)",Unfall 138566 (2018) Kat:3, Licht: 2,138566,3,6,2,12,07,6,1,2,0,1,0,0
"POINT (9.743377679000048 52.547441620000029)",Unfall 138568 (2018) Kat:2, Licht: 2,138568,2,4,6,12,20,6,1,2,0,1,1,0
"POINT (9.717723027000034 52.364318491000063)",Unfall 138570 (2018) Kat:2, Licht: 2,138570,2,2,6,12,19,6,1,2,0,0,1,0
"POINT (9.678499385000066 52.416090923000070)",Unfall 138573 (2018) Kat:2, Licht: 0,138573,2,4,6,12,13,6,1,0,0,1,1,0
"POINT (9.785724143000039 52.372850097000082)",Unfall 138574 (2018) Kat:3, Licht: 0,138574,3,4,6,12,13,6,1,0,0,0,1,1
"POINT (9.782776956000021 52.400471909000032)",Unfall 138576 (2018) Kat:3, Licht: 2,138576,3,2,5,12,07,6,1,2,1,0,0,0
"POINT (9.961836290000065 52.389594337000062)",Unfall 138578 (2018) Kat:3, Licht: 0,138578,3,3,5,12,09,2,0,0,0,1,0,0
"POINT (9.713919180000062 52.371365938000054)",Unfall 138580 (2018) Kat:3, Licht: 2,138580,3,7,0,12,01,1,1,2,1,0,0,0
"POINT (10.024902008000026 52.528626133000046)",Unfall 138582 (2018) Kat:3, Licht: 0,138582,3,7,0,12,15,3,1,0,0,1,0,0
"POINT (9.826436823000051 52.421329245000038)",Unfall 138594 (2018) Kat:3, Licht: 1,138594,3,2,6,12,07,2,0,1,0,1,1,0
"POINT (9.595541666000031 52.399643161000029)",Unfall 138619 (2018) Kat:3, Licht: 0,138619,3,1,0,12,14,3,1,0,0,0,0,1
"POINT (9.686379949000070 52.410946203000037)",Unfall 138632 (2018) Kat:3, Licht: 2,138632,3,2,5,12,02,5,1,2,0,1,0,0
"POINT (9.804545234000045 52.330621716000053)",Unfall 138634 (2018) Kat:3, Licht: 0,138634,3,6,2,12,10,5,1,0,0,1,0,0
"POINT (9.746286896000072 52.393071694000071)",Unfall 138635 (2018) Kat:2, Licht: 0,138635,2,4,6,12,15,3,0,0,0,1,1,0
"POINT (9.733697369000026 52.399085863000039)",Unfall 138636 (2018) Kat:3, Licht: 0,138636,3,3,5,12,12,5,1,0,0,1,0,1
"POINT (9.801795310000045 52.398356810000053)",Unfall 138637 (2018) Kat:3, Licht: 2,138637,3,6,2,12,17,5,1,2,0,1,0,0
"POINT (9.429574812000055 52.420811601000082)",Unfall 138639 (2018) Kat:3, Licht: 2,138639,3,3,5,12,17,5,1,2,0,1,0,0
"POINT (9.619937444000072 52.435911122000050)",Unfall 138642 (2018) Kat:3, Licht: 0,138642,3,3,5,12,14,5,1,0,0,1,0,0
"POINT (9.726698730000067 52.440341733000082)",Unfall 138644 (2018) Kat:3, Licht: 0,138644,3,6,6,12,13,5,1,0,0,0,1,0
"POINT (9.749065359000042 52.377799206000077)",Unfall 138646 (2018) Kat:3, Licht: 0,138646,3,3,5,12,10,5,1,0,1,1,0,0
"POINT (9.775373401000024 52.396554265000077)",Unfall 138647 (2018) Kat:3, Licht: 2,138647,3,4,6,12,07,5,0,2,0,1,1,0
"POINT (9.711690858000054 52.370876072000044)",Unfall 138649 (2018) Kat:3, Licht: 2,138649,3,2,6,12,21,5,1,2,0,1,1,0
"POINT (9.810235776000070 52.310045993000074)",Unfall 138651 (2018) Kat:2, Licht: 2,138651,2,3,5,12,22,2,1,2,0,1,0,0
"POINT (9.970520958000066 52.312964888000067)",Unfall 138674 (2018) Kat:3, Licht: 0,138674,3,7,0,12,13,3,0,0,1,0,0,0
"POINT (9.743252473000041 52.379613107000068)",Unfall 138691 (2018) Kat:3, Licht: 2,138691,3,4,6,12,00,1,1,2,0,1,1,0
"POINT (9.673913866000021 52.415830748000076)",Unfall 138693 (2018) Kat:2, Licht: 0,138693,2,1,9,12,11,3,0,0,0,1,0,0
"POINT (9.736509810000030 52.371294483000042)",Unfall 138696 (2018) Kat:3, Licht: 2,138696,3,2,5,12,22,2,1,2,1,1,0,0
"POINT (9.767996004000054 52.332770434000054)",Unfall 138707 (2018) Kat:3, Licht: 0,138707,3,5,0,12,11,4,0,0,0,1,1,0
"POINT (9.670439156000043 52.343805817000032)",Unfall 138708 (2018) Kat:3, Licht: 0,138708,3,3,5,12,07,4,0,0,1,1,0,0
"POINT (9.720851135000032 52.346612272000073)",Unfall 138710 (2018) Kat:3, Licht: 0,138710,3,4,6,12,11,2,1,0,0,1,1,0
"POINT (9.953265029000022 52.386043316000041)",Unfall 138711 (2018) Kat:3, Licht: 2,138711,3,2,4,12,05,4,1,2,0,1,0,0
"POINT (9.804545234000045 52.330621716000053)",Unfall 138712 (2018) Kat:3, Licht: 2,138712,3,6,6,12,15,7,1,2,0,1,1,0
"POINT (9.735111836000044 52.376292491000072)",Unfall 138713 (2018) Kat:3, Licht: 0,138713,3,3,6,12,12,4,0,0,0,1,1,0
"POINT (9.764773928000068 52.417719267000052)",Unfall 138714 (2018) Kat:3, Licht: 0,138714,3,3,5,12,10,7,1,0,0,1,0,0
"POINT (9.720865789000072 52.371637824000061)",Unfall 138715 (2018) Kat:3, Licht: 0,138715,3,5,1,12,10,4,0,0,1,1,0,0
"POINT (9.754310477000047 52.368614927000067)",Unfall 138716 (2018) Kat:3, Licht: 0,138716,3,3,5,12,08,4,0,0,1,1,0,0
"POINT (9.802156757000034 52.409157178000044)",Unfall 138717 (2018) Kat:3, Licht: 0,138717,3,5,0,12,12,7,1,0,1,1,0,0
"POINT (9.775066902000049 52.401640068000063)",Unfall 138736 (2018) Kat:3, Licht: 1,138736,3,2,2,12,07,3,0,1,1,1,0,0
"POINT (9.783345492000024 52.405439304000026)",Unfall 138752 (2018) Kat:3, Licht: 2,138752,3,7,0,12,17,3,0,2,1,0,0,0
"POINT (9.756972547000032 52.395969273000048)",Unfall 138763 (2018) Kat:3, Licht: 2,138763,3,3,5,12,05,2,0,2,1,1,0,0
"POINT (10.047249264000072 52.483590105000076)",Unfall 138766 (2018) Kat:3, Licht: 0,138766,3,6,6,12,15,2,1,0,0,1,1,0
"POINT (9.666319180000073 52.401625361000072)",Unfall 138768 (2018) Kat:3, Licht: 0,138768,3,6,2,12,11,3,0,0,0,1,0,0
"POINT (9.834637780000037 52.358898193000073)",Unfall 138769 (2018) Kat:3, Licht: 2,138769,3,6,2,12,18,3,0,2,0,1,0,0
"POINT (9.741588918000048 52.383891055000049)",Unfall 138771 (2018) Kat:3, Licht: 2,138771,3,3,5,12,05,3,1,2,0,1,0,0
"POINT (9.741759220000063 52.373740752000060)",Unfall 138773 (2018) Kat:3, Licht: 2,138773,3,4,6,12,16,3,0,2,0,1,1,0
"POINT (9.748377074000075 52.389125740000054)",Unfall 138776 (2018) Kat:3, Licht: 0,138776,3,5,0,12,16,3,0,0,1,1,0,0
"POINT (9.750608015000069 52.375325822000036)",Unfall 138778 (2018) Kat:3, Licht: 0,138778,3,2,5,12,12,3,0,0,1,1,0,0
"POINT (9.678749243000027 52.377562597000065)",Unfall 138779 (2018) Kat:2, Licht: 0,138779,2,1,0,12,08,3,1,0,1,0,0,0
"POINT (9.609100071000057 52.407112010000048)",Unfall 138789 (2018) Kat:3, Licht: 0,138789,3,2,4,12,10,3,0,0,1,1,0,0
"POINT (9.850024935000022 52.395899996000026)",Unfall 138794 (2018) Kat:3, Licht: 2,138794,3,4,6,12,22,3,0,2,0,1,1,0
"POINT (9.735317910000049 52.406276346000027)",Unfall 138796 (2018) Kat:3, Licht: 2,138796,3,3,5,12,18,3,0,2,1,1,0,0
"POINT (9.428171529000053 52.421801140000071)",Unfall 138797 (2018) Kat:3, Licht: 2,138797,3,2,5,12,07,3,1,2,1,1,0,0
"POINT (9.779698384000028 52.399833273000070)",Unfall 138798 (2018) Kat:3, Licht: 0,138798,3,2,5,12,14,6,1,0,0,1,0,0
"POINT (9.764666799000054 52.261929896000026)",Unfall 138799 (2018) Kat:3, Licht: 0,138799,3,6,2,12,08,3,1,0,0,1,0,0
"POINT (9.965404273000047 52.312725099000033)",Unfall 138800 (2018) Kat:3, Licht: 2,138800,3,2,5,12,18,3,0,2,0,1,0,0
"POINT (9.697373688000027 52.413611421000041)",Unfall 138801 (2018) Kat:3, Licht: 2,138801,3,2,5,12,16,5,1,2,1,1,0,0
"POINT (9.741632458000026 52.440517150000062)",Unfall 138802 (2018) Kat:3, Licht: 0,138802,3,3,5,12,12,3,0,0,1,1,0,0
"POINT (9.730689287000075 52.391297177000069)",Unfall 138803 (2018) Kat:3, Licht: 2,138803,3,3,5,12,17,3,1,2,0,1,0,0
"POINT (9.748272114000031 52.390973534000068)",Unfall 138804 (2018) Kat:3, Licht: 2,138804,3,7,5,12,20,4,0,2,1,1,0,0
"POINT (9.723309517000075 52.372293794000029)",Unfall 138805 (2018) Kat:3, Licht: 2,138805,3,2,5,12,17,3,0,2,1,1,0,0
"POINT (9.743749637000065 52.384940846000063)",Unfall 138807 (2018) Kat:3, Licht: 0,138807,3,1,0,12,15,3,1,0,1,0,0,0
"POINT (10.003781413000070 52.449135140000067)",Unfall 138809 (2018) Kat:3, Licht: 1,138809,3,4,6,12,07,3,0,1,0,1,1,0
"POINT (9.759883619000050 52.379037355000037)",Unfall 138817 (2018) Kat:2, Licht: 0,138817,2,3,5,12,15,4,0,0,1,0,0,0
"POINT (9.752873943000054 52.359735663000038)",Unfall 138836 (2018) Kat:3, Licht: 0,138836,3,3,5,12,08,6,1,0,0,1,0,0
"POINT (9.766539502000057 52.367197627000053)",Unfall 138852 (2018) Kat:3, Licht: 0,138852,3,3,5,12,16,2,1,0,1,1,0,0
"POINT (9.807010943000023 52.385746116000064)",Unfall 138853 (2018) Kat:3, Licht: 0,138853,3,2,5,12,10,5,1,0,1,1,0,0
"POINT (9.718210256000077 52.396341175000032)",Unfall 138854 (2018) Kat:3, Licht: 0,138854,3,7,2,12,14,2,1,0,0,1,0,0
"POINT (9.593951083000036 52.424415483000075)",Unfall 138855 (2018) Kat:3, Licht: 2,138855,3,2,5,12,04,2,1,2,0,1,0,0
"POINT (9.592201163000027 52.421184342000060)",Unfall 138856 (2018) Kat:3, Licht: 0,138856,3,2,4,12,14,4,0,0,0,1,0,0
"POINT (9.976013700000067 52.378429790000041)",Unfall 138858 (2018) Kat:3, Licht: 2,138858,3,2,4,12,17,2,1,2,1,1,0,0
"POINT (9.804865482000025 52.409470204000058)",Unfall 138860 (2018) Kat:3, Licht: 0,138860,3,2,5,12,09,2,1,0,1,1,0,0
"POINT (9.713847786000031 52.361104685000043)",Unfall 138864 (2018) Kat:3, Licht: 2,138864,3,6,2,12,18,7,1,2,0,1,0,0
"POINT (9.721309593000058 52.390171839000061)",Unfall 138887 (2018) Kat:3, Licht: 2,138887,3,7,7,12,04,1,0,2,1,0,0,0
"POINT (9.416980396000042 52.443667898000058)",Unfall 138889 (2018) Kat:3, Licht: 1,138889,3,3,5,12,16,1,0,1,1,1,0,0
"POINT (9.731943990000048 52.377185263000058)",Unfall 138891 (2018) Kat:3, Licht: 2,138891,3,4,6,12,04,1,0,2,0,1,1,0
"POINT (9.692484185000069 52.398341718000040)",Unfall 138902 (2018) Kat:3, Licht: 2,138902,3,6,2,12,20,7,0,2,0,1,0,0
"POINT (9.804760703000056 52.378103659000033)",Unfall 138904 (2018) Kat:3, Licht: 2,138904,3,3,5,12,17,7,0,2,1,1,0,0
"POINT (9.725772600000028 52.397865499000034)",Unfall 138906 (2018) Kat:3, Licht: 1,138906,3,2,4,12,08,7,0,1,1,1,0,0
"POINT (9.735660232000043 52.380674042000066)",Unfall 138908 (2018) Kat:3, Licht: 2,138908,3,6,2,12,19,7,0,2,0,1,0,0
"POINT (9.710906317000024 52.342014316000075)",Unfall 138909 (2018) Kat:2, Licht: 0,138909,2,3,5,12,10,7,0,0,0,1,0,0
"POINT (9.976089676000072 52.377725428000076)",Unfall 138910 (2018) Kat:3, Licht: 0,138910,3,4,6,12,12,6,1,0,0,1,1,0
"POINT (9.777895067000031 52.401141153000026)",Unfall 138914 (2018) Kat:3, Licht: 2,138914,3,2,6,12,18,5,1,2,0,1,1,0
"POINT (9.669613524000056 52.421546756000055)",Unfall 138931 (2018) Kat:2, Licht: 2,138931,2,2,5,12,21,4,1,2,0,1,0,0
"POINT (9.732078596000065 52.381515158000070)",Unfall 138943 (2018) Kat:3, Licht: 2,138943,3,3,5,12,20,6,0,2,0,1,0,0
"POINT (9.960192000000063 52.318036644000074)",Unfall 138946 (2018) Kat:2, Licht: 0,138946,2,6,6,12,15,6,0,0,1,0,1,0
"POINT (9.690204154000071 52.443386033000081)",Unfall 138948 (2018) Kat:3, Licht: 0,138948,3,3,5,12,11,6,0,0,0,1,0,0
"POINT (9.819335907000038 52.300302138000063)",Unfall 138950 (2018) Kat:3, Licht: 2,138950,3,1,8,12,16,6,0,2,0,1,0,0
"POINT (9.705154328000049 52.377457366000044)",Unfall 138951 (2018) Kat:3, Licht: 0,138951,3,3,5,12,07,6,0,0,1,0,0,0
"POINT (9.750604383000052 52.375324283000054)",Unfall 138968 (2018) Kat:3, Licht: 0,138968,3,3,5,12,11,6,1,0,1,1,0,0
"POINT (9.587675270000034 52.416885039000078)",Unfall 138973 (2018) Kat:2, Licht: 0,138973,2,2,5,12,14,5,1,0,1,1,0,0
"POINT (9.459323180000069 52.505256196000062)",Unfall 138976 (2018) Kat:3, Licht: 0,138976,3,2,6,12,09,4,1,0,0,1,1,0
"POINT (9.742493655000033 52.358651362000046)",Unfall 138988 (2018) Kat:3, Licht: 0,138988,3,2,3,12,14,5,0,0,1,1,0,0
"POINT (9.732650802000023 52.398762196000064)",Unfall 138989 (2018) Kat:3, Licht: 2,138989,3,2,5,12,21,5,1,2,0,1,0,0
"POINT (9.745090935000064 52.374289117000046)",Unfall 138990 (2018) Kat:3, Licht: 0,138990,3,5,3,12,12,4,0,0,1,1,0,0
"POINT (9.729082953000045 52.378080535000038)",Unfall 138991 (2018) Kat:3, Licht: 2,138991,3,5,0,12,07,5,0,2,0,1,0,0
"POINT (9.813668213000028 52.379890199000045)",Unfall 138994 (2018) Kat:3, Licht: 1,138994,3,4,0,12,16,5,1,1,0,1,1,0
"POINT (9.684174258000041 52.366313231000049)",Unfall 138997 (2018) Kat:3, Licht: 0,138997,3,3,5,12,12,5,1,0,1,1,0,0