WKT,Name,OBJECTID,UKATEGORIE,UTYP1,UART,UMONAT,USTUNDE,UWOCHENTAG,STRZUSTAND,ULICHTVERH,ISTRAD,ISTPKW,ISTFUSS,ISTKRAD
"POINT (9.740592339000045 52.607313797000074)",Unfall 83063 (2019) Kat:3, Licht: 0,83063,3,6,2,08,14,6,0,0,0,1,0,0
"POINT (9.743065767000076 52.368278750000059)",Unfall 83064 (2019) Kat:2, Licht: 0,83064,2,7,0,08,08,6,1,0,1,0,0,0
"POINT (9.724803127000030 52.626459172000068)",Unfall 83125 (2019) Kat:3, Licht: 0,83125,3,1,9,08,11,5,0,0,0,1,0,0
"POINT (9.865267290000077 52.496946401000059)",Unfall 83133 (2019) Kat:3, Licht: 0,83133,3,3,5,08,09,3,0,0,1,1,0,0
"POINT (9.442159662000051 52.504543275000060)",Unfall 83140 (2019) Kat:3, Licht: 0,83140,3,6,2,08,11,5,0,0,0,1,0,0
"POINT (9.761803399000030 52.536600891000035)",Unfall 83141 (2019) Kat:3, Licht: 0,83141,3,1,4,08,17,5,1,0,0,1,0,0
"POINT (9.973770989000059 52.405907044000060)",Unfall 83142 (2019) Kat:3, Licht: 0,83142,3,2,2,08,17,5,1,0,0,1,0,0
"POINT (9.721786519000034 52.428131933000031)",Unfall 83143 (2019) Kat:3, Licht: 0,83143,3,6,2,08,18,5,1,0,0,1,0,1
"POINT (9.746197560000041 52.369076252000070)",Unfall 83144 (2019) Kat:3, Licht: 0,83144,3,3,5,08,15,5,0,0,0,1,0,1
"POINT (9.840120445000025 52.361726020000049)",Unfall 83145 (2019) Kat:3, Licht: 0,83145,3,1,9,08,09,5,1,0,0,1,0,0
"POINT (9.677325153000027 52.441036168000039)",Unfall 83146 (2019) Kat:2, Licht: 0,83146,2,2,2,08,12,5,1,0,0,1,0,0
"POINT (9.697617296000033 52.376426893000030)",Unfall 83190 (2019) Kat:3, Licht: 0,83190,3,6,2,08,16,3,0,0,0,1,0,0
"POINT (9.735232510000060 52.394414411000071)",Unfall 83193 (2019) Kat:3, Licht: 0,83193,3,5,1,08,19,3,0,0,0,1,0,0
"POINT (9.847533641000041 52.438901570000041)",Unfall 83229 (2019) Kat:3, Licht: 0,83229,3,6,4,08,13,7,0,0,0,1,0,0
"POINT (9.740586763000067 52.607320589000039)",Unfall 83230 (2019) Kat:2, Licht: 0,83230,2,6,2,08,14,7,0,0,0,1,0,0
"POINT (9.463257691000024 52.465916276000030)",Unfall 83231 (2019) Kat:2, Licht: 0,83231,2,7,8,08,11,7,0,0,0,1,0,0
"POINT (9.680531550000069 52.347605312000042)",Unfall 83299 (2019) Kat:3, Licht: 0,83299,3,6,2,08,15,6,0,0,0,1,0,0
"POINT (9.746967117000054 52.215388521000079)",Unfall 83300 (2019) Kat:3, Licht: 0,83300,3,6,2,08,15,6,0,0,0,1,0,0
"POINT (9.763557759000037 52.205737633000069)",Unfall 83301 (2019) Kat:3, Licht: 0,83301,3,6,2,08,07,6,0,0,0,1,0,0
"POINT (9.705653493000057 52.412419711000041)",Unfall 83302 (2019) Kat:2, Licht: 2,83302,2,7,0,08,22,6,0,2,0,1,0,0
"POINT (9.440678942000034 52.330548835000059)",Unfall 83303 (2019) Kat:2, Licht: 0,83303,2,3,5,08,18,6,0,0,0,1,0,1
"POINT (9.606106141000055 52.314034547000063)",Unfall 83304 (2019) Kat:2, Licht: 0,83304,2,4,6,08,18,6,0,0,0,1,1,0
"POINT (9.689631852000048 52.429998637000040)",Unfall 83305 (2019) Kat:3, Licht: 0,83305,3,6,2,08,14,6,0,0,0,1,0,0
"POINT (9.722493979000035 52.358513809000044)",Unfall 83357 (2019) Kat:3, Licht: 0,83357,3,6,2,08,07,3,0,0,0,1,0,0
"POINT (9.747135473000071 52.364495647000069)",Unfall 83358 (2019) Kat:3, Licht: 0,83358,3,6,3,08,16,3,0,0,0,1,0,1
"POINT (9.719509455000036 52.392507716000068)",Unfall 83360 (2019) Kat:3, Licht: 0,83360,3,6,4,08,09,3,0,0,1,0,0,0
"POINT (9.403642333000050 52.453982634000056)",Unfall 83362 (2019) Kat:3, Licht: 0,83362,3,7,0,08,14,3,0,0,1,0,0,0
"POINT (9.780514767000057 52.269989102000068)",Unfall 83363 (2019) Kat:3, Licht: 0,83363,3,6,2,08,17,3,0,0,0,1,0,0
"POINT (9.647060272000033 52.282461465000040)",Unfall 83365 (2019) Kat:3, Licht: 0,83365,3,7,0,08,07,3,0,0,1,0,0,0
"POINT (9.502512462000027 52.427650472000039)",Unfall 83368 (2019) Kat:3, Licht: 0,83368,3,3,5,08,18,3,0,0,0,1,0,0
"POINT (9.747168137000074 52.364451640000027)",Unfall 83370 (2019) Kat:3, Licht: 0,83370,3,2,6,08,10,3,0,0,0,1,1,0
"POINT (9.759830756000042 52.370365504000063)",Unfall 83411 (2019) Kat:3, Licht: 0,83411,3,6,2,08,16,5,0,0,0,1,0,0
"POINT (9.734382664000066 52.389333929000031)",Unfall 83414 (2019) Kat:3, Licht: 0,83414,3,6,2,08,16,5,0,0,0,1,0,0
"POINT (9.510113160000060 52.290216857000075)",Unfall 83416 (2019) Kat:3, Licht: 0,83416,3,2,5,08,19,5,0,0,1,1,0,0
"POINT (9.884311339000021 52.436728008000046)",Unfall 83417 (2019) Kat:3, Licht: 1,83417,3,6,4,08,05,5,0,1,1,0,0,0
"POINT (9.823451570000032 52.462814192000053)",Unfall 83420 (2019) Kat:3, Licht: 0,83420,3,1,1,08,16,5,0,0,0,1,0,0
"POINT (9.817214621000062 52.561683467000080)",Unfall 83421 (2019) Kat:3, Licht: 0,83421,3,6,3,08,18,5,0,0,0,1,0,1
"POINT (9.857574577000037 52.481605438000031)",Unfall 83425 (2019) Kat:3, Licht: 0,83425,3,3,5,08,17,5,0,0,0,1,0,1
"POINT (9.780217783000069 52.428165000000035)",Unfall 83427 (2019) Kat:3, Licht: 0,83427,3,6,2,08,13,5,0,0,0,1,0,0
"POINT (9.667636651000066 52.357962152000027)",Unfall 83447 (2019) Kat:3, Licht: 0,83447,3,2,0,08,17,2,0,0,0,1,0,1
"POINT (9.701094962000070 52.371078584000031)",Unfall 83449 (2019) Kat:3, Licht: 0,83449,3,6,2,08,12,2,0,0,0,1,0,0
"POINT (9.746032895000042 52.365997408000055)",Unfall 83451 (2019) Kat:3, Licht: 0,83451,3,6,2,08,16,2,0,0,0,1,0,0
"POINT (9.448473698000043 52.525346532000071)",Unfall 83452 (2019) Kat:3, Licht: 0,83452,3,2,5,08,17,2,0,0,0,1,0,0
"POINT (9.452855135000050 52.307158789000027)",Unfall 83454 (2019) Kat:3, Licht: 0,83454,3,2,5,08,18,2,0,0,1,1,0,0
"POINT (9.611700226000039 52.436853424000049)",Unfall 83457 (2019) Kat:3, Licht: 0,83457,3,6,2,08,16,2,0,0,0,1,0,0
"POINT (10.014426505000074 52.382797198000048)",Unfall 83458 (2019) Kat:3, Licht: 0,83458,3,3,5,08,17,2,0,0,0,1,0,0
"POINT (10.017910195000070 52.383694381000055)",Unfall 83459 (2019) Kat:3, Licht: 0,83459,3,2,4,08,14,2,0,0,0,1,0,1
"POINT (9.619265652000024 52.406094366000048)",Unfall 83463 (2019) Kat:3, Licht: 0,83463,3,2,2,08,14,2,0,0,0,1,0,0
"POINT (9.753902483000047 52.547598991000029)",Unfall 83464 (2019) Kat:2, Licht: 0,83464,2,1,8,08,11,2,0,0,0,1,0,0
"POINT (9.612804395000069 52.421781220000071)",Unfall 83465 (2019) Kat:2, Licht: 0,83465,2,6,2,08,09,2,0,0,0,1,0,0
"POINT (9.697788596000066 52.377100102000043)",Unfall 83533 (2019) Kat:3, Licht: 0,83533,3,6,2,08,16,4,0,0,0,1,0,0
"POINT (9.550400912000043 52.592761046000078)",Unfall 83534 (2019) Kat:3, Licht: 2,83534,3,7,7,08,06,4,0,2,0,1,0,0
"POINT (9.474030359000039 52.503902451000044)",Unfall 83538 (2019) Kat:3, Licht: 0,83538,3,3,5,08,13,4,0,0,1,1,0,0
"POINT (9.836908926000035 52.421180844000048)",Unfall 83539 (2019) Kat:3, Licht: 0,83539,3,2,5,08,14,4,0,0,0,1,0,0
"POINT (9.684101112000064 52.380035356000064)",Unfall 83541 (2019) Kat:3, Licht: 0,83541,3,3,5,08,10,4,0,0,0,1,0,0
"POINT (9.668977249000022 52.358130461000030)",Unfall 83548 (2019) Kat:3, Licht: 0,83548,3,1,0,08,09,1,0,0,1,0,0,0
"POINT (9.609442069000068 52.392299056000070)",Unfall 83549 (2019) Kat:3, Licht: 0,83549,3,2,2,08,15,1,0,0,0,1,0,1
"POINT (10.032016458000044 52.523318015000029)",Unfall 83550 (2019) Kat:3, Licht: 0,83550,3,6,2,08,14,1,0,0,0,1,0,0
"POINT (9.697770970000022 52.377116755000031)",Unfall 83620 (2019) Kat:3, Licht: 0,83620,3,6,2,09,14,1,0,0,0,1,0,0
"POINT (9.549695013000076 52.592699475000074)",Unfall 83621 (2019) Kat:3, Licht: 2,83621,3,7,8,09,05,1,0,2,0,1,0,0
"POINT (9.432865251000067 52.359215005000067)",Unfall 83622 (2019) Kat:3, Licht: 2,83622,3,6,2,09,02,1,0,2,0,1,0,0
"POINT (9.768767751000041 52.338129510000044)",Unfall 83623 (2019) Kat:3, Licht: 0,83623,3,2,5,09,15,1,1,0,0,1,0,0
"POINT (9.448401856000032 52.467441779000069)",Unfall 83676 (2019) Kat:3, Licht: 2,83676,3,1,9,08,23,7,0,2,1,0,0,0
"POINT (9.843612171000075 52.471442291000074)",Unfall 83678 (2019) Kat:2, Licht: 0,83678,2,2,5,08,19,7,0,0,0,1,0,1
"POINT (9.752295376000063 52.427203649000035)",Unfall 83681 (2019) Kat:3, Licht: 2,83681,3,6,3,08,00,7,0,2,0,1,0,0
"POINT (9.845581164000066 52.277003765000075)",Unfall 83726 (2019) Kat:3, Licht: 0,83726,3,1,8,09,06,4,0,0,0,1,0,0
"POINT (9.726016631000050 52.596396493000043)",Unfall 83727 (2019) Kat:3, Licht: 0,83727,3,6,2,09,09,4,0,0,0,1,0,0
"POINT (9.876861125000062 52.506291459000067)",Unfall 83729 (2019) Kat:2, Licht: 0,83729,2,2,5,09,16,4,0,0,0,1,0,1
"POINT (9.754944646000070 52.311777571000050)",Unfall 83730 (2019) Kat:3, Licht: 0,83730,3,2,5,09,16,4,0,0,0,1,0,1
"POINT (9.833669718000067 52.386483840000039)",Unfall 83734 (2019) Kat:3, Licht: 0,83734,3,2,5,09,16,4,0,0,0,1,0,1
"POINT (9.889558270000066 52.362150086000042)",Unfall 83735 (2019) Kat:3, Licht: 0,83735,3,6,2,09,15,4,0,0,0,1,0,0
"POINT (9.894949808000035 52.414946875000055)",Unfall 83737 (2019) Kat:1, Licht: 2,83737,1,7,2,09,01,4,0,2,0,0,0,0
"POINT (9.719572729000049 52.346354074000033)",Unfall 83770 (2019) Kat:3, Licht: 0,83770,3,1,0,08,09,6,0,0,0,0,0,1
"POINT (9.601361834000045 52.324594571000034)",Unfall 83772 (2019) Kat:3, Licht: 0,83772,3,6,3,08,16,6,0,0,1,0,0,0
"POINT (9.536610002000032 52.485783145000028)",Unfall 83774 (2019) Kat:3, Licht: 0,83774,3,6,2,08,17,6,0,0,1,0,0,0
"POINT (9.575217397000074 52.418981824000070)",Unfall 83777 (2019) Kat:3, Licht: 0,83777,3,2,4,08,18,6,0,0,0,1,0,0
"POINT (9.734852253000042 52.392636398000036)",Unfall 83778 (2019) Kat:3, Licht: 0,83778,3,5,0,08,17,6,0,0,0,1,0,1
"POINT (9.736041426000043 52.612502492000033)",Unfall 83861 (2019) Kat:3, Licht: 0,83861,3,6,2,08,17,5,0,0,0,1,0,0
"POINT (9.722601611000073 52.378411032000031)",Unfall 83863 (2019) Kat:3, Licht: 0,83863,3,6,2,09,14,3,0,0,0,1,0,0
"POINT (9.569503798000028 52.379755084000067)",Unfall 83867 (2019) Kat:3, Licht: 0,83867,3,3,5,09,08,3,0,0,1,1,0,0
"POINT (9.610762723000050 52.431618740000033)",Unfall 83868 (2019) Kat:3, Licht: 0,83868,3,3,5,09,18,3,0,0,0,1,0,0
"POINT (9.753639463000070 52.524561421000044)",Unfall 83870 (2019) Kat:3, Licht: 0,83870,3,7,6,09,11,3,0,0,0,1,1,0
"POINT (9.965937790000055 52.315584014000081)",Unfall 83873 (2019) Kat:3, Licht: 0,83873,3,3,5,09,16,3,0,0,1,1,0,0
"POINT (9.786401339000065 52.388951447000068)",Unfall 83875 (2019) Kat:3, Licht: 0,83875,3,6,2,09,08,3,0,0,0,1,0,0
"POINT (10.011367582000048 52.384781801000031)",Unfall 83876 (2019) Kat:3, Licht: 2,83876,3,6,2,09,03,3,0,2,0,1,0,0
"POINT (9.847402720000048 52.274263086000076)",Unfall 83878 (2019) Kat:3, Licht: 2,83878,3,3,5,08,04,5,1,2,0,1,0,0
"POINT (9.814269041000046 52.338036364000061)",Unfall 83881 (2019) Kat:3, Licht: 0,83881,3,6,2,08,12,5,0,0,0,1,0,1
"POINT (9.735875940000028 52.401487680000059)",Unfall 83882 (2019) Kat:3, Licht: 0,83882,3,6,2,08,10,5,1,0,0,1,0,0
"POINT (9.627149341000063 52.394292421000046)",Unfall 83883 (2019) Kat:3, Licht: 0,83883,3,2,4,08,16,5,0,0,1,1,0,0
"POINT (9.293779891000042 52.489983727000038)",Unfall 83885 (2019) Kat:3, Licht: 0,83885,3,1,8,08,07,5,1,0,0,1,0,0
"POINT (9.526387246000070 52.466721020000080)",Unfall 83887 (2019) Kat:3, Licht: 0,83887,3,1,9,08,07,5,1,0,0,1,0,0
"POINT (9.651467512000068 52.415394045000028)",Unfall 83888 (2019) Kat:3, Licht: 0,83888,3,3,5,08,15,5,0,0,1,1,0,0
"POINT (9.675685178000038 52.352982502000032)",Unfall 83890 (2019) Kat:3, Licht: 0,83890,3,6,0,08,14,5,0,0,0,1,0,0
"POINT (9.830196747000059 52.385444408000069)",Unfall 83892 (2019) Kat:3, Licht: 0,83892,3,3,5,08,10,5,1,0,1,1,0,0
"POINT (9.585084605000077 52.423542934000068)",Unfall 83894 (2019) Kat:3, Licht: 0,83894,3,6,2,08,09,5,1,0,0,1,0,0
"POINT (9.827940535000039 52.384733537000045)",Unfall 83895 (2019) Kat:3, Licht: 0,83895,3,3,5,08,08,5,1,0,1,1,0,0
"POINT (9.886068531000035 52.359046991000071)",Unfall 83897 (2019) Kat:3, Licht: 0,83897,3,1,3,08,07,5,1,0,0,1,0,0
"POINT (9.717220089000023 52.636285975000078)",Unfall 83981 (2019) Kat:3, Licht: 2,83981,3,6,3,09,21,2,0,2,0,1,0,0
"POINT (9.737145876000056 52.611497130000032)",Unfall 83984 (2019) Kat:2, Licht: 0,83984,2,6,2,09,17,2,0,0,0,0,0,0
"POINT (9.642494882000051 52.414665127000035)",Unfall 83989 (2019) Kat:3, Licht: 0,83989,3,6,2,08,12,4,0,0,0,1,0,0
"POINT (9.720557682000049 52.337599226000066)",Unfall 83991 (2019) Kat:3, Licht: 0,83991,3,6,2,08,19,4,1,0,0,1,0,0
"POINT (9.676822736000077 52.301115207000066)",Unfall 83994 (2019) Kat:3, Licht: 0,83994,3,7,0,08,17,4,1,0,1,0,1,0
"POINT (9.637223100000028 52.305077383000082)",Unfall 83995 (2019) Kat:3, Licht: 0,83995,3,1,8,08,09,4,0,0,0,0,0,1
"POINT (9.469967830000030 52.356299212000067)",Unfall 83996 (2019) Kat:3, Licht: 0,83996,3,3,5,08,10,4,0,0,0,1,0,0
"POINT (9.733550198000046 52.384378439000045)",Unfall 83999 (2019) Kat:2, Licht: 0,83999,2,6,4,08,19,4,0,0,1,0,0,0
"POINT (9.734615367000060 52.389329680000060)",Unfall 84001 (2019) Kat:3, Licht: 0,84001,3,5,1,08,18,4,0,0,1,1,0,0
"POINT (9.727995591000024 52.374219051000068)",Unfall 84002 (2019) Kat:3, Licht: 0,84002,3,2,5,08,16,4,0,0,1,1,0,0
"POINT (9.717038954000032 52.346193087000074)",Unfall 84003 (2019) Kat:3, Licht: 0,84003,3,2,2,09,13,2,0,0,0,1,0,0
"POINT (9.733611901000074 52.384567702000027)",Unfall 84004 (2019) Kat:3, Licht: 0,84004,3,3,0,08,14,4,0,0,1,0,0,0
"POINT (9.704990982000027 52.212166671000034)",Unfall 84005 (2019) Kat:3, Licht: 0,84005,3,2,2,09,13,2,0,0,0,1,0,0
"POINT (9.516276936000054 52.402876996000032)",Unfall 84016 (2019) Kat:3, Licht: 0,84016,3,1,7,09,12,2,0,0,0,0,0,0
"POINT (9.958983086000046 52.317821902000048)",Unfall 84018 (2019) Kat:3, Licht: 0,84018,3,3,5,09,13,2,0,0,1,1,0,0
"POINT (9.676005662000023 52.478932701000076)",Unfall 84021 (2019) Kat:3, Licht: 0,84021,3,1,8,09,17,2,0,0,0,1,0,0
"POINT (9.716298930000050 52.458678358000043)",Unfall 84023 (2019) Kat:3, Licht: 0,84023,3,2,3,09,13,2,0,0,0,1,0,0
"POINT (9.839878824000039 52.422559835000072)",Unfall 84024 (2019) Kat:3, Licht: 0,84024,3,7,1,09,18,2,0,0,0,1,0,0
"POINT (10.069101526000054 52.450075056000060)",Unfall 84028 (2019) Kat:3, Licht: 0,84028,3,2,2,09,12,2,0,0,0,1,0,0
"POINT (9.911438545000067 52.395793708000042)",Unfall 84029 (2019) Kat:2, Licht: 2,84029,2,6,3,09,23,2,0,2,0,1,0,0
"POINT (9.736173504000021 52.399416726000027)",Unfall 84031 (2019) Kat:3, Licht: 0,84031,3,2,5,09,07,2,0,0,1,1,0,0
"POINT (9.574035331000061 52.421742292000033)",Unfall 84094 (2019) Kat:3, Licht: 0,84094,3,3,5,09,13,1,0,0,1,1,0,0
"POINT (9.903636058000075 52.396241345000078)",Unfall 84097 (2019) Kat:3, Licht: 2,84097,3,6,3,09,01,1,0,2,0,1,0,0
"POINT (9.648123391000070 52.412651101000051)",Unfall 84133 (2019) Kat:3, Licht: 0,84133,3,6,2,09,11,6,1,0,0,1,0,1
"POINT (9.713696307000021 52.346471632000032)",Unfall 84136 (2019) Kat:3, Licht: 0,84136,3,6,2,09,10,6,1,0,0,1,0,0
"POINT (9.771145802000035 52.334952559000044)",Unfall 84138 (2019) Kat:3, Licht: 0,84138,3,6,2,09,13,6,0,0,0,1,0,0
"POINT (9.439941650000037 52.417824703000065)",Unfall 84139 (2019) Kat:3, Licht: 0,84139,3,3,5,09,12,6,0,0,1,1,0,0
"POINT (9.359918663000030 52.454170949000058)",Unfall 84141 (2019) Kat:3, Licht: 0,84141,3,4,6,09,11,6,0,0,0,1,1,0
"POINT (9.663355517000070 52.343386551000037)",Unfall 84142 (2019) Kat:3, Licht: 0,84142,3,1,0,09,11,6,1,0,0,0,0,1
"POINT (9.881054974000051 52.435653031000072)",Unfall 84145 (2019) Kat:3, Licht: 2,84145,3,7,0,09,21,6,0,2,0,0,0,1
"POINT (9.893282014000022 52.585488429000065)",Unfall 84146 (2019) Kat:2, Licht: 0,84146,2,2,5,09,15,6,0,0,0,1,0,1
"POINT (9.667346324000050 52.377070328000059)",Unfall 84147 (2019) Kat:2, Licht: 0,84147,2,3,5,09,15,6,0,0,1,1,0,0
"POINT (9.792458347000036 52.555911883000078)",Unfall 84150 (2019) Kat:3, Licht: 0,84150,3,6,2,09,12,6,0,0,0,1,0,0
"POINT (9.630275276000077 52.421507742000074)",Unfall 84152 (2019) Kat:3, Licht: 0,84152,3,6,2,09,11,6,1,0,0,1,0,0
"POINT (9.635817452000026 52.331766756000036)",Unfall 84175 (2019) Kat:3, Licht: 0,84175,3,3,5,09,08,7,1,0,1,1,0,0
"POINT (9.729125387000067 52.492087946000026)",Unfall 84182 (2019) Kat:3, Licht: 0,84182,3,7,0,09,13,7,1,0,1,0,0,0
"POINT (9.717705946000024 52.367123104000029)",Unfall 84186 (2019) Kat:3, Licht: 2,84186,3,7,0,09,23,7,1,2,1,0,0,0
"POINT (9.628471684000033 52.422429416000057)",Unfall 84187 (2019) Kat:3, Licht: 0,84187,3,6,2,09,10,7,1,0,0,1,0,0
"POINT (9.736491096000066 52.240668156000027)",Unfall 84238 (2019) Kat:3, Licht: 1,84238,3,3,5,09,06,5,0,1,0,1,0,0
"POINT (9.311410059000025 52.504408222000052)",Unfall 84239 (2019) Kat:3, Licht: 0,84239,3,1,8,09,14,5,0,0,0,0,0,0
"POINT (9.457251722000024 52.504745655000079)",Unfall 84241 (2019) Kat:3, Licht: 0,84241,3,7,0,09,10,5,0,0,1,0,0,0
"POINT (9.534379757000068 52.441759037000054)",Unfall 84242 (2019) Kat:3, Licht: 1,84242,3,2,2,09,07,5,1,1,0,1,0,1
"POINT (9.779969112000060 52.250095735000059)",Unfall 84245 (2019) Kat:1, Licht: 0,84245,1,1,8,09,15,5,0,0,0,1,0,0
"POINT (9.819854124000074 52.406402400000047)",Unfall 84246 (2019) Kat:3, Licht: 0,84246,3,6,2,09,16,5,0,0,0,1,0,0
"POINT (9.735859288000029 52.399202240000079)",Unfall 84247 (2019) Kat:2, Licht: 0,84247,2,2,0,09,14,5,0,0,1,1,0,0
"POINT (9.662085919000049 52.401542187000075)",Unfall 84297 (2019) Kat:3, Licht: 0,84297,3,6,2,09,13,6,0,0,0,1,0,0
"POINT (9.671280365000030 52.348459169000080)",Unfall 84298 (2019) Kat:3, Licht: 0,84298,3,6,2,09,18,6,0,0,0,1,0,0
"POINT (9.765893065000057 52.341104371000029)",Unfall 84301 (2019) Kat:3, Licht: 0,84301,3,6,4,09,17,6,0,0,1,0,0,0
"POINT (9.793694718000040 52.394770805000064)",Unfall 84302 (2019) Kat:3, Licht: 0,84302,3,2,3,09,14,6,0,0,0,1,0,0
"POINT (9.823532182000065 52.413588085000072)",Unfall 84303 (2019) Kat:3, Licht: 0,84303,3,6,4,09,11,6,0,0,0,1,0,0
"POINT (9.720310811000047 52.337470190000033)",Unfall 84305 (2019) Kat:2, Licht: 2,84305,2,1,9,09,21,6,0,2,0,0,0,1
"POINT (9.545827101000043 52.337298317000034)",Unfall 84307 (2019) Kat:1, Licht: 0,84307,1,6,9,09,18,6,0,0,0,1,0,0
"POINT (9.827239525000039 52.346849321000036)",Unfall 84308 (2019) Kat:2, Licht: 0,84308,2,1,8,09,17,6,0,0,1,0,0,0
"POINT (9.778551843000059 52.371292518000075)",Unfall 84311 (2019) Kat:3, Licht: 0,84311,3,2,5,09,11,6,0,0,0,1,0,0
"POINT (9.768766715000027 52.427131392000035)",Unfall 84312 (2019) Kat:2, Licht: 0,84312,2,6,2,09,07,6,0,0,0,1,0,1
"POINT (9.741472603000034 52.427361679000057)",Unfall 84317 (2019) Kat:3, Licht: 0,84317,3,6,2,09,08,6,0,0,0,1,0,0
"POINT (9.698715910000033 52.347400799000070)",Unfall 84328 (2019) Kat:3, Licht: 0,84328,3,3,5,09,12,4,0,0,0,1,0,0
"POINT (9.774055359000045 52.331904023000050)",Unfall 84331 (2019) Kat:3, Licht: 2,84331,3,6,2,09,20,4,1,2,0,1,0,0
"POINT (9.683229729000061 52.241861850000078)",Unfall 84332 (2019) Kat:3, Licht: 0,84332,3,1,9,09,18,4,0,0,0,1,0,0
"POINT (9.632662705000030 52.330860867000069)",Unfall 84333 (2019) Kat:3, Licht: 0,84333,3,6,2,09,13,4,0,0,0,1,0,0
"POINT (9.412675138000054 52.333209796000062)",Unfall 84336 (2019) Kat:3, Licht: 0,84336,3,2,2,09,12,4,0,0,0,1,0,0
"POINT (10.125457004000054 52.371948690000067)",Unfall 84338 (2019) Kat:2, Licht: 1,84338,2,3,5,09,06,4,0,1,1,1,0,0
"POINT (9.825007527000025 52.285204261000047)",Unfall 84339 (2019) Kat:2, Licht: 2,84339,2,3,5,09,20,4,1,2,1,1,0,0
"POINT (9.807287406000057 52.336049884000033)",Unfall 84341 (2019) Kat:2, Licht: 1,84341,2,1,9,09,19,4,1,1,0,1,0,0
"POINT (10.116696461000060 52.363569560000030)",Unfall 84343 (2019) Kat:3, Licht: 2,84343,3,1,9,09,20,4,1,2,0,1,0,0
"POINT (9.786741560000053 52.564355060000082)",Unfall 84344 (2019) Kat:3, Licht: 0,84344,3,6,2,09,16,4,0,0,0,1,0,0
"POINT (9.762433633000057 52.344880498000066)",Unfall 84445 (2019) Kat:3, Licht: 0,84445,3,3,5,09,16,3,0,0,1,1,0,0
"POINT (9.734267424000052 52.387113640000052)",Unfall 84446 (2019) Kat:3, Licht: 0,84446,3,2,5,09,07,3,0,0,1,1,0,0
"POINT (9.798540224000021 52.416794348000053)",Unfall 84449 (2019) Kat:3, Licht: 2,84449,3,1,0,09,00,3,1,2,0,1,0,0
"POINT (9.770751522000069 52.256489832000057)",Unfall 84451 (2019) Kat:3, Licht: 0,84451,3,2,4,09,12,3,0,0,0,1,0,0
"POINT (9.629329001000031 52.394642127000054)",Unfall 84452 (2019) Kat:3, Licht: 0,84452,3,3,5,09,09,3,0,0,0,1,0,0
"POINT (9.677550404000044 52.300634126000034)",Unfall 84455 (2019) Kat:3, Licht: 0,84455,3,7,9,09,11,3,0,0,0,1,0,0
"POINT (9.969018982000023 52.331244026000036)",Unfall 84457 (2019) Kat:3, Licht: 0,84457,3,6,2,09,17,3,0,0,0,1,0,0
"POINT (9.847111884000071 52.427009307000048)",Unfall 84458 (2019) Kat:3, Licht: 2,84458,3,6,3,09,06,3,0,2,1,1,0,0
"POINT (9.722207841000056 52.368433412000059)",Unfall 84460 (2019) Kat:3, Licht: 2,84460,3,1,0,09,19,3,0,2,1,0,0,0
"POINT (9.573931947000062 52.631230817000073)",Unfall 84461 (2019) Kat:2, Licht: 0,84461,2,6,2,09,07,3,0,0,0,1,0,0
"POINT (9.714525549000030 52.361014914000066)",Unfall 84464 (2019) Kat:3, Licht: 0,84464,3,2,5,09,10,3,0,0,0,1,0,0
"POINT (9.692521707000026 52.296403092000048)",Unfall 84473 (2019) Kat:3, Licht: 0,84473,3,3,5,09,07,5,0,0,0,1,0,0
"POINT (9.523299532000067 52.460829207000074)",Unfall 84475 (2019) Kat:3, Licht: 0,84475,3,6,4,09,17,5,0,0,0,1,0,0
"POINT (9.724733308000054 52.549214763000066)",Unfall 84476 (2019) Kat:3, Licht: 0,84476,3,6,2,09,14,5,0,0,0,1,0,0
"POINT (9.746371273000023 52.320488897000075)",Unfall 84478 (2019) Kat:3, Licht: 0,84478,3,1,0,09,12,7,0,0,1,0,0,0
"POINT (10.100151290000042 52.364477993000037)",Unfall 84479 (2019) Kat:3, Licht: 0,84479,3,6,2,09,16,5,0,0,0,1,0,0
"POINT (10.265489352000031 52.478616390000070)",Unfall 84482 (2019) Kat:2, Licht: 0,84482,2,1,0,09,10,5,0,0,0,0,0,1
"POINT (9.836037888000021 52.387116326000069)",Unfall 84484 (2019) Kat:3, Licht: 0,84484,3,6,4,09,07,5,0,0,1,0,0,0
"POINT (9.287519480000071 52.488858395000079)",Unfall 84491 (2019) Kat:3, Licht: 0,84491,3,2,2,09,11,7,0,0,0,1,0,0
"POINT (9.347924518000070 52.533937654000056)",Unfall 84499 (2019) Kat:3, Licht: 0,84499,3,7,2,09,11,7,0,0,0,1,0,0
"POINT (9.732977732000052 52.482701667000072)",Unfall 84506 (2019) Kat:3, Licht: 0,84506,3,3,5,09,17,7,0,0,1,1,0,0
"POINT (9.724391166000032 52.337026003000062)",Unfall 84511 (2019) Kat:3, Licht: 0,84511,3,6,2,09,15,7,0,0,0,1,0,0
"POINT (9.830883492000055 52.417790722000063)",Unfall 84546 (2019) Kat:3, Licht: 1,84546,3,6,3,09,19,2,1,1,0,1,0,0
"POINT (9.731781327000022 52.382749235000063)",Unfall 84547 (2019) Kat:3, Licht: 2,84547,3,6,8,09,20,2,1,2,0,1,0,0