WKT,Name,OBJECTID,UKATEGORIE,UTYP1,UART,UMONAT,USTUNDE,UWOCHENTAG,STRZUSTAND,ULICHTVERH,ISTRAD,ISTPKW,ISTFUSS,ISTKRAD
"POINT (10.032027159000052 52.523336909000079)",Unfall 89848 (2019) Kat:3, Licht: 2,89848,3,6,2,01,06,5,1,2,0,1,0,0
"POINT (9.896818577000033 52.410009719000072)",Unfall 89853 (2019) Kat:1, Licht: 2,89853,1,4,6,01,21,5,1,2,0,1,1,0
"POINT (9.754305444000067 52.355369354000061)",Unfall 89856 (2019) Kat:3, Licht: 2,89856,3,2,5,01,16,5,1,2,1,1,0,0
"POINT (9.694010717000026 52.361177720000057)",Unfall 89858 (2019) Kat:3, Licht: 0,89858,3,1,0,01,15,5,1,0,1,0,0,0
"POINT (9.971110389000046 52.389634403000059)",Unfall 89863 (2019) Kat:3, Licht: 0,89863,3,6,2,01,15,5,1,0,0,0,0,0
"POINT (9.646492043000023 52.399268566000046)",Unfall 89865 (2019) Kat:2, Licht: 2,89865,2,3,5,01,06,5,1,2,0,1,0,1
"POINT (9.697542711000040 52.377383557000030)",Unfall 89902 (2019) Kat:3, Licht: 0,89902,3,6,2,01,14,6,1,0,0,1,0,0
"POINT (9.292343491000054 52.489496587000076)",Unfall 89904 (2019) Kat:3, Licht: 0,89904,3,1,8,01,12,6,1,0,0,1,0,0
"POINT (9.463684660000070 52.348069704000068)",Unfall 89906 (2019) Kat:3, Licht: 2,89906,3,1,9,01,20,6,1,2,0,1,0,0
"POINT (9.462789373000021 52.344434244000070)",Unfall 89908 (2019) Kat:3, Licht: 0,89908,3,1,9,01,10,6,1,0,0,1,0,0
"POINT (9.623690884000041 52.425537681000037)",Unfall 89910 (2019) Kat:3, Licht: 2,89910,3,3,5,01,23,6,1,2,0,1,0,0
"POINT (9.915581565000025 52.334918909000066)",Unfall 89962 (2019) Kat:2, Licht: 2,89962,2,1,8,01,20,6,0,2,0,1,0,0
"POINT (9.735430630000053 52.613617923000049)",Unfall 89981 (2019) Kat:3, Licht: 2,89981,3,7,9,01,17,5,0,2,0,1,0,0
"POINT (9.577459067000063 52.458513791000030)",Unfall 89988 (2019) Kat:3, Licht: 0,89988,3,2,3,01,11,5,0,0,0,1,0,1
"POINT (9.859548950000033 52.491395892000071)",Unfall 89989 (2019) Kat:3, Licht: 0,89989,3,6,2,01,12,5,0,0,0,1,0,0
"POINT (9.830612669000061 52.409388294000053)",Unfall 89991 (2019) Kat:3, Licht: 0,89991,3,6,2,01,08,5,0,0,0,1,0,0
"POINT (9.803286412000034 52.397112235000066)",Unfall 89995 (2019) Kat:3, Licht: 0,89995,3,6,2,01,08,5,0,0,0,1,0,0
"POINT (9.815237209000031 52.303582430000063)",Unfall 89996 (2019) Kat:3, Licht: 1,89996,3,2,5,01,16,4,0,1,0,1,0,0
"POINT (9.481912979000072 52.392366892000041)",Unfall 89997 (2019) Kat:3, Licht: 1,89997,3,6,2,01,07,5,0,1,0,1,0,0
"POINT (9.774312750000036 52.371024152000075)",Unfall 89999 (2019) Kat:3, Licht: 2,89999,3,6,3,01,18,4,0,2,0,1,0,0
"POINT (9.429229215000021 52.427498539000055)",Unfall 90001 (2019) Kat:3, Licht: 2,90001,3,3,5,01,18,4,0,2,1,1,0,0
"POINT (9.641264653000064 52.396924766000041)",Unfall 90004 (2019) Kat:3, Licht: 1,90004,3,3,5,01,19,4,0,1,0,1,0,0
"POINT (9.977003027000023 52.370269935000067)",Unfall 90006 (2019) Kat:3, Licht: 2,90006,3,5,1,01,07,4,1,2,0,1,0,0
"POINT (9.701789653000049 52.212607015000060)",Unfall 90008 (2019) Kat:2, Licht: 2,90008,2,4,6,01,19,4,1,2,0,1,1,0
"POINT (9.759552833000043 52.505573911000056)",Unfall 90011 (2019) Kat:3, Licht: 2,90011,3,6,2,01,18,4,0,2,0,1,0,0
"POINT (9.839833359000068 52.488537567000037)",Unfall 90013 (2019) Kat:1, Licht: 0,90013,1,1,9,01,15,4,0,0,0,0,0,0
"POINT (9.575524482000049 52.431902427000068)",Unfall 90016 (2019) Kat:2, Licht: 0,90016,2,3,5,01,10,4,0,0,0,1,0,0
"POINT (9.733833936000053 52.438529905000053)",Unfall 90019 (2019) Kat:3, Licht: 2,90019,3,4,6,01,07,4,1,2,0,1,1,0
"POINT (9.872802067000066 52.310719719000076)",Unfall 90072 (2019) Kat:3, Licht: 2,90072,3,3,5,01,17,4,1,2,0,1,0,0
"POINT (9.780514767000057 52.269989102000068)",Unfall 90074 (2019) Kat:3, Licht: 0,90074,3,6,2,01,12,4,0,0,0,1,0,0
"POINT (9.729177181000068 52.491663182000082)",Unfall 90076 (2019) Kat:3, Licht: 2,90076,3,2,5,01,18,4,0,2,0,1,0,0
"POINT (9.767893046000040 52.323313054000039)",Unfall 90078 (2019) Kat:3, Licht: 2,90078,3,7,4,01,20,4,0,2,0,1,0,0
"POINT (9.727092475000063 52.381137136000063)",Unfall 90080 (2019) Kat:3, Licht: 2,90080,3,2,5,01,18,4,0,2,1,1,0,0
"POINT (9.462918918000071 52.423807099000044)",Unfall 90081 (2019) Kat:3, Licht: 0,90081,3,6,2,01,10,6,1,0,0,1,0,0
"POINT (9.988518738000039 52.374146740000072)",Unfall 90110 (2019) Kat:1, Licht: 2,90110,1,2,6,01,07,6,2,2,0,0,1,0
"POINT (9.607753020000075 52.392725176000056)",Unfall 90135 (2019) Kat:3, Licht: 2,90135,3,6,4,01,07,3,1,2,1,0,0,0
"POINT (10.000098123000043 52.494920449000062)",Unfall 90138 (2019) Kat:3, Licht: 2,90138,3,6,2,01,18,3,1,2,0,1,0,0
"POINT (9.626379352000072 52.330026873000065)",Unfall 90140 (2019) Kat:2, Licht: 2,90140,2,2,5,01,21,3,1,2,0,1,0,0
"POINT (9.635851805000073 52.485567360000061)",Unfall 90141 (2019) Kat:2, Licht: 0,90141,2,1,8,01,15,3,1,0,0,1,0,0
"POINT (9.398332858000060 52.429419075000055)",Unfall 90150 (2019) Kat:3, Licht: 2,90150,3,1,9,01,22,3,1,2,0,1,0,0
"POINT (9.470249749000061 52.301442179000048)",Unfall 90153 (2019) Kat:3, Licht: 2,90153,3,2,6,01,18,3,1,2,0,1,1,0
"POINT (9.941578053000058 52.498821806000080)",Unfall 90155 (2019) Kat:3, Licht: 2,90155,3,3,5,01,07,3,1,2,0,1,0,0
"POINT (9.733373317000030 52.420550926000033)",Unfall 90158 (2019) Kat:3, Licht: 2,90158,3,6,2,01,20,3,1,2,0,1,0,0
"POINT (9.735193830000071 52.403463585000054)",Unfall 90160 (2019) Kat:2, Licht: 0,90160,2,2,5,01,15,3,1,0,0,1,0,0
"POINT (9.832298664000064 52.386086775000081)",Unfall 90162 (2019) Kat:3, Licht: 2,90162,3,4,6,01,07,3,1,2,0,1,1,0
"POINT (9.778641490000041 52.376199795000048)",Unfall 90163 (2019) Kat:1, Licht: 0,90163,1,1,8,01,08,3,1,0,0,1,0,0
"POINT (9.800402405000057 52.342911027000071)",Unfall 90165 (2019) Kat:2, Licht: 0,90165,2,1,9,01,09,3,1,0,0,1,0,0
"POINT (9.789694270000041 52.466833341000040)",Unfall 90200 (2019) Kat:3, Licht: 0,90200,3,3,5,01,13,6,0,0,1,1,0,0
"POINT (9.701144295000063 52.370766606000075)",Unfall 90263 (2019) Kat:3, Licht: 2,90263,3,6,2,01,07,2,1,2,0,1,0,0
"POINT (9.613554578000048 52.392191881000031)",Unfall 90265 (2019) Kat:3, Licht: 0,90265,3,3,5,01,14,2,0,0,1,1,0,0
"POINT (9.974729232000072 52.402525969000067)",Unfall 90267 (2019) Kat:3, Licht: 2,90267,3,4,6,01,17,2,1,2,0,1,1,0
"POINT (9.870170373000065 52.434919895000064)",Unfall 90270 (2019) Kat:3, Licht: 0,90270,3,3,5,01,12,2,1,0,0,1,0,0
"POINT (9.670523124000056 52.396662229000071)",Unfall 90273 (2019) Kat:3, Licht: 0,90273,3,7,3,01,14,2,1,0,0,1,0,0
"POINT (9.755887971000050 52.340741150000042)",Unfall 90289 (2019) Kat:3, Licht: 1,90289,3,6,3,01,16,2,1,1,0,1,0,0
"POINT (9.801000152000029 52.193542360000038)",Unfall 90291 (2019) Kat:3, Licht: 2,90291,3,1,4,01,19,2,1,2,0,1,0,0
"POINT (9.728447959000050 52.318624630000045)",Unfall 90293 (2019) Kat:3, Licht: 2,90293,3,3,5,01,17,2,1,2,0,1,0,0
"POINT (9.624582151000027 52.291112180000027)",Unfall 90294 (2019) Kat:3, Licht: 0,90294,3,1,9,01,08,2,1,0,0,1,0,0
"POINT (9.676063427000031 52.438053293000053)",Unfall 90296 (2019) Kat:3, Licht: 2,90296,3,3,0,01,02,2,1,2,0,1,0,1
"POINT (9.903928613000062 52.444843059000050)",Unfall 90298 (2019) Kat:3, Licht: 2,90298,3,4,6,01,17,2,1,2,0,1,1,0
"POINT (9.965965106000056 52.471726844000045)",Unfall 90299 (2019) Kat:3, Licht: 2,90299,3,2,5,01,17,2,1,2,0,1,0,0
"POINT (9.735892328000034 52.397383328000046)",Unfall 90305 (2019) Kat:3, Licht: 0,90305,3,3,5,01,11,2,1,0,0,1,0,0
"POINT (9.613563819000035 52.392192601000033)",Unfall 90326 (2019) Kat:2, Licht: 1,90326,2,2,5,01,18,6,0,1,0,1,0,0
"POINT (9.420470579000039 52.429314950000048)",Unfall 90335 (2019) Kat:3, Licht: 0,90335,3,2,5,01,13,6,1,0,1,1,0,0
"POINT (9.407459081000070 52.333444632000067)",Unfall 90354 (2019) Kat:3, Licht: 2,90354,3,6,0,01,22,1,1,2,0,1,0,0
"POINT (9.837421198000072 52.387336670000082)",Unfall 90366 (2019) Kat:3, Licht: 2,90366,3,6,2,01,18,1,1,2,0,1,0,1
"POINT (9.451886334000051 52.424105178000048)",Unfall 90371 (2019) Kat:3, Licht: 0,90371,3,6,2,01,09,1,1,0,0,1,0,0
"POINT (9.452832045000037 52.512145120000071)",Unfall 90374 (2019) Kat:3, Licht: 2,90374,3,7,0,01,20,1,1,2,0,1,0,0
"POINT (10.132108892000076 52.501669769000046)",Unfall 90376 (2019) Kat:3, Licht: 2,90376,3,7,8,01,19,1,1,2,0,1,0,0
"POINT (9.490089923000028 52.313228488000050)",Unfall 90379 (2019) Kat:3, Licht: 1,90379,3,1,8,01,16,1,1,1,0,1,0,0
"POINT (9.734605875000057 52.409215889000052)",Unfall 90408 (2019) Kat:3, Licht: 1,90408,3,6,2,01,16,2,0,1,0,1,0,0
"POINT (9.720565436000072 52.329143605000070)",Unfall 90414 (2019) Kat:3, Licht: 1,90414,3,6,2,01,16,1,1,1,0,1,0,0
"POINT (9.875701690000028 52.437856743000054)",Unfall 90426 (2019) Kat:3, Licht: 0,90426,3,6,2,01,08,2,1,0,0,1,0,0
"POINT (9.476481929000045 52.301268229000073)",Unfall 90431 (2019) Kat:3, Licht: 0,90431,3,2,5,01,13,2,0,0,0,1,0,0
"POINT (9.438857598000027 52.423061160000032)",Unfall 90437 (2019) Kat:3, Licht: 0,90437,3,3,5,02,12,1,1,0,0,1,0,0
"POINT (9.799352240000076 52.274949475000028)",Unfall 90439 (2019) Kat:3, Licht: 2,90439,3,3,0,02,17,1,0,2,1,1,0,0
"POINT (9.914471386000059 52.395635644000038)",Unfall 90443 (2019) Kat:3, Licht: 0,90443,3,6,3,01,11,6,0,0,0,1,0,0
"POINT (9.630275969000024 52.263335794000056)",Unfall 90449 (2019) Kat:2, Licht: 0,90449,2,3,5,01,11,5,0,0,0,1,0,0
"POINT (9.740983699000026 52.461096400000031)",Unfall 90454 (2019) Kat:2, Licht: 0,90454,2,7,0,01,11,4,0,0,0,1,0,0
"POINT (9.511000359000036 52.412648064000052)",Unfall 90461 (2019) Kat:3, Licht: 0,90461,3,6,2,01,08,4,0,0,0,1,0,0
"POINT (9.379731013000026 52.417674882000028)",Unfall 90486 (2019) Kat:3, Licht: 0,90486,3,5,1,02,10,7,1,0,0,1,0,0
"POINT (9.834775613000033 52.563897823000048)",Unfall 90487 (2019) Kat:3, Licht: 0,90487,3,2,2,01,09,3,0,0,0,1,0,0
"POINT (9.691345492000039 52.219190904000072)",Unfall 90488 (2019) Kat:3, Licht: 2,90488,3,1,8,02,20,7,2,2,0,1,0,0
"POINT (10.113211500000034 52.352880482000046)",Unfall 90491 (2019) Kat:3, Licht: 2,90491,3,2,4,02,21,7,1,2,1,1,0,0
"POINT (10.013114702000053 52.443613552000045)",Unfall 90493 (2019) Kat:3, Licht: 0,90493,3,2,2,02,14,7,1,0,0,1,0,0
"POINT (9.563360527000043 52.339660098000081)",Unfall 90495 (2019) Kat:2, Licht: 2,90495,2,1,8,02,21,7,1,2,0,1,0,0
"POINT (9.720261088000029 52.470689360000051)",Unfall 90498 (2019) Kat:3, Licht: 0,90498,3,6,2,02,14,7,1,0,0,1,0,0
"POINT (9.696290669000064 52.379899489000081)",Unfall 90500 (2019) Kat:2, Licht: 0,90500,2,6,2,02,08,7,1,0,0,1,0,0
"POINT (9.404280315000051 52.426470640000048)",Unfall 90519 (2019) Kat:3, Licht: 2,90519,3,2,5,01,19,2,0,2,0,1,0,0
"POINT (9.861743976000071 52.381613453000057)",Unfall 90524 (2019) Kat:2, Licht: 0,90524,2,1,0,01,11,1,0,0,1,0,0,0
"POINT (10.135909297000069 52.368369234000056)",Unfall 90547 (2019) Kat:3, Licht: 0,90547,3,3,5,01,13,2,0,0,0,1,0,0
"POINT (9.646579515000042 52.413794908000057)",Unfall 90555 (2019) Kat:3, Licht: 2,90555,3,3,5,02,20,6,0,2,0,1,0,0
"POINT (9.722203983000043 52.378352025000027)",Unfall 90557 (2019) Kat:3, Licht: 2,90557,3,6,2,02,18,6,0,2,0,1,0,0
"POINT (9.737656380000033 52.368239274000075)",Unfall 90560 (2019) Kat:3, Licht: 1,90560,3,6,2,02,16,6,1,1,0,1,0,0
"POINT (10.171432732000028 52.406346672000041)",Unfall 90566 (2019) Kat:3, Licht: 0,90566,3,6,2,01,14,7,0,0,0,1,0,0
"POINT (9.736342222000076 52.546564809000074)",Unfall 90573 (2019) Kat:3, Licht: 1,90573,3,2,5,01,07,5,0,1,0,1,0,0
"POINT (9.599423863000027 52.435301470000070)",Unfall 90578 (2019) Kat:3, Licht: 0,90578,3,6,2,01,13,4,0,0,0,1,0,1
"POINT (9.650216398000055 52.393373983000060)",Unfall 90605 (2019) Kat:2, Licht: 2,90605,2,4,6,01,06,4,0,2,0,1,1,0
"POINT (9.683795001000021 52.327759299000036)",Unfall 90610 (2019) Kat:3, Licht: 2,90610,3,6,2,01,07,3,1,2,0,1,0,0
"POINT (9.735115847000031 52.392762814000037)",Unfall 90621 (2019) Kat:3, Licht: 0,90621,3,6,2,01,12,5,0,0,0,1,0,0
"POINT (9.612728670000024 52.646345070000052)",Unfall 90623 (2019) Kat:3, Licht: 0,90623,3,6,4,01,16,5,0,0,0,1,0,0
"POINT (9.643531734000021 52.439180080000028)",Unfall 90625 (2019) Kat:3, Licht: 0,90625,3,6,2,01,09,5,0,0,0,1,0,0
"POINT (9.838842979000049 52.422201894000068)",Unfall 90628 (2019) Kat:3, Licht: 2,90628,3,7,0,01,22,5,1,2,0,1,0,0
"POINT (9.661294764000047 52.402265693000061)",Unfall 90630 (2019) Kat:2, Licht: 1,90630,2,6,3,01,16,5,0,1,0,1,0,0
"POINT (9.827178263000064 52.344761208000079)",Unfall 90632 (2019) Kat:3, Licht: 0,90632,3,4,6,01,13,5,0,0,0,1,1,0
"POINT (9.855400711000073 52.536159875000067)",Unfall 90635 (2019) Kat:3, Licht: 0,90635,3,7,8,01,12,5,0,0,0,1,0,0
"POINT (9.848147986000072 52.272963239000035)",Unfall 90637 (2019) Kat:3, Licht: 2,90637,3,6,2,01,07,5,1,2,0,1,0,0
"POINT (9.735041797000065 52.493893118000074)",Unfall 90638 (2019) Kat:3, Licht: 0,90638,3,6,2,01,08,3,1,0,0,1,0,0
"POINT (9.761381256000050 52.370396656000082)",Unfall 90644 (2019) Kat:3, Licht: 2,90644,3,2,2,01,18,2,0,2,0,1,0,0
"POINT (9.732124678000048 52.383366555000066)",Unfall 90665 (2019) Kat:3, Licht: 0,90665,3,6,0,01,08,2,0,0,0,1,0,0
"POINT (9.464376788000038 52.423080431000074)",Unfall 90668 (2019) Kat:3, Licht: 0,90668,3,7,4,01,15,4,0,0,0,1,0,0
"POINT (9.478659032000053 52.295974076000050)",Unfall 90672 (2019) Kat:3, Licht: 2,90672,3,5,1,01,18,2,0,2,0,1,0,0
"POINT (9.773995916000047 52.331983647000072)",Unfall 90686 (2019) Kat:3, Licht: 2,90686,3,7,3,01,19,6,0,2,0,1,0,0
"POINT (9.663460652000026 52.315909254000076)",Unfall 90694 (2019) Kat:2, Licht: 2,90694,2,2,6,01,05,5,0,2,0,1,1,0
"POINT (9.924406781000073 52.366254139000034)",Unfall 90701 (2019) Kat:3, Licht: 2,90701,3,2,2,01,17,4,0,2,0,1,0,0
"POINT (9.743755911000051 52.456903333000071)",Unfall 90717 (2019) Kat:3, Licht: 0,90717,3,6,2,01,16,4,1,0,0,1,0,0
"POINT (9.833589852000046 52.386461650000058)",Unfall 90731 (2019) Kat:3, Licht: 2,90731,3,2,4,02,18,5,0,2,1,1,0,0
"POINT (9.465777017000050 52.304102808000039)",Unfall 90734 (2019) Kat:3, Licht: 2,90734,3,6,2,02,17,5,0,2,0,1,0,0
"POINT (9.630672565000054 52.559000578000052)",Unfall 90738 (2019) Kat:2, Licht: 0,90738,2,2,4,02,12,5,1,0,0,1,0,0
"POINT (9.858636715000046 52.491690025000082)",Unfall 90741 (2019) Kat:3, Licht: 0,90741,3,3,0,02,11,5,0,0,0,1,0,0
"POINT (9.668117339000048 52.343738814000062)",Unfall 90745 (2019) Kat:3, Licht: 2,90745,3,3,5,01,22,3,2,2,0,1,0,0
"POINT (9.632913096000038 52.247017488000040)",Unfall 90746 (2019) Kat:3, Licht: 1,90746,3,3,5,02,17,5,0,1,0,1,0,0
"POINT (9.863529506000077 52.326862584000082)",Unfall 90749 (2019) Kat:3, Licht: 0,90749,3,6,3,02,13,5,0,0,0,1,0,0
"POINT (9.567622327000038 52.422097899000050)",Unfall 90751 (2019) Kat:3, Licht: 2,90751,3,7,1,02,04,5,0,2,0,1,0,0
"POINT (9.734972957000025 52.391919036000047)",Unfall 90791 (2019) Kat:3, Licht: 0,90791,3,4,6,01,11,2,0,0,0,1,1,0
"POINT (9.882068757000070 52.583535701000073)",Unfall 90799 (2019) Kat:3, Licht: 2,90799,3,7,2,01,18,1,1,2,0,1,0,0
"POINT (10.117698607000023 52.358459892000042)",Unfall 90832 (2019) Kat:3, Licht: 1,90832,3,2,5,01,07,2,0,1,0,1,1,0
"POINT (9.677569929000072 52.358578878000060)",Unfall 90837 (2019) Kat:3, Licht: 0,90837,3,6,2,02,12,4,0,0,0,1,0,0
"POINT (9.767189064000036 52.290543546000038)",Unfall 90840 (2019) Kat:3, Licht: 0,90840,3,1,4,02,15,4,0,0,0,1,0,1
"POINT (9.607847704000051 52.446241764000035)",Unfall 90845 (2019) Kat:3, Licht: 0,90845,3,5,1,02,12,4,0,0,0,1,0,1
"POINT (9.601548848000050 52.434601392000047)",Unfall 90848 (2019) Kat:3, Licht: 0,90848,3,6,3,02,10,4,1,0,0,1,0,0
"POINT (9.806786580000050 52.307855782000047)",Unfall 90852 (2019) Kat:3, Licht: 2,90852,3,2,6,02,21,4,0,2,0,1,1,0
"POINT (9.675398516000030 52.377375658000062)",Unfall 90857 (2019) Kat:2, Licht: 0,90857,2,3,5,02,12,4,0,0,0,0,0,0
"POINT (9.764257466000061 52.342995833000032)",Unfall 90866 (2019) Kat:3, Licht: 2,90866,3,3,5,01,17,3,0,2,1,1,0,0
"POINT (9.512896919000070 52.412240638000071)",Unfall 90869 (2019) Kat:3, Licht: 0,90869,3,6,2,01,12,3,1,0,0,1,0,0
"POINT (9.514796247000049 52.411766857000032)",Unfall 90872 (2019) Kat:3, Licht: 0,90872,3,6,2,01,09,3,0,0,0,1,0,0
"POINT (9.727627602000041 52.542627463000031)",Unfall 90873 (2019) Kat:3, Licht: 0,90873,3,6,2,01,16,3,0,0,0,1,0,0
"POINT (9.757135601000073 52.319657225000071)",Unfall 90874 (2019) Kat:3, Licht: 0,90874,3,3,5,01,13,4,0,0,0,1,0,0
"POINT (9.965960220000056 52.315580648000036)",Unfall 90876 (2019) Kat:3, Licht: 1,90876,3,3,5,01,17,3,0,1,1,1,0,0
"POINT (9.976931788000059 52.372706253000047)",Unfall 90879 (2019) Kat:3, Licht: 0,90879,3,6,2,01,10,3,1,0,0,1,0,0
"POINT (9.592840467000031 52.423643211000069)",Unfall 90881 (2019) Kat:3, Licht: 0,90881,3,6,2,01,12,3,0,0,0,1,0,0
"POINT (9.627174266000054 52.423324743000080)",Unfall 90884 (2019) Kat:3, Licht: 0,90884,3,6,2,01,10,3,1,0,0,0,0,0
"POINT (9.687734149000050 52.244111029000067)",Unfall 90888 (2019) Kat:2, Licht: 2,90888,2,1,9,01,00,3,2,2,0,1,0,0
"POINT (9.607128772000067 52.307950621000032)",Unfall 90908 (2019) Kat:2, Licht: 2,90908,2,2,6,01,18,3,0,2,0,1,1,0
"POINT (9.944628544000068 52.497108201000060)",Unfall 90911 (2019) Kat:2, Licht: 2,90911,2,4,6,01,06,4,0,2,0,1,1,0
"POINT (9.655902092000076 52.406380739000042)",Unfall 90918 (2019) Kat:3, Licht: 2,90918,3,6,3,01,05,3,0,2,0,1,0,0
"POINT (9.737051692000023 52.209702215000050)",Unfall 90955 (2019) Kat:3, Licht: 0,90955,3,6,4,01,15,2,0,0,0,1,0,0
"POINT (9.733363510000061 52.420623950000049)",Unfall 90965 (2019) Kat:3, Licht: 2,90965,3,6,2,02,06,3,0,2,0,1,0,0
"POINT (10.114323391000028 52.348446549000073)",Unfall 90968 (2019) Kat:3, Licht: 0,90968,3,2,2,02,15,3,0,0,0,1,0,0
"POINT (9.852086999000051 52.389872163000064)",Unfall 90972 (2019) Kat:3, Licht: 0,90972,3,5,1,02,15,3,1,0,1,1,0,0
"POINT (9.722528654000030 52.378633340000079)",Unfall 90976 (2019) Kat:3, Licht: 0,90976,3,6,2,02,08,3,0,0,0,1,0,0
"POINT (9.725473989000022 52.364843125000050)",Unfall 90982 (2019) Kat:3, Licht: 0,90982,3,1,0,01,14,2,1,0,0,0,0,1
"POINT (9.697277013000075 52.375011922000056)",Unfall 90986 (2019) Kat:3, Licht: 2,90986,3,4,6,01,22,2,0,2,1,0,1,0
"POINT (9.771360914000070 52.370868202000054)",Unfall 90989 (2019) Kat:3, Licht: 0,90989,3,6,2,01,15,2,1,0,0,1,0,0
"POINT (9.821607341000060 52.339210976000061)",Unfall 90992 (2019) Kat:3, Licht: 2,90992,3,2,4,01,21,2,1,2,0,1,0,0
"POINT (9.735031922000076 52.407852315000071)",Unfall 90995 (2019) Kat:3, Licht: 2,90995,3,1,0,01,17,2,1,2,1,0,0,0
"POINT (9.897084814000039 52.409291186000075)",Unfall 90996 (2019) Kat:3, Licht: 0,90996,3,6,9,01,12,2,0,0,0,1,0,0
"POINT (9.291960086000074 52.489504296000064)",Unfall 90998 (2019) Kat:3, Licht: 2,90998,3,1,8,01,23,2,1,2,0,1,0,0
"POINT (9.977130240000065 52.370709149000049)",Unfall 90999 (2019) Kat:3, Licht: 0,90999,3,1,0,01,13,2,0,0,1,0,0,0
"POINT (9.793357670000034 52.393675965000057)",Unfall 91000 (2019) Kat:3, Licht: 0,91000,3,2,3,01,11,4,0,0,0,1,0,0
"POINT (10.010046660000057 52.482708370000068)",Unfall 91002 (2019) Kat:3, Licht: 0,91002,3,3,5,01,10,2,0,0,1,1,0,0
"POINT (9.878891497000041 52.434709444000077)",Unfall 91005 (2019) Kat:3, Licht: 2,91005,3,7,8,01,18,2,1,2,0,1,0,0
"POINT (9.676801167000065 52.357044617000042)",Unfall 91014 (2019) Kat:3, Licht: 0,91014,3,7,0,01,09,1,2,0,1,0,0,0
"POINT (9.952651808000042 52.325240122000082)",Unfall 91033 (2019) Kat:3, Licht: 2,91033,3,3,5,01,17,5,0,2,0,1,0,0
"POINT (9.525911324000049 52.454097606000062)",Unfall 91040 (2019) Kat:3, Licht: 2,91040,3,1,9,01,01,4,0,2,0,1,0,0
"POINT (10.142971756000065 52.379168226000047)",Unfall 91067 (2019) Kat:3, Licht: 0,91067,3,1,8,01,10,1,1,0,0,1,0,0
"POINT (9.727558547000058 52.590242347000071)",Unfall 91069 (2019) Kat:2, Licht: 0,91069,2,6,4,01,15,1,1,0,0,1,0,0
"POINT (9.778359508000051 52.371464367000044)",Unfall 91081 (2019) Kat:3, Licht: 2,91081,3,2,5,01,23,3,0,2,0,1,0,0
"POINT (9.889384734000032 52.361957282000049)",Unfall 91082 (2019) Kat:3, Licht: 0,91082,3,7,2,02,15,2,0,0,0,1,0,0
"POINT (9.735091943000043 52.427542947000063)",Unfall 91085 (2019) Kat:3, Licht: 0,91085,3,7,0,02,14,2,0,0,0,1,0,0
"POINT (9.728347386000053 52.374126098000033)",Unfall 91087 (2019) Kat:3, Licht: 2,91087,3,3,5,02,00,2,0,2,0,1,0,0
"POINT (9.721469431000060 52.361394917000041)",Unfall 91105 (2019) Kat:3, Licht: 0,91105,3,6,2,02,14,4,0,0,0,1,0,0
"POINT (9.799801338000066 52.407931932000054)",Unfall 91108 (2019) Kat:3, Licht: 2,91108,3,2,5,02,18,4,0,2,1,1,0,0
"POINT (9.722457141000064 52.378583719000062)",Unfall 91111 (2019) Kat:3, Licht: 0,91111,3,6,2,02,15,4,0,0,0,1,0,0
"POINT (9.451434650000067 52.423996529000078)",Unfall 91113 (2019) Kat:3, Licht: 0,91113,3,6,2,02,16,4,0,0,0,1,0,0
"POINT (9.646059360000038 52.406724531000066)",Unfall 91116 (2019) Kat:3, Licht: 0,91116,3,6,2,02,13,4,0,0,0,1,0,0
"POINT (9.589456081000037 52.397107047000077)",Unfall 91119 (2019) Kat:3, Licht: 0,91119,3,2,4,02,14,4,0,0,1,1,0,0
"POINT (9.574794618000055 52.281241306000027)",Unfall 91122 (2019) Kat:3, Licht: 0,91122,3,3,5,02,11,4,0,0,0,1,0,1
"POINT (9.534803580000073 52.271028721000050)",Unfall 91126 (2019) Kat:3, Licht: 0,91126,3,2,2,02,16,4,0,0,0,0,0,1
"POINT (9.620053656000039 52.427710474000037)",Unfall 91127 (2019) Kat:3, Licht: 0,91127,3,6,2,02,13,4,0,0,0,1,0,0
"POINT (9.966219729000045 52.315541704000054)",Unfall 91130 (2019) Kat:3, Licht: 0,91130,3,2,2,02,11,4,0,0,0,1,0,0
"POINT (9.892771880000055 52.350872684000080)",Unfall 91134 (2019) Kat:3, Licht: 0,91134,3,1,9,02,12,4,0,0,0,1,0,0
"POINT (9.680309423000040 52.431436746000031)",Unfall 91137 (2019) Kat:3, Licht: 0,91137,3,3,5,02,09,4,0,0,0,1,0,0
"POINT (9.535893027000043 52.420061783000051)",Unfall 91140 (2019) Kat:1, Licht: 0,91140,1,6,2,02,14,4,0,0,0,0,0,0
"POINT (9.779775761000053 52.366409677000036)",Unfall 91144 (2019) Kat:3, Licht: 0,91144,3,6,2,02,16,4,0,0,0,1,0,0
"POINT (9.899691127000040 52.391703569000072)",Unfall 91159 (2019) Kat:3, Licht: 0,91159,3,7,8,02,09,4,0,0,0,1,0,0
"POINT (10.260583700000041 52.453416169000036)",Unfall 91162 (2019) Kat:2, Licht: 0,91162,2,1,9,02,07,4,1,0,0,0,0,1
"POINT (9.586423978000028 52.416135091000058)",Unfall 91207 (2019) Kat:3, Licht: 1,91207,3,3,5,02,07,3,0,1,1,1,0,0
"POINT (9.589802649000035 52.438986021000062)",Unfall 91212 (2019) Kat:3, Licht: 2,91212,3,3,5,02,00,3,0,2,0,1,0,0