WKT,Name,OBJECTID,UKATEGORIE,UTYP1,UART,UMONAT,USTUNDE,UWOCHENTAG,STRZUSTAND,ULICHTVERH,ISTRAD,ISTPKW,ISTFUSS,ISTKRAD
"POINT (9.819400038000026 52.429329599000027)",Unfall 223146 (2019) Kat:3, Licht: 0,223146,3,2,5,06,18,4,1,0,1,1,0,0
"POINT (9.746354870000062 52.354199890000075)",Unfall 223147 (2019) Kat:3, Licht: 0,223147,3,6,2,06,14,4,1,0,0,1,0,0
"POINT (9.780472876000033 52.361535445000072)",Unfall 223148 (2019) Kat:3, Licht: 0,223148,3,1,8,06,12,4,1,0,0,1,0,0
"POINT (9.749053879000030 52.377795534000029)",Unfall 223149 (2019) Kat:3, Licht: 0,223149,3,3,5,06,08,4,0,0,1,1,0,0
"POINT (9.703764853000052 52.399571922000064)",Unfall 223170 (2019) Kat:3, Licht: 0,223170,3,3,5,06,15,3,0,0,1,1,0,0
"POINT (9.730560179000065 52.374861107000072)",Unfall 223171 (2019) Kat:3, Licht: 0,223171,3,6,2,06,16,3,0,0,0,1,0,0
"POINT (9.741824742000063 52.373160322000047)",Unfall 223172 (2019) Kat:3, Licht: 0,223172,3,1,0,06,10,3,0,0,0,0,0,1
"POINT (9.427672828000027 52.427224013000057)",Unfall 223173 (2019) Kat:3, Licht: 0,223173,3,2,4,06,07,3,1,0,1,1,0,0
"POINT (9.640848013000039 52.313337910000030)",Unfall 223174 (2019) Kat:3, Licht: 0,223174,3,7,1,06,16,3,0,0,0,1,1,0
"POINT (9.718625408000037 52.374052786000050)",Unfall 223175 (2019) Kat:3, Licht: 0,223175,3,3,5,06,20,3,0,0,1,1,0,0
"POINT (9.738096809000069 52.381834531000038)",Unfall 223196 (2019) Kat:3, Licht: 0,223196,3,2,4,06,14,2,0,0,1,1,0,0
"POINT (10.001368048000074 52.444470678000073)",Unfall 223197 (2019) Kat:3, Licht: 0,223197,3,1,0,06,11,2,0,0,1,0,0,0
"POINT (9.669942003000074 52.353741254000056)",Unfall 223216 (2019) Kat:3, Licht: 0,223216,3,7,0,06,17,1,0,0,0,0,0,1
"POINT (9.784987821000073 52.372655011000063)",Unfall 223230 (2019) Kat:2, Licht: 0,223230,2,3,0,06,07,7,0,0,1,1,0,0
"POINT (9.707371141000067 52.380631846000028)",Unfall 223231 (2019) Kat:3, Licht: 0,223231,3,7,0,06,14,7,0,0,1,0,0,0
"POINT (9.743403266000030 52.379363208000029)",Unfall 223232 (2019) Kat:3, Licht: 1,223232,3,2,4,06,21,7,0,1,0,1,0,0
"POINT (9.742311701000062 52.376048372000071)",Unfall 223233 (2019) Kat:3, Licht: 0,223233,3,2,5,06,12,7,0,0,1,1,0,0
"POINT (9.738264741000023 52.374576462000050)",Unfall 223234 (2019) Kat:3, Licht: 0,223234,3,1,6,06,20,7,0,0,1,0,1,0
"POINT (9.679945229000055 52.395181794000052)",Unfall 223235 (2019) Kat:2, Licht: 0,223235,2,1,9,06,18,7,0,0,0,0,0,0
"POINT (9.707605458000046 52.376543203000040)",Unfall 223238 (2019) Kat:3, Licht: 0,223238,3,5,3,06,14,2,0,0,1,1,0,0
"POINT (9.811949114000072 52.301671265000039)",Unfall 223239 (2019) Kat:3, Licht: 0,223239,3,1,0,06,14,2,0,0,1,0,0,0
"POINT (9.713425993000044 52.384293688000071)",Unfall 223240 (2019) Kat:3, Licht: 0,223240,3,6,2,06,16,2,0,0,0,1,0,0
"POINT (9.764301890000070 52.261600226000041)",Unfall 223241 (2019) Kat:3, Licht: 0,223241,3,2,5,06,10,2,0,0,1,1,0,0
"POINT (9.739937363000024 52.440579419000073)",Unfall 223242 (2019) Kat:3, Licht: 0,223242,3,7,2,06,14,2,0,0,0,1,0,0
"POINT (10.004300234000027 52.445775304000051)",Unfall 223246 (2019) Kat:3, Licht: 0,223246,3,1,0,06,20,2,1,0,0,0,0,1
"POINT (9.817382771000041 52.393508972000063)",Unfall 223249 (2019) Kat:3, Licht: 0,223249,3,3,5,06,19,2,0,0,1,1,0,0
"POINT (9.749803727000028 52.378035343000079)",Unfall 223269 (2019) Kat:3, Licht: 0,223269,3,3,5,06,13,1,0,0,0,1,0,0
"POINT (9.742954278000070 52.369514208000055)",Unfall 223270 (2019) Kat:3, Licht: 0,223270,3,1,0,06,19,1,0,0,1,0,0,0
"POINT (10.002250514000025 52.313611763000040)",Unfall 223271 (2019) Kat:3, Licht: 0,223271,3,5,1,06,11,1,0,0,0,1,0,0
"POINT (9.637852044000056 52.395224483000050)",Unfall 223272 (2019) Kat:1, Licht: 0,223272,1,7,0,06,11,1,0,0,1,0,0,0
"POINT (9.721604674000048 52.342233772000043)",Unfall 223273 (2019) Kat:3, Licht: 0,223273,3,3,5,06,13,1,0,0,1,1,0,0
"POINT (9.739338215000032 52.344133742000054)",Unfall 223274 (2019) Kat:2, Licht: 0,223274,2,3,5,06,09,1,0,0,1,0,0,0
"POINT (9.762136228000031 52.353063158000055)",Unfall 223275 (2019) Kat:2, Licht: 2,223275,2,7,0,06,01,1,0,2,1,0,0,0
"POINT (9.691901863000055 52.341015175000052)",Unfall 223299 (2019) Kat:3, Licht: 0,223299,3,5,1,06,15,7,0,0,1,1,0,0
"POINT (9.705933423000033 52.371997421000060)",Unfall 223300 (2019) Kat:3, Licht: 0,223300,3,7,1,06,18,7,0,0,0,1,1,0
"POINT (9.791066290000060 52.328164353000034)",Unfall 223301 (2019) Kat:3, Licht: 0,223301,3,6,2,06,11,7,0,0,0,1,0,0
"POINT (9.719409815000063 52.408967479000069)",Unfall 223302 (2019) Kat:3, Licht: 0,223302,3,5,1,06,18,7,0,0,0,1,0,0
"POINT (9.734140281000066 52.374608418000037)",Unfall 223303 (2019) Kat:3, Licht: 0,223303,3,4,6,06,16,7,0,0,0,0,1,0
"POINT (9.717393613000070 52.400258694000058)",Unfall 223304 (2019) Kat:3, Licht: 0,223304,3,3,5,06,20,7,0,0,1,1,0,0
"POINT (9.977684464000049 52.376475793000054)",Unfall 223305 (2019) Kat:2, Licht: 0,223305,2,7,6,06,11,7,0,0,0,0,1,0
"POINT (9.765860695000072 52.340737396000065)",Unfall 223338 (2019) Kat:3, Licht: 0,223338,3,7,6,06,16,6,0,0,1,0,1,0
"POINT (9.791823734000047 52.402093913000044)",Unfall 223339 (2019) Kat:3, Licht: 0,223339,3,3,5,06,11,6,0,0,1,1,0,0
"POINT (9.743873519000033 52.379420947000028)",Unfall 223340 (2019) Kat:2, Licht: 0,223340,2,3,5,06,19,6,0,0,1,0,0,1
"POINT (9.718066712000052 52.452850387000069)",Unfall 223341 (2019) Kat:3, Licht: 0,223341,3,1,9,06,18,6,0,0,0,0,0,0
"POINT (9.724375991000045 52.345985718000065)",Unfall 223342 (2019) Kat:3, Licht: 0,223342,3,2,2,06,18,6,0,0,0,1,0,1
"POINT (9.750690094000049 52.394949641000039)",Unfall 223343 (2019) Kat:3, Licht: 0,223343,3,6,2,06,19,6,0,0,0,1,0,0
"POINT (9.742001741000024 52.375788206000038)",Unfall 223344 (2019) Kat:2, Licht: 2,223344,2,1,0,06,23,6,0,2,0,0,0,1
"POINT (9.818027197000049 52.314281724000068)",Unfall 223345 (2019) Kat:3, Licht: 0,223345,3,7,0,06,21,6,0,0,1,0,0,0
"POINT (9.662734994000061 52.385974776000069)",Unfall 223346 (2019) Kat:2, Licht: 0,223346,2,4,6,06,19,6,0,0,0,1,1,0
"POINT (9.816229374000045 52.317690041000048)",Unfall 223347 (2019) Kat:3, Licht: 0,223347,3,4,6,06,15,6,0,0,0,1,1,0
"POINT (9.708596783000075 52.373060954000039)",Unfall 223383 (2019) Kat:3, Licht: 2,223383,3,7,0,06,23,5,1,2,1,0,0,0
"POINT (9.741824381000072 52.398631604000059)",Unfall 223384 (2019) Kat:3, Licht: 0,223384,3,2,4,06,13,5,0,0,1,1,0,0
"POINT (9.710382053000046 52.367308598000079)",Unfall 223385 (2019) Kat:3, Licht: 0,223385,3,7,0,06,10,5,0,0,1,0,0,0
"POINT (9.746283492000032 52.413190397000051)",Unfall 223386 (2019) Kat:2, Licht: 0,223386,2,3,5,06,21,5,1,0,1,1,0,0
"POINT (9.725234143000023 52.397811477000062)",Unfall 223387 (2019) Kat:3, Licht: 0,223387,3,6,2,06,14,5,0,0,0,1,0,0
"POINT (9.817668874000049 52.346987042000080)",Unfall 223420 (2019) Kat:3, Licht: 0,223420,3,3,5,06,16,4,0,0,1,1,0,0
"POINT (9.772631858000068 52.339101287000062)",Unfall 223421 (2019) Kat:3, Licht: 0,223421,3,3,5,06,16,4,1,0,1,1,0,0
"POINT (9.738892139000029 52.382655569000065)",Unfall 223422 (2019) Kat:3, Licht: 0,223422,3,3,5,06,08,4,0,0,1,1,0,0
"POINT (9.463428571000065 52.503969391000055)",Unfall 223423 (2019) Kat:3, Licht: 0,223423,3,6,2,06,12,4,0,0,0,1,0,0
"POINT (9.463270666000028 52.509644637000065)",Unfall 223424 (2019) Kat:3, Licht: 0,223424,3,7,0,06,17,4,0,0,0,1,0,1
"POINT (9.796482851000064 52.333964890000061)",Unfall 223444 (2019) Kat:3, Licht: 0,223444,3,2,4,06,18,3,0,0,1,1,0,0
"POINT (9.566372226000055 52.400764971000058)",Unfall 223445 (2019) Kat:3, Licht: 0,223445,3,2,6,06,15,3,0,0,1,0,1,0
"POINT (10.065532800000028 52.483463969000070)",Unfall 223446 (2019) Kat:3, Licht: 0,223446,3,3,5,06,20,3,0,0,1,1,0,0
"POINT (9.751985409000042 52.415340167000068)",Unfall 223447 (2019) Kat:3, Licht: 0,223447,3,6,4,06,18,3,0,0,1,0,0,0
"POINT (9.708859390000043 52.366012856000054)",Unfall 223474 (2019) Kat:3, Licht: 0,223474,3,2,0,06,13,2,0,0,1,0,0,0
"POINT (9.746168926000053 52.385380981000026)",Unfall 223475 (2019) Kat:3, Licht: 0,223475,3,5,0,06,18,2,0,0,1,1,0,0
"POINT (9.740096803000029 52.375766707000082)",Unfall 223476 (2019) Kat:3, Licht: 0,223476,3,6,6,06,12,2,0,0,1,0,1,0
"POINT (9.464564373000030 52.413256858000068)",Unfall 223477 (2019) Kat:3, Licht: 0,223477,3,6,2,06,07,2,0,0,0,1,0,0
"POINT (9.859014201000036 52.430473835000043)",Unfall 223478 (2019) Kat:3, Licht: 0,223478,3,6,3,06,11,2,0,0,1,0,0,0
"POINT (9.793038293000052 52.403226464000056)",Unfall 223479 (2019) Kat:3, Licht: 0,223479,3,6,3,06,13,2,0,0,0,1,0,0
"POINT (9.734746784000038 52.380178216000047)",Unfall 223480 (2019) Kat:3, Licht: 0,223480,3,2,6,06,10,2,0,0,0,1,1,0
"POINT (9.747691695000071 52.264278271000080)",Unfall 223500 (2019) Kat:3, Licht: 0,223500,3,5,1,06,10,1,0,0,1,1,0,0
"POINT (9.733097462000046 52.344937531000028)",Unfall 223501 (2019) Kat:3, Licht: 0,223501,3,2,5,06,15,1,0,0,1,1,0,0
"POINT (9.778839394000045 52.362200713000050)",Unfall 223502 (2019) Kat:3, Licht: 0,223502,3,3,5,06,12,1,0,0,1,1,0,0
"POINT (9.660082890000069 52.403729027000054)",Unfall 223528 (2019) Kat:3, Licht: 0,223528,3,3,5,06,18,7,0,0,1,0,0,0
"POINT (9.696857523000062 52.336642845000029)",Unfall 223529 (2019) Kat:3, Licht: 0,223529,3,7,0,06,20,7,0,0,1,0,0,0
"POINT (9.746505889000048 52.381163617000027)",Unfall 223530 (2019) Kat:3, Licht: 0,223530,3,7,1,06,05,7,0,0,0,1,1,0
"POINT (9.777527330000055 52.504828097000029)",Unfall 223531 (2019) Kat:3, Licht: 0,223531,3,3,5,06,10,7,0,0,0,1,0,0
"POINT (9.732518597000023 52.374438849000057)",Unfall 223532 (2019) Kat:3, Licht: 2,223532,3,4,6,06,01,7,0,2,0,1,1,0
"POINT (9.719234566000068 52.414284375000079)",Unfall 223577 (2019) Kat:3, Licht: 1,223577,3,6,4,06,22,6,0,1,1,0,0,0
"POINT (9.719961845000057 52.397076324000068)",Unfall 223578 (2019) Kat:3, Licht: 0,223578,3,6,2,06,10,6,0,0,0,1,0,0
"POINT (9.486615353000047 52.289463472000079)",Unfall 223579 (2019) Kat:3, Licht: 0,223579,3,1,0,06,09,6,0,0,1,0,0,0
"POINT (9.594468297000049 52.411238205000075)",Unfall 223580 (2019) Kat:3, Licht: 0,223580,3,3,5,06,17,6,0,0,1,0,0,1
"POINT (10.120342690000030 52.361069658000076)",Unfall 223581 (2019) Kat:2, Licht: 0,223581,2,7,0,06,11,6,0,0,1,0,0,0
"POINT (9.796749475000070 52.374364876000072)",Unfall 223582 (2019) Kat:3, Licht: 0,223582,3,1,9,06,20,6,0,0,1,1,0,0
"POINT (9.689353515000050 52.348598888000026)",Unfall 223583 (2019) Kat:3, Licht: 0,223583,3,3,5,06,17,6,0,0,0,1,0,0
"POINT (9.796802315000036 52.374053413000070)",Unfall 223584 (2019) Kat:2, Licht: 0,223584,2,1,1,06,19,6,0,0,1,1,0,0
"POINT (9.747379380000041 52.406156924000072)",Unfall 223585 (2019) Kat:3, Licht: 0,223585,3,1,9,06,12,6,0,0,1,0,0,0
"POINT (9.705897898000046 52.390776139000081)",Unfall 223586 (2019) Kat:3, Licht: 0,223586,3,4,6,06,11,6,0,0,0,1,1,0
"POINT (9.742027191000034 52.386110489000032)",Unfall 223587 (2019) Kat:3, Licht: 1,223587,3,5,1,06,04,6,0,1,1,1,0,0
"POINT (9.668159875000072 52.415493244000061)",Unfall 223635 (2019) Kat:3, Licht: 0,223635,3,1,0,06,11,5,0,0,1,0,0,0
"POINT (9.723043046000043 52.369721631000061)",Unfall 223636 (2019) Kat:3, Licht: 0,223636,3,2,4,06,09,5,0,0,1,1,0,0
"POINT (9.714641300000039 52.371727462000081)",Unfall 223637 (2019) Kat:3, Licht: 0,223637,3,3,5,06,12,5,0,0,1,1,0,0
"POINT (9.815239169000051 52.359744100000057)",Unfall 223638 (2019) Kat:3, Licht: 0,223638,3,2,6,06,12,5,0,0,0,0,1,0
"POINT (9.761551984000050 52.379770819000044)",Unfall 223639 (2019) Kat:3, Licht: 0,223639,3,3,5,06,20,5,0,0,0,1,0,1
"POINT (9.478032113000040 52.291816766000068)",Unfall 223640 (2019) Kat:2, Licht: 0,223640,2,3,5,06,09,5,0,0,1,0,0,0
"POINT (9.738095816000055 52.442668387000026)",Unfall 223641 (2019) Kat:3, Licht: 0,223641,3,3,5,06,08,5,0,0,1,1,0,0
"POINT (9.741450140000040 52.360019992000048)",Unfall 223642 (2019) Kat:3, Licht: 2,223642,3,2,3,06,22,5,0,2,1,0,0,0
"POINT (9.426773284000035 52.429941704000044)",Unfall 223643 (2019) Kat:2, Licht: 2,223643,2,6,4,06,22,5,0,2,1,0,0,0
"POINT (9.805014018000065 52.316321614000060)",Unfall 223644 (2019) Kat:3, Licht: 0,223644,3,6,0,06,14,5,0,0,0,0,0,1
"POINT (9.694730237000044 52.405518845000074)",Unfall 223645 (2019) Kat:2, Licht: 0,223645,2,3,5,06,07,5,0,0,0,1,0,1
"POINT (9.702948897000056 52.366704615000060)",Unfall 223687 (2019) Kat:3, Licht: 0,223687,3,5,2,06,08,4,0,0,1,1,0,0
"POINT (9.736853093000036 52.404710490000070)",Unfall 223688 (2019) Kat:3, Licht: 0,223688,3,2,6,06,19,4,0,0,0,1,1,0
"POINT (9.454992456000070 52.297087813000076)",Unfall 223689 (2019) Kat:3, Licht: 2,223689,3,7,1,06,00,4,0,2,0,1,0,0
"POINT (9.757463363000056 52.450292617000059)",Unfall 223690 (2019) Kat:3, Licht: 0,223690,3,3,5,06,21,4,0,0,1,1,0,0
"POINT (9.741730951000022 52.474374589000035)",Unfall 223691 (2019) Kat:3, Licht: 0,223691,3,2,5,06,19,4,0,0,1,1,0,0
"POINT (9.770012654000027 52.397226755000077)",Unfall 223692 (2019) Kat:3, Licht: 0,223692,3,1,0,06,20,4,0,0,1,0,0,0
"POINT (9.690550066000071 52.342617859000029)",Unfall 223693 (2019) Kat:3, Licht: 0,223693,3,6,2,06,16,4,0,0,0,1,0,0
"POINT (9.757179775000054 52.388821678000056)",Unfall 223694 (2019) Kat:3, Licht: 0,223694,3,3,5,06,16,4,0,0,1,1,0,0
"POINT (9.719832557000075 52.374960669000075)",Unfall 223731 (2019) Kat:3, Licht: 0,223731,3,7,0,06,07,3,0,0,1,0,0,0
"POINT (9.754358713000045 52.399790224000071)",Unfall 223732 (2019) Kat:3, Licht: 0,223732,3,3,5,06,11,3,0,0,1,0,0,0
"POINT (9.738088341000037 52.442620826000052)",Unfall 223733 (2019) Kat:3, Licht: 0,223733,3,4,6,06,15,3,0,0,0,1,1,0
"POINT (9.739428311000040 52.364081267000074)",Unfall 223734 (2019) Kat:3, Licht: 0,223734,3,6,6,06,20,3,0,0,1,0,1,0
"POINT (9.693757719000075 52.362113422000050)",Unfall 223735 (2019) Kat:2, Licht: 0,223735,2,3,5,06,17,3,0,0,1,0,0,0
"POINT (9.747370983000053 52.373771229000056)",Unfall 223736 (2019) Kat:3, Licht: 0,223736,3,2,2,06,14,3,0,0,0,1,0,0
"POINT (9.781466908000027 52.424479648000045)",Unfall 223737 (2019) Kat:3, Licht: 0,223737,3,7,0,06,14,3,0,0,1,0,0,0
"POINT (9.781062222000060 52.400280618000068)",Unfall 223738 (2019) Kat:3, Licht: 0,223738,3,2,5,06,16,3,0,0,1,1,0,0
"POINT (9.685304098000074 52.394600299000047)",Unfall 223739 (2019) Kat:3, Licht: 0,223739,3,3,0,06,07,3,0,0,0,1,0,1
"POINT (9.702946729000075 52.369398546000070)",Unfall 223775 (2019) Kat:3, Licht: 0,223775,3,3,5,07,20,2,0,0,1,0,0,0
"POINT (9.710509156000057 52.379570885000078)",Unfall 223776 (2019) Kat:3, Licht: 0,223776,3,3,5,07,18,2,0,0,1,0,0,0
"POINT (9.734482142000047 52.384683136000035)",Unfall 223777 (2019) Kat:3, Licht: 0,223777,3,6,2,07,14,2,0,0,0,1,0,0
"POINT (9.777959933000034 52.400480345000062)",Unfall 223778 (2019) Kat:3, Licht: 0,223778,3,2,4,07,13,2,0,0,1,1,0,0
"POINT (9.737397330000022 52.447851639000078)",Unfall 223779 (2019) Kat:3, Licht: 0,223779,3,4,6,07,16,2,0,0,1,0,1,0
"POINT (10.019343814000024 52.450428061000082)",Unfall 223780 (2019) Kat:3, Licht: 0,223780,3,1,0,07,18,2,0,0,1,0,0,0
"POINT (9.781112718000031 52.361275359000047)",Unfall 223781 (2019) Kat:2, Licht: 2,223781,2,3,5,07,22,2,0,2,0,1,0,1
"POINT (9.733673364000026 52.379837337000026)",Unfall 223782 (2019) Kat:3, Licht: 0,223782,3,3,5,07,17,2,0,0,1,1,0,0
"POINT (9.737263250000069 52.375378523000052)",Unfall 223783 (2019) Kat:3, Licht: 0,223783,3,7,6,07,13,2,0,0,1,0,1,0
"POINT (9.828554963000045 52.282012130000055)",Unfall 223784 (2019) Kat:3, Licht: 0,223784,3,3,5,07,11,2,0,0,1,1,0,0
"POINT (9.777108612000063 52.411164826000061)",Unfall 223795 (2019) Kat:3, Licht: 0,223795,3,3,5,07,17,1,0,0,1,1,0,0
"POINT (9.464144260000069 52.308404305000067)",Unfall 223796 (2019) Kat:3, Licht: 0,223796,3,7,6,07,19,1,0,0,0,0,1,0
"POINT (9.690795788000060 52.346208250000075)",Unfall 223797 (2019) Kat:3, Licht: 1,223797,3,3,5,07,21,1,0,1,0,1,0,0
"POINT (9.711749143000077 52.374269279000032)",Unfall 223813 (2019) Kat:3, Licht: 0,223813,3,1,0,07,18,7,1,0,1,0,0,0
"POINT (9.937264164000055 52.341964419000078)",Unfall 223814 (2019) Kat:3, Licht: 0,223814,3,5,1,07,12,7,0,0,0,1,0,0
"POINT (9.696787616000052 52.341701838000063)",Unfall 223815 (2019) Kat:3, Licht: 1,223815,3,1,0,07,21,7,1,1,0,0,0,1
"POINT (9.683908159000055 52.351290476000031)",Unfall 223816 (2019) Kat:3, Licht: 0,223816,3,1,0,07,14,7,0,0,1,0,0,0
"POINT (9.714834977000066 52.354491248000045)",Unfall 223834 (2019) Kat:3, Licht: 0,223834,3,2,2,07,17,6,0,0,0,1,0,0
"POINT (9.738625415000058 52.394447612000079)",Unfall 223835 (2019) Kat:3, Licht: 0,223835,3,6,3,07,06,6,0,0,0,1,0,1
"POINT (9.754456704000063 52.389750843000058)",Unfall 223836 (2019) Kat:3, Licht: 0,223836,3,5,1,07,07,6,0,0,1,1,0,0
"POINT (9.714055500000029 52.342219549000049)",Unfall 223858 (2019) Kat:3, Licht: 0,223858,3,6,3,07,11,5,0,0,1,0,0,0
"POINT (9.721884961000058 52.376703954000050)",Unfall 223859 (2019) Kat:3, Licht: 0,223859,3,7,6,07,08,5,0,0,1,0,1,0
"POINT (9.352864953000051 52.454216377000080)",Unfall 223860 (2019) Kat:3, Licht: 0,223860,3,6,3,07,15,5,0,0,1,0,0,0
"POINT (9.563538703000063 52.212605734000078)",Unfall 223861 (2019) Kat:3, Licht: 2,223861,3,3,5,07,21,5,0,2,0,1,0,0
"POINT (9.547436996000045 52.219312792000039)",Unfall 223862 (2019) Kat:3, Licht: 0,223862,3,5,1,07,13,5,0,0,0,1,0,0
"POINT (9.721455587000037 52.354546445000040)",Unfall 223863 (2019) Kat:3, Licht: 0,223863,3,2,5,07,12,5,0,0,1,1,0,0
"POINT (9.746360389000074 52.354369208000037)",Unfall 223864 (2019) Kat:3, Licht: 0,223864,3,2,5,07,10,5,0,0,1,1,0,0
"POINT (9.772595909000074 52.349940732000050)",Unfall 223865 (2019) Kat:2, Licht: 0,223865,2,7,0,07,11,5,0,0,1,0,0,0
"POINT (9.691731215000061 52.406743499000072)",Unfall 223901 (2019) Kat:3, Licht: 0,223901,3,3,5,07,17,4,0,0,0,1,0,0
"POINT (9.754631524000047 52.356842605000054)",Unfall 223902 (2019) Kat:3, Licht: 0,223902,3,3,5,07,12,4,0,0,0,1,0,0
"POINT (9.722471984000038 52.387100103000080)",Unfall 223903 (2019) Kat:3, Licht: 0,223903,3,4,6,07,11,4,0,0,1,0,1,0
"POINT (9.463026813000056 52.499232977000077)",Unfall 223904 (2019) Kat:3, Licht: 0,223904,3,3,1,07,10,4,0,0,1,1,0,0
"POINT (9.804853426000022 52.409468713000081)",Unfall 223905 (2019) Kat:3, Licht: 0,223905,3,3,5,07,15,4,0,0,1,1,0,0
"POINT (9.660342508000042 52.404854063000073)",Unfall 223951 (2019) Kat:3, Licht: 0,223951,3,6,4,07,15,3,0,0,1,0,0,0
"POINT (9.693606106000061 52.343147069000054)",Unfall 223952 (2019) Kat:3, Licht: 0,223952,3,2,3,07,12,3,0,0,0,1,0,0
"POINT (9.712059725000074 52.344740368000032)",Unfall 223953 (2019) Kat:3, Licht: 0,223953,3,6,4,07,19,3,0,0,1,1,0,0
"POINT (9.728328591000036 52.374148404000039)",Unfall 223954 (2019) Kat:3, Licht: 0,223954,3,6,2,07,16,3,0,0,0,1,0,0
"POINT (9.809751049000056 52.398076193000065)",Unfall 223955 (2019) Kat:3, Licht: 0,223955,3,5,1,07,08,3,0,0,1,1,0,0
"POINT (9.704622540000059 52.395247914000038)",Unfall 223956 (2019) Kat:3, Licht: 0,223956,3,3,5,07,07,3,0,0,1,1,0,0
"POINT (9.732533044000036 52.379183545000046)",Unfall 223957 (2019) Kat:3, Licht: 0,223957,3,7,6,07,10,3,0,0,1,0,1,0
"POINT (9.599561114000039 52.279303082000069)",Unfall 223958 (2019) Kat:3, Licht: 0,223958,3,6,4,07,13,3,0,0,1,0,0,0
"POINT (9.756702993000033 52.364949167000077)",Unfall 223959 (2019) Kat:3, Licht: 0,223959,3,2,2,07,16,3,0,0,0,1,0,0
"POINT (9.720058050000034 52.359797607000075)",Unfall 223960 (2019) Kat:3, Licht: 0,223960,3,4,6,07,16,3,0,0,1,0,1,0
"POINT (9.735663606000060 52.384914014000060)",Unfall 223961 (2019) Kat:3, Licht: 0,223961,3,7,0,07,15,3,0,0,1,1,0,0
"POINT (9.774194601000033 52.335645291000048)",Unfall 223962 (2019) Kat:3, Licht: 0,223962,3,3,5,07,12,3,0,0,0,1,0,0
"POINT (9.658573442000034 52.429474457000026)",Unfall 223995 (2019) Kat:3, Licht: 0,223995,3,5,1,07,17,2,0,0,0,1,0,0
"POINT (9.651405257000022 52.419564045000072)",Unfall 223996 (2019) Kat:3, Licht: 0,223996,3,1,2,07,14,2,0,0,0,1,0,0
"POINT (9.677880736000077 52.421684672000026)",Unfall 223997 (2019) Kat:3, Licht: 0,223997,3,7,1,07,05,2,0,0,0,1,0,0
"POINT (9.718216028000029 52.374712692000060)",Unfall 223998 (2019) Kat:3, Licht: 0,223998,3,1,0,07,15,2,0,0,1,0,0,0
"POINT (9.742239839000035 52.438002416000074)",Unfall 223999 (2019) Kat:3, Licht: 0,223999,3,7,5,07,18,2,0,0,0,1,0,0
"POINT (9.852596356000049 52.431506202000037)",Unfall 224000 (2019) Kat:2, Licht: 0,224000,2,7,0,07,12,2,0,0,1,0,0,0
"POINT (9.716075524000075 52.386411738000049)",Unfall 224001 (2019) Kat:3, Licht: 0,224001,3,7,0,07,19,2,0,0,1,0,0,0
"POINT (9.715107616000068 52.342014345000052)",Unfall 224002 (2019) Kat:2, Licht: 0,224002,2,6,0,07,15,2,0,0,1,0,0,0
"POINT (9.677913531000058 52.395569117000036)",Unfall 224003 (2019) Kat:3, Licht: 0,224003,3,2,6,07,16,2,0,0,0,1,1,0
"POINT (9.722528706000048 52.351824611000040)",Unfall 224004 (2019) Kat:3, Licht: 0,224004,3,2,0,07,13,2,0,0,0,1,0,0
"POINT (9.752999444000068 52.390041110000027)",Unfall 224005 (2019) Kat:3, Licht: 0,224005,3,3,5,07,10,2,0,0,1,1,0,0
"POINT (9.744364447000066 52.380177807000052)",Unfall 224026 (2019) Kat:3, Licht: 2,224026,3,7,0,07,02,7,0,2,1,1,0,0
"POINT (9.756674039000075 52.360128500000030)",Unfall 224048 (2019) Kat:3, Licht: 0,224048,3,4,6,07,20,6,0,0,1,0,1,0
"POINT (9.754585848000033 52.361779659000035)",Unfall 224049 (2019) Kat:3, Licht: 0,224049,3,6,3,07,13,6,0,0,1,0,0,0
"POINT (9.458576455000070 52.503043706000028)",Unfall 224050 (2019) Kat:3, Licht: 0,224050,3,6,3,07,14,6,0,0,1,1,0,0
"POINT (10.019098197000062 52.439745308000056)",Unfall 224051 (2019) Kat:3, Licht: 0,224051,3,3,5,07,16,6,0,0,0,1,0,0
"POINT (9.767703936000032 52.410230282000043)",Unfall 224052 (2019) Kat:3, Licht: 0,224052,3,2,5,07,10,6,0,0,0,1,0,0
"POINT (9.771836614000051 52.338762388000077)",Unfall 224071 (2019) Kat:3, Licht: 1,224071,3,3,5,07,21,5,0,1,1,1,0,0
"POINT (9.761563562000049 52.342004175000056)",Unfall 224072 (2019) Kat:3, Licht: 0,224072,3,6,3,07,13,5,0,0,0,1,0,0
"POINT (9.733810386000073 52.384690844000033)",Unfall 224073 (2019) Kat:3, Licht: 0,224073,3,2,2,07,16,5,0,0,1,1,0,0
"POINT (9.764757949000057 52.395767317000036)",Unfall 224074 (2019) Kat:3, Licht: 0,224074,3,6,3,07,18,5,0,0,1,1,0,0