WKT,Name,OBJECTID,UKATEGORIE,UTYP1,UART,UMONAT,USTUNDE,UWOCHENTAG,STRZUSTAND,ULICHTVERH,ISTRAD,ISTPKW,ISTFUSS,ISTKRAD
"POINT (9.742202339000073 52.437999545000082)",Unfall 224898 (2019) Kat:3, Licht: 0,224898,3,6,2,08,13,5,0,0,0,1,0,0
"POINT (10.007633417000022 52.449691597000026)",Unfall 224899 (2019) Kat:3, Licht: 0,224899,3,2,2,08,08,5,1,0,0,1,0,0
"POINT (9.815178497000034 52.385740918000067)",Unfall 224900 (2019) Kat:3, Licht: 0,224900,3,7,0,08,07,5,1,0,0,0,0,1
"POINT (9.754915915000026 52.360400804000051)",Unfall 224901 (2019) Kat:1, Licht: 0,224901,1,2,5,08,09,5,1,0,1,1,0,0
"POINT (9.815236945000038 52.359690436000051)",Unfall 224938 (2019) Kat:3, Licht: 0,224938,3,2,2,08,15,4,0,0,0,1,0,0
"POINT (9.761737853000057 52.394885488000057)",Unfall 224939 (2019) Kat:3, Licht: 0,224939,3,6,2,08,18,4,0,0,0,1,0,0
"POINT (9.733426132000034 52.375638923000054)",Unfall 224940 (2019) Kat:2, Licht: 0,224940,2,6,6,08,18,4,0,0,0,0,1,0
"POINT (9.807748936000053 52.380407608000041)",Unfall 224941 (2019) Kat:3, Licht: 0,224941,3,4,6,08,11,4,0,0,0,1,1,0
"POINT (9.674461007000048 52.408246045000055)",Unfall 224966 (2019) Kat:3, Licht: 0,224966,3,3,5,08,17,3,0,0,0,1,0,0
"POINT (9.720748804000039 52.390973740000049)",Unfall 224967 (2019) Kat:3, Licht: 1,224967,3,6,6,08,06,3,0,1,1,0,1,0
"POINT (9.619978254000046 52.435947289000069)",Unfall 224968 (2019) Kat:3, Licht: 0,224968,3,3,5,08,09,3,1,0,0,1,0,1
"POINT (10.005060616000037 52.317671127000040)",Unfall 224969 (2019) Kat:3, Licht: 0,224969,3,7,5,08,12,3,0,0,1,1,0,0
"POINT (9.783030437000036 52.326387431000057)",Unfall 224970 (2019) Kat:3, Licht: 0,224970,3,3,5,08,14,3,0,0,0,1,0,1
"POINT (9.706770768000069 52.359521253000082)",Unfall 224971 (2019) Kat:3, Licht: 0,224971,3,6,3,08,16,3,0,0,0,1,0,0
"POINT (9.653584552000041 52.411978527000031)",Unfall 224992 (2019) Kat:3, Licht: 2,224992,3,3,0,08,21,2,1,2,0,0,0,1
"POINT (9.712762395000027 52.342044258000044)",Unfall 224993 (2019) Kat:3, Licht: 0,224993,3,5,1,08,07,2,0,0,0,1,0,0
"POINT (9.646312088000059 52.399275355000043)",Unfall 224994 (2019) Kat:3, Licht: 0,224994,3,7,0,08,13,2,0,0,1,0,0,0
"POINT (9.741307187000075 52.439694434000046)",Unfall 224995 (2019) Kat:3, Licht: 1,224995,3,7,0,08,20,2,1,1,1,0,0,0
"POINT (9.710628569000050 52.448282905000042)",Unfall 224996 (2019) Kat:3, Licht: 0,224996,3,3,5,08,14,2,0,0,0,1,0,1
"POINT (9.775318952000021 52.400360476000060)",Unfall 224997 (2019) Kat:3, Licht: 0,224997,3,3,5,08,19,2,1,0,1,1,0,0
"POINT (9.815694724000025 52.292153128000052)",Unfall 224998 (2019) Kat:3, Licht: 0,224998,3,2,2,08,14,2,0,0,0,1,0,0
"POINT (9.711454783000022 52.358566091000057)",Unfall 225021 (2019) Kat:3, Licht: 0,225021,3,1,0,08,13,1,0,0,1,0,0,0
"POINT (9.732528662000050 52.362206085000082)",Unfall 225022 (2019) Kat:3, Licht: 2,225022,3,2,5,08,03,1,0,2,1,1,0,0
"POINT (9.750966402000074 52.348367216000042)",Unfall 225023 (2019) Kat:2, Licht: 0,225023,2,7,0,08,19,1,0,0,1,0,0,0
"POINT (9.735185088000037 52.470452014000045)",Unfall 225024 (2019) Kat:3, Licht: 2,225024,3,7,0,08,00,1,0,2,1,0,0,0
"POINT (9.694337097000073 52.403781872000081)",Unfall 225025 (2019) Kat:3, Licht: 0,225025,3,1,0,08,18,1,0,0,1,0,0,0
"POINT (9.730646212000067 52.376169304000030)",Unfall 225026 (2019) Kat:3, Licht: 0,225026,3,2,5,08,20,1,0,0,1,1,0,0
"POINT (9.718464401000063 52.374423813000078)",Unfall 225045 (2019) Kat:3, Licht: 0,225045,3,7,0,08,19,7,0,0,1,0,0,0
"POINT (9.820120669000062 52.333022331000052)",Unfall 225046 (2019) Kat:3, Licht: 0,225046,3,6,2,08,12,7,0,0,0,1,0,0
"POINT (9.763420861000043 52.338656461000028)",Unfall 225047 (2019) Kat:3, Licht: 0,225047,3,4,6,08,11,7,0,0,1,0,1,0
"POINT (9.734305830000039 52.376724323000076)",Unfall 225048 (2019) Kat:3, Licht: 0,225048,3,2,5,08,15,7,0,0,1,1,0,0
"POINT (9.740139519000024 52.370767692000072)",Unfall 225049 (2019) Kat:3, Licht: 0,225049,3,3,5,08,14,7,0,0,0,1,0,0
"POINT (9.654224675000023 52.447699207000028)",Unfall 225050 (2019) Kat:3, Licht: 2,225050,3,1,0,08,22,7,0,2,1,0,0,0
"POINT (9.781597608000027 52.415651057000048)",Unfall 225051 (2019) Kat:3, Licht: 0,225051,3,1,0,08,17,7,0,0,0,0,0,1
"POINT (9.765614667000023 52.418601112000033)",Unfall 225052 (2019) Kat:3, Licht: 0,225052,3,2,5,08,08,7,0,0,0,1,0,0
"POINT (9.453961239000023 52.416417672000080)",Unfall 225061 (2019) Kat:3, Licht: 2,225061,3,3,5,08,22,1,0,2,0,1,0,0
"POINT (9.570308667000063 52.272926955000059)",Unfall 225062 (2019) Kat:3, Licht: 0,225062,3,2,5,08,09,1,0,0,1,1,0,0
"POINT (10.178113664000023 52.463764193000031)",Unfall 225063 (2019) Kat:3, Licht: 2,225063,3,5,1,08,00,1,0,2,1,1,0,0
"POINT (9.754518110000049 52.345312223000064)",Unfall 225064 (2019) Kat:3, Licht: 0,225064,3,6,3,08,17,1,0,0,1,0,0,0
"POINT (9.747336286000063 52.400101803000041)",Unfall 225065 (2019) Kat:3, Licht: 0,225065,3,6,3,08,14,1,0,0,1,0,0,0
"POINT (9.807205701000044 52.294834954000066)",Unfall 225081 (2019) Kat:3, Licht: 0,225081,3,1,0,08,11,1,0,0,1,0,0,0
"POINT (9.730564121000043 52.374862405000044)",Unfall 225093 (2019) Kat:3, Licht: 2,225093,3,6,2,08,23,7,0,2,0,1,0,0
"POINT (9.581347462000053 52.448460229000034)",Unfall 225094 (2019) Kat:3, Licht: 0,225094,3,7,8,08,20,7,0,0,0,1,0,0
"POINT (9.964715485000056 52.375575949000051)",Unfall 225095 (2019) Kat:3, Licht: 0,225095,3,7,1,08,12,7,0,0,1,1,0,0
"POINT (10.024207123000053 52.437830626000050)",Unfall 225096 (2019) Kat:3, Licht: 0,225096,3,6,2,08,10,7,0,0,0,1,0,0
"POINT (9.745176142000048 52.480464190000077)",Unfall 225097 (2019) Kat:3, Licht: 0,225097,3,2,5,08,20,7,0,0,0,1,0,0
"POINT (9.744980080000062 52.381242824000026)",Unfall 225098 (2019) Kat:3, Licht: 0,225098,3,5,1,08,19,7,0,0,0,1,0,1
"POINT (9.712507136000056 52.373556376000067)",Unfall 225099 (2019) Kat:2, Licht: 0,225099,2,5,1,08,13,7,0,0,1,1,0,0
"POINT (9.763204952000024 52.401571340000032)",Unfall 225100 (2019) Kat:3, Licht: 0,225100,3,3,5,08,10,7,0,0,1,1,0,0
"POINT (9.721803407000039 52.372241934000044)",Unfall 225136 (2019) Kat:3, Licht: 0,225136,3,5,1,08,08,6,0,0,1,1,0,0
"POINT (9.664047515000050 52.382897806000074)",Unfall 225137 (2019) Kat:3, Licht: 0,225137,3,5,3,08,12,6,0,0,0,1,0,1
"POINT (9.764190685000074 52.417462801000056)",Unfall 225138 (2019) Kat:3, Licht: 0,225138,3,3,5,08,10,6,0,0,0,1,0,0
"POINT (9.627976367000031 52.395214983000074)",Unfall 225139 (2019) Kat:3, Licht: 0,225139,3,6,4,08,13,6,0,0,0,1,0,0
"POINT (9.722888916000045 52.427381081000078)",Unfall 225140 (2019) Kat:3, Licht: 2,225140,3,1,0,08,23,6,0,2,1,0,0,0
"POINT (9.662207877000071 52.448612277000052)",Unfall 225141 (2019) Kat:3, Licht: 0,225141,3,2,4,08,14,6,0,0,1,1,0,0
"POINT (9.820140206000076 52.284668694000061)",Unfall 225142 (2019) Kat:3, Licht: 0,225142,3,7,0,08,17,6,0,0,1,0,0,0
"POINT (9.825255833000028 52.379049155000075)",Unfall 225143 (2019) Kat:3, Licht: 0,225143,3,2,5,08,12,6,0,0,0,1,0,0
"POINT (9.656464462000031 52.316414728000041)",Unfall 225144 (2019) Kat:2, Licht: 0,225144,2,7,0,08,08,6,0,0,0,0,0,0
"POINT (9.713788477000037 52.393153982000058)",Unfall 225145 (2019) Kat:3, Licht: 2,225145,3,6,4,08,05,6,0,2,1,0,0,0
"POINT (9.706245441000021 52.372691964000069)",Unfall 225175 (2019) Kat:3, Licht: 0,225175,3,3,5,08,16,5,0,0,1,1,0,0
"POINT (9.773495639000032 52.365194008000060)",Unfall 225176 (2019) Kat:3, Licht: 0,225176,3,7,0,08,14,5,0,0,0,0,0,1
"POINT (9.789015966000022 52.330405356000028)",Unfall 225177 (2019) Kat:3, Licht: 0,225177,3,2,5,08,19,5,0,0,1,1,0,0
"POINT (9.773343531000023 52.350849559000039)",Unfall 225178 (2019) Kat:2, Licht: 0,225178,2,1,9,08,13,5,0,0,1,0,0,0
"POINT (9.733836287000031 52.394806740000035)",Unfall 225179 (2019) Kat:3, Licht: 0,225179,3,6,4,08,16,5,0,0,1,0,0,0
"POINT (9.675237405000075 52.345017878000078)",Unfall 225180 (2019) Kat:3, Licht: 0,225180,3,5,1,08,09,5,0,0,1,0,0,0
"POINT (9.961837774000060 52.389596621000067)",Unfall 225181 (2019) Kat:2, Licht: 0,225181,2,3,5,08,12,5,0,0,0,1,0,0
"POINT (9.756064971000058 52.368721969000035)",Unfall 225182 (2019) Kat:3, Licht: 0,225182,3,4,6,08,06,5,0,0,1,0,1,0
"POINT (9.705849820000026 52.372183217000043)",Unfall 225183 (2019) Kat:2, Licht: 0,225183,2,3,5,08,12,5,0,0,1,1,0,0
"POINT (9.670073367000043 52.355239616000063)",Unfall 225184 (2019) Kat:3, Licht: 0,225184,3,4,6,08,09,5,0,0,0,1,1,0
"POINT (9.788304385000060 52.397395807000066)",Unfall 225215 (2019) Kat:3, Licht: 0,225215,3,6,2,08,09,4,0,0,0,1,0,0
"POINT (9.753880247000041 52.264577119000080)",Unfall 225216 (2019) Kat:3, Licht: 0,225216,3,6,2,08,08,4,0,0,1,1,0,0
"POINT (9.609478059000026 52.446844716000044)",Unfall 225217 (2019) Kat:3, Licht: 0,225217,3,3,5,08,16,4,0,0,0,1,0,1
"POINT (9.766445356000077 52.564208716000053)",Unfall 225218 (2019) Kat:3, Licht: 0,225218,3,3,0,08,08,4,0,0,1,1,0,0
"POINT (9.674503941000069 52.435871910000060)",Unfall 225219 (2019) Kat:3, Licht: 0,225219,3,6,2,08,18,4,0,0,1,0,0,0
"POINT (9.799669336000022 52.398105635000036)",Unfall 225220 (2019) Kat:3, Licht: 0,225220,3,1,8,08,19,4,0,0,0,1,0,0
"POINT (9.738775083000064 52.394437776000075)",Unfall 225221 (2019) Kat:2, Licht: 0,225221,2,2,6,08,15,4,0,0,0,1,1,0
"POINT (9.787148259000048 52.443833720000043)",Unfall 225222 (2019) Kat:3, Licht: 0,225222,3,7,0,08,10,4,0,0,1,0,0,0
"POINT (9.705068247000042 52.374279523000041)",Unfall 225223 (2019) Kat:3, Licht: 2,225223,3,1,0,08,00,4,1,2,1,0,0,0
"POINT (9.750565957000049 52.375921563000077)",Unfall 225255 (2019) Kat:3, Licht: 0,225255,3,2,2,08,17,3,0,0,0,1,0,1
"POINT (9.842025694000029 52.489743109000074)",Unfall 225256 (2019) Kat:3, Licht: 0,225256,3,3,5,08,10,3,0,0,1,1,0,0
"POINT (10.021176537000031 52.436832936000030)",Unfall 225257 (2019) Kat:3, Licht: 0,225257,3,3,5,08,09,3,0,0,0,1,0,1
"POINT (9.820038011000065 52.389319525000076)",Unfall 225258 (2019) Kat:3, Licht: 0,225258,3,3,5,08,17,3,0,0,0,1,0,1
"POINT (9.724721804000069 52.344976389000067)",Unfall 225259 (2019) Kat:2, Licht: 0,225259,2,2,5,08,16,3,0,0,0,1,0,1
"POINT (9.724386420000030 52.363528634000033)",Unfall 225284 (2019) Kat:3, Licht: 0,225284,3,6,2,08,17,2,0,0,0,1,0,0
"POINT (9.971343887000046 52.315019063000079)",Unfall 225285 (2019) Kat:3, Licht: 0,225285,3,3,5,08,15,2,0,0,0,1,0,1
"POINT (9.739419980000037 52.453262764000044)",Unfall 225286 (2019) Kat:3, Licht: 0,225286,3,2,5,08,14,2,0,0,1,1,0,0
"POINT (10.199297334000050 52.465796765000050)",Unfall 225287 (2019) Kat:3, Licht: 0,225287,3,3,5,08,17,2,0,0,1,1,0,0
"POINT (9.743791868000074 52.411303551000060)",Unfall 225288 (2019) Kat:3, Licht: 0,225288,3,4,0,08,18,2,0,0,0,1,1,0
"POINT (9.750300885000058 52.388757233000035)",Unfall 225289 (2019) Kat:3, Licht: 0,225289,3,2,3,08,12,2,0,0,1,0,0,0
"POINT (9.694335021000029 52.339283244000057)",Unfall 225290 (2019) Kat:3, Licht: 0,225290,3,3,5,08,10,2,0,0,1,1,0,0
"POINT (9.763788020000050 52.363506162000078)",Unfall 225312 (2019) Kat:3, Licht: 2,225312,3,1,8,08,02,1,0,2,0,1,0,0
"POINT (9.740887167000039 52.399148506000074)",Unfall 225313 (2019) Kat:3, Licht: 0,225313,3,1,0,08,16,1,1,0,0,0,0,1
"POINT (9.757069115000036 52.370411955000066)",Unfall 225314 (2019) Kat:2, Licht: 0,225314,2,3,5,08,13,1,1,0,1,1,0,0
"POINT (9.961840163000034 52.389600299000051)",Unfall 225315 (2019) Kat:2, Licht: 2,225315,2,3,5,08,01,1,0,2,0,1,0,0
"POINT (9.691675144000044 52.329650336000043)",Unfall 225350 (2019) Kat:3, Licht: 0,225350,3,1,0,09,15,2,0,0,1,0,0,0
"POINT (9.748955049000074 52.350845205000041)",Unfall 225351 (2019) Kat:3, Licht: 0,225351,3,6,2,09,15,2,0,0,0,1,0,0
"POINT (9.750839558000052 52.375997566000080)",Unfall 225352 (2019) Kat:3, Licht: 0,225352,3,6,0,09,17,2,0,0,0,1,0,0
"POINT (9.754316723000045 52.368366168000080)",Unfall 225353 (2019) Kat:3, Licht: 0,225353,3,2,5,09,07,2,1,0,1,1,0,0
"POINT (9.763150611000071 52.410285753000039)",Unfall 225354 (2019) Kat:3, Licht: 0,225354,3,6,2,09,07,2,0,0,0,1,0,0
"POINT (9.791913327000032 52.402989558000058)",Unfall 225355 (2019) Kat:3, Licht: 0,225355,3,6,2,09,09,2,0,0,0,1,0,0
"POINT (9.464417038000022 52.504038913000045)",Unfall 225356 (2019) Kat:3, Licht: 0,225356,3,6,2,09,15,2,0,0,0,1,0,0
"POINT (9.763330513000028 52.369210038000062)",Unfall 225357 (2019) Kat:3, Licht: 0,225357,3,6,2,09,14,2,0,0,0,1,0,0
"POINT (9.798732884000060 52.385322218000056)",Unfall 225358 (2019) Kat:2, Licht: 0,225358,2,3,5,09,12,2,0,0,1,0,0,0
"POINT (9.724142228000062 52.346650165000028)",Unfall 225374 (2019) Kat:3, Licht: 0,225374,3,7,0,09,17,1,0,0,1,0,0,0
"POINT (9.684499892000076 52.396034126000075)",Unfall 225388 (2019) Kat:3, Licht: 2,225388,3,2,4,08,21,7,0,2,0,1,0,1
"POINT (9.694391876000054 52.376382726000031)",Unfall 225389 (2019) Kat:3, Licht: 0,225389,3,1,0,08,12,7,0,0,1,0,0,0
"POINT (9.734769774000029 52.373184186000060)",Unfall 225390 (2019) Kat:3, Licht: 2,225390,3,5,1,08,20,7,0,2,1,1,0,0
"POINT (9.747105976000057 52.373767323000038)",Unfall 225391 (2019) Kat:3, Licht: 0,225391,3,1,0,08,11,7,0,0,1,0,0,0
"POINT (9.908739035000053 52.495597398000029)",Unfall 225392 (2019) Kat:3, Licht: 0,225392,3,7,0,08,16,7,0,0,0,0,0,1
"POINT (9.817553233000069 52.381059633000064)",Unfall 225393 (2019) Kat:2, Licht: 0,225393,2,3,5,08,18,7,0,0,1,1,0,0
"POINT (9.721327980000069 52.390211693000026)",Unfall 225394 (2019) Kat:2, Licht: 0,225394,2,7,0,08,14,7,0,0,0,1,0,0
"POINT (9.728243430000021 52.370630969000047)",Unfall 225416 (2019) Kat:3, Licht: 0,225416,3,2,5,08,18,6,0,0,1,1,0,0
"POINT (9.806785045000027 52.307997635000049)",Unfall 225417 (2019) Kat:3, Licht: 0,225417,3,6,4,08,10,6,0,0,1,0,1,0
"POINT (9.706169761000069 52.403318813000055)",Unfall 225418 (2019) Kat:3, Licht: 0,225418,3,3,6,08,06,6,0,0,0,0,1,0
"POINT (9.805092726000055 52.421318021000047)",Unfall 225419 (2019) Kat:3, Licht: 0,225419,3,5,1,08,16,6,0,0,1,1,0,0
"POINT (9.429869197000073 52.420421351000073)",Unfall 225420 (2019) Kat:3, Licht: 0,225420,3,3,5,08,09,6,0,0,1,1,0,0
"POINT (9.664740733000031 52.236494874000073)",Unfall 225421 (2019) Kat:3, Licht: 0,225421,3,3,5,08,19,6,0,0,1,1,0,0
"POINT (9.980096989000060 52.376127131000032)",Unfall 225422 (2019) Kat:3, Licht: 1,225422,3,6,6,08,20,6,0,1,1,0,1,0
"POINT (9.669696016000046 52.354372640000065)",Unfall 225423 (2019) Kat:3, Licht: 0,225423,3,7,6,08,12,6,0,0,0,0,1,0
"POINT (9.712718470000027 52.384890155000051)",Unfall 225424 (2019) Kat:3, Licht: 0,225424,3,3,5,08,13,6,0,0,1,0,0,0
"POINT (9.804800646000047 52.378044788000068)",Unfall 225456 (2019) Kat:2, Licht: 0,225456,2,3,5,08,08,5,1,0,0,1,0,0
"POINT (9.713685367000039 52.403399524000065)",Unfall 225457 (2019) Kat:3, Licht: 2,225457,3,5,1,08,21,5,0,2,0,1,0,1
"POINT (9.791824334000069 52.402524858000049)",Unfall 225458 (2019) Kat:3, Licht: 0,225458,3,6,3,08,07,5,0,0,0,1,0,0
"POINT (10.010239005000074 52.448208700000066)",Unfall 225459 (2019) Kat:3, Licht: 0,225459,3,3,5,08,18,5,0,0,1,1,0,0
"POINT (9.690412317000039 52.443466794000074)",Unfall 225460 (2019) Kat:2, Licht: 0,225460,2,3,5,08,12,5,0,0,0,1,0,0
"POINT (9.719398791000060 52.396863001000042)",Unfall 225461 (2019) Kat:3, Licht: 0,225461,3,3,5,08,07,5,1,0,0,1,0,0
"POINT (9.750299039000026 52.370512002000055)",Unfall 225485 (2019) Kat:3, Licht: 0,225485,3,7,6,08,14,4,0,0,0,0,1,0
"POINT (9.748527544000069 52.385580763000064)",Unfall 225486 (2019) Kat:3, Licht: 0,225486,3,1,0,08,06,4,0,0,1,0,0,0
"POINT (9.974049984000033 52.383698239000068)",Unfall 225487 (2019) Kat:2, Licht: 2,225487,2,2,5,08,21,4,0,2,0,1,0,0
"POINT (9.991058501000055 52.410356363000062)",Unfall 225488 (2019) Kat:3, Licht: 0,225488,3,3,5,08,16,4,0,0,1,1,0,0
"POINT (9.767468236000070 52.338699127000041)",Unfall 225515 (2019) Kat:3, Licht: 0,225515,3,7,0,08,14,3,0,0,0,0,0,1
"POINT (9.734108673000037 52.403454011000065)",Unfall 225516 (2019) Kat:3, Licht: 0,225516,3,6,2,08,15,3,0,0,0,1,0,0
"POINT (9.734889479000060 52.380222784000068)",Unfall 225517 (2019) Kat:3, Licht: 0,225517,3,6,3,08,19,3,0,0,0,1,0,0
"POINT (9.970777911000027 52.374517465000054)",Unfall 225518 (2019) Kat:3, Licht: 0,225518,3,6,3,08,10,3,0,0,1,1,0,0
"POINT (9.718161486000042 52.452259875000038)",Unfall 225519 (2019) Kat:3, Licht: 0,225519,3,6,2,08,16,3,0,0,0,1,0,1
"POINT (10.020231594000052 52.440355899000053)",Unfall 225520 (2019) Kat:3, Licht: 0,225520,3,3,5,08,08,3,0,0,1,1,0,0
"POINT (9.728802305000045 52.373086507000039)",Unfall 225521 (2019) Kat:3, Licht: 1,225521,3,1,0,08,20,3,0,1,0,0,0,0
"POINT (9.983531265000067 52.466170182000042)",Unfall 225522 (2019) Kat:3, Licht: 0,225522,3,2,2,08,16,3,0,0,1,1,0,0
"POINT (9.782174484000052 52.328986692000058)",Unfall 225523 (2019) Kat:3, Licht: 0,225523,3,1,0,08,15,3,0,0,1,0,0,0
"POINT (9.695583071000044 52.408841318000043)",Unfall 225524 (2019) Kat:3, Licht: 0,225524,3,2,5,08,13,3,0,0,1,1,0,0
"POINT (9.596424027000069 52.460152629000049)",Unfall 225525 (2019) Kat:2, Licht: 0,225525,2,6,8,08,07,3,0,0,1,0,0,0
"POINT (9.744545446000075 52.385084853000080)",Unfall 225526 (2019) Kat:3, Licht: 0,225526,3,3,5,08,07,3,0,0,1,1,0,0
"POINT (9.719132811000065 52.365761121000048)",Unfall 225556 (2019) Kat:3, Licht: 0,225556,3,5,1,08,18,2,0,0,1,1,0,0
"POINT (9.857572313000048 52.411023258000057)",Unfall 225557 (2019) Kat:3, Licht: 0,225557,3,7,0,08,13,2,0,0,0,1,1,0
"POINT (9.839389644000050 52.422499696000045)",Unfall 225558 (2019) Kat:3, Licht: 0,225558,3,2,2,08,16,2,0,0,0,1,0,0
"POINT (9.819414406000021 52.356099509000046)",Unfall 225559 (2019) Kat:1, Licht: 0,225559,1,3,5,08,10,2,0,0,1,1,0,0
"POINT (9.739641079000023 52.381208054000069)",Unfall 225560 (2019) Kat:3, Licht: 0,225560,3,3,5,08,09,2,0,0,1,1,0,0
"POINT (9.701458710000054 52.395903760000067)",Unfall 225605 (2019) Kat:3, Licht: 0,225605,3,6,2,09,13,3,0,0,0,1,0,0
"POINT (9.748865841000054 52.365556324000067)",Unfall 225606 (2019) Kat:3, Licht: 0,225606,3,5,1,09,07,3,0,0,1,1,0,0
"POINT (9.762600242000076 52.415881552000030)",Unfall 225607 (2019) Kat:3, Licht: 0,225607,3,3,5,09,09,3,0,0,1,0,0,0
"POINT (9.602659147000054 52.305991777000031)",Unfall 225608 (2019) Kat:3, Licht: 0,225608,3,5,0,09,07,3,0,0,1,1,0,0
"POINT (9.744724615000052 52.449246960000039)",Unfall 225609 (2019) Kat:3, Licht: 0,225609,3,3,5,09,10,3,0,0,1,1,0,0
"POINT (9.829623376000029 52.425234868000075)",Unfall 225610 (2019) Kat:2, Licht: 0,225610,2,4,0,09,11,3,0,0,0,1,1,0
"POINT (9.736865628000032 52.383375435000062)",Unfall 225611 (2019) Kat:3, Licht: 0,225611,3,6,3,09,11,3,0,0,0,1,0,0
"POINT (9.700289058000067 52.341630106000082)",Unfall 225645 (2019) Kat:3, Licht: 0,225645,3,3,5,09,12,2,1,0,1,1,0,0
"POINT (9.720285612000055 52.387783880000029)",Unfall 225646 (2019) Kat:3, Licht: 0,225646,3,5,1,09,15,2,0,0,1,1,0,0
"POINT (9.802728578000028 52.397504351000066)",Unfall 225647 (2019) Kat:3, Licht: 0,225647,3,7,7,09,07,2,0,0,0,0,0,1
"POINT (9.590715990000035 52.439956083000027)",Unfall 225648 (2019) Kat:3, Licht: 0,225648,3,3,5,09,16,2,0,0,1,1,0,0
"POINT (9.976785461000077 52.376792786000067)",Unfall 225649 (2019) Kat:3, Licht: 0,225649,3,7,1,09,16,2,0,0,0,1,0,0
"POINT (9.738013972000033 52.382155738000051)",Unfall 225650 (2019) Kat:3, Licht: 0,225650,3,2,5,09,08,2,0,0,1,0,0,0
"POINT (9.658533705000025 52.406193631000065)",Unfall 225675 (2019) Kat:3, Licht: 2,225675,3,6,2,09,00,1,1,2,0,1,0,0
"POINT (9.739768596000033 52.365780871000027)",Unfall 225676 (2019) Kat:3, Licht: 0,225676,3,6,0,09,13,1,0,0,0,1,0,1
"POINT (9.476467018000051 52.423411120000026)",Unfall 225677 (2019) Kat:3, Licht: 0,225677,3,3,5,09,15,1,0,0,1,1,0,0
"POINT (9.745859792000033 52.378982271000041)",Unfall 225678 (2019) Kat:2, Licht: 0,225678,2,3,5,09,18,1,0,0,1,1,0,0
"POINT (9.722591838000028 52.377304340000080)",Unfall 225703 (2019) Kat:3, Licht: 0,225703,3,5,3,09,17,7,0,0,0,1,0,0
"POINT (9.800540455000032 52.335198170000069)",Unfall 225704 (2019) Kat:3, Licht: 0,225704,3,3,5,09,13,7,1,0,1,1,0,0
"POINT (9.761893935000046 52.263118750000046)",Unfall 225705 (2019) Kat:3, Licht: 0,225705,3,5,0,09,08,7,1,0,1,1,0,0
"POINT (9.860529330000077 52.475427797000066)",Unfall 225706 (2019) Kat:2, Licht: 0,225706,2,7,0,09,18,7,0,0,1,0,0,0
"POINT (9.464546585000051 52.492928611000082)",Unfall 225707 (2019) Kat:2, Licht: 2,225707,2,5,1,09,03,7,0,2,1,1,0,0
"POINT (9.724152382000057 52.347032653000042)",Unfall 225733 (2019) Kat:3, Licht: 0,225733,3,4,6,09,11,6,0,0,0,1,1,0
"POINT (9.809121321000021 52.369906123000078)",Unfall 225734 (2019) Kat:3, Licht: 0,225734,3,7,1,09,09,6,0,0,0,1,0,0
"POINT (9.842170690000046 52.387885300000050)",Unfall 225735 (2019) Kat:3, Licht: 0,225735,3,3,5,09,07,6,0,0,1,1,0,0
"POINT (9.698546907000036 52.412220304000073)",Unfall 225736 (2019) Kat:3, Licht: 0,225736,3,3,5,09,13,6,0,0,0,1,0,0
"POINT (9.736022512000034 52.416053424000040)",Unfall 225737 (2019) Kat:3, Licht: 0,225737,3,3,5,09,13,6,0,0,0,1,0,0
"POINT (9.736053231000028 52.416230303000077)",Unfall 225738 (2019) Kat:3, Licht: 0,225738,3,3,5,09,12,6,0,0,0,1,0,0
"POINT (9.749850086000038 52.392588278000062)",Unfall 225739 (2019) Kat:3, Licht: 0,225739,3,6,1,09,16,6,0,0,1,1,0,0
"POINT (9.610752364000064 52.414654786000028)",Unfall 225740 (2019) Kat:3, Licht: 0,225740,3,3,5,09,07,6,0,0,1,1,0,0
"POINT (9.718459060000043 52.453845364000074)",Unfall 225741 (2019) Kat:3, Licht: 0,225741,3,6,3,09,07,6,0,0,1,0,0,0
"POINT (9.733674555000050 52.362203450000038)",Unfall 225742 (2019) Kat:3, Licht: 0,225742,3,7,6,09,18,6,0,0,0,1,0,0
"POINT (9.765159488000052 52.393792357000052)",Unfall 225743 (2019) Kat:3, Licht: 0,225743,3,2,2,09,17,6,0,0,0,1,0,0
"POINT (9.743563182000059 52.372613274000059)",Unfall 225744 (2019) Kat:3, Licht: 0,225744,3,4,6,09,17,6,0,0,1,0,1,0
"POINT (9.750937717000056 52.410522027000070)",Unfall 225745 (2019) Kat:3, Licht: 0,225745,3,2,5,09,13,6,0,0,1,1,0,0
"POINT (9.701195589000065 52.392105880000031)",Unfall 225781 (2019) Kat:3, Licht: 0,225781,3,6,2,09,19,5,1,0,1,1,0,0
"POINT (9.739836535000052 52.383082375000072)",Unfall 225782 (2019) Kat:3, Licht: 0,225782,3,3,5,09,10,5,0,0,1,1,0,0