WKT,Name,OBJECTID,UKATEGORIE,UTYP1,UART,UMONAT,USTUNDE,UWOCHENTAG,STRZUSTAND,ULICHTVERH,ISTRAD,ISTPKW,ISTFUSS,ISTKRAD
"POINT (9.727917128000058 52.361360924000053)",Unfall 229874 (2019) Kat:3, Licht: 2,229874,3,4,6,02,18,6,0,2,0,1,1,0
"POINT (9.732715837000058 52.379250361000061)",Unfall 229875 (2019) Kat:3, Licht: 0,229875,3,6,2,02,15,6,0,0,0,1,0,0
"POINT (9.465041001000031 52.308372137000049)",Unfall 229876 (2019) Kat:3, Licht: 2,229876,3,3,5,02,19,6,0,2,1,1,0,0
"POINT (9.617332358000056 52.443250503000058)",Unfall 229877 (2019) Kat:3, Licht: 0,229877,3,3,5,02,11,6,0,0,1,1,0,0
"POINT (9.763271918000044 52.402108381000062)",Unfall 229878 (2019) Kat:3, Licht: 2,229878,3,3,5,02,19,6,0,2,0,1,0,1
"POINT (9.758082889000036 52.396124384000075)",Unfall 229879 (2019) Kat:3, Licht: 1,229879,3,2,5,02,18,6,0,1,1,1,0,0
"POINT (9.820831473000055 52.388318575000028)",Unfall 229880 (2019) Kat:3, Licht: 0,229880,3,1,2,02,15,6,0,0,0,1,0,1
"POINT (9.758542386000045 52.359556521000059)",Unfall 229881 (2019) Kat:3, Licht: 0,229881,3,2,5,02,12,6,0,0,1,1,0,0
"POINT (9.761920174000068 52.371159447000082)",Unfall 229882 (2019) Kat:3, Licht: 0,229882,3,6,3,02,07,6,0,0,1,1,0,0
"POINT (9.744998601000077 52.357670924000047)",Unfall 229905 (2019) Kat:3, Licht: 0,229905,3,3,5,02,10,1,0,0,1,1,0,0
"POINT (9.732424573000060 52.441565927000056)",Unfall 229913 (2019) Kat:3, Licht: 2,229913,3,7,0,02,18,5,0,2,1,0,0,0
"POINT (9.617408233000049 52.443274815000052)",Unfall 229914 (2019) Kat:2, Licht: 2,229914,2,2,5,02,18,5,0,2,0,1,0,1
"POINT (9.726363730000060 52.388415917000032)",Unfall 229915 (2019) Kat:3, Licht: 0,229915,3,2,5,02,15,5,0,0,1,1,0,0
"POINT (9.699943573000041 52.375592827000048)",Unfall 229934 (2019) Kat:3, Licht: 0,229934,3,6,3,02,09,4,1,0,0,1,0,0
"POINT (9.818345157000067 52.427835168000058)",Unfall 229935 (2019) Kat:3, Licht: 0,229935,3,6,4,02,14,4,0,0,0,1,0,0
"POINT (9.768909325000038 52.377949112000067)",Unfall 229936 (2019) Kat:3, Licht: 2,229936,3,3,5,02,18,4,0,2,1,1,0,0
"POINT (9.539047314000072 52.208475462000081)",Unfall 229937 (2019) Kat:3, Licht: 0,229937,3,5,1,02,10,4,1,0,0,1,0,0
"POINT (9.593961884000066 52.421016216000055)",Unfall 229938 (2019) Kat:3, Licht: 0,229938,3,3,5,02,15,4,0,0,0,1,0,0
"POINT (9.760028458000022 52.393801433000078)",Unfall 229939 (2019) Kat:3, Licht: 0,229939,3,2,5,02,16,4,0,0,0,1,0,0
"POINT (9.973751567000022 52.375865373000067)",Unfall 229940 (2019) Kat:3, Licht: 1,229940,3,7,0,02,07,4,0,1,1,0,0,0
"POINT (9.827910208000048 52.331376083000066)",Unfall 229975 (2019) Kat:3, Licht: 0,229975,3,3,5,02,08,3,0,0,1,1,0,0
"POINT (9.745653858000026 52.378735488000075)",Unfall 229977 (2019) Kat:3, Licht: 2,229977,3,2,5,02,18,3,0,2,1,1,0,0
"POINT (9.754194885000061 52.368330952000065)",Unfall 229978 (2019) Kat:2, Licht: 0,229978,2,2,5,02,14,3,0,0,1,1,0,0
"POINT (9.628147481000042 52.332678970000075)",Unfall 229979 (2019) Kat:2, Licht: 0,229979,2,7,6,02,13,3,0,0,0,1,1,0
"POINT (9.791801378000059 52.402955794000036)",Unfall 229980 (2019) Kat:2, Licht: 2,229980,2,2,4,02,07,3,0,2,1,1,0,0
"POINT (9.713764944000047 52.361092174000078)",Unfall 229998 (2019) Kat:3, Licht: 0,229998,3,6,2,02,08,2,1,0,0,1,0,0
"POINT (9.736274076000029 52.547525214000075)",Unfall 229999 (2019) Kat:3, Licht: 0,229999,3,3,0,02,15,2,1,0,1,0,1,0
"POINT (9.975822868000023 52.382179162000057)",Unfall 230022 (2019) Kat:3, Licht: 0,230022,3,3,5,02,13,7,0,0,0,1,0,0
"POINT (9.738042486000040 52.369862122000029)",Unfall 230040 (2019) Kat:3, Licht: 0,230040,3,2,5,02,14,6,0,0,1,1,0,0
"POINT (9.755489418000025 52.371683001000065)",Unfall 230042 (2019) Kat:3, Licht: 0,230042,3,5,1,02,09,6,0,0,1,1,0,0
"POINT (9.767102334000072 52.264670401000046)",Unfall 230066 (2019) Kat:3, Licht: 0,230066,3,2,2,02,12,5,0,0,0,1,0,0
"POINT (9.803704000000039 52.431944927000075)",Unfall 230067 (2019) Kat:3, Licht: 0,230067,3,3,5,02,16,5,0,0,0,1,0,0
"POINT (9.713300316000073 52.371440785000061)",Unfall 230068 (2019) Kat:3, Licht: 0,230068,3,3,0,02,12,5,0,0,1,0,0,0
"POINT (9.807513586000027 52.397802073000037)",Unfall 230095 (2019) Kat:3, Licht: 0,230095,3,3,5,02,15,4,0,0,1,1,0,0
"POINT (9.736334451000062 52.375846609000064)",Unfall 230096 (2019) Kat:3, Licht: 1,230096,3,7,5,02,17,4,0,1,1,1,0,0
"POINT (9.724996548000036 52.313695428000074)",Unfall 230097 (2019) Kat:3, Licht: 0,230097,3,3,5,02,13,4,0,0,0,1,0,0
"POINT (9.753718516000049 52.440520415000037)",Unfall 230098 (2019) Kat:3, Licht: 2,230098,3,6,2,02,17,4,0,2,0,1,0,0
"POINT (9.609799621000036 52.426231849000033)",Unfall 230100 (2019) Kat:3, Licht: 0,230100,3,1,8,02,14,4,0,0,0,1,0,0
"POINT (9.800293499000077 52.376779232000047)",Unfall 230103 (2019) Kat:3, Licht: 0,230103,3,4,6,02,09,1,0,0,0,1,1,0
"POINT (9.723623196000062 52.368494636000037)",Unfall 230126 (2019) Kat:3, Licht: 2,230126,3,7,0,02,18,4,0,2,1,0,0,0
"POINT (9.743626009000025 52.369032430000061)",Unfall 230127 (2019) Kat:3, Licht: 0,230127,3,6,2,02,11,4,0,0,0,1,0,0
"POINT (9.692792309000026 52.367462544000034)",Unfall 230128 (2019) Kat:3, Licht: 0,230128,3,2,5,02,16,4,0,0,1,0,0,0
"POINT (9.834318963000044 52.351699545000031)",Unfall 230129 (2019) Kat:3, Licht: 0,230129,3,3,5,02,07,4,0,0,1,1,0,0
"POINT (9.737665895000021 52.412441913000066)",Unfall 230131 (2019) Kat:3, Licht: 0,230131,3,6,4,02,15,4,0,0,0,1,0,0
"POINT (9.449812324000050 52.417373129000055)",Unfall 230132 (2019) Kat:3, Licht: 0,230132,3,5,1,02,18,4,0,0,0,1,0,0
"POINT (9.980819601000064 52.375864142000069)",Unfall 230133 (2019) Kat:3, Licht: 0,230133,3,3,5,02,12,4,0,0,0,1,0,0
"POINT (9.734070217000067 52.429018453000026)",Unfall 230134 (2019) Kat:3, Licht: 0,230134,3,3,5,02,10,4,0,0,1,1,0,0
"POINT (10.008802088000039 52.446335059000035)",Unfall 230135 (2019) Kat:3, Licht: 2,230135,3,3,5,02,19,4,0,2,1,1,0,0
"POINT (9.774362443000030 52.398264901000061)",Unfall 230136 (2019) Kat:3, Licht: 0,230136,3,2,5,02,15,4,0,0,0,1,0,0
"POINT (9.974994586000037 52.374619149000068)",Unfall 230162 (2019) Kat:3, Licht: 0,230162,3,5,0,02,09,5,0,0,1,1,0,0
"POINT (9.673630059000061 52.365299760000028)",Unfall 230167 (2019) Kat:3, Licht: 0,230167,3,3,5,02,17,3,0,0,1,1,0,0
"POINT (9.738387004000060 52.373265291000052)",Unfall 230168 (2019) Kat:3, Licht: 1,230168,3,6,6,02,17,3,0,1,1,0,1,0
"POINT (9.422456318000059 52.421834210000043)",Unfall 230169 (2019) Kat:3, Licht: 0,230169,3,7,6,02,09,3,0,0,0,1,1,0
"POINT (9.601979436000022 52.413650078000046)",Unfall 230170 (2019) Kat:3, Licht: 0,230170,3,7,1,02,11,3,0,0,0,1,0,0
"POINT (9.753430012000024 52.381595281000045)",Unfall 230171 (2019) Kat:3, Licht: 2,230171,3,3,5,02,20,3,0,2,1,1,0,0
"POINT (9.714250231000051 52.371783984000047)",Unfall 230172 (2019) Kat:3, Licht: 0,230172,3,2,5,02,17,3,0,0,1,0,0,0
"POINT (9.888898426000026 52.453628169000069)",Unfall 230175 (2019) Kat:3, Licht: 0,230175,3,4,6,02,12,5,0,0,0,1,1,0
"POINT (9.701253131000044 52.395225515000050)",Unfall 230200 (2019) Kat:3, Licht: 0,230200,3,6,0,02,07,2,0,0,1,1,0,0
"POINT (9.695195968000064 52.365502886000058)",Unfall 230201 (2019) Kat:3, Licht: 0,230201,3,2,5,02,16,2,0,0,1,1,0,0
"POINT (9.715191779000065 52.361978364000038)",Unfall 230202 (2019) Kat:3, Licht: 0,230202,3,6,2,02,10,2,0,0,0,1,0,0
"POINT (9.689399658000070 52.364147267000078)",Unfall 230203 (2019) Kat:3, Licht: 2,230203,3,5,1,02,05,2,0,2,0,1,0,0
"POINT (9.756445738000025 52.390687203000027)",Unfall 230204 (2019) Kat:3, Licht: 0,230204,3,6,2,02,14,2,0,0,0,1,0,0
"POINT (9.658384138000031 52.342837580000037)",Unfall 230205 (2019) Kat:3, Licht: 0,230205,3,7,1,02,08,2,0,0,0,1,0,1
"POINT (9.661027067000021 52.353859138000075)",Unfall 230207 (2019) Kat:2, Licht: 0,230207,2,7,0,02,12,2,0,0,1,0,0,0
"POINT (9.741008696000051 52.398801818000038)",Unfall 230208 (2019) Kat:3, Licht: 0,230208,3,3,5,02,15,2,0,0,1,1,0,0
"POINT (9.741078352000045 52.377990728000043)",Unfall 230209 (2019) Kat:3, Licht: 0,230209,3,7,0,02,08,2,0,0,0,1,1,0
"POINT (9.578210169000045 52.418507297000076)",Unfall 230210 (2019) Kat:2, Licht: 0,230210,2,4,6,02,08,2,0,0,0,1,1,0
"POINT (10.013518146000024 52.443783518000032)",Unfall 230215 (2019) Kat:3, Licht: 0,230215,3,3,0,02,15,5,0,0,1,0,0,0
"POINT (9.615623362000065 52.404968626000027)",Unfall 230220 (2019) Kat:2, Licht: 0,230220,2,5,1,02,14,5,0,0,0,1,0,1
"POINT (9.694113694000066 52.403438684000037)",Unfall 230229 (2019) Kat:3, Licht: 0,230229,3,3,5,02,16,1,0,0,0,1,0,0
"POINT (9.752659758000050 52.394596176000050)",Unfall 230230 (2019) Kat:3, Licht: 0,230230,3,1,0,02,14,1,0,0,0,0,0,1
"POINT (9.765236625000057 52.378130192000071)",Unfall 230231 (2019) Kat:3, Licht: 0,230231,3,3,5,02,12,1,0,0,0,1,0,0
"POINT (9.621405049000032 52.435956288000057)",Unfall 230232 (2019) Kat:3, Licht: 0,230232,3,6,2,02,14,1,0,0,1,0,0,0
"POINT (9.735627733000058 52.433887912000046)",Unfall 230233 (2019) Kat:3, Licht: 2,230233,3,7,6,02,00,1,0,2,0,1,1,0
"POINT (9.426720222000029 52.422887855000056)",Unfall 230262 (2019) Kat:3, Licht: 0,230262,3,6,2,02,17,6,0,0,0,1,0,0
"POINT (9.734198666000054 52.429459336000036)",Unfall 230263 (2019) Kat:3, Licht: 0,230263,3,5,1,02,11,6,0,0,1,0,0,0
"POINT (9.491893373000039 52.307319754000048)",Unfall 230264 (2019) Kat:3, Licht: 0,230264,3,7,0,02,16,6,0,0,0,0,0,1
"POINT (9.749053055000047 52.377795271000082)",Unfall 230265 (2019) Kat:3, Licht: 0,230265,3,3,5,02,13,6,0,0,1,1,0,0
"POINT (9.724110962000054 52.372431183000060)",Unfall 230272 (2019) Kat:3, Licht: 0,230272,3,3,5,02,07,5,0,0,1,1,0,0
"POINT (9.597926113000028 52.420644986000070)",Unfall 230289 (2019) Kat:3, Licht: 0,230289,3,3,5,02,15,5,0,0,1,1,0,0
"POINT (9.692511399000068 52.329583863000039)",Unfall 230290 (2019) Kat:3, Licht: 0,230290,3,7,6,02,12,5,0,0,0,1,1,0
"POINT (9.703260749000037 52.406727071000034)",Unfall 230308 (2019) Kat:3, Licht: 2,230308,3,3,5,02,05,4,0,2,1,1,0,0
"POINT (9.721745454000029 52.353619897000044)",Unfall 230324 (2019) Kat:3, Licht: 0,230324,3,6,6,02,14,3,0,0,1,0,1,0
"POINT (9.663870666000037 52.381574455000077)",Unfall 230326 (2019) Kat:3, Licht: 1,230326,3,3,5,02,07,3,0,1,1,1,0,0
"POINT (9.737182452000070 52.392070969000031)",Unfall 230327 (2019) Kat:3, Licht: 0,230327,3,5,5,02,15,3,0,0,1,1,0,0
"POINT (9.732299582000053 52.324692705000075)",Unfall 230328 (2019) Kat:3, Licht: 1,230328,3,1,0,02,17,3,0,1,1,0,0,0
"POINT (10.191321453000057 52.460683069000027)",Unfall 230329 (2019) Kat:3, Licht: 0,230329,3,3,5,02,09,3,0,0,0,1,0,0
"POINT (9.759991987000035 52.365862318000040)",Unfall 230359 (2019) Kat:3, Licht: 0,230359,3,3,5,02,15,2,0,0,1,1,0,0
"POINT (9.460790407000047 52.302875043000029)",Unfall 230361 (2019) Kat:3, Licht: 0,230361,3,7,6,02,11,2,0,0,0,1,1,0
"POINT (9.600753643000076 52.437890670000058)",Unfall 230362 (2019) Kat:3, Licht: 0,230362,3,3,5,02,17,2,0,0,1,1,0,0
"POINT (9.711455027000056 52.442788307000058)",Unfall 230363 (2019) Kat:3, Licht: 2,230363,3,2,6,02,07,2,0,2,0,1,1,0
"POINT (9.740709938000066 52.398705305000078)",Unfall 230364 (2019) Kat:2, Licht: 2,230364,2,4,6,02,18,2,0,2,1,0,1,0
"POINT (9.753423165000072 52.382200574000080)",Unfall 230365 (2019) Kat:3, Licht: 0,230365,3,7,0,02,16,2,0,0,0,0,0,1
"POINT (9.755473325000025 52.391313843000034)",Unfall 230366 (2019) Kat:3, Licht: 0,230366,3,2,5,02,10,2,0,0,1,1,0,0
"POINT (9.817845820000059 52.290366986000038)",Unfall 230367 (2019) Kat:2, Licht: 0,230367,2,2,5,02,08,2,0,0,1,1,0,0
"POINT (9.716293353000026 52.399694238000052)",Unfall 230368 (2019) Kat:3, Licht: 2,230368,3,2,6,02,06,2,0,2,0,1,1,0
"POINT (9.743442749000053 52.338407849000077)",Unfall 230374 (2019) Kat:3, Licht: 0,230374,3,7,0,03,12,2,0,0,0,1,0,0
"POINT (9.923250943000028 52.366604152000036)",Unfall 230375 (2019) Kat:3, Licht: 0,230375,3,6,2,03,07,2,1,0,0,1,0,0
"POINT (9.819344913000066 52.321876135000082)",Unfall 230376 (2019) Kat:3, Licht: 2,230376,3,7,0,03,20,2,1,2,0,1,0,0
"POINT (9.716700630000048 52.362186672000064)",Unfall 230378 (2019) Kat:3, Licht: 0,230378,3,4,6,03,14,2,1,0,0,1,1,0
"POINT (9.564198996000073 52.201661750000028)",Unfall 230400 (2019) Kat:3, Licht: 0,230400,3,2,2,03,12,1,1,0,0,1,0,0
"POINT (9.567380481000043 52.215481723000039)",Unfall 230401 (2019) Kat:3, Licht: 0,230401,3,2,2,03,12,1,1,0,0,1,0,0
"POINT (9.808444888000054 52.386144173000048)",Unfall 230420 (2019) Kat:3, Licht: 0,230420,3,3,5,03,07,7,1,0,0,1,0,0
"POINT (9.733091760000036 52.393401989000040)",Unfall 230421 (2019) Kat:3, Licht: 1,230421,3,7,1,03,17,7,1,1,1,1,0,0
"POINT (9.738453528000036 52.381862948000048)",Unfall 230423 (2019) Kat:3, Licht: 2,230423,3,6,2,03,19,7,1,2,0,1,0,0
"POINT (9.714065245000029 52.342218369000079)",Unfall 230424 (2019) Kat:3, Licht: 0,230424,3,4,6,03,07,7,1,0,0,1,1,0
"POINT (9.727565337000044 52.361136154000064)",Unfall 230454 (2019) Kat:3, Licht: 0,230454,3,2,5,03,11,6,0,0,1,1,0,0
"POINT (9.787030191000042 52.398511851000080)",Unfall 230455 (2019) Kat:3, Licht: 1,230455,3,5,1,03,18,6,1,1,0,1,0,0
"POINT (9.855242628000042 52.488808466000080)",Unfall 230456 (2019) Kat:3, Licht: 0,230456,3,3,5,03,13,6,0,0,1,0,0,0
"POINT (9.747729280000044 52.373651296000048)",Unfall 230458 (2019) Kat:3, Licht: 2,230458,3,7,0,03,21,6,1,2,1,0,0,0
"POINT (9.800009402000057 52.406266023000057)",Unfall 230459 (2019) Kat:2, Licht: 0,230459,2,4,6,03,17,6,0,0,0,1,1,0
"POINT (9.745286184000065 52.378613123000036)",Unfall 230460 (2019) Kat:2, Licht: 0,230460,2,2,0,03,12,6,0,0,0,1,1,0
"POINT (9.761220021000042 52.370827572000053)",Unfall 230461 (2019) Kat:3, Licht: 0,230461,3,5,1,03,07,6,1,0,1,1,0,0
"POINT (9.793565943000033 52.332867835000059)",Unfall 230462 (2019) Kat:3, Licht: 2,230462,3,4,6,03,06,6,0,2,0,1,1,0
"POINT (9.668658585000060 52.414812357000073)",Unfall 230484 (2019) Kat:3, Licht: 0,230484,3,3,5,03,09,3,0,0,1,1,0,0
"POINT (9.664231691000055 52.409651815000075)",Unfall 230488 (2019) Kat:3, Licht: 0,230488,3,7,0,03,17,5,0,0,0,0,1,0
"POINT (9.674358471000062 52.408316934000027)",Unfall 230489 (2019) Kat:3, Licht: 0,230489,3,3,5,03,16,5,1,0,0,1,0,1
"POINT (9.555618910000021 52.207066447000045)",Unfall 230490 (2019) Kat:3, Licht: 0,230490,3,3,5,03,07,5,0,0,1,1,0,0
"POINT (9.757615727000029 52.391967404000070)",Unfall 230491 (2019) Kat:2, Licht: 2,230491,2,7,0,03,19,5,1,2,1,0,0,0
"POINT (9.714437858000053 52.343007693000061)",Unfall 230518 (2019) Kat:3, Licht: 0,230518,3,5,1,03,11,4,0,0,0,1,0,0
"POINT (9.736056022000071 52.416169018000062)",Unfall 230519 (2019) Kat:3, Licht: 0,230519,3,3,5,03,14,4,0,0,0,1,0,0
"POINT (9.754316723000045 52.368366168000080)",Unfall 230558 (2019) Kat:3, Licht: 0,230558,3,2,0,03,17,3,0,0,0,0,0,1
"POINT (9.731403571000044 52.393944731000033)",Unfall 230560 (2019) Kat:3, Licht: 0,230560,3,4,6,03,16,3,0,0,0,1,1,0
"POINT (9.737281746000065 52.441041840000082)",Unfall 230561 (2019) Kat:2, Licht: 0,230561,2,7,0,03,13,3,0,0,1,0,0,0
"POINT (9.763257355000064 52.402769878000072)",Unfall 230563 (2019) Kat:3, Licht: 0,230563,3,4,6,03,10,3,0,0,0,1,1,0
"POINT (9.723499661000062 52.387263317000077)",Unfall 230564 (2019) Kat:3, Licht: 0,230564,3,2,6,03,09,3,0,0,0,1,1,0
"POINT (9.681233068000040 52.348355883000067)",Unfall 230590 (2019) Kat:3, Licht: 0,230590,3,7,0,03,15,2,1,0,1,0,0,0
"POINT (9.703679830000056 52.373007099000063)",Unfall 230592 (2019) Kat:3, Licht: 0,230592,3,7,1,03,07,2,0,0,1,1,0,0
"POINT (9.972863459000052 52.467559421000033)",Unfall 230593 (2019) Kat:3, Licht: 0,230593,3,7,0,03,16,2,0,0,1,1,0,0
"POINT (9.458206702000041 52.505429309000078)",Unfall 230594 (2019) Kat:3, Licht: 0,230594,3,3,5,03,09,2,0,0,1,1,0,0
"POINT (9.781431211000040 52.410652760000062)",Unfall 230599 (2019) Kat:3, Licht: 0,230599,3,3,5,03,16,3,0,0,0,1,0,0
"POINT (9.739533388000041 52.447375428000043)",Unfall 230608 (2019) Kat:3, Licht: 0,230608,3,3,5,03,13,1,1,0,1,1,0,0
"POINT (9.719961730000023 52.367857305000030)",Unfall 230609 (2019) Kat:3, Licht: 2,230609,3,3,5,03,20,1,0,2,1,1,0,0
"POINT (9.657166719000031 52.409000427000080)",Unfall 230624 (2019) Kat:3, Licht: 0,230624,3,7,0,03,14,7,0,0,0,0,0,1
"POINT (9.721275744000025 52.376183450000042)",Unfall 230625 (2019) Kat:3, Licht: 0,230625,3,5,0,03,10,7,0,0,0,1,0,1
"POINT (9.714244851000046 52.371791492000057)",Unfall 230645 (2019) Kat:3, Licht: 0,230645,3,2,5,03,15,6,0,0,1,1,0,0
"POINT (9.753321447000076 52.390230338000038)",Unfall 230646 (2019) Kat:3, Licht: 2,230646,3,2,3,03,19,6,0,2,1,1,0,0
"POINT (9.603007144000060 52.415578454000070)",Unfall 230647 (2019) Kat:3, Licht: 0,230647,3,3,5,03,08,6,0,0,0,1,0,0
"POINT (9.686002045000066 52.413609831000031)",Unfall 230652 (2019) Kat:3, Licht: 0,230652,3,3,5,03,16,6,0,0,1,1,0,0
"POINT (9.693792407000046 52.400335055000028)",Unfall 230653 (2019) Kat:3, Licht: 0,230653,3,3,5,03,11,6,0,0,1,1,0,0
"POINT (9.811394697000026 52.348156064000079)",Unfall 230654 (2019) Kat:3, Licht: 1,230654,3,4,6,03,17,6,0,1,0,1,1,0
"POINT (9.756489820000070 52.340633238000066)",Unfall 230656 (2019) Kat:3, Licht: 0,230656,3,6,2,03,13,6,0,0,0,1,0,0
"POINT (9.644943938000040 52.439084377000029)",Unfall 230657 (2019) Kat:3, Licht: 0,230657,3,6,2,03,15,6,0,0,0,1,0,1
"POINT (9.717742606000059 52.379885283000078)",Unfall 230658 (2019) Kat:2, Licht: 0,230658,2,3,5,03,15,6,0,0,1,1,0,0
"POINT (9.748744507000026 52.393653775000075)",Unfall 230659 (2019) Kat:3, Licht: 0,230659,3,6,4,03,14,6,0,0,1,1,0,0
"POINT (9.750585415000046 52.375316249000036)",Unfall 230660 (2019) Kat:3, Licht: 0,230660,3,2,5,03,09,6,0,0,1,0,0,0
"POINT (9.501371281000047 52.286049532000050)",Unfall 230692 (2019) Kat:3, Licht: 0,230692,3,6,4,03,15,5,0,0,1,1,0,0
"POINT (9.822875188000069 52.391305481000074)",Unfall 230693 (2019) Kat:3, Licht: 0,230693,3,3,5,03,16,5,0,0,0,1,0,0
"POINT (9.791627470000037 52.403018354000039)",Unfall 230694 (2019) Kat:3, Licht: 0,230694,3,6,2,03,12,5,0,0,0,1,0,0
"POINT (9.715592999000023 52.372055554000042)",Unfall 230716 (2019) Kat:3, Licht: 0,230716,3,7,8,03,15,4,0,0,1,0,0,0
"POINT (9.752598837000051 52.395029598000065)",Unfall 230717 (2019) Kat:3, Licht: 0,230717,3,3,5,03,16,4,0,0,0,1,0,0
"POINT (9.722655798000062 52.377358342000036)",Unfall 230731 (2019) Kat:3, Licht: 0,230731,3,6,3,03,10,7,0,0,1,0,0,0
"POINT (9.733248453000044 52.417788831000053)",Unfall 230735 (2019) Kat:3, Licht: 0,230735,3,3,5,03,15,7,0,0,1,1,0,0
"POINT (9.703068612000038 52.368794064000042)",Unfall 230742 (2019) Kat:3, Licht: 2,230742,3,1,7,03,23,3,0,2,0,1,0,0
"POINT (9.733742055000050 52.398952138000027)",Unfall 230743 (2019) Kat:3, Licht: 2,230743,3,2,4,03,19,3,0,2,1,0,0,1
"POINT (9.735783820000052 52.378832933000069)",Unfall 230744 (2019) Kat:3, Licht: 0,230744,3,2,0,03,11,7,0,0,1,0,0,0
"POINT (9.641020780000076 52.398253582000052)",Unfall 230745 (2019) Kat:3, Licht: 0,230745,3,3,5,03,07,3,0,0,1,1,0,0
"POINT (9.730882401000031 52.425253142000031)",Unfall 230746 (2019) Kat:3, Licht: 0,230746,3,6,3,03,15,3,0,0,1,1,0,0
"POINT (9.734672729000067 52.362290007000070)",Unfall 230747 (2019) Kat:3, Licht: 0,230747,3,7,3,03,08,3,0,0,1,0,0,0
"POINT (9.693303224000033 52.348993054000061)",Unfall 230783 (2019) Kat:3, Licht: 0,230783,3,3,5,03,11,2,1,0,0,1,0,0
"POINT (9.795361700000058 52.312400900000057)",Unfall 230784 (2019) Kat:3, Licht: 1,230784,3,6,2,03,18,2,1,1,0,1,0,0
"POINT (9.820937592000064 52.388339603000077)",Unfall 230785 (2019) Kat:3, Licht: 0,230785,3,3,5,03,07,2,0,0,1,1,0,0
"POINT (9.754419618000043 52.389498820000028)",Unfall 230786 (2019) Kat:3, Licht: 0,230786,3,2,2,03,08,2,1,0,0,1,0,0
"POINT (9.733693277000043 52.375919454000041)",Unfall 230787 (2019) Kat:3, Licht: 2,230787,3,6,6,03,20,2,0,2,1,0,1,0
"POINT (9.752967112000022 52.264859630000046)",Unfall 230788 (2019) Kat:3, Licht: 2,230788,3,4,0,03,19,2,0,2,0,1,1,0
"POINT (9.749264942000025 52.389946740000028)",Unfall 230789 (2019) Kat:2, Licht: 2,230789,2,4,6,03,20,2,1,2,0,1,1,0
"POINT (9.732667373000027 52.379386303000047)",Unfall 230790 (2019) Kat:2, Licht: 0,230790,2,2,5,03,08,2,0,0,1,0,0,0
"POINT (9.751809744000070 52.392507954000052)",Unfall 230792 (2019) Kat:3, Licht: 0,230792,3,2,5,03,14,2,0,0,1,1,0,0
"POINT (9.692195253000023 52.365049208000073)",Unfall 230806 (2019) Kat:3, Licht: 0,230806,3,7,7,03,17,1,0,0,1,0,1,0
"POINT (9.735816911000029 52.383963214000062)",Unfall 230807 (2019) Kat:3, Licht: 0,230807,3,3,5,03,16,1,1,0,0,1,0,0
"POINT (9.746118842000044 52.357786079000050)",Unfall 230808 (2019) Kat:3, Licht: 0,230808,3,5,1,03,12,1,1,0,0,1,0,0
"POINT (9.757281033000027 52.366083048000064)",Unfall 230838 (2019) Kat:3, Licht: 0,230838,3,6,4,03,14,6,1,0,0,1,0,0
"POINT (9.765478548000033 52.418321407000064)",Unfall 230839 (2019) Kat:3, Licht: 0,230839,3,6,2,03,13,6,1,0,0,1,0,0
"POINT (9.792543469000066 52.396643279000045)",Unfall 230841 (2019) Kat:3, Licht: 0,230841,3,6,2,03,11,6,1,0,0,1,0,0
"POINT (9.683132359000069 52.346718509000027)",Unfall 230842 (2019) Kat:3, Licht: 0,230842,3,3,5,03,16,6,0,0,1,1,0,0
"POINT (9.754865071000040 52.363632109000037)",Unfall 230875 (2019) Kat:2, Licht: 2,230875,2,3,0,03,21,5,1,2,0,0,0,1
"POINT (9.720758502000024 52.390960212000039)",Unfall 230876 (2019) Kat:3, Licht: 2,230876,3,7,6,03,06,5,1,2,0,0,1,0
"POINT (9.791668339000069 52.402786972000058)",Unfall 230902 (2019) Kat:3, Licht: 0,230902,3,2,5,03,16,4,1,0,1,1,0,0
"POINT (9.749241008000070 52.390210177000029)",Unfall 230903 (2019) Kat:3, Licht: 2,230903,3,2,6,03,19,4,1,2,0,1,1,0
"POINT (9.684471827000039 52.350733589000072)",Unfall 230948 (2019) Kat:3, Licht: 0,230948,3,2,5,04,18,2,0,0,0,1,0,1
"POINT (9.704081285000029 52.366873057000078)",Unfall 230949 (2019) Kat:3, Licht: 1,230949,3,2,5,04,20,2,0,1,1,1,0,0
"POINT (9.701805172000036 52.375178488000074)",Unfall 230950 (2019) Kat:3, Licht: 0,230950,3,4,6,04,19,2,0,0,0,1,1,0
"POINT (9.707752877000075 52.374241076000033)",Unfall 230951 (2019) Kat:3, Licht: 0,230951,3,7,0,04,15,2,0,0,1,0,0,0
"POINT (9.785851611000055 52.398141992000035)",Unfall 230952 (2019) Kat:3, Licht: 0,230952,3,6,2,04,16,2,0,0,0,1,0,0