WKT,Name,OBJECTID,UKATEGORIE,UTYP1,UART,UMONAT,USTUNDE,UWOCHENTAG,STRZUSTAND,ULICHTVERH,ISTRAD,ISTPKW,ISTFUSS,ISTKRAD
"POINT (9.817710365000039 52.300034821000054)",Unfall 62858 (2020) Kat:3, Licht: 0,62858,3,2,5,04,19,3,0,0,1,1,0,0
"POINT (9.847681462000026 52.436935621000032)",Unfall 62863 (2020) Kat:2, Licht: 0,62863,2,2,4,04,09,3,0,0,1,1,0,0
"POINT (9.778957587000036 52.573172364000072)",Unfall 62866 (2020) Kat:3, Licht: 0,62866,3,6,3,04,07,3,0,0,0,1,0,0
"POINT (9.559458565000057 52.422652940000035)",Unfall 62873 (2020) Kat:3, Licht: 0,62873,3,1,8,04,15,1,0,0,1,0,0,0
"POINT (9.731564063000064 52.369565281000064)",Unfall 62899 (2020) Kat:3, Licht: 0,62899,3,6,2,04,15,2,0,0,0,1,0,0
"POINT (9.773768152000059 52.428237452000076)",Unfall 62900 (2020) Kat:3, Licht: 0,62900,3,6,2,04,17,2,0,0,0,1,0,0
"POINT (9.505079803000058 52.170456704000060)",Unfall 62901 (2020) Kat:3, Licht: 0,62901,3,2,4,04,18,6,0,0,0,1,0,0
"POINT (10.165577133000056 52.436962911000080)",Unfall 62903 (2020) Kat:3, Licht: 0,62903,3,2,5,04,15,2,0,0,0,1,0,1
"POINT (9.666208012000027 52.343747852000035)",Unfall 62911 (2020) Kat:3, Licht: 0,62911,3,6,2,04,16,5,0,0,1,0,0,0
"POINT (9.670647122000048 52.358339645000058)",Unfall 62916 (2020) Kat:3, Licht: 0,62916,3,2,5,04,17,6,0,0,1,1,0,0
"POINT (9.873288027000058 52.470334682000043)",Unfall 62934 (2020) Kat:3, Licht: 0,62934,3,3,5,04,08,3,0,0,0,1,0,1
"POINT (9.910786398000028 52.395862035000050)",Unfall 62939 (2020) Kat:2, Licht: 0,62939,2,6,3,04,14,6,0,0,0,1,0,1
"POINT (9.732996695000054 52.545637867000039)",Unfall 62943 (2020) Kat:3, Licht: 0,62943,3,7,1,04,12,2,0,0,1,1,0,0
"POINT (9.434109201000069 52.421941656000058)",Unfall 62944 (2020) Kat:3, Licht: 0,62944,3,7,0,04,14,1,0,0,1,0,0,0
"POINT (9.762846222000064 52.344410806000042)",Unfall 62945 (2020) Kat:3, Licht: 0,62945,3,3,5,04,18,6,0,0,0,1,0,0
"POINT (9.452358181000022 52.432771067000033)",Unfall 62946 (2020) Kat:3, Licht: 0,62946,3,3,5,04,13,1,0,0,1,0,0,0
"POINT (9.422934638000072 52.429387813000062)",Unfall 62948 (2020) Kat:3, Licht: 0,62948,3,1,0,04,06,5,1,0,0,0,0,1
"POINT (9.427809642000057 52.558463904000064)",Unfall 62949 (2020) Kat:2, Licht: 0,62949,2,7,9,04,09,5,0,0,0,1,0,0
"POINT (9.428854411000032 52.320175513000038)",Unfall 62950 (2020) Kat:3, Licht: 0,62950,3,3,5,04,18,1,0,0,1,1,0,0
"POINT (9.460256165000033 52.388077728000042)",Unfall 62952 (2020) Kat:2, Licht: 1,62952,2,7,0,04,20,1,0,1,1,0,0,0
"POINT (9.896981443000072 52.351615839000033)",Unfall 62953 (2020) Kat:3, Licht: 0,62953,3,1,0,04,13,1,0,0,0,0,0,1
"POINT (9.454285273000039 52.388537112000051)",Unfall 62954 (2020) Kat:3, Licht: 0,62954,3,2,5,04,16,6,0,0,0,1,0,1
"POINT (9.701331975000073 52.169826863000026)",Unfall 62955 (2020) Kat:2, Licht: 0,62955,2,3,5,04,16,1,0,0,0,1,0,1
"POINT (10.038602105000052 52.422275795000076)",Unfall 62957 (2020) Kat:2, Licht: 0,62957,2,2,3,04,11,4,0,0,0,1,0,0
"POINT (9.631112133000045 52.378634758000032)",Unfall 62973 (2020) Kat:3, Licht: 0,62973,3,1,0,04,12,6,0,0,1,0,0,0
"POINT (9.630684095000049 52.330668422000031)",Unfall 62984 (2020) Kat:3, Licht: 0,62984,3,3,5,04,13,6,0,0,0,1,0,0
"POINT (9.730473428000039 52.491570982000042)",Unfall 62994 (2020) Kat:3, Licht: 0,62994,3,6,2,04,18,4,0,0,0,1,0,0
"POINT (9.585072323000077 52.321406757000034)",Unfall 63013 (2020) Kat:3, Licht: 0,63013,3,6,4,04,19,6,0,0,1,0,0,0
"POINT (9.749278310000022 52.273354928000060)",Unfall 63019 (2020) Kat:3, Licht: 0,63019,3,3,5,04,17,7,0,0,1,1,0,0
"POINT (9.718165836000026 52.394500486000027)",Unfall 63027 (2020) Kat:3, Licht: 0,63027,3,1,0,04,16,6,0,0,1,0,0,0
"POINT (9.780200845000024 52.571977795000066)",Unfall 63039 (2020) Kat:3, Licht: 0,63039,3,1,8,05,11,7,1,0,0,1,0,0
"POINT (9.731420795000076 52.433668615000045)",Unfall 63040 (2020) Kat:3, Licht: 0,63040,3,7,0,04,16,6,0,0,1,0,0,0
"POINT (9.735230670000021 52.405543229000045)",Unfall 63043 (2020) Kat:3, Licht: 0,63043,3,2,2,04,10,2,0,0,0,1,0,0
"POINT (9.790409356000055 52.558554463000064)",Unfall 63046 (2020) Kat:3, Licht: 0,63046,3,6,3,04,17,6,0,0,0,1,0,0
"POINT (9.567710101000046 52.294184149000046)",Unfall 63047 (2020) Kat:3, Licht: 0,63047,3,6,6,04,17,7,0,0,0,1,1,0
"POINT (9.609351551000032 52.438005106000048)",Unfall 63050 (2020) Kat:3, Licht: 0,63050,3,2,3,04,07,7,0,0,1,1,0,0
"POINT (9.707791189000034 52.410032189000049)",Unfall 63053 (2020) Kat:3, Licht: 0,63053,3,6,2,04,12,7,0,0,0,1,0,0
"POINT (9.733923138000023 52.478274222000039)",Unfall 63054 (2020) Kat:2, Licht: 0,63054,2,2,6,04,06,6,0,0,0,1,1,0
"POINT (9.776234708000061 52.329057210000030)",Unfall 63061 (2020) Kat:3, Licht: 2,63061,3,4,6,05,23,1,0,2,0,1,1,0
"POINT (9.866563763000045 52.493478172000039)",Unfall 63063 (2020) Kat:3, Licht: 0,63063,3,3,5,04,11,3,0,0,1,0,0,0
"POINT (9.589573976000054 52.439208760000042)",Unfall 63068 (2020) Kat:3, Licht: 0,63068,3,1,0,04,11,6,0,0,0,1,0,1
"POINT (9.684892529000024 52.360140903000058)",Unfall 63077 (2020) Kat:3, Licht: 2,63077,3,1,8,04,22,5,1,2,0,1,0,0
"POINT (9.703091907000044 52.422834893000072)",Unfall 63078 (2020) Kat:3, Licht: 0,63078,3,4,6,04,15,5,0,0,0,1,1,0
"POINT (9.860107203000041 52.455896901000074)",Unfall 63091 (2020) Kat:3, Licht: 0,63091,3,7,0,04,05,1,0,0,0,1,0,0
"POINT (9.425258786000029 52.429455122000036)",Unfall 63105 (2020) Kat:3, Licht: 0,63105,3,2,2,04,10,3,0,0,0,1,0,0
"POINT (10.171918055000049 52.396087347000048)",Unfall 63110 (2020) Kat:3, Licht: 0,63110,3,1,8,04,06,6,0,0,0,1,0,0
"POINT (9.762129435000077 52.453152524000075)",Unfall 63112 (2020) Kat:2, Licht: 0,63112,2,4,6,04,14,2,0,0,0,1,1,0
"POINT (10.054431865000026 52.509081345000027)",Unfall 63113 (2020) Kat:3, Licht: 0,63113,3,2,3,04,14,6,0,0,1,0,0,1
"POINT (9.630429573000072 52.485183681000080)",Unfall 63115 (2020) Kat:2, Licht: 0,63115,2,1,9,04,18,6,0,0,0,1,0,0
"POINT (9.670784371000025 52.441330432000029)",Unfall 63118 (2020) Kat:3, Licht: 0,63118,3,6,2,04,13,5,1,0,0,1,0,0
"POINT (9.736197525000023 52.399236730000041)",Unfall 63120 (2020) Kat:3, Licht: 2,63120,3,3,5,04,00,6,0,2,0,1,0,0
"POINT (9.524618936000024 52.416920470000036)",Unfall 63127 (2020) Kat:1, Licht: 0,63127,1,1,3,04,16,4,0,0,0,1,0,0
"POINT (9.399420155000030 52.332351130000063)",Unfall 63138 (2020) Kat:3, Licht: 0,63138,3,6,2,05,10,1,0,0,0,1,0,0
"POINT (9.736213121000048 52.399104147000060)",Unfall 63169 (2020) Kat:3, Licht: 0,63169,3,6,2,05,12,7,1,0,0,1,0,0
"POINT (9.779636003000064 52.428151057000036)",Unfall 63212 (2020) Kat:3, Licht: 2,63212,3,1,8,04,05,2,0,2,0,1,0,0
"POINT (9.523490081000034 52.352057296000055)",Unfall 63220 (2020) Kat:3, Licht: 0,63220,3,1,0,04,15,1,0,0,1,0,0,0
"POINT (9.729435271000057 52.384963190000065)",Unfall 63222 (2020) Kat:3, Licht: 0,63222,3,6,2,04,16,5,0,0,0,1,0,0
"POINT (9.493602232000058 52.290510335000079)",Unfall 63224 (2020) Kat:3, Licht: 0,63224,3,7,0,04,16,5,0,0,1,0,0,0
"POINT (9.494823454000027 52.278202722000060)",Unfall 63228 (2020) Kat:3, Licht: 0,63228,3,1,4,04,12,5,0,0,0,0,0,1
"POINT (9.795726122000076 52.549607037000044)",Unfall 63232 (2020) Kat:2, Licht: 0,63232,2,6,2,04,11,3,0,0,0,0,0,0
"POINT (9.743676527000048 52.547447386000044)",Unfall 63233 (2020) Kat:3, Licht: 0,63233,3,7,0,04,11,5,0,0,0,1,0,1
"POINT (9.442183289000070 52.416809312000055)",Unfall 63249 (2020) Kat:3, Licht: 0,63249,3,2,5,04,15,6,0,0,0,1,0,1
"POINT (9.756692411000074 52.254485456000054)",Unfall 63259 (2020) Kat:3, Licht: 0,63259,3,2,4,04,12,5,0,0,0,1,0,0
"POINT (9.545045389000052 52.310338353000077)",Unfall 63288 (2020) Kat:1, Licht: 0,63288,1,1,8,04,17,6,0,0,0,0,0,1
"POINT (9.823832368000069 52.384166895000078)",Unfall 63297 (2020) Kat:3, Licht: 0,63297,3,2,0,04,21,5,0,0,1,1,0,0
"POINT (9.774215938000054 52.428197895000039)",Unfall 63298 (2020) Kat:2, Licht: 0,63298,2,2,5,04,10,5,0,0,0,1,0,0
"POINT (9.630331734000038 52.226336859000071)",Unfall 63301 (2020) Kat:3, Licht: 0,63301,3,7,9,04,15,1,0,0,0,0,0,1
"POINT (9.740177857000049 52.209329853000042)",Unfall 63306 (2020) Kat:2, Licht: 2,63306,2,7,1,04,05,4,0,2,0,1,0,0
"POINT (9.989777691000029 52.317881253000053)",Unfall 63307 (2020) Kat:3, Licht: 0,63307,3,1,8,05,16,1,0,0,0,0,0,1
"POINT (9.735047153000039 52.392357173000050)",Unfall 63311 (2020) Kat:3, Licht: 0,63311,3,6,3,04,12,7,0,0,0,1,0,1
"POINT (9.549794578000046 52.421447855000054)",Unfall 63337 (2020) Kat:2, Licht: 0,63337,2,1,3,04,10,5,1,0,0,1,0,0
"POINT (9.647492913000065 52.413408409000056)",Unfall 63342 (2020) Kat:3, Licht: 0,63342,3,3,5,04,12,4,0,0,1,1,0,0
"POINT (9.492765015000032 52.415504336000026)",Unfall 63343 (2020) Kat:3, Licht: 0,63343,3,6,2,04,08,4,0,0,0,0,0,0
"POINT (9.731420564000075 52.433667368000044)",Unfall 63344 (2020) Kat:3, Licht: 0,63344,3,3,5,04,11,4,0,0,1,1,0,0
"POINT (9.646522976000028 52.399128765000057)",Unfall 63346 (2020) Kat:3, Licht: 0,63346,3,6,0,04,12,4,0,0,1,1,0,0
"POINT (9.509126848000051 52.289887284000031)",Unfall 63350 (2020) Kat:3, Licht: 0,63350,3,6,2,04,13,4,0,0,0,1,0,0
"POINT (10.130449478000060 52.398114265000061)",Unfall 63353 (2020) Kat:3, Licht: 0,63353,3,3,0,04,18,4,0,0,0,1,0,0
"POINT (9.973960168000076 52.372592045000033)",Unfall 63354 (2020) Kat:3, Licht: 0,63354,3,6,2,04,18,4,0,0,0,1,0,0
"POINT (9.818810160000055 52.288837699000055)",Unfall 63357 (2020) Kat:3, Licht: 0,63357,3,2,5,04,17,4,0,0,1,1,0,0
"POINT (9.631346539000049 52.505827707000037)",Unfall 63360 (2020) Kat:3, Licht: 0,63360,3,3,5,04,09,4,0,0,0,1,0,0
"POINT (9.699286247000032 52.442375606000041)",Unfall 63387 (2020) Kat:3, Licht: 0,63387,3,6,2,05,11,7,1,0,0,1,0,0
"POINT (9.991030373000058 52.413083934000042)",Unfall 63391 (2020) Kat:3, Licht: 0,63391,3,6,2,04,16,2,0,0,0,1,0,0
"POINT (9.649568712000075 52.394845446000033)",Unfall 63415 (2020) Kat:3, Licht: 0,63415,3,3,5,04,13,6,0,0,1,1,0,0
"POINT (9.533601766000061 52.461548986000082)",Unfall 63425 (2020) Kat:3, Licht: 0,63425,3,2,4,04,12,5,0,0,0,1,0,1
"POINT (9.899588557000072 52.401331107000033)",Unfall 63438 (2020) Kat:3, Licht: 0,63438,3,3,5,04,13,1,0,0,0,1,0,0
"POINT (9.646161877000054 52.403720554000074)",Unfall 63440 (2020) Kat:3, Licht: 0,63440,3,6,2,04,16,3,0,0,0,1,0,1
"POINT (9.406198790000076 52.410553974000038)",Unfall 63442 (2020) Kat:2, Licht: 0,63442,2,1,8,04,19,3,0,0,0,0,0,1
"POINT (9.783449485000062 52.568876791000037)",Unfall 63446 (2020) Kat:1, Licht: 0,63446,1,6,2,04,13,3,0,0,0,0,0,0
"POINT (9.819914285000039 52.513629340000080)",Unfall 63450 (2020) Kat:3, Licht: 0,63450,3,6,2,04,15,3,0,0,0,0,0,0
"POINT (9.697537488000023 52.377396380000050)",Unfall 63451 (2020) Kat:3, Licht: 0,63451,3,6,2,04,14,3,0,0,0,1,0,0
"POINT (9.972520503000055 52.372770633000073)",Unfall 63452 (2020) Kat:2, Licht: 0,63452,2,5,1,04,07,3,0,0,1,1,0,0
"POINT (9.733029413000054 52.426498346000074)",Unfall 63458 (2020) Kat:3, Licht: 0,63458,3,6,3,04,17,2,0,0,0,1,0,0
"POINT (9.692430293000030 52.527016388000050)",Unfall 63463 (2020) Kat:3, Licht: 0,63463,3,1,9,04,08,5,1,0,0,1,0,0
"POINT (9.461244928000042 52.468389470000034)",Unfall 63467 (2020) Kat:2, Licht: 0,63467,2,3,5,04,13,1,0,0,0,1,0,1
"POINT (9.648648887000036 52.424045703000047)",Unfall 63472 (2020) Kat:3, Licht: 0,63472,3,6,3,04,20,4,0,0,0,1,0,0
"POINT (9.508000306000042 52.286831059000065)",Unfall 63507 (2020) Kat:3, Licht: 0,63507,3,7,0,04,18,7,0,0,1,0,0,0
"POINT (9.589389125000025 52.439149912000062)",Unfall 63513 (2020) Kat:3, Licht: 0,63513,3,6,2,05,12,7,1,0,0,1,0,0
"POINT (9.587641972000029 52.414988854000057)",Unfall 63514 (2020) Kat:3, Licht: 0,63514,3,6,0,04,14,7,0,0,1,1,0,0
"POINT (9.426758072000041 52.429480625000053)",Unfall 63520 (2020) Kat:3, Licht: 0,63520,3,6,2,04,13,2,0,0,0,1,0,0
"POINT (9.615864759000033 52.351979015000040)",Unfall 63523 (2020) Kat:3, Licht: 0,63523,3,6,2,04,17,2,0,0,1,1,0,0
"POINT (9.709535985000059 52.408009322000055)",Unfall 63526 (2020) Kat:3, Licht: 0,63526,3,2,5,04,15,2,0,0,1,0,0,0
"POINT (9.698748412000043 52.347390666000081)",Unfall 63546 (2020) Kat:3, Licht: 0,63546,3,7,5,05,13,1,0,0,0,1,0,1
"POINT (9.405859669000051 52.426556356000049)",Unfall 63547 (2020) Kat:3, Licht: 0,63547,3,6,4,05,14,1,0,0,0,1,0,0
"POINT (9.842419808000045 52.388131163000082)",Unfall 63548 (2020) Kat:3, Licht: 0,63548,3,1,8,05,13,1,0,0,0,1,0,0
"POINT (9.701108991000069 52.371069516000034)",Unfall 63549 (2020) Kat:3, Licht: 0,63549,3,6,2,05,18,1,0,0,0,1,0,0
"POINT (9.474223383000037 52.389293720000069)",Unfall 63550 (2020) Kat:2, Licht: 0,63550,2,1,0,05,15,1,0,0,1,0,0,0
"POINT (10.202573844000028 52.463983280000036)",Unfall 63551 (2020) Kat:2, Licht: 0,63551,2,1,0,05,12,1,0,0,0,0,0,1
"POINT (9.812215293000065 52.429498029000058)",Unfall 63552 (2020) Kat:3, Licht: 0,63552,3,6,3,05,12,1,0,0,0,1,0,0
"POINT (9.722599737000053 52.337565976000064)",Unfall 63586 (2020) Kat:3, Licht: 0,63586,3,6,2,05,16,7,0,0,0,1,0,1
"POINT (9.719263763000072 52.349102130000063)",Unfall 63587 (2020) Kat:3, Licht: 0,63587,3,2,2,05,11,7,0,0,0,1,0,0
"POINT (9.608820168000023 52.443676815000060)",Unfall 63588 (2020) Kat:3, Licht: 2,63588,3,7,0,05,23,7,0,2,1,0,0,0
"POINT (9.728854854000076 52.581850140000029)",Unfall 63589 (2020) Kat:3, Licht: 0,63589,3,6,6,05,11,7,0,0,1,0,1,0
"POINT (9.976341765000029 52.372517056000049)",Unfall 63590 (2020) Kat:3, Licht: 0,63590,3,7,0,05,10,7,0,0,0,0,0,1
"POINT (9.869995099000050 52.500764382000057)",Unfall 63591 (2020) Kat:3, Licht: 0,63591,3,6,2,05,10,7,0,0,0,1,0,0
"POINT (9.975882509000030 52.509462168000027)",Unfall 63592 (2020) Kat:3, Licht: 0,63592,3,3,5,05,17,7,0,0,1,1,0,0
"POINT (9.729051026000036 52.522112147000030)",Unfall 63593 (2020) Kat:2, Licht: 0,63593,2,2,5,05,12,7,0,0,0,1,0,1
"POINT (9.545947861000059 52.340325745000030)",Unfall 63639 (2020) Kat:3, Licht: 0,63639,3,2,5,05,16,6,0,0,0,1,0,0
"POINT (9.500328079000042 52.338749694000057)",Unfall 63640 (2020) Kat:3, Licht: 0,63640,3,6,4,05,14,6,0,0,0,1,0,0
"POINT (9.728761227000064 52.491745634000040)",Unfall 63641 (2020) Kat:3, Licht: 0,63641,3,6,2,05,13,6,0,0,0,1,0,0
"POINT (9.734240636000038 52.336766621000038)",Unfall 63642 (2020) Kat:3, Licht: 0,63642,3,6,2,05,15,6,0,0,0,1,0,0
"POINT (9.823615665000034 52.408397643000058)",Unfall 63643 (2020) Kat:3, Licht: 0,63643,3,1,9,05,15,6,0,0,0,0,0,0
"POINT (9.846725682000056 52.413169001000028)",Unfall 63644 (2020) Kat:3, Licht: 2,63644,3,6,9,05,01,6,0,2,0,1,0,0
"POINT (9.762200344000064 52.370416647000070)",Unfall 63679 (2020) Kat:3, Licht: 0,63679,3,2,5,05,12,5,0,0,1,1,0,0
"POINT (9.853575052000053 52.491607287000079)",Unfall 63680 (2020) Kat:3, Licht: 0,63680,3,7,8,05,15,5,0,0,0,1,0,0
"POINT (9.437250839000058 52.419261438000035)",Unfall 63681 (2020) Kat:3, Licht: 0,63681,3,1,0,05,15,5,0,0,0,0,0,0
"POINT (9.457307126000046 52.388256827000077)",Unfall 63682 (2020) Kat:3, Licht: 0,63682,3,7,9,05,07,5,0,0,0,1,0,0
"POINT (9.622233290000054 52.426274689000081)",Unfall 63683 (2020) Kat:3, Licht: 0,63683,3,7,2,05,16,5,0,0,0,1,0,0
"POINT (9.743170764000070 52.547438892000059)",Unfall 63684 (2020) Kat:3, Licht: 0,63684,3,3,5,05,15,5,0,0,1,1,0,0
"POINT (9.664746073000060 52.427136795000081)",Unfall 63685 (2020) Kat:1, Licht: 0,63685,1,6,2,05,17,5,0,0,0,0,0,0
"POINT (9.657776699000067 52.356981405000056)",Unfall 63686 (2020) Kat:3, Licht: 0,63686,3,3,5,05,14,5,0,0,1,1,0,0
"POINT (9.507971983000061 52.340351046000080)",Unfall 63687 (2020) Kat:2, Licht: 0,63687,2,3,5,05,16,5,0,0,1,0,0,0
"POINT (9.558147810000037 52.197204350000050)",Unfall 63688 (2020) Kat:2, Licht: 0,63688,2,3,5,05,15,5,0,0,1,1,0,0
"POINT (9.862163119000059 52.366284651000058)",Unfall 63689 (2020) Kat:2, Licht: 0,63689,2,2,5,05,08,5,0,0,1,0,0,0
"POINT (9.859384257000045 52.306873659000075)",Unfall 63728 (2020) Kat:3, Licht: 0,63728,3,6,2,05,12,4,0,0,0,1,0,0
"POINT (9.707781771000043 52.409716182000068)",Unfall 63729 (2020) Kat:3, Licht: 0,63729,3,6,3,05,17,4,0,0,0,1,0,0
"POINT (9.707971828000041 52.420832477000033)",Unfall 63730 (2020) Kat:3, Licht: 0,63730,3,2,5,05,15,4,0,0,0,1,0,1
"POINT (9.474255160000041 52.389270718000034)",Unfall 63731 (2020) Kat:3, Licht: 0,63731,3,3,5,05,11,4,0,0,1,1,0,0
"POINT (9.611690122000027 52.436869670000078)",Unfall 63732 (2020) Kat:3, Licht: 0,63732,3,3,5,05,15,4,0,0,0,1,0,1
"POINT (9.727055303000043 52.572889801000031)",Unfall 63733 (2020) Kat:3, Licht: 0,63733,3,6,6,05,16,4,0,0,1,0,1,0
"POINT (9.968885229000023 52.315177409000057)",Unfall 63734 (2020) Kat:3, Licht: 0,63734,3,2,4,05,09,4,0,0,0,1,0,0
"POINT (9.715045106000048 52.440918669000041)",Unfall 63735 (2020) Kat:3, Licht: 0,63735,3,6,2,05,17,4,0,0,0,1,0,0
"POINT (9.787986700000033 52.355535016000033)",Unfall 63736 (2020) Kat:3, Licht: 0,63736,3,6,2,05,07,4,0,0,0,1,0,0
"POINT (9.697739817000070 52.377146186000061)",Unfall 63771 (2020) Kat:3, Licht: 0,63771,3,6,2,05,10,3,0,0,0,1,0,0
"POINT (9.826156681000043 52.341272374000027)",Unfall 63772 (2020) Kat:3, Licht: 0,63772,3,7,6,05,11,3,0,0,0,1,1,0
"POINT (9.477272776000064 52.387335401000030)",Unfall 63773 (2020) Kat:3, Licht: 0,63773,3,2,5,05,14,3,0,0,0,1,0,0
"POINT (9.673625590000029 52.441334763000043)",Unfall 63774 (2020) Kat:3, Licht: 0,63774,3,4,6,05,16,3,0,0,0,0,1,0
"POINT (9.609548980000056 52.289148637000039)",Unfall 63775 (2020) Kat:2, Licht: 0,63775,2,1,0,05,17,3,0,0,1,0,0,0
"POINT (9.858309049000070 52.387351961000036)",Unfall 63802 (2020) Kat:3, Licht: 0,63802,3,3,5,05,14,2,0,0,1,1,0,0
"POINT (9.862360709000029 52.371479429000033)",Unfall 63803 (2020) Kat:3, Licht: 0,63803,3,3,5,05,13,2,0,0,0,1,0,0
"POINT (9.729335962000050 52.381938469000033)",Unfall 63804 (2020) Kat:3, Licht: 0,63804,3,5,1,05,16,2,0,0,0,1,0,1
"POINT (9.413489805000040 52.332941341000037)",Unfall 63805 (2020) Kat:3, Licht: 0,63805,3,6,3,05,19,2,0,0,0,1,0,0
"POINT (10.139560175000042 52.365800062000062)",Unfall 63806 (2020) Kat:3, Licht: 0,63806,3,2,4,05,16,2,0,0,0,1,0,0
"POINT (9.747885707000023 52.202553756000043)",Unfall 63859 (2020) Kat:2, Licht: 0,63859,2,2,2,05,16,3,0,0,0,1,0,1
"POINT (9.645964899000035 52.408924978000073)",Unfall 63860 (2020) Kat:3, Licht: 0,63860,3,6,2,05,15,3,0,0,0,1,0,0
"POINT (9.599613763000036 52.332857496000031)",Unfall 63861 (2020) Kat:3, Licht: 0,63861,3,1,8,05,17,3,0,0,0,0,0,1
"POINT (9.759330140000031 52.522143834000076)",Unfall 63862 (2020) Kat:3, Licht: 0,63862,3,7,0,05,19,3,0,0,1,0,0,0
"POINT (9.463290415000074 52.535501667000062)",Unfall 63863 (2020) Kat:3, Licht: 0,63863,3,6,9,05,18,3,0,0,0,1,0,1
"POINT (9.546030401000053 52.340329289000067)",Unfall 63864 (2020) Kat:2, Licht: 0,63864,2,2,5,05,08,3,0,0,0,1,0,0
"POINT (9.843068201000051 52.394633958000043)",Unfall 63899 (2020) Kat:2, Licht: 0,63899,2,4,6,05,15,2,0,0,0,0,1,0
"POINT (9.726744025000073 52.544612767000046)",Unfall 63900 (2020) Kat:2, Licht: 0,63900,2,2,6,05,10,2,0,0,0,0,1,0
"POINT (9.786822101000041 52.389999508000074)",Unfall 63901 (2020) Kat:3, Licht: 0,63901,3,6,2,05,08,2,0,0,0,1,0,0
"POINT (9.794826137000030 52.316001804000052)",Unfall 63918 (2020) Kat:3, Licht: 0,63918,3,3,5,05,16,1,0,0,1,0,0,0
"POINT (10.048016374000042 52.464134002000037)",Unfall 63919 (2020) Kat:3, Licht: 0,63919,3,1,8,05,07,1,0,0,0,1,0,0
"POINT (9.694790596000075 52.337548134000031)",Unfall 63920 (2020) Kat:3, Licht: 0,63920,3,3,5,05,11,1,0,0,0,1,0,0
"POINT (9.867518625000059 52.314070950000030)",Unfall 63944 (2020) Kat:2, Licht: 0,63944,2,7,3,05,16,7,0,0,0,1,0,0
"POINT (9.736766753000040 52.427383977000034)",Unfall 63945 (2020) Kat:3, Licht: 0,63945,3,7,2,05,08,7,0,0,0,1,0,0
"POINT (9.734294996000074 52.427385569000080)",Unfall 63946 (2020) Kat:3, Licht: 0,63946,3,6,2,05,09,7,0,0,0,1,0,0
"POINT (9.806889642000044 52.308071094000070)",Unfall 63978 (2020) Kat:3, Licht: 0,63978,3,6,2,05,11,6,0,0,0,1,0,0
"POINT (9.448787450000054 52.504744929000026)",Unfall 63979 (2020) Kat:2, Licht: 0,63979,2,1,0,05,15,6,0,0,1,0,0,0
"POINT (9.737976374000027 52.319614301000058)",Unfall 63980 (2020) Kat:3, Licht: 0,63980,3,6,2,05,12,6,0,0,0,1,0,0
"POINT (10.169122118000075 52.465394062000030)",Unfall 63981 (2020) Kat:2, Licht: 0,63981,2,3,5,05,12,6,0,0,1,1,0,0
"POINT (10.013041916000077 52.445684423000046)",Unfall 64015 (2020) Kat:1, Licht: 0,64015,1,7,0,05,11,5,0,0,1,0,0,0
"POINT (9.659000047000063 52.387820804000057)",Unfall 64016 (2020) Kat:3, Licht: 0,64016,3,1,8,05,16,5,0,0,0,1,0,0
"POINT (9.563909314000057 52.364663937000046)",Unfall 64017 (2020) Kat:3, Licht: 0,64017,3,3,0,05,11,5,0,0,0,1,0,0
"POINT (9.691832270000077 52.296454068000060)",Unfall 64018 (2020) Kat:3, Licht: 0,64018,3,1,8,05,16,5,0,0,0,1,0,0
"POINT (9.452920192000022 52.504923795000082)",Unfall 64019 (2020) Kat:3, Licht: 0,64019,3,4,6,05,12,5,0,0,0,1,1,0
"POINT (9.761644457000045 52.345755570000051)",Unfall 64021 (2020) Kat:3, Licht: 0,64021,3,3,5,05,19,5,0,0,0,1,0,0
"POINT (9.626100450000024 52.408144339000046)",Unfall 64043 (2020) Kat:3, Licht: 0,64043,3,2,2,05,10,4,0,0,0,1,0,0
"POINT (9.720646617000057 52.391484221000042)",Unfall 64044 (2020) Kat:3, Licht: 0,64044,3,6,6,05,12,4,0,0,1,0,1,0
"POINT (9.719391617000042 52.346640635000028)",Unfall 64045 (2020) Kat:3, Licht: 0,64045,3,2,5,05,13,4,0,0,0,1,0,0
"POINT (9.721742501000051 52.378456672000027)",Unfall 64046 (2020) Kat:3, Licht: 0,64046,3,6,2,05,09,4,0,0,0,1,0,0
"POINT (9.755238425000073 52.273983980000082)",Unfall 64047 (2020) Kat:3, Licht: 0,64047,3,3,0,05,08,4,0,0,1,1,0,0
"POINT (9.467253042000039 52.332865453000068)",Unfall 64048 (2020) Kat:2, Licht: 2,64048,2,3,5,05,21,4,0,2,0,1,0,0
"POINT (9.685030547000054 52.374553822000053)",Unfall 64049 (2020) Kat:2, Licht: 0,64049,2,3,5,05,17,4,0,0,0,0,0,1
"POINT (9.587694053000064 52.334342360000051)",Unfall 64071 (2020) Kat:3, Licht: 0,64071,3,6,4,05,14,3,0,0,0,1,0,0
"POINT (9.733802193000031 52.417357272000061)",Unfall 64072 (2020) Kat:3, Licht: 0,64072,3,2,5,05,11,3,0,0,0,1,0,0
"POINT (9.425690528000075 52.331603448000067)",Unfall 64079 (2020) Kat:3, Licht: 0,64079,3,6,2,05,16,4,0,0,0,1,0,0
"POINT (10.092662481000048 52.487073440000074)",Unfall 64083 (2020) Kat:3, Licht: 0,64083,3,5,1,05,13,4,0,0,0,1,0,0