WKT,Name,OBJECTID,UKATEGORIE,UTYP1,UART,UMONAT,USTUNDE,UWOCHENTAG,STRZUSTAND,ULICHTVERH,ISTRAD,ISTPKW,ISTFUSS,ISTKRAD
"POINT (9.733532542000035 52.416608960000076)",Unfall 64091 (2020) Kat:3, Licht: 0,64091,3,3,5,05,11,4,0,0,1,1,0,0
"POINT (9.761423284000045 52.277941901000077)",Unfall 64096 (2020) Kat:2, Licht: 0,64096,2,6,8,05,08,4,0,0,0,1,0,1
"POINT (9.666254143000060 52.428645784000082)",Unfall 64101 (2020) Kat:3, Licht: 0,64101,3,6,2,05,16,4,0,0,0,1,0,0
"POINT (9.432950648000031 52.542236957000057)",Unfall 64120 (2020) Kat:3, Licht: 0,64120,3,1,9,05,16,2,0,0,0,1,0,0
"POINT (10.054283110000029 52.535853253000028)",Unfall 64121 (2020) Kat:2, Licht: 2,64121,2,7,7,05,22,2,0,2,0,1,0,0
"POINT (9.885321371000032 52.358681132000072)",Unfall 64122 (2020) Kat:3, Licht: 0,64122,3,6,2,05,18,2,0,0,0,1,0,0
"POINT (9.817549625000027 52.300662634000048)",Unfall 64123 (2020) Kat:3, Licht: 0,64123,3,3,0,05,13,2,0,0,1,1,0,0
"POINT (9.749109825000062 52.369228397000029)",Unfall 64170 (2020) Kat:3, Licht: 0,64170,3,7,0,05,19,5,0,0,1,0,1,0
"POINT (9.734031067000046 52.368878122000069)",Unfall 64171 (2020) Kat:3, Licht: 0,64171,3,2,4,05,17,5,0,0,1,1,0,0
"POINT (9.861862072000065 52.381391444000030)",Unfall 64172 (2020) Kat:3, Licht: 0,64172,3,3,5,05,17,5,0,0,0,1,0,1
"POINT (9.695783076000055 52.420038117000047)",Unfall 64173 (2020) Kat:3, Licht: 0,64173,3,7,0,05,14,5,0,0,0,1,0,1
"POINT (9.468860959000040 52.426559068000074)",Unfall 64175 (2020) Kat:3, Licht: 0,64175,3,1,8,05,17,5,0,0,0,0,0,1
"POINT (9.667908390000036 52.343762730000037)",Unfall 64176 (2020) Kat:3, Licht: 0,64176,3,6,2,05,11,5,0,0,0,1,0,0
"POINT (9.678075153000066 52.371785265000028)",Unfall 64177 (2020) Kat:3, Licht: 0,64177,3,7,3,05,15,5,0,0,0,1,0,0
"POINT (9.665409722000049 52.384360692000030)",Unfall 64179 (2020) Kat:3, Licht: 0,64179,3,4,6,05,14,5,0,0,0,1,1,0
"POINT (9.610186693000060 52.422031898000057)",Unfall 64180 (2020) Kat:3, Licht: 0,64180,3,6,2,05,16,5,0,0,0,0,0,0
"POINT (9.817780832000040 52.299746221000078)",Unfall 64215 (2020) Kat:3, Licht: 0,64215,3,1,0,05,13,4,0,0,1,0,0,0
"POINT (9.744445016000043 52.452947891000065)",Unfall 64217 (2020) Kat:3, Licht: 0,64217,3,2,5,05,11,4,0,0,1,1,0,0
"POINT (9.836363140000060 52.499007062000032)",Unfall 64218 (2020) Kat:3, Licht: 0,64218,3,3,5,05,08,4,0,0,0,1,0,0
"POINT (10.250107033000063 52.463272561000053)",Unfall 64220 (2020) Kat:3, Licht: 0,64220,3,6,4,05,12,4,0,0,1,0,0,0
"POINT (9.609330943000032 52.392327093000063)",Unfall 64265 (2020) Kat:3, Licht: 0,64265,3,5,1,05,15,6,0,0,0,1,0,0
"POINT (9.664090417000068 52.376962479000042)",Unfall 64269 (2020) Kat:3, Licht: 0,64269,3,5,2,05,18,3,0,0,0,1,0,1
"POINT (9.928334063000023 52.344448575000058)",Unfall 64270 (2020) Kat:3, Licht: 0,64270,3,2,5,05,20,6,0,0,0,1,0,0
"POINT (9.731892644000027 52.438654297000028)",Unfall 64271 (2020) Kat:3, Licht: 0,64271,3,4,6,05,13,3,0,0,0,0,1,0
"POINT (9.613282066000068 52.210639901000036)",Unfall 64272 (2020) Kat:2, Licht: 0,64272,2,6,4,05,12,3,0,0,0,1,0,1
"POINT (9.799405533000027 52.409560137000028)",Unfall 64273 (2020) Kat:3, Licht: 0,64273,3,3,5,05,07,3,0,0,1,1,0,0
"POINT (9.735235329000034 52.394427998000026)",Unfall 64281 (2020) Kat:3, Licht: 0,64281,3,1,8,05,14,6,0,0,1,0,0,0
"POINT (9.818623123000066 52.410270060000073)",Unfall 64291 (2020) Kat:3, Licht: 0,64291,3,2,5,05,12,6,0,0,0,1,0,0
"POINT (9.551394613000070 52.322740216000057)",Unfall 64294 (2020) Kat:3, Licht: 0,64294,3,3,5,05,13,6,0,0,0,1,0,0
"POINT (9.746738617000062 52.533590910000044)",Unfall 64298 (2020) Kat:3, Licht: 0,64298,3,3,5,05,11,6,0,0,1,1,0,0
"POINT (9.698239458000046 52.420900279000080)",Unfall 64305 (2020) Kat:3, Licht: 0,64305,3,7,0,05,19,6,0,0,1,0,0,0
"POINT (9.702192935000028 52.414816224000049)",Unfall 64307 (2020) Kat:3, Licht: 0,64307,3,6,2,05,16,2,0,0,0,1,0,0
"POINT (9.837391655000033 52.286662609000075)",Unfall 64308 (2020) Kat:3, Licht: 0,64308,3,6,2,05,16,2,0,0,0,1,0,0
"POINT (9.945533537000074 52.333339040000055)",Unfall 64309 (2020) Kat:2, Licht: 0,64309,2,3,5,05,14,2,0,0,1,0,0,0
"POINT (9.793275491000031 52.535195259000034)",Unfall 64310 (2020) Kat:3, Licht: 0,64310,3,6,2,05,15,6,0,0,0,1,0,0
"POINT (9.817900444000031 52.311112683000033)",Unfall 64311 (2020) Kat:3, Licht: 0,64311,3,7,8,05,11,2,0,0,0,1,0,0
"POINT (9.847254589000045 52.426875993000067)",Unfall 64315 (2020) Kat:2, Licht: 0,64315,2,4,6,05,14,6,0,0,0,1,1,0
"POINT (9.729177279000055 52.491662404000067)",Unfall 64322 (2020) Kat:2, Licht: 0,64322,2,2,5,05,12,6,0,0,0,1,0,0
"POINT (10.022305168000059 52.317062636000060)",Unfall 64327 (2020) Kat:2, Licht: 0,64327,2,1,9,05,08,6,0,0,0,0,0,1
"POINT (9.697220475000052 52.375436299000057)",Unfall 64341 (2020) Kat:3, Licht: 0,64341,3,6,2,05,16,1,1,0,0,1,0,0
"POINT (9.717786702000069 52.395565876000035)",Unfall 64342 (2020) Kat:3, Licht: 2,64342,3,1,0,05,00,1,0,2,1,0,0,0
"POINT (10.013162789000035 52.451030412000080)",Unfall 64362 (2020) Kat:3, Licht: 0,64362,3,1,0,05,16,7,1,0,0,0,0,1
"POINT (9.766731579000066 52.337600043000066)",Unfall 64364 (2020) Kat:2, Licht: 0,64364,2,3,5,05,13,7,0,0,1,1,0,0
"POINT (9.899657026000057 52.396910468000044)",Unfall 64365 (2020) Kat:3, Licht: 0,64365,3,7,2,05,14,7,0,0,0,1,0,0
"POINT (9.889169654000057 52.361718317000054)",Unfall 64367 (2020) Kat:3, Licht: 0,64367,3,6,2,05,06,7,0,0,0,1,0,0
"POINT (9.697829831000036 52.377069243000051)",Unfall 64407 (2020) Kat:3, Licht: 0,64407,3,6,2,05,17,6,0,0,0,1,0,0
"POINT (9.732142832000022 52.369468898000036)",Unfall 64408 (2020) Kat:3, Licht: 0,64408,3,6,2,05,12,6,0,0,0,1,0,0
"POINT (9.632502961000057 52.378703096000038)",Unfall 64467 (2020) Kat:3, Licht: 0,64467,3,1,9,05,19,5,0,0,1,0,0,0
"POINT (9.513940686000069 52.394822904000080)",Unfall 64468 (2020) Kat:3, Licht: 0,64468,3,2,3,05,14,5,0,0,0,1,0,1
"POINT (9.423862851000024 52.322558601000026)",Unfall 64469 (2020) Kat:3, Licht: 0,64469,3,1,0,05,15,5,0,0,1,0,0,0
"POINT (9.632391354000049 52.553826100000038)",Unfall 64470 (2020) Kat:3, Licht: 0,64470,3,7,0,05,20,5,0,0,1,0,0,0
"POINT (9.680728348000059 52.359624294000071)",Unfall 64471 (2020) Kat:3, Licht: 0,64471,3,6,6,05,13,5,0,0,1,0,1,0
"POINT (9.749315497000055 52.369239597000046)",Unfall 64523 (2020) Kat:3, Licht: 0,64523,3,5,1,06,10,6,0,0,1,1,0,0
"POINT (9.628521429000045 52.422247777000052)",Unfall 64525 (2020) Kat:3, Licht: 0,64525,3,6,2,06,18,6,1,0,0,1,0,0
"POINT (9.700573211000062 52.347423800000058)",Unfall 64526 (2020) Kat:3, Licht: 1,64526,3,1,8,06,21,6,1,1,0,1,0,0
"POINT (9.432662288000074 52.466856893000056)",Unfall 64528 (2020) Kat:3, Licht: 0,64528,3,1,0,06,06,6,1,0,0,0,0,1
"POINT (9.620645138000043 52.392760564000071)",Unfall 64529 (2020) Kat:3, Licht: 1,64529,3,6,6,06,22,6,1,1,0,1,1,0
"POINT (9.605943821000039 52.288622450000048)",Unfall 64531 (2020) Kat:3, Licht: 0,64531,3,1,8,06,20,6,1,0,0,1,0,0
"POINT (9.872543651000058 52.310680084000069)",Unfall 64532 (2020) Kat:3, Licht: 0,64532,3,2,4,06,14,6,0,0,0,1,0,0
"POINT (9.787506934000021 52.563160804000063)",Unfall 64534 (2020) Kat:3, Licht: 0,64534,3,1,9,06,06,6,1,0,0,0,0,0
"POINT (9.769907364000062 52.279671283000027)",Unfall 64535 (2020) Kat:2, Licht: 0,64535,2,1,8,06,12,6,0,0,0,1,0,0
"POINT (9.734541490000026 52.411677714000064)",Unfall 64536 (2020) Kat:2, Licht: 0,64536,2,2,0,06,11,6,0,0,1,1,0,0
"POINT (9.665625504000047 52.339058751000039)",Unfall 64563 (2020) Kat:3, Licht: 0,64563,3,2,5,06,16,3,0,0,1,1,0,0
"POINT (9.654558263000070 52.407721475000073)",Unfall 64589 (2020) Kat:3, Licht: 0,64589,3,1,8,06,10,5,1,0,0,1,0,0
"POINT (9.742478244000040 52.368079228000056)",Unfall 64590 (2020) Kat:3, Licht: 0,64590,3,6,1,06,12,5,1,0,0,1,0,0
"POINT (9.798888406000060 52.411342146000038)",Unfall 64593 (2020) Kat:3, Licht: 0,64593,3,3,5,06,10,5,1,0,0,1,0,0
"POINT (9.777030228000058 52.328266677000045)",Unfall 64594 (2020) Kat:3, Licht: 0,64594,3,1,0,06,09,5,0,0,1,0,0,0
"POINT (9.827291421000041 52.355592828000056)",Unfall 64595 (2020) Kat:3, Licht: 0,64595,3,3,5,06,15,5,1,0,0,1,0,0
"POINT (9.839160812000046 52.489134039000078)",Unfall 64597 (2020) Kat:2, Licht: 1,64597,2,6,3,06,04,5,0,1,0,1,0,0
"POINT (9.803303986000060 52.336915647000069)",Unfall 64614 (2020) Kat:3, Licht: 0,64614,3,6,4,06,18,1,0,0,1,0,0,0
"POINT (9.665053565000051 52.338964873000066)",Unfall 64624 (2020) Kat:3, Licht: 2,64624,3,1,0,06,00,1,0,2,1,0,0,0
"POINT (9.510769792000076 52.475602173000027)",Unfall 64629 (2020) Kat:1, Licht: 2,64629,1,7,7,06,22,1,0,2,0,1,0,0
"POINT (9.696683626000038 52.347643076000054)",Unfall 64641 (2020) Kat:3, Licht: 0,64641,3,6,2,06,15,4,0,0,0,1,0,0
"POINT (9.721509292000064 52.361506713000040)",Unfall 64643 (2020) Kat:3, Licht: 0,64643,3,6,2,06,14,4,0,0,0,1,0,0
"POINT (9.630821928000046 52.206934641000032)",Unfall 64644 (2020) Kat:3, Licht: 0,64644,3,3,5,06,08,4,0,0,0,1,0,0
"POINT (9.621468781000033 52.325787940000055)",Unfall 64645 (2020) Kat:3, Licht: 0,64645,3,1,9,06,18,4,0,0,1,0,0,0
"POINT (9.500873748000061 52.481316113000048)",Unfall 64646 (2020) Kat:3, Licht: 0,64646,3,6,2,06,16,4,0,0,0,1,0,0
"POINT (9.728360972000075 52.545415541000068)",Unfall 64648 (2020) Kat:3, Licht: 0,64648,3,3,5,06,10,4,0,0,0,1,0,1
"POINT (9.974110747000054 52.352650196000070)",Unfall 64649 (2020) Kat:3, Licht: 0,64649,3,6,2,06,09,4,0,0,0,1,0,1
"POINT (9.680262679000066 52.431507254000053)",Unfall 64650 (2020) Kat:3, Licht: 0,64650,3,2,4,06,14,3,0,0,1,0,0,0
"POINT (9.813850399000046 52.524973480000028)",Unfall 64651 (2020) Kat:3, Licht: 0,64651,3,6,2,06,11,4,0,0,0,0,0,0
"POINT (9.950057416000050 52.391343034000045)",Unfall 64652 (2020) Kat:3, Licht: 0,64652,3,6,3,06,09,4,0,0,0,1,0,0
"POINT (9.646380187000034 52.401286691000053)",Unfall 64673 (2020) Kat:3, Licht: 0,64673,3,6,2,06,15,2,0,0,0,1,0,0
"POINT (9.747132237000074 52.533146880000061)",Unfall 64686 (2020) Kat:3, Licht: 0,64686,3,3,5,06,13,2,0,0,1,1,0,0
"POINT (9.570361743000035 52.323071714000037)",Unfall 64693 (2020) Kat:1, Licht: 0,64693,1,6,3,06,18,2,0,0,0,1,0,1
"POINT (9.727557371000046 52.623027386000047)",Unfall 64706 (2020) Kat:3, Licht: 0,64706,3,6,3,06,10,3,0,0,0,1,0,0
"POINT (9.648409573000038 52.377337386000079)",Unfall 64708 (2020) Kat:2, Licht: 0,64708,2,7,0,06,16,2,0,0,1,0,0,0
"POINT (9.725145426000040 52.376986584000065)",Unfall 64718 (2020) Kat:3, Licht: 2,64718,3,2,4,06,22,3,0,2,0,1,0,0
"POINT (9.724243230000070 52.377503058000059)",Unfall 64720 (2020) Kat:3, Licht: 0,64720,3,6,3,06,16,3,0,0,1,1,0,0
"POINT (9.799186733000056 52.410421738000082)",Unfall 64721 (2020) Kat:3, Licht: 0,64721,3,3,5,06,16,3,0,0,1,1,0,0
"POINT (10.026748233000035 52.328269987000056)",Unfall 64722 (2020) Kat:3, Licht: 0,64722,3,2,5,06,17,3,0,0,0,1,0,0
"POINT (9.735202590000029 52.403420946000040)",Unfall 64723 (2020) Kat:2, Licht: 0,64723,2,4,0,06,17,3,0,0,1,0,1,0
"POINT (9.796971803000076 52.347174781000035)",Unfall 64725 (2020) Kat:3, Licht: 0,64725,3,6,2,06,12,3,0,0,0,1,0,0
"POINT (9.793352195000068 52.554277727000056)",Unfall 64726 (2020) Kat:3, Licht: 0,64726,3,6,2,06,16,3,0,0,0,1,0,0
"POINT (9.722995025000046 52.358143286000029)",Unfall 64728 (2020) Kat:3, Licht: 0,64728,3,6,2,06,12,2,0,0,0,1,0,0
"POINT (9.584860580000054 52.211153179000064)",Unfall 64729 (2020) Kat:2, Licht: 0,64729,2,6,3,06,13,3,0,0,0,1,0,1
"POINT (9.798187091000045 52.412760588000026)",Unfall 64730 (2020) Kat:3, Licht: 0,64730,3,7,0,06,16,3,0,0,0,0,0,0
"POINT (9.726924133000068 52.381065732000081)",Unfall 64743 (2020) Kat:3, Licht: 0,64743,3,6,2,06,16,3,0,0,0,1,0,0
"POINT (9.619594144000075 52.218877336000048)",Unfall 64749 (2020) Kat:3, Licht: 0,64749,3,6,2,06,10,3,0,0,0,1,0,0
"POINT (9.974337452000043 52.400325646000056)",Unfall 64762 (2020) Kat:2, Licht: 0,64762,2,3,5,06,10,2,0,0,1,1,0,0
"POINT (9.809837026000025 52.306646790000059)",Unfall 64814 (2020) Kat:3, Licht: 0,64814,3,6,6,06,20,2,0,0,1,0,1,0
"POINT (9.406603903000075 52.411625932000049)",Unfall 64815 (2020) Kat:3, Licht: 0,64815,3,1,9,06,13,7,1,0,0,1,0,0
"POINT (9.854656838000039 52.359021855000037)",Unfall 64816 (2020) Kat:3, Licht: 0,64816,3,3,5,06,15,2,0,0,1,1,0,0
"POINT (9.676873641000043 52.301164150000034)",Unfall 64817 (2020) Kat:3, Licht: 0,64817,3,6,0,06,14,2,0,0,1,0,0,0
"POINT (9.676807031000067 52.357071131000055)",Unfall 64819 (2020) Kat:3, Licht: 0,64819,3,7,0,06,16,2,0,0,1,0,0,0
"POINT (9.799141299000041 52.423141694000037)",Unfall 64820 (2020) Kat:3, Licht: 0,64820,3,1,0,06,12,2,0,0,1,0,0,0
"POINT (9.459928248000040 52.306946320000065)",Unfall 64824 (2020) Kat:3, Licht: 0,64824,3,3,5,06,13,7,1,0,1,1,0,0
"POINT (9.795520644000021 52.557271331000038)",Unfall 64830 (2020) Kat:3, Licht: 0,64830,3,2,2,06,16,7,1,0,0,1,0,0
"POINT (9.972451635000027 52.369857041000046)",Unfall 64835 (2020) Kat:3, Licht: 2,64835,3,1,1,06,02,7,0,2,0,1,0,0
"POINT (9.432724803000042 52.542409296000073)",Unfall 64838 (2020) Kat:3, Licht: 2,64838,3,6,8,06,22,3,1,2,0,1,0,0
"POINT (10.046687983000027 52.416231437000079)",Unfall 64846 (2020) Kat:3, Licht: 0,64846,3,2,5,06,18,7,0,0,0,1,0,0
"POINT (9.795143045000032 52.557240465000064)",Unfall 64867 (2020) Kat:3, Licht: 0,64867,3,1,0,06,17,7,1,0,1,0,1,0
"POINT (9.595112685000061 52.384164870000063)",Unfall 64874 (2020) Kat:3, Licht: 0,64874,3,6,8,05,11,1,0,0,0,1,0,0
"POINT (9.717156326000065 52.346365410000033)",Unfall 64877 (2020) Kat:3, Licht: 2,64877,3,3,5,05,00,1,0,2,0,1,0,0
"POINT (9.741259736000075 52.606500840000081)",Unfall 64878 (2020) Kat:3, Licht: 0,64878,3,6,2,06,17,7,0,0,0,1,0,0
"POINT (9.355599011000038 52.445083925000063)",Unfall 64879 (2020) Kat:3, Licht: 0,64879,3,6,4,05,12,1,0,0,1,0,0,0
"POINT (9.505536795000069 52.552784257000042)",Unfall 64880 (2020) Kat:3, Licht: 0,64880,3,1,0,05,11,1,0,0,1,0,0,0
"POINT (9.787692389000029 52.318755936000059)",Unfall 64882 (2020) Kat:3, Licht: 0,64882,3,7,0,06,20,7,0,0,1,0,0,0
"POINT (9.946272249000060 52.477140467000027)",Unfall 64883 (2020) Kat:1, Licht: 2,64883,1,1,9,05,00,1,0,2,0,1,0,0
"POINT (9.649270379000029 52.412189412000032)",Unfall 64887 (2020) Kat:3, Licht: 0,64887,3,6,2,06,14,2,0,0,0,1,0,0
"POINT (9.810979603000021 52.382681239000078)",Unfall 64926 (2020) Kat:3, Licht: 2,64926,3,2,4,05,22,7,0,2,0,1,0,0
"POINT (9.735152994000032 52.406294266000032)",Unfall 64927 (2020) Kat:2, Licht: 0,64927,2,3,5,06,16,3,0,0,1,1,0,0
"POINT (9.500030992000063 52.426063727000042)",Unfall 64928 (2020) Kat:3, Licht: 0,64928,3,6,4,05,11,7,0,0,1,0,0,0
"POINT (9.764377471000046 52.343264952000027)",Unfall 64929 (2020) Kat:3, Licht: 0,64929,3,3,0,05,12,7,0,0,0,1,0,1
"POINT (9.624549327000068 52.450457605000054)",Unfall 64930 (2020) Kat:3, Licht: 0,64930,3,2,4,05,14,7,0,0,0,0,0,1
"POINT (9.635797389000061 52.421767235000061)",Unfall 64932 (2020) Kat:3, Licht: 0,64932,3,6,2,05,19,7,0,0,0,1,0,0
"POINT (9.792481746000021 52.212197180000032)",Unfall 64933 (2020) Kat:3, Licht: 0,64933,3,6,4,06,11,3,0,0,0,1,0,0
"POINT (9.716986072000054 52.356533293000041)",Unfall 64934 (2020) Kat:3, Licht: 0,64934,3,7,0,05,19,7,0,0,1,0,0,0
"POINT (9.768539360000034 52.338081131000081)",Unfall 64935 (2020) Kat:2, Licht: 0,64935,2,1,0,05,14,7,0,0,0,0,0,1
"POINT (9.792097628000022 52.556569361000072)",Unfall 64937 (2020) Kat:3, Licht: 0,64937,3,6,2,05,10,7,0,0,0,1,0,0
"POINT (9.837009653000052 52.419043249000026)",Unfall 64938 (2020) Kat:3, Licht: 0,64938,3,1,8,05,05,7,0,0,0,1,0,0
"POINT (9.763449293000065 52.343832852000048)",Unfall 64958 (2020) Kat:3, Licht: 0,64958,3,3,5,06,17,2,0,0,1,1,0,0
"POINT (9.718779858000062 52.345958976000077)",Unfall 64961 (2020) Kat:3, Licht: 0,64961,3,6,2,06,18,6,0,0,0,1,0,0
"POINT (9.972351896000021 52.380350260000057)",Unfall 64963 (2020) Kat:3, Licht: 0,64963,3,3,5,06,09,5,0,0,1,0,0,0
"POINT (10.184064906000060 52.465407997000057)",Unfall 64973 (2020) Kat:3, Licht: 0,64973,3,3,5,06,10,5,0,0,0,1,0,0
"POINT (9.793195238000067 52.393668421000029)",Unfall 64976 (2020) Kat:3, Licht: 0,64976,3,2,3,06,18,5,0,0,0,1,0,0
"POINT (9.649900334000051 52.394095280000045)",Unfall 64979 (2020) Kat:3, Licht: 0,64979,3,3,5,06,13,6,0,0,1,1,0,0
"POINT (9.647727434000046 52.396908072000031)",Unfall 64986 (2020) Kat:3, Licht: 2,64986,3,1,0,06,00,7,0,2,1,0,0,0
"POINT (9.573537781000027 52.423214903000030)",Unfall 64997 (2020) Kat:3, Licht: 0,64997,3,2,5,06,09,2,0,0,1,0,0,0
"POINT (10.156528004000052 52.360617637000075)",Unfall 65015 (2020) Kat:3, Licht: 2,65015,3,7,2,06,03,4,0,2,0,1,0,0
"POINT (9.472457998000039 52.388378128000056)",Unfall 65022 (2020) Kat:3, Licht: 0,65022,3,6,2,06,13,2,0,0,0,1,0,0
"POINT (9.743058166000026 52.299080398000058)",Unfall 65028 (2020) Kat:3, Licht: 1,65028,3,1,0,06,21,1,0,1,1,0,0,0
"POINT (9.966410610000025 52.504173885000057)",Unfall 65045 (2020) Kat:2, Licht: 0,65045,2,2,5,06,13,3,0,0,0,1,0,1
"POINT (9.897118637000062 52.351633113000048)",Unfall 65049 (2020) Kat:2, Licht: 0,65049,2,3,5,06,10,1,0,0,0,1,0,1
"POINT (9.739461767000023 52.302611336000041)",Unfall 65051 (2020) Kat:2, Licht: 0,65051,2,7,0,06,18,3,0,0,1,0,0,0
"POINT (9.969088016000058 52.367805396000051)",Unfall 65054 (2020) Kat:2, Licht: 0,65054,2,1,0,06,12,7,0,0,1,0,0,0
"POINT (9.777746794000052 52.373267436000049)",Unfall 65057 (2020) Kat:3, Licht: 2,65057,3,1,0,06,23,6,0,2,1,0,0,0
"POINT (9.853506403000040 52.390470326000070)",Unfall 65073 (2020) Kat:3, Licht: 0,65073,3,3,5,06,12,2,0,0,1,1,0,0
"POINT (9.786936850000075 52.390197863000026)",Unfall 65075 (2020) Kat:3, Licht: 0,65075,3,6,2,06,13,6,0,0,0,1,0,0
"POINT (9.951313105000054 52.372157384000047)",Unfall 65097 (2020) Kat:3, Licht: 2,65097,3,1,8,06,22,2,0,2,0,1,0,0
"POINT (9.641369661000056 52.414280242000075)",Unfall 65102 (2020) Kat:3, Licht: 0,65102,3,3,5,06,19,1,0,0,1,1,0,0
"POINT (9.505202206000035 52.413061772000049)",Unfall 65125 (2020) Kat:2, Licht: 0,65125,2,7,4,06,13,1,0,0,0,1,0,0
"POINT (9.802203075000023 52.407147646000055)",Unfall 65129 (2020) Kat:3, Licht: 0,65129,3,3,5,06,11,7,0,0,1,1,0,0
"POINT (9.752421724000044 52.357640954000033)",Unfall 65145 (2020) Kat:3, Licht: 0,65145,3,3,5,06,14,5,0,0,1,1,0,0
"POINT (9.578376800000058 52.423432097000045)",Unfall 65147 (2020) Kat:3, Licht: 1,65147,3,1,9,06,20,1,1,1,0,1,0,0
"POINT (9.945160574000056 52.333499844000073)",Unfall 65149 (2020) Kat:3, Licht: 0,65149,3,6,2,06,16,3,1,0,0,1,0,0
"POINT (9.705636629000026 52.412445949000073)",Unfall 65150 (2020) Kat:3, Licht: 0,65150,3,6,2,06,07,5,1,0,0,1,0,0
"POINT (9.696312567000064 52.379877783000040)",Unfall 65153 (2020) Kat:3, Licht: 1,65153,3,3,5,06,22,7,0,1,0,1,0,0
"POINT (9.627729196000075 52.394397022000078)",Unfall 65155 (2020) Kat:3, Licht: 0,65155,3,2,0,06,19,5,0,0,1,1,0,0
"POINT (9.493677391000063 52.485452866000060)",Unfall 65156 (2020) Kat:2, Licht: 0,65156,2,7,0,06,09,6,0,0,0,1,0,0
"POINT (10.032078220000074 52.523266359000047)",Unfall 65163 (2020) Kat:3, Licht: 0,65163,3,6,2,06,14,5,1,0,0,1,0,0
"POINT (9.720485751000069 52.338293542000031)",Unfall 65168 (2020) Kat:3, Licht: 0,65168,3,6,2,06,16,5,0,0,0,0,0,1
"POINT (9.734059474000048 52.368871166000076)",Unfall 65171 (2020) Kat:3, Licht: 0,65171,3,2,5,06,19,5,0,0,1,1,0,0
"POINT (9.857176738000021 52.306729699000073)",Unfall 65183 (2020) Kat:3, Licht: 0,65183,3,6,2,06,18,6,0,0,0,1,0,0
"POINT (10.002136890000031 52.498738826000078)",Unfall 65198 (2020) Kat:3, Licht: 0,65198,3,2,5,06,07,2,0,0,0,1,0,0
"POINT (9.578964386000052 52.459102268000038)",Unfall 65202 (2020) Kat:3, Licht: 0,65202,3,3,5,06,16,2,0,0,1,0,0,0
"POINT (9.453362383000069 52.467269428000066)",Unfall 65225 (2020) Kat:3, Licht: 0,65225,3,7,0,06,11,1,0,0,0,1,0,0
"POINT (9.557989706000058 52.197357214000078)",Unfall 65227 (2020) Kat:3, Licht: 0,65227,3,6,2,06,17,3,0,0,0,0,0,1
"POINT (9.399251364000065 52.454807772000038)",Unfall 65234 (2020) Kat:3, Licht: 0,65234,3,7,0,06,14,1,0,0,1,0,0,0
"POINT (9.730213768000056 52.368958507000059)",Unfall 65253 (2020) Kat:2, Licht: 0,65253,2,2,0,06,17,3,0,0,1,0,0,0
"POINT (9.806877776000022 52.430578852000053)",Unfall 65257 (2020) Kat:2, Licht: 0,65257,2,6,2,06,15,7,0,0,0,1,0,0
"POINT (9.826900493000039 52.401840927000080)",Unfall 65260 (2020) Kat:2, Licht: 0,65260,2,6,0,06,14,6,0,0,0,1,0,1
"POINT (9.740629664000039 52.299380610000071)",Unfall 65262 (2020) Kat:3, Licht: 0,65262,3,2,5,06,10,7,0,0,1,1,0,0
"POINT (9.740618591000043 52.610089328000072)",Unfall 65265 (2020) Kat:3, Licht: 0,65265,3,2,5,06,18,6,0,0,1,1,0,0
"POINT (9.736170806000075 52.399435935000042)",Unfall 65281 (2020) Kat:3, Licht: 0,65281,3,3,5,06,15,2,0,0,1,0,0,0
"POINT (10.262363265000033 52.452617018000069)",Unfall 65283 (2020) Kat:3, Licht: 0,65283,3,3,5,06,18,6,0,0,0,1,0,0
"POINT (9.744155265000075 52.547456662000059)",Unfall 65304 (2020) Kat:3, Licht: 0,65304,3,1,9,06,20,2,0,0,1,0,0,0
"POINT (9.627988933000040 52.408711046000064)",Unfall 65309 (2020) Kat:3, Licht: 0,65309,3,3,5,06,18,1,0,0,1,1,0,0
"POINT (9.509780786000022 52.196274407000033)",Unfall 65320 (2020) Kat:1, Licht: 0,65320,1,6,4,06,17,7,0,0,0,1,0,0
"POINT (9.728754408000043 52.495082236000030)",Unfall 65333 (2020) Kat:3, Licht: 0,65333,3,7,0,06,18,1,1,0,1,0,0,0
"POINT (9.846924926000042 52.390475869000056)",Unfall 65338 (2020) Kat:3, Licht: 0,65338,3,1,0,06,13,7,0,0,1,0,0,0
"POINT (9.648176214000046 52.412676821000048)",Unfall 65351 (2020) Kat:3, Licht: 0,65351,3,6,2,06,14,5,0,0,0,1,0,0
"POINT (9.548589101000061 52.421409073000063)",Unfall 65355 (2020) Kat:3, Licht: 2,65355,3,1,9,06,22,1,1,2,0,1,0,0
"POINT (9.619624651000038 52.354996550000067)",Unfall 65357 (2020) Kat:3, Licht: 0,65357,3,7,0,06,11,3,0,0,0,0,0,1
"POINT (9.817370104000077 52.428007746000048)",Unfall 65360 (2020) Kat:3, Licht: 0,65360,3,7,0,06,15,7,0,0,0,1,0,0
"POINT (9.723286354000038 52.377796823000040)",Unfall 65363 (2020) Kat:2, Licht: 2,65363,2,1,0,06,23,6,0,2,1,0,0,0
"POINT (9.628609353000059 52.408896609000067)",Unfall 65365 (2020) Kat:3, Licht: 0,65365,3,6,2,06,14,4,0,0,0,1,0,0