WKT,Name,OBJECTID,UKATEGORIE,UTYP1,UART,UMONAT,USTUNDE,UWOCHENTAG,STRZUSTAND,ULICHTVERH,ISTRAD,ISTPKW,ISTFUSS,ISTKRAD
"POINT (9.756129010000052 52.352914057000078)",Unfall 70206 (2020) Kat:3, Licht: 0,70206,3,1,0,10,08,3,1,0,0,0,0,1
"POINT (9.976657173000035 52.372555828000031)",Unfall 70208 (2020) Kat:3, Licht: 0,70208,3,2,5,10,13,4,0,0,1,1,0,0
"POINT (9.895743281000023 52.413260408000042)",Unfall 70213 (2020) Kat:3, Licht: 2,70213,3,6,2,10,18,4,1,2,0,1,0,0
"POINT (9.754804925000030 52.370079291000081)",Unfall 70216 (2020) Kat:3, Licht: 1,70216,3,4,6,10,19,5,1,1,1,0,1,0
"POINT (9.905081858000074 52.284209528000076)",Unfall 70220 (2020) Kat:3, Licht: 2,70220,3,6,0,09,21,4,0,2,0,0,0,0
"POINT (10.064272733000053 52.394723499000065)",Unfall 70224 (2020) Kat:3, Licht: 0,70224,3,3,5,10,13,6,0,0,1,1,0,0
"POINT (9.643708186000026 52.335649429000057)",Unfall 70229 (2020) Kat:3, Licht: 0,70229,3,6,2,10,14,1,0,0,0,1,0,0
"POINT (10.013531340000043 52.469783293000035)",Unfall 70230 (2020) Kat:3, Licht: 2,70230,3,6,6,10,19,3,1,2,0,1,1,0
"POINT (10.151805113000023 52.450949663000074)",Unfall 70239 (2020) Kat:3, Licht: 2,70239,3,1,8,10,21,5,1,2,0,1,0,0
"POINT (9.728372419000039 52.318728833000080)",Unfall 70262 (2020) Kat:3, Licht: 0,70262,3,7,0,10,12,6,0,0,1,0,0,0
"POINT (9.800001652000049 52.407027086000028)",Unfall 70270 (2020) Kat:3, Licht: 0,70270,3,2,2,10,17,5,0,0,0,1,0,0
"POINT (9.714840566000021 52.361130489000061)",Unfall 70277 (2020) Kat:3, Licht: 0,70277,3,6,2,10,10,2,1,0,0,1,0,0
"POINT (9.800533848000043 52.406235709000043)",Unfall 70287 (2020) Kat:3, Licht: 0,70287,3,2,3,10,17,4,1,0,1,1,0,0
"POINT (9.594228915000031 52.423579658000051)",Unfall 70290 (2020) Kat:3, Licht: 0,70290,3,6,2,10,13,7,0,0,0,1,0,0
"POINT (10.269202844000063 52.468459676000066)",Unfall 70295 (2020) Kat:1, Licht: 0,70295,1,1,8,10,07,5,0,0,0,1,0,0
"POINT (9.463288219000049 52.347055009000030)",Unfall 70301 (2020) Kat:3, Licht: 0,70301,3,6,4,10,16,2,0,0,1,0,0,0
"POINT (9.449682088000031 52.426191650000078)",Unfall 70305 (2020) Kat:3, Licht: 0,70305,3,3,5,10,14,1,0,0,1,1,0,0
"POINT (9.798876428000028 52.411375664000047)",Unfall 70309 (2020) Kat:3, Licht: 0,70309,3,7,0,10,08,3,1,0,1,0,0,0
"POINT (9.452096467000047 52.432131838000032)",Unfall 70316 (2020) Kat:2, Licht: 0,70316,2,2,5,10,07,4,1,0,0,1,0,0
"POINT (9.636382669000057 52.417306657000040)",Unfall 70319 (2020) Kat:3, Licht: 1,70319,3,6,2,10,18,5,1,1,0,1,0,0
"POINT (9.435745988000065 52.330841070000076)",Unfall 70321 (2020) Kat:3, Licht: 0,70321,3,6,4,10,17,6,0,0,0,1,0,0
"POINT (9.873975922000057 52.511436206000042)",Unfall 70323 (2020) Kat:3, Licht: 0,70323,3,2,2,10,16,4,0,0,0,1,0,0
"POINT (9.545235341000023 52.421272865000049)",Unfall 70332 (2020) Kat:3, Licht: 0,70332,3,6,2,10,08,1,0,0,0,1,0,0
"POINT (9.790845083000022 52.558330330000047)",Unfall 70333 (2020) Kat:3, Licht: 2,70333,3,6,2,10,02,3,0,2,0,0,0,0
"POINT (9.703351938000026 52.416156091000062)",Unfall 70341 (2020) Kat:3, Licht: 0,70341,3,6,2,10,13,6,0,0,0,1,0,0
"POINT (9.736168493000037 52.399452390000079)",Unfall 70343 (2020) Kat:3, Licht: 0,70343,3,4,6,10,16,5,1,0,0,1,1,0
"POINT (9.751175418000059 52.359252052000045)",Unfall 70366 (2020) Kat:2, Licht: 0,70366,2,2,0,10,15,6,0,0,1,1,0,0
"POINT (10.133040774000051 52.459088403000067)",Unfall 70375 (2020) Kat:3, Licht: 0,70375,3,6,2,10,17,5,0,0,0,1,0,0
"POINT (9.423381455000026 52.429400208000061)",Unfall 70381 (2020) Kat:2, Licht: 0,70381,2,2,6,10,13,2,0,0,0,1,1,0
"POINT (9.721239768000032 52.631270230000041)",Unfall 70395 (2020) Kat:3, Licht: 2,70395,3,6,2,10,00,3,0,2,0,0,0,0
"POINT (9.789445502000035 52.371910391000029)",Unfall 70397 (2020) Kat:3, Licht: 0,70397,3,1,8,10,14,4,1,0,0,1,0,1
"POINT (10.200492399000041 52.459962165000036)",Unfall 70398 (2020) Kat:3, Licht: 0,70398,3,4,6,10,13,5,0,0,0,1,1,0
"POINT (9.996841061000055 52.387973440000053)",Unfall 70404 (2020) Kat:3, Licht: 2,70404,3,6,3,10,00,2,0,2,0,1,0,0
"POINT (9.539766002000022 52.559294771000054)",Unfall 70411 (2020) Kat:3, Licht: 0,70411,3,7,9,10,11,3,0,0,0,1,0,0
"POINT (9.820497500000045 52.293651714000077)",Unfall 70417 (2020) Kat:3, Licht: 0,70417,3,1,0,10,10,3,1,0,0,0,0,1
"POINT (9.462726105000058 52.345631129000026)",Unfall 70419 (2020) Kat:3, Licht: 0,70419,3,1,9,10,17,4,1,0,0,1,0,0
"POINT (10.069144208000068 52.450085462000061)",Unfall 70424 (2020) Kat:2, Licht: 1,70424,2,2,5,10,18,4,1,1,0,1,0,0
"POINT (9.668820823000033 52.358110979000060)",Unfall 70435 (2020) Kat:3, Licht: 0,70435,3,3,5,10,10,6,0,0,0,1,0,0
"POINT (9.607506440000066 52.309820781000042)",Unfall 70441 (2020) Kat:3, Licht: 0,70441,3,6,3,10,11,6,0,0,1,1,0,0
"POINT (9.827085870000076 52.342783004000069)",Unfall 70449 (2020) Kat:3, Licht: 2,70449,3,1,8,10,00,4,1,2,0,1,0,0
"POINT (9.727997499000026 52.588641980000034)",Unfall 70452 (2020) Kat:3, Licht: 2,70452,3,6,4,10,19,5,1,2,0,1,0,0
"POINT (9.722205794000047 52.368433039000081)",Unfall 70476 (2020) Kat:3, Licht: 0,70476,3,6,0,10,14,5,0,0,0,1,0,0
"POINT (9.734576205000053 52.391356069000039)",Unfall 70483 (2020) Kat:3, Licht: 0,70483,3,4,6,10,14,5,0,0,1,0,1,0
"POINT (10.138581384000076 52.362493817000029)",Unfall 70495 (2020) Kat:3, Licht: 2,70495,3,6,0,10,00,6,1,2,0,1,0,0
"POINT (9.732415570000057 52.383533132000082)",Unfall 70499 (2020) Kat:3, Licht: 0,70499,3,6,2,10,12,4,1,0,0,1,0,0
"POINT (9.617784141000072 52.428958833000081)",Unfall 70501 (2020) Kat:3, Licht: 0,70501,3,6,2,10,14,7,0,0,0,1,0,0
"POINT (9.734119106000037 52.369071241000029)",Unfall 70507 (2020) Kat:3, Licht: 0,70507,3,1,0,09,17,3,0,0,0,0,0,0
"POINT (9.730213768000056 52.368958507000059)",Unfall 70508 (2020) Kat:3, Licht: 2,70508,3,2,3,09,19,3,0,2,1,1,0,0
"POINT (9.590885800000024 52.396875772000044)",Unfall 70510 (2020) Kat:3, Licht: 0,70510,3,7,0,10,07,2,1,0,1,0,0,0
"POINT (9.724078864000035 52.363749271000074)",Unfall 70512 (2020) Kat:3, Licht: 0,70512,3,3,5,09,15,3,0,0,1,1,0,0
"POINT (9.723228900000038 52.337374237000063)",Unfall 70514 (2020) Kat:3, Licht: 0,70514,3,6,2,10,11,1,0,0,0,1,0,0
"POINT (9.725139492000039 52.376989981000065)",Unfall 70516 (2020) Kat:3, Licht: 0,70516,3,4,0,09,09,3,0,0,1,0,1,0
"POINT (9.733978797000077 52.369095627000036)",Unfall 70518 (2020) Kat:3, Licht: 1,70518,3,3,5,10,19,3,1,1,1,1,0,0
"POINT (9.990831790000073 52.372035426000082)",Unfall 70520 (2020) Kat:3, Licht: 0,70520,3,6,0,10,11,4,1,0,0,0,0,1
"POINT (9.676843811000026 52.393535640000039)",Unfall 70528 (2020) Kat:3, Licht: 2,70528,3,6,2,10,20,5,1,2,0,1,0,0
"POINT (9.636038580000047 52.331602756000052)",Unfall 70529 (2020) Kat:3, Licht: 0,70529,3,2,5,09,10,3,0,0,0,1,0,0
"POINT (9.763197963000039 52.585334028000034)",Unfall 70530 (2020) Kat:3, Licht: 0,70530,3,6,2,10,10,6,0,0,0,1,0,0
"POINT (9.433071646000030 52.320907801000033)",Unfall 70533 (2020) Kat:3, Licht: 0,70533,3,6,2,09,14,3,0,0,0,1,0,0
"POINT (9.631336628000042 52.505801278000035)",Unfall 70540 (2020) Kat:3, Licht: 0,70540,3,3,5,09,15,3,0,0,0,1,0,0
"POINT (10.068958575000067 52.450039612000069)",Unfall 70542 (2020) Kat:3, Licht: 0,70542,3,2,2,10,10,1,0,0,0,1,0,0
"POINT (9.816475426000068 52.404108944000029)",Unfall 70543 (2020) Kat:3, Licht: 0,70543,3,6,2,10,12,3,0,0,0,1,0,0
"POINT (9.775649081000040 52.270937897000067)",Unfall 70552 (2020) Kat:2, Licht: 0,70552,2,6,0,10,17,5,1,0,0,1,0,0
"POINT (9.778841242000055 52.369393856000045)",Unfall 70553 (2020) Kat:3, Licht: 0,70553,3,6,2,09,15,3,0,0,0,1,0,0
"POINT (9.921865689000072 52.394862266000075)",Unfall 70557 (2020) Kat:3, Licht: 0,70557,3,6,2,09,10,3,0,0,0,1,0,0
"POINT (10.102868923000074 52.456605414000080)",Unfall 70572 (2020) Kat:3, Licht: 2,70572,3,7,0,10,21,6,0,2,0,1,0,0
"POINT (9.736287544000049 52.398271943000054)",Unfall 70575 (2020) Kat:2, Licht: 2,70575,2,1,0,09,06,3,0,2,1,0,0,0
"POINT (9.858355979000066 52.316272135000077)",Unfall 70581 (2020) Kat:3, Licht: 0,70581,3,1,8,10,16,5,0,0,0,0,0,1
"POINT (9.697736968000072 52.376356375000057)",Unfall 70587 (2020) Kat:3, Licht: 1,70587,3,6,2,10,06,2,0,1,0,1,0,0
"POINT (9.488817627000060 52.487457465000034)",Unfall 70596 (2020) Kat:3, Licht: 0,70596,3,1,8,10,16,4,1,0,0,1,0,0
"POINT (9.727177876000042 52.439066362000062)",Unfall 70601 (2020) Kat:3, Licht: 0,70601,3,2,6,10,07,4,1,0,0,0,1,0
"POINT (9.802597432000027 52.436817931000064)",Unfall 70607 (2020) Kat:3, Licht: 2,70607,3,6,0,10,18,3,1,2,1,1,0,0
"POINT (9.738875038000060 52.437892212000065)",Unfall 70614 (2020) Kat:3, Licht: 0,70614,3,2,5,10,16,2,0,0,0,1,1,0
"POINT (9.796636782000064 52.415063371000031)",Unfall 70629 (2020) Kat:3, Licht: 0,70629,3,7,0,10,15,5,0,0,0,0,0,0
"POINT (9.991483248000066 52.317655962000060)",Unfall 70660 (2020) Kat:3, Licht: 0,70660,3,6,2,10,16,3,0,0,0,1,0,0
"POINT (9.725237292000031 52.461579879000055)",Unfall 70664 (2020) Kat:3, Licht: 0,70664,3,2,5,10,14,5,0,0,0,1,0,0
"POINT (9.406729916000074 52.411762972000076)",Unfall 70667 (2020) Kat:3, Licht: 2,70667,3,1,9,10,20,1,1,2,0,1,0,0
"POINT (9.534643056000050 52.407330701000035)",Unfall 70673 (2020) Kat:3, Licht: 0,70673,3,3,5,10,10,1,0,0,0,1,0,0
"POINT (9.734440592000055 52.412327929000071)",Unfall 70687 (2020) Kat:3, Licht: 0,70687,3,2,3,10,13,7,0,0,1,1,0,0
"POINT (9.403416132000075 52.589644069000030)",Unfall 70688 (2020) Kat:3, Licht: 2,70688,3,1,8,10,00,1,1,2,0,1,0,0
"POINT (9.505024539000033 52.340255295000077)",Unfall 70690 (2020) Kat:3, Licht: 0,70690,3,2,2,10,10,4,1,0,0,1,0,0
"POINT (9.797535203000052 52.416359495000052)",Unfall 70695 (2020) Kat:3, Licht: 0,70695,3,2,5,10,16,5,0,0,1,1,0,0
"POINT (9.625340138000070 52.481385101000058)",Unfall 70699 (2020) Kat:3, Licht: 0,70699,3,1,4,10,13,1,1,0,0,1,0,0
"POINT (9.759275578000029 52.588157129000081)",Unfall 70703 (2020) Kat:3, Licht: 0,70703,3,6,2,10,12,2,0,0,0,1,0,0
"POINT (9.762476881000055 52.585839994000082)",Unfall 70707 (2020) Kat:3, Licht: 0,70707,3,6,2,10,14,4,0,0,0,1,0,0
"POINT (10.120823887000029 52.364838472000031)",Unfall 70717 (2020) Kat:3, Licht: 0,70717,3,7,1,10,16,1,1,0,0,1,0,0
"POINT (9.724066922000077 52.363740529000040)",Unfall 70719 (2020) Kat:3, Licht: 1,70719,3,3,5,10,07,4,1,1,1,1,0,0
"POINT (9.813115292000077 52.321981634000053)",Unfall 70725 (2020) Kat:3, Licht: 2,70725,3,6,9,10,19,3,1,2,0,1,0,0
"POINT (10.196760367000024 52.464195126000050)",Unfall 70728 (2020) Kat:3, Licht: 0,70728,3,3,5,10,08,1,0,0,1,1,0,0
"POINT (9.767029503000060 52.170915453000077)",Unfall 70733 (2020) Kat:2, Licht: 0,70733,2,6,4,10,13,6,0,0,0,1,0,0
"POINT (9.766199234000055 52.370767937000039)",Unfall 70751 (2020) Kat:3, Licht: 2,70751,3,6,2,10,20,2,1,2,0,1,0,0
"POINT (9.701051871000061 52.371106438000027)",Unfall 70755 (2020) Kat:3, Licht: 0,70755,3,6,2,10,15,2,0,0,0,1,0,0
"POINT (9.600158945000032 52.319711962000042)",Unfall 70758 (2020) Kat:3, Licht: 0,70758,3,3,5,10,10,2,0,0,0,1,0,1
"POINT (9.612212996000039 52.405523515000027)",Unfall 70764 (2020) Kat:3, Licht: 1,70764,3,7,2,10,17,2,1,1,0,1,0,0
"POINT (10.019186067000021 52.384022063000032)",Unfall 70769 (2020) Kat:3, Licht: 0,70769,3,1,8,10,14,2,0,0,0,1,0,0
"POINT (9.722126383000045 52.438400418000072)",Unfall 70773 (2020) Kat:3, Licht: 0,70773,3,1,9,10,16,2,1,0,0,1,0,0
"POINT (9.745257424000045 52.367307598000082)",Unfall 70775 (2020) Kat:3, Licht: 2,70775,3,6,4,10,21,2,0,2,1,0,0,0
"POINT (9.815221166000072 52.363700147000031)",Unfall 70779 (2020) Kat:3, Licht: 1,70779,3,2,5,10,17,2,1,1,0,1,0,0
"POINT (9.766333364000047 52.340832081000030)",Unfall 70780 (2020) Kat:3, Licht: 2,70780,3,4,6,10,21,5,1,2,0,1,1,0
"POINT (9.477479129000074 52.363155786000050)",Unfall 70782 (2020) Kat:2, Licht: 0,70782,2,1,0,10,14,2,0,0,0,0,0,1
"POINT (9.733944879000035 52.413267631000053)",Unfall 70787 (2020) Kat:3, Licht: 2,70787,3,6,2,10,19,3,0,2,0,1,0,0
"POINT (9.809256689000051 52.379323938000027)",Unfall 70788 (2020) Kat:3, Licht: 0,70788,3,3,5,10,12,2,0,0,1,1,0,0
"POINT (9.717563558000052 52.396082968000030)",Unfall 70793 (2020) Kat:3, Licht: 0,70793,3,2,5,10,10,2,0,0,0,1,0,0
"POINT (9.838453853000033 52.498232219000045)",Unfall 70804 (2020) Kat:3, Licht: 0,70804,3,1,8,10,10,7,1,0,0,1,0,0
"POINT (9.727266375000056 52.574019711000062)",Unfall 70807 (2020) Kat:3, Licht: 0,70807,3,6,2,10,14,4,1,0,0,1,0,0
"POINT (9.628871773000071 52.422153310000056)",Unfall 70816 (2020) Kat:3, Licht: 0,70816,3,6,2,10,15,4,1,0,0,1,0,0
"POINT (9.661044334000053 52.386601534000079)",Unfall 70818 (2020) Kat:2, Licht: 0,70818,2,7,0,10,10,3,0,0,1,0,0,0
"POINT (9.789380122000068 52.317080932000067)",Unfall 70825 (2020) Kat:3, Licht: 0,70825,3,2,5,10,09,2,0,0,1,1,0,0
"POINT (9.848941348000039 52.411702319000028)",Unfall 70826 (2020) Kat:3, Licht: 2,70826,3,7,9,10,00,4,0,2,0,1,0,0
"POINT (9.403965746000040 52.426526384000056)",Unfall 70830 (2020) Kat:3, Licht: 0,70830,3,1,9,10,15,2,0,0,0,1,0,0
"POINT (9.713232474000051 52.400170532000061)",Unfall 70843 (2020) Kat:3, Licht: 2,70843,3,3,5,10,07,2,0,2,0,1,0,1
"POINT (9.945678546000067 52.290088435000030)",Unfall 70845 (2020) Kat:3, Licht: 0,70845,3,7,9,10,10,3,0,0,0,1,0,0
"POINT (9.781977423000058 52.379650333000029)",Unfall 70859 (2020) Kat:3, Licht: 0,70859,3,7,8,10,07,2,0,0,0,1,0,0
"POINT (9.608849262000035 52.443604845000038)",Unfall 70875 (2020) Kat:3, Licht: 0,70875,3,7,6,10,12,5,0,0,0,1,1,0
"POINT (9.709933175000060 52.407548992000045)",Unfall 70887 (2020) Kat:3, Licht: 0,70887,3,6,3,10,15,6,0,0,0,1,0,0
"POINT (9.737061375000053 52.305655531000070)",Unfall 70909 (2020) Kat:3, Licht: 0,70909,3,2,5,10,12,3,0,0,1,0,0,0
"POINT (9.723230950000072 52.377826451000033)",Unfall 70936 (2020) Kat:3, Licht: 0,70936,3,6,2,10,14,4,1,0,0,1,0,0
"POINT (9.591662214000053 52.412064140000041)",Unfall 70940 (2020) Kat:3, Licht: 0,70940,3,3,5,10,09,6,1,0,0,1,0,0
"POINT (9.722983588000034 52.325721314000077)",Unfall 70942 (2020) Kat:2, Licht: 0,70942,2,3,5,10,18,5,0,0,0,1,0,1
"POINT (9.952226544000041 52.456435328000055)",Unfall 70950 (2020) Kat:3, Licht: 0,70950,3,7,9,10,12,2,0,0,0,1,0,0
"POINT (9.811891323000054 52.366737751000073)",Unfall 70958 (2020) Kat:3, Licht: 0,70958,3,1,0,10,10,1,1,0,0,0,0,1
"POINT (9.479848929000070 52.334843933000059)",Unfall 70963 (2020) Kat:3, Licht: 2,70963,3,1,8,10,01,1,1,2,0,1,0,0
"POINT (9.624284002000024 52.420831533000069)",Unfall 70967 (2020) Kat:3, Licht: 0,70967,3,6,3,10,08,4,1,0,0,1,0,0
"POINT (9.802550575000055 52.396943919000080)",Unfall 70973 (2020) Kat:3, Licht: 2,70973,3,6,2,10,17,3,1,2,0,1,0,0
"POINT (9.759993317000067 52.347690237000052)",Unfall 70981 (2020) Kat:3, Licht: 2,70981,3,6,4,10,21,6,0,2,1,0,0,0
"POINT (9.641001149000033 52.396903916000042)",Unfall 71029 (2020) Kat:2, Licht: 0,71029,2,3,0,10,11,5,0,0,0,1,0,0
"POINT (9.651718880000033 52.417128530000070)",Unfall 71036 (2020) Kat:3, Licht: 0,71036,3,3,5,10,17,3,0,0,0,1,0,0
"POINT (9.448811547000048 52.439391774000057)",Unfall 71054 (2020) Kat:3, Licht: 0,71054,3,1,0,10,11,7,1,0,0,0,0,1
"POINT (9.589700541000070 52.439025437000055)",Unfall 71057 (2020) Kat:3, Licht: 2,71057,3,2,4,10,07,4,1,2,0,1,0,0
"POINT (9.760756832000027 52.347173114000043)",Unfall 71065 (2020) Kat:3, Licht: 0,71065,3,1,6,10,10,4,1,0,0,0,1,1
"POINT (9.789052416000061 52.561242118000052)",Unfall 71067 (2020) Kat:3, Licht: 0,71067,3,6,2,10,16,3,0,0,0,1,0,0
"POINT (10.102107628000056 52.464371932000063)",Unfall 71070 (2020) Kat:3, Licht: 0,71070,3,1,4,10,07,5,1,0,0,0,0,0
"POINT (9.840720026000042 52.305339547000074)",Unfall 71074 (2020) Kat:3, Licht: 2,71074,3,7,7,10,00,4,0,2,0,1,0,0
"POINT (9.721229047000065 52.361714073000030)",Unfall 71078 (2020) Kat:3, Licht: 0,71078,3,2,5,10,12,2,1,0,1,1,0,0
"POINT (9.626851030000069 52.423398592000069)",Unfall 71086 (2020) Kat:3, Licht: 0,71086,3,6,2,10,08,4,1,0,0,0,0,0
"POINT (9.636393563000070 52.422003087000064)",Unfall 71092 (2020) Kat:3, Licht: 2,71092,3,6,2,10,20,3,1,2,0,1,0,0
"POINT (9.787540564000040 52.318851773000063)",Unfall 71098 (2020) Kat:3, Licht: 2,71098,3,1,8,10,05,7,1,2,0,1,0,0
"POINT (9.565952041000060 52.307842265000033)",Unfall 71099 (2020) Kat:2, Licht: 0,71099,2,1,9,10,15,6,0,0,0,1,0,0
"POINT (9.751137772000050 52.369426664000059)",Unfall 71102 (2020) Kat:3, Licht: 2,71102,3,6,6,10,21,7,0,2,1,0,1,0
"POINT (9.431534839000051 52.435326677000035)",Unfall 71105 (2020) Kat:3, Licht: 0,71105,3,6,2,10,13,7,0,0,0,1,0,0
"POINT (9.845344737000062 52.414034792000052)",Unfall 71106 (2020) Kat:3, Licht: 0,71106,3,6,2,10,09,2,0,0,0,0,0,0
"POINT (9.728532661000031 52.386240653000073)",Unfall 71107 (2020) Kat:3, Licht: 0,71107,3,6,2,10,16,7,0,0,0,1,0,0
"POINT (9.610333210000022 52.422173530000066)",Unfall 71111 (2020) Kat:2, Licht: 0,71111,2,6,2,10,09,7,0,0,0,1,0,0
"POINT (9.400588508000055 52.428283219000036)",Unfall 71113 (2020) Kat:3, Licht: 2,71113,3,7,8,10,06,7,1,2,0,1,0,0
"POINT (9.734438366000063 52.388315938000062)",Unfall 71122 (2020) Kat:3, Licht: 2,71122,3,6,3,10,22,5,0,2,0,1,0,1
"POINT (9.725722177000023 52.518595076000054)",Unfall 71126 (2020) Kat:3, Licht: 0,71126,3,6,2,10,14,7,0,0,0,1,0,0
"POINT (9.444857507000052 52.309297761000039)",Unfall 71147 (2020) Kat:2, Licht: 0,71147,2,1,8,10,09,5,0,0,0,1,0,0
"POINT (9.830499898000028 52.385543895000069)",Unfall 71154 (2020) Kat:3, Licht: 0,71154,3,6,2,10,16,3,1,0,0,1,0,0
"POINT (9.678310342000032 52.359410107000031)",Unfall 71162 (2020) Kat:3, Licht: 0,71162,3,6,2,10,15,4,0,0,0,1,0,0
"POINT (9.721163231000048 52.361075023000069)",Unfall 71181 (2020) Kat:3, Licht: 0,71181,3,6,2,10,13,4,1,0,0,1,0,0
"POINT (9.579136347000031 52.264936472000045)",Unfall 71185 (2020) Kat:2, Licht: 2,71185,2,7,9,10,19,6,1,2,0,1,0,0
"POINT (9.730213768000056 52.368958507000059)",Unfall 71192 (2020) Kat:2, Licht: 2,71192,2,3,5,10,22,4,1,2,1,1,0,0
"POINT (9.453841642000043 52.467257522000068)",Unfall 71196 (2020) Kat:3, Licht: 0,71196,3,7,0,10,16,2,0,0,1,0,0,0
"POINT (9.754169430000047 52.355308237000031)",Unfall 71206 (2020) Kat:3, Licht: 0,71206,3,2,5,10,14,2,0,0,1,1,0,0
"POINT (9.549404732000028 52.440993799000069)",Unfall 71210 (2020) Kat:2, Licht: 0,71210,2,3,5,11,12,2,0,0,1,1,0,0
"POINT (9.644244069000024 52.414181736000046)",Unfall 71223 (2020) Kat:3, Licht: 0,71223,3,6,2,11,13,2,0,0,0,1,0,0
"POINT (9.685041738000052 52.374558616000058)",Unfall 71228 (2020) Kat:3, Licht: 0,71228,3,3,5,11,13,2,0,0,1,1,0,0
"POINT (9.492047982000031 52.415872076000028)",Unfall 71231 (2020) Kat:3, Licht: 2,71231,3,6,2,11,18,7,0,2,0,1,0,0
"POINT (9.853555654000047 52.409722936000037)",Unfall 71233 (2020) Kat:3, Licht: 2,71233,3,6,3,11,06,2,1,2,0,1,0,0
"POINT (9.698861189000070 52.416986571000052)",Unfall 71243 (2020) Kat:3, Licht: 0,71243,3,6,2,10,12,6,1,0,0,1,0,0
"POINT (9.903725280000060 52.444851530000051)",Unfall 71259 (2020) Kat:2, Licht: 0,71259,2,3,5,11,15,7,0,0,1,1,0,0
"POINT (9.855988408000030 52.474532881000073)",Unfall 71270 (2020) Kat:3, Licht: 0,71270,3,6,2,10,14,6,1,0,0,1,0,0
"POINT (9.746386849000032 52.365453577000039)",Unfall 71278 (2020) Kat:3, Licht: 0,71278,3,2,5,11,12,4,0,0,1,1,0,0
"POINT (9.757778469000073 52.370253911000077)",Unfall 71279 (2020) Kat:2, Licht: 2,71279,2,4,6,10,20,7,0,2,0,1,1,0
"POINT (9.637387665000063 52.416689761000043)",Unfall 71310 (2020) Kat:3, Licht: 0,71310,3,6,2,10,08,5,0,0,0,1,0,0
"POINT (9.449099420000039 52.522775652000064)",Unfall 71311 (2020) Kat:3, Licht: 2,71311,3,2,5,10,06,5,1,2,0,1,0,0
"POINT (9.451690683000038 52.444629098000064)",Unfall 71313 (2020) Kat:3, Licht: 1,71313,3,6,3,11,07,3,0,1,0,1,0,0
"POINT (9.883142135000071 52.398809158000063)",Unfall 71316 (2020) Kat:3, Licht: 2,71316,3,1,8,10,21,5,1,2,0,1,0,0
"POINT (9.678712715000074 52.324695014000042)",Unfall 71320 (2020) Kat:1, Licht: 2,71320,1,1,8,10,17,5,0,2,0,1,0,0
"POINT (9.385519985000030 52.432588443000043)",Unfall 71321 (2020) Kat:2, Licht: 2,71321,2,7,8,10,04,5,1,2,0,1,0,0
"POINT (9.580882893000023 52.417970905000061)",Unfall 71325 (2020) Kat:3, Licht: 0,71325,3,3,5,11,08,6,0,0,1,1,0,0
"POINT (9.722503641000060 52.378463636000049)",Unfall 71397 (2020) Kat:3, Licht: 2,71397,3,6,2,10,18,6,1,2,0,1,0,0
"POINT (9.646609263000073 52.397337947000040)",Unfall 71406 (2020) Kat:3, Licht: 2,71406,3,2,6,10,17,6,1,2,0,1,1,0
"POINT (9.456598177000046 52.494053309000037)",Unfall 71413 (2020) Kat:3, Licht: 0,71413,3,3,5,11,13,4,0,0,1,1,0,0
"POINT (9.647893457000066 52.413052011000048)",Unfall 71441 (2020) Kat:3, Licht: 1,71441,3,6,2,10,16,4,0,1,0,1,0,0
"POINT (9.799593453000057 52.543046921000041)",Unfall 71444 (2020) Kat:2, Licht: 0,71444,2,1,9,10,12,7,0,0,0,1,0,0
"POINT (9.723785941000074 52.379477598000051)",Unfall 71446 (2020) Kat:3, Licht: 2,71446,3,1,0,10,18,4,0,2,1,0,0,0
"POINT (9.800179654000033 52.406332869000039)",Unfall 71447 (2020) Kat:3, Licht: 0,71447,3,2,5,10,10,4,0,0,1,1,0,0
"POINT (9.759502864000069 52.452931566000075)",Unfall 71451 (2020) Kat:3, Licht: 0,71451,3,2,0,11,11,6,0,0,0,1,0,0
"POINT (9.456598177000046 52.494053309000037)",Unfall 71452 (2020) Kat:3, Licht: 0,71452,3,2,5,10,08,4,0,0,1,1,0,0
"POINT (9.907340462000036 52.290499946000068)",Unfall 71454 (2020) Kat:2, Licht: 1,71454,2,6,3,10,17,4,0,1,1,1,0,0
"POINT (9.963501704000066 52.365454768000063)",Unfall 71457 (2020) Kat:3, Licht: 0,71457,3,2,4,10,09,4,0,0,1,1,0,0
"POINT (9.836947517000056 52.387263994000079)",Unfall 71458 (2020) Kat:3, Licht: 0,71458,3,4,6,11,08,5,0,0,0,0,1,0
"POINT (9.796199412000021 52.415075427000033)",Unfall 71459 (2020) Kat:2, Licht: 0,71459,2,7,0,10,11,4,0,0,0,0,1,0
"POINT (9.618103029000054 52.428773480000075)",Unfall 71465 (2020) Kat:2, Licht: 1,71465,2,2,5,11,05,3,1,1,0,1,0,0
"POINT (9.798876428000028 52.411375664000047)",Unfall 71481 (2020) Kat:3, Licht: 2,71481,3,3,5,11,15,2,0,2,0,1,0,0
"POINT (9.731705919000035 52.369434216000059)",Unfall 71482 (2020) Kat:3, Licht: 0,71482,3,6,2,11,08,3,0,0,0,1,0,0
"POINT (9.856654973000047 52.358725164000077)",Unfall 71494 (2020) Kat:3, Licht: 0,71494,3,3,5,11,13,7,0,0,0,1,0,1