WKT,Name,OBJECTID,UKATEGORIE,UTYP1,UART,UMONAT,USTUNDE,UWOCHENTAG,STRZUSTAND,ULICHTVERH,ISTRAD,ISTPKW,ISTFUSS,ISTKRAD
"POINT (9.762251882000044 52.370536013000049)",Unfall 71507 (2020) Kat:3, Licht: 2,71507,3,2,4,10,19,6,1,2,0,1,0,0
"POINT (9.464692489000072 52.304405233000068)",Unfall 71535 (2020) Kat:3, Licht: 2,71535,3,3,5,10,18,6,1,2,0,1,0,1
"POINT (9.784586675000071 52.346334548000073)",Unfall 71543 (2020) Kat:3, Licht: 2,71543,3,6,2,11,17,4,0,2,0,1,0,0
"POINT (9.756520001000069 52.334098674000074)",Unfall 71544 (2020) Kat:3, Licht: 1,71544,3,1,0,10,17,7,1,1,1,0,0,0
"POINT (9.666595506000022 52.384397756000055)",Unfall 71552 (2020) Kat:3, Licht: 0,71552,3,3,5,11,14,6,0,0,1,1,0,0
"POINT (9.690604718000031 52.346756129000028)",Unfall 71576 (2020) Kat:3, Licht: 0,71576,3,6,2,10,06,3,0,0,0,1,0,0
"POINT (9.698498466000046 52.417221771000072)",Unfall 71578 (2020) Kat:3, Licht: 0,71578,3,3,5,10,07,3,0,0,0,1,0,0
"POINT (9.356939479000062 52.449485300000049)",Unfall 71583 (2020) Kat:3, Licht: 0,71583,3,1,2,10,16,3,0,0,0,1,0,0
"POINT (9.587613786000077 52.415031596000063)",Unfall 71587 (2020) Kat:3, Licht: 2,71587,3,6,2,10,17,3,1,2,0,1,0,0
"POINT (9.720634523000058 52.328946366000082)",Unfall 71588 (2020) Kat:3, Licht: 0,71588,3,7,7,11,14,5,0,0,0,0,0,0
"POINT (9.806927832000042 52.277752373000055)",Unfall 71594 (2020) Kat:3, Licht: 0,71594,3,2,5,11,12,1,0,0,1,1,0,0
"POINT (9.688885944000049 52.378181889000075)",Unfall 71603 (2020) Kat:3, Licht: 1,71603,3,1,0,11,07,2,1,1,1,0,0,0
"POINT (9.718543390000036 52.346497834000047)",Unfall 71618 (2020) Kat:3, Licht: 2,71618,3,2,3,11,17,1,0,2,0,1,0,0
"POINT (9.643560447000027 52.335092952000082)",Unfall 71621 (2020) Kat:3, Licht: 0,71621,3,3,5,11,14,7,0,0,1,1,0,0
"POINT (9.677615947000049 52.371768206000070)",Unfall 71623 (2020) Kat:3, Licht: 2,71623,3,1,0,11,06,1,1,2,0,1,0,0
"POINT (9.697744326000077 52.377141926000036)",Unfall 71634 (2020) Kat:3, Licht: 2,71634,3,6,2,11,18,1,0,2,0,1,0,0
"POINT (9.808965359000069 52.379068778000033)",Unfall 71664 (2020) Kat:3, Licht: 0,71664,3,7,0,10,14,6,1,0,0,0,1,0
"POINT (9.798302651000029 52.420232022000050)",Unfall 71671 (2020) Kat:3, Licht: 0,71671,3,6,2,10,07,6,1,0,0,1,0,0
"POINT (9.685437708000052 52.379364918000078)",Unfall 71678 (2020) Kat:3, Licht: 0,71678,3,2,3,11,07,4,0,0,1,1,0,0
"POINT (9.734782561000031 52.407296633000044)",Unfall 71693 (2020) Kat:3, Licht: 0,71693,3,2,4,10,12,2,1,0,0,1,0,1
"POINT (9.833469465000064 52.419305413000075)",Unfall 71695 (2020) Kat:3, Licht: 0,71695,3,2,2,10,11,2,1,0,0,1,0,0
"POINT (9.826164253000059 52.362362479000069)",Unfall 71697 (2020) Kat:3, Licht: 0,71697,3,2,3,10,16,2,1,0,1,1,0,0
"POINT (9.435353788000043 52.420756828000037)",Unfall 71699 (2020) Kat:3, Licht: 2,71699,3,4,6,10,20,2,0,2,0,1,1,0
"POINT (9.461115608000057 52.402821732000064)",Unfall 71700 (2020) Kat:3, Licht: 0,71700,3,3,5,11,10,2,1,0,1,1,0,0
"POINT (9.429292363000059 52.380183117000058)",Unfall 71704 (2020) Kat:3, Licht: 2,71704,3,6,2,10,17,2,1,2,0,1,0,0
"POINT (9.633903370000041 52.490876029000049)",Unfall 71705 (2020) Kat:3, Licht: 0,71705,3,7,0,10,07,2,1,0,0,1,0,0
"POINT (10.008413463000068 52.385409681000056)",Unfall 71707 (2020) Kat:3, Licht: 2,71707,3,6,3,11,18,3,1,2,0,1,0,0
"POINT (9.836133106000034 52.489932997000039)",Unfall 71709 (2020) Kat:3, Licht: 0,71709,3,2,4,10,14,2,1,0,0,1,0,0
"POINT (9.744613525000034 52.453545734000045)",Unfall 71710 (2020) Kat:3, Licht: 0,71710,3,2,4,11,08,2,1,0,0,1,0,0
"POINT (9.690383156000053 52.374766160000036)",Unfall 71712 (2020) Kat:3, Licht: 2,71712,3,1,9,10,22,7,0,2,0,1,0,0
"POINT (10.024308260000055 52.521906799000078)",Unfall 71714 (2020) Kat:3, Licht: 2,71714,3,2,2,10,18,2,0,2,0,1,0,1
"POINT (9.884365521000063 52.351947342000074)",Unfall 71719 (2020) Kat:3, Licht: 1,71719,3,2,2,11,16,6,0,1,0,1,0,1
"POINT (10.191585732000021 52.442810254000051)",Unfall 71731 (2020) Kat:3, Licht: 0,71731,3,2,4,11,13,2,0,0,1,1,0,0
"POINT (9.797412659000031 52.346857115000034)",Unfall 71732 (2020) Kat:3, Licht: 0,71732,3,6,3,11,08,3,0,0,0,1,0,0
"POINT (9.819698655000025 52.427435916000036)",Unfall 71755 (2020) Kat:3, Licht: 0,71755,3,3,5,11,08,5,0,0,0,1,0,0
"POINT (9.832656402000055 52.422003184000062)",Unfall 71787 (2020) Kat:3, Licht: 0,71787,3,3,5,11,13,7,0,0,0,1,0,0
"POINT (9.472581720000051 52.505897789000073)",Unfall 71799 (2020) Kat:3, Licht: 0,71799,3,3,5,10,15,6,1,0,0,1,0,0
"POINT (9.733629562000033 52.384832860000074)",Unfall 71801 (2020) Kat:2, Licht: 2,71801,2,1,8,10,19,1,1,2,0,1,0,0
"POINT (9.976936247000026 52.372592525000073)",Unfall 71803 (2020) Kat:3, Licht: 0,71803,3,3,5,10,15,1,1,0,0,1,0,0
"POINT (9.972377832000063 52.380157469000039)",Unfall 71805 (2020) Kat:2, Licht: 2,71805,2,4,6,10,17,1,1,2,0,1,1,0
"POINT (9.883764838000047 52.357032304000029)",Unfall 71806 (2020) Kat:3, Licht: 2,71806,3,6,3,11,23,4,0,2,0,1,0,0
"POINT (9.631707426000048 52.420166393000045)",Unfall 71815 (2020) Kat:3, Licht: 0,71815,3,6,2,11,15,6,0,0,0,1,0,0
"POINT (9.818989678000037 52.287256586000069)",Unfall 71816 (2020) Kat:3, Licht: 2,71816,3,1,4,10,01,1,0,2,0,1,0,0
"POINT (9.618212019000055 52.467692393000050)",Unfall 71834 (2020) Kat:2, Licht: 0,71834,2,1,9,11,07,2,1,0,0,1,0,0
"POINT (9.574340458000052 52.281985782000049)",Unfall 71851 (2020) Kat:3, Licht: 2,71851,3,7,1,11,17,5,0,2,0,1,0,0
"POINT (9.641816558000073 52.414717751000069)",Unfall 71865 (2020) Kat:3, Licht: 1,71865,3,2,3,11,16,4,0,1,1,1,0,0
"POINT (9.706951151000055 52.410675585000035)",Unfall 71884 (2020) Kat:3, Licht: 0,71884,3,6,2,11,13,6,1,0,0,1,0,0
"POINT (9.611451194000040 52.392052339000031)",Unfall 71889 (2020) Kat:3, Licht: 0,71889,3,3,5,11,15,2,0,0,1,1,0,0
"POINT (9.969618097000023 52.469804155000077)",Unfall 71893 (2020) Kat:3, Licht: 0,71893,3,2,4,11,13,4,0,0,0,1,0,0
"POINT (9.594989815000076 52.408129565000081)",Unfall 71901 (2020) Kat:3, Licht: 0,71901,3,6,2,11,15,7,0,0,0,1,0,0
"POINT (9.300832025000034 52.499911497000028)",Unfall 71907 (2020) Kat:3, Licht: 0,71907,3,6,9,11,16,7,0,0,0,1,0,0
"POINT (9.751175005000050 52.359252590000040)",Unfall 71908 (2020) Kat:3, Licht: 2,71908,3,2,5,11,07,6,1,2,0,1,0,1
"POINT (9.699412463000044 52.519819592000033)",Unfall 71919 (2020) Kat:2, Licht: 2,71919,2,7,0,11,17,6,1,2,1,0,0,0
"POINT (9.847192988000074 52.274422829000059)",Unfall 71930 (2020) Kat:3, Licht: 2,71930,3,6,2,11,19,2,0,2,0,1,0,0
"POINT (9.712987164000026 52.366811061000078)",Unfall 71940 (2020) Kat:3, Licht: 0,71940,3,1,0,11,12,5,1,0,0,0,0,1
"POINT (9.801775132000046 52.432056552000063)",Unfall 71952 (2020) Kat:3, Licht: 2,71952,3,4,6,11,18,6,0,2,0,1,1,0
"POINT (9.840955894000047 52.282424407000065)",Unfall 71956 (2020) Kat:3, Licht: 2,71956,3,6,2,11,06,2,0,2,0,1,0,0
"POINT (9.590037985000038 52.438895175000027)",Unfall 71967 (2020) Kat:3, Licht: 2,71967,3,6,2,11,06,2,1,2,0,1,0,0
"POINT (9.773798475000035 52.331947764000063)",Unfall 71973 (2020) Kat:2, Licht: 0,71973,2,2,5,11,10,3,0,0,1,1,0,0
"POINT (9.355604884000059 52.451830791000077)",Unfall 71974 (2020) Kat:3, Licht: 0,71974,3,3,5,11,09,3,1,0,0,1,0,0
"POINT (9.782895077000035 52.361481728000058)",Unfall 71978 (2020) Kat:3, Licht: 0,71978,3,6,2,11,12,5,1,0,0,1,0,0
"POINT (9.767174328000067 52.337704719000044)",Unfall 71990 (2020) Kat:3, Licht: 0,71990,3,7,5,11,11,6,0,0,1,1,0,0
"POINT (9.784834040000021 52.320808456000066)",Unfall 72000 (2020) Kat:3, Licht: 0,72000,3,3,5,11,10,3,0,0,0,1,0,0
"POINT (9.782644789000074 52.380337292000036)",Unfall 72009 (2020) Kat:3, Licht: 1,72009,3,6,2,11,16,3,1,1,0,1,0,0
"POINT (9.419066553000050 52.429265750000070)",Unfall 72020 (2020) Kat:3, Licht: 0,72020,3,3,5,11,14,4,0,0,1,1,0,0
"POINT (9.556431732000021 52.401262319000068)",Unfall 72023 (2020) Kat:3, Licht: 2,72023,3,3,0,11,06,2,0,2,1,1,0,0
"POINT (9.609239628000069 52.438921604000029)",Unfall 72038 (2020) Kat:3, Licht: 2,72038,3,2,3,11,19,6,1,2,1,1,0,0
"POINT (9.759498425000061 52.348570337000069)",Unfall 72043 (2020) Kat:3, Licht: 2,72043,3,7,8,11,17,2,0,2,0,1,0,0
"POINT (9.833875340000077 52.398391275000051)",Unfall 72045 (2020) Kat:3, Licht: 0,72045,3,3,5,11,07,4,0,0,1,1,0,0
"POINT (9.792854161000037 52.272862943000064)",Unfall 72050 (2020) Kat:3, Licht: 0,72050,3,6,2,11,07,4,0,0,0,1,0,0
"POINT (9.647337060000041 52.413362130000053)",Unfall 72054 (2020) Kat:3, Licht: 0,72054,3,6,2,11,11,2,0,0,0,1,0,0
"POINT (10.008100193000075 52.315498641000033)",Unfall 72061 (2020) Kat:2, Licht: 0,72061,2,4,6,11,13,2,0,0,0,1,1,0
"POINT (9.683369973000026 52.224222352000027)",Unfall 72074 (2020) Kat:1, Licht: 2,72074,1,1,8,11,05,6,1,2,0,1,0,0
"POINT (9.692817001000037 52.420672058000036)",Unfall 72075 (2020) Kat:3, Licht: 0,72075,3,3,5,11,15,6,0,0,0,1,0,0
"POINT (9.798223564000068 52.345916474000035)",Unfall 72076 (2020) Kat:3, Licht: 1,72076,3,6,2,11,07,4,0,1,0,1,0,0
"POINT (9.775599949000025 52.270964969000033)",Unfall 72082 (2020) Kat:2, Licht: 0,72082,2,7,0,11,07,4,0,0,0,1,0,0
"POINT (9.717782180000029 52.395578782000030)",Unfall 72085 (2020) Kat:3, Licht: 0,72085,3,3,5,11,15,2,0,0,1,1,0,0
"POINT (9.667309173000035 52.340382830000067)",Unfall 72090 (2020) Kat:3, Licht: 0,72090,3,3,0,11,16,3,0,0,0,1,0,0
"POINT (10.128371521000076 52.458253225000078)",Unfall 72092 (2020) Kat:2, Licht: 0,72092,2,6,3,11,15,1,0,0,1,0,0,0
"POINT (9.551523215000032 52.322749275000035)",Unfall 72095 (2020) Kat:3, Licht: 0,72095,3,7,0,11,15,5,1,0,0,0,0,1
"POINT (9.872589135000055 52.310687060000078)",Unfall 72096 (2020) Kat:3, Licht: 0,72096,3,3,5,11,07,5,1,0,0,1,0,0
"POINT (9.741882800000042 52.437567695000041)",Unfall 72121 (2020) Kat:2, Licht: 2,72121,2,4,6,11,07,2,1,2,0,1,1,0
"POINT (9.591376678000074 52.396698378000053)",Unfall 72128 (2020) Kat:3, Licht: 0,72128,3,5,1,11,10,3,1,0,0,1,0,0
"POINT (9.680432430000053 52.371929787000056)",Unfall 72132 (2020) Kat:3, Licht: 0,72132,3,2,5,11,09,5,0,0,1,1,0,0
"POINT (9.714476868000077 52.314845754000032)",Unfall 72155 (2020) Kat:3, Licht: 0,72155,3,6,2,11,10,6,0,0,0,1,0,0
"POINT (9.694661239000027 52.419595057000038)",Unfall 72160 (2020) Kat:3, Licht: 0,72160,3,2,2,11,14,7,0,0,0,1,0,0
"POINT (9.626631282000062 52.394198965000044)",Unfall 72164 (2020) Kat:2, Licht: 0,72164,2,7,0,11,07,3,0,0,1,0,0,0
"POINT (9.962241917000029 52.419626638000068)",Unfall 72165 (2020) Kat:2, Licht: 0,72165,2,1,8,11,10,5,1,0,0,1,0,0
"POINT (9.807542963000060 52.559257441000057)",Unfall 72175 (2020) Kat:3, Licht: 0,72175,3,2,4,11,14,4,0,0,0,1,0,0
"POINT (9.988537341000040 52.460980900000038)",Unfall 72178 (2020) Kat:3, Licht: 1,72178,3,6,2,11,07,2,0,1,0,1,0,0
"POINT (9.714978528000074 52.360640477000061)",Unfall 72179 (2020) Kat:3, Licht: 0,72179,3,1,9,11,09,1,1,0,0,1,0,0
"POINT (9.629441535000069 52.264213415000029)",Unfall 72183 (2020) Kat:2, Licht: 0,72183,2,7,0,11,08,5,1,0,1,0,0,0
"POINT (9.636679962000073 52.412492033000035)",Unfall 72191 (2020) Kat:3, Licht: 0,72191,3,6,2,11,13,5,1,0,0,1,0,0
"POINT (9.685533633000034 52.329168443000071)",Unfall 72203 (2020) Kat:3, Licht: 0,72203,3,6,2,11,13,6,1,0,0,1,0,0
"POINT (9.862289757000042 52.380601255000045)",Unfall 72208 (2020) Kat:3, Licht: 0,72208,3,1,7,11,08,2,0,0,1,0,0,0
"POINT (10.139892808000070 52.460963162000041)",Unfall 72213 (2020) Kat:3, Licht: 1,72213,3,6,3,11,16,4,0,1,0,1,0,0
"POINT (9.669535288000077 52.347708875000080)",Unfall 72222 (2020) Kat:3, Licht: 0,72222,3,6,2,11,15,7,0,0,0,1,0,0
"POINT (9.883612714000037 52.279997210000033)",Unfall 72229 (2020) Kat:3, Licht: 0,72229,3,5,1,11,10,6,1,0,1,1,0,0
"POINT (9.959104689000071 52.317762363000043)",Unfall 72230 (2020) Kat:3, Licht: 0,72230,3,7,8,11,08,6,0,0,0,1,0,0
"POINT (9.732945325000060 52.421052739000061)",Unfall 72240 (2020) Kat:3, Licht: 0,72240,3,6,3,11,16,6,0,0,0,1,0,0
"POINT (9.813196956000070 52.429237631000035)",Unfall 72241 (2020) Kat:2, Licht: 2,72241,2,6,2,11,17,6,0,2,0,0,0,0
"POINT (9.786473574000070 52.319497335000051)",Unfall 72262 (2020) Kat:3, Licht: 2,72262,3,6,4,11,19,5,1,2,1,0,0,0
"POINT (9.715686776000041 52.366757646000053)",Unfall 72274 (2020) Kat:3, Licht: 0,72274,3,7,6,11,10,6,0,0,0,1,1,0
"POINT (9.401633339000057 52.454360504000078)",Unfall 72278 (2020) Kat:3, Licht: 2,72278,3,2,5,11,06,2,0,2,0,1,0,0
"POINT (9.635498438000070 52.245217144000037)",Unfall 72279 (2020) Kat:2, Licht: 0,72279,2,3,5,11,15,1,0,0,0,1,0,0
"POINT (10.015363525000055 52.517900346000033)",Unfall 72284 (2020) Kat:3, Licht: 2,72284,3,3,5,11,18,3,0,2,0,1,0,0
"POINT (9.728188070000044 52.374306923000063)",Unfall 72289 (2020) Kat:3, Licht: 2,72289,3,2,0,11,17,2,0,2,1,1,0,0
"POINT (9.809293645000025 52.369209166000076)",Unfall 72295 (2020) Kat:3, Licht: 0,72295,3,3,5,11,10,3,0,0,0,1,0,1
"POINT (9.855793196000036 52.417758364000065)",Unfall 72299 (2020) Kat:3, Licht: 2,72299,3,1,9,11,20,5,1,2,0,1,0,0
"POINT (9.816746271000056 52.484582892000049)",Unfall 72311 (2020) Kat:3, Licht: 0,72311,3,6,2,11,13,6,0,0,0,1,0,0
"POINT (9.970667408000054 52.388971522000077)",Unfall 72317 (2020) Kat:3, Licht: 2,72317,3,6,2,11,00,7,0,2,0,1,0,0
"POINT (9.794262568000022 52.371443151000051)",Unfall 72321 (2020) Kat:3, Licht: 2,72321,3,1,9,11,16,3,1,2,1,0,0,0
"POINT (9.721710098000074 52.378460440000026)",Unfall 72340 (2020) Kat:3, Licht: 0,72340,3,6,2,11,11,4,0,0,0,1,0,0
"POINT (9.748596952000071 52.362598289000061)",Unfall 72343 (2020) Kat:3, Licht: 0,72343,3,2,3,11,15,2,0,0,0,1,0,0
"POINT (9.387564179000037 52.587018195000041)",Unfall 72351 (2020) Kat:3, Licht: 0,72351,3,3,0,11,08,5,0,0,1,1,0,0
"POINT (9.514740642000049 52.300223739000046)",Unfall 72359 (2020) Kat:3, Licht: 2,72359,3,1,8,11,21,6,0,2,0,1,0,0
"POINT (9.727766631000065 52.502687850000029)",Unfall 72364 (2020) Kat:3, Licht: 0,72364,3,6,2,11,11,2,0,0,0,1,0,0
"POINT (9.862841684000046 52.379862654000078)",Unfall 72368 (2020) Kat:3, Licht: 1,72368,3,2,5,11,16,4,0,1,1,1,0,0
"POINT (9.719471480000038 52.346496670000079)",Unfall 72378 (2020) Kat:3, Licht: 2,72378,3,1,8,11,05,7,1,2,0,1,0,0
"POINT (9.801866402000030 52.396776233000026)",Unfall 72383 (2020) Kat:3, Licht: 0,72383,3,6,2,11,08,2,1,0,0,1,0,0
"POINT (9.675892921000070 52.359044595000057)",Unfall 72384 (2020) Kat:3, Licht: 2,72384,3,7,0,11,02,1,0,2,0,0,0,0
"POINT (9.566573450000021 52.642567237000037)",Unfall 72396 (2020) Kat:2, Licht: 2,72396,2,6,2,11,18,6,0,2,0,1,0,0
"POINT (9.784169830000053 52.382847625000068)",Unfall 72397 (2020) Kat:3, Licht: 0,72397,3,6,2,11,12,6,0,0,0,1,0,0
"POINT (9.820459970000059 52.293585607000068)",Unfall 72407 (2020) Kat:3, Licht: 2,72407,3,2,2,11,16,2,0,2,0,1,0,0
"POINT (9.809268307000025 52.379378099000064)",Unfall 72412 (2020) Kat:3, Licht: 0,72412,3,3,5,11,17,3,0,0,1,1,0,0
"POINT (10.113363095000068 52.329179457000066)",Unfall 72414 (2020) Kat:3, Licht: 2,72414,3,6,2,11,17,1,0,2,0,1,0,1
"POINT (9.626748661000022 52.294922126000074)",Unfall 72417 (2020) Kat:3, Licht: 2,72417,3,3,5,11,19,5,1,2,0,1,0,1
"POINT (9.750414928000055 52.209095464000029)",Unfall 72418 (2020) Kat:3, Licht: 0,72418,3,6,4,11,12,5,1,0,0,1,0,0
"POINT (9.736194184000055 52.399265132000039)",Unfall 72432 (2020) Kat:3, Licht: 2,72432,3,2,5,11,05,6,1,2,0,1,0,0
"POINT (9.725000394000062 52.521653271000048)",Unfall 72443 (2020) Kat:3, Licht: 0,72443,3,3,5,11,12,2,0,0,0,1,0,0
"POINT (9.747443684000075 52.216177761000040)",Unfall 72450 (2020) Kat:3, Licht: 0,72450,3,2,2,11,08,3,1,0,0,1,0,0
"POINT (9.580586034000021 52.423511916000052)",Unfall 72455 (2020) Kat:3, Licht: 0,72455,3,7,8,11,11,5,1,0,0,0,0,0
"POINT (9.730074565000052 52.368669395000040)",Unfall 72467 (2020) Kat:3, Licht: 2,72467,3,2,5,11,06,6,1,2,1,1,0,0
"POINT (9.431770259000075 52.422502226000063)",Unfall 72477 (2020) Kat:3, Licht: 0,72477,3,4,6,11,12,6,0,0,0,1,1,0
"POINT (9.871244218000072 52.309044743000072)",Unfall 72481 (2020) Kat:3, Licht: 0,72481,3,6,3,11,10,1,0,0,0,1,0,0
"POINT (10.099264715000061 52.364690081000049)",Unfall 72486 (2020) Kat:3, Licht: 0,72486,3,6,9,11,12,3,1,0,0,1,0,0
"POINT (9.454478605000077 52.476515812000059)",Unfall 72497 (2020) Kat:3, Licht: 0,72497,3,6,4,11,08,4,1,0,0,1,0,0
"POINT (9.727213670000026 52.439055297000039)",Unfall 72500 (2020) Kat:3, Licht: 2,72500,3,4,6,11,19,2,0,2,0,1,1,0
"POINT (9.653121413000065 52.415637694000054)",Unfall 72513 (2020) Kat:3, Licht: 0,72513,3,6,4,11,15,6,0,0,1,0,0,0
"POINT (9.735925787000042 52.584119337000061)",Unfall 72514 (2020) Kat:3, Licht: 0,72514,3,3,5,11,12,6,0,0,0,1,0,0
"POINT (9.734559317000048 52.391258168000036)",Unfall 72531 (2020) Kat:3, Licht: 0,72531,3,4,6,11,14,2,0,0,1,0,1,0
"POINT (9.451761118000036 52.424074044000065)",Unfall 72536 (2020) Kat:3, Licht: 0,72536,3,3,5,11,08,4,0,0,0,1,0,0
"POINT (9.636031814000035 52.331600610000066)",Unfall 72551 (2020) Kat:3, Licht: 1,72551,3,3,5,11,16,6,0,1,0,1,0,0
"POINT (9.809293289000038 52.379494575000081)",Unfall 72552 (2020) Kat:3, Licht: 0,72552,3,4,6,11,14,6,0,0,0,1,1,0
"POINT (9.733309725000026 52.418330435000030)",Unfall 72562 (2020) Kat:3, Licht: 2,72562,3,1,8,11,06,2,0,2,0,1,0,0
"POINT (9.638136985000074 52.416230824000081)",Unfall 72567 (2020) Kat:3, Licht: 2,72567,3,6,2,11,05,2,0,2,0,1,0,0
"POINT (9.727077653000038 52.366914690000044)",Unfall 72595 (2020) Kat:3, Licht: 0,72595,3,2,5,11,15,3,0,0,1,1,0,0
"POINT (9.732708695000042 52.420804457000031)",Unfall 72598 (2020) Kat:3, Licht: 1,72598,3,6,2,11,15,2,0,1,0,1,0,0
"POINT (9.977967512000021 52.415589522000062)",Unfall 72599 (2020) Kat:3, Licht: 2,72599,3,1,8,11,22,1,1,2,0,1,0,0
"POINT (9.643813423000040 52.466011227000081)",Unfall 72605 (2020) Kat:3, Licht: 1,72605,3,1,9,11,07,3,1,1,0,1,0,0
"POINT (9.573673943000074 52.423515857000041)",Unfall 72614 (2020) Kat:3, Licht: 0,72614,3,6,2,11,14,3,0,0,0,1,0,0
"POINT (9.584706789000052 52.285602326000060)",Unfall 72616 (2020) Kat:2, Licht: 2,72616,2,7,9,11,03,1,0,2,0,1,0,0
"POINT (9.799524432000055 52.479601297000045)",Unfall 72619 (2020) Kat:3, Licht: 0,72619,3,2,2,11,13,5,1,0,0,1,0,0
"POINT (10.103539257000023 52.456756369000061)",Unfall 72625 (2020) Kat:3, Licht: 2,72625,3,1,0,11,05,3,1,2,0,0,0,0
"POINT (9.753712734000033 52.526157296000065)",Unfall 72631 (2020) Kat:3, Licht: 0,72631,3,7,0,11,15,6,0,0,1,0,0,0
"POINT (9.470106515000055 52.301538801000049)",Unfall 72637 (2020) Kat:3, Licht: 2,72637,3,2,5,11,19,7,0,2,0,1,0,0
"POINT (9.563980280000067 52.441041424000048)",Unfall 72641 (2020) Kat:3, Licht: 0,72641,3,4,6,11,07,3,1,0,0,1,1,0
"POINT (9.544096543000023 52.362383442000066)",Unfall 72651 (2020) Kat:2, Licht: 0,72651,2,1,0,11,12,3,0,0,1,0,0,0
"POINT (9.705633994000039 52.423782387000074)",Unfall 72652 (2020) Kat:3, Licht: 2,72652,3,7,0,11,21,4,0,2,0,0,0,1
"POINT (9.790057005000051 52.354461534000052)",Unfall 72654 (2020) Kat:3, Licht: 2,72654,3,6,3,11,07,2,0,2,0,1,0,0
"POINT (9.630335131000038 52.485176948000060)",Unfall 72655 (2020) Kat:3, Licht: 0,72655,3,1,8,11,14,1,1,0,0,1,0,0
"POINT (9.456709539000030 52.486260888000061)",Unfall 72669 (2020) Kat:3, Licht: 0,72669,3,3,5,12,11,5,0,0,1,1,0,0
"POINT (9.601651461000074 52.325729156000079)",Unfall 72684 (2020) Kat:3, Licht: 0,72684,3,2,2,12,11,7,1,0,0,1,0,0
"POINT (9.431747989000030 52.422513878000075)",Unfall 72688 (2020) Kat:3, Licht: 2,72688,3,2,5,12,19,6,1,2,0,1,0,0
"POINT (9.794633222000073 52.557161058000077)",Unfall 72692 (2020) Kat:3, Licht: 0,72692,3,6,2,12,08,6,1,0,0,1,0,0
"POINT (9.871186204000026 52.435006761000068)",Unfall 72696 (2020) Kat:3, Licht: 1,72696,3,3,5,12,07,6,1,1,0,1,0,0
"POINT (9.976128710000069 52.370402805000026)",Unfall 72699 (2020) Kat:3, Licht: 2,72699,3,2,4,12,07,3,0,2,0,1,0,0
"POINT (9.780924827000035 52.378724771000066)",Unfall 72701 (2020) Kat:3, Licht: 0,72701,3,6,3,12,14,6,0,0,0,1,0,0
"POINT (9.667307746000063 52.377068706000045)",Unfall 72708 (2020) Kat:2, Licht: 2,72708,2,4,6,12,06,6,1,2,0,0,1,0
"POINT (9.817286487000047 52.311660425000071)",Unfall 72710 (2020) Kat:3, Licht: 0,72710,3,6,2,12,13,5,0,0,0,1,0,0
"POINT (9.590192505000061 52.438835526000048)",Unfall 72717 (2020) Kat:3, Licht: 2,72717,3,6,2,12,05,4,0,2,0,1,0,0
"POINT (9.945313714000065 52.333433372000059)",Unfall 72736 (2020) Kat:3, Licht: 2,72736,3,4,6,12,16,4,1,2,0,1,1,0
"POINT (9.862710986000025 52.380015674000049)",Unfall 72737 (2020) Kat:3, Licht: 0,72737,3,2,5,12,09,3,0,0,0,0,0,1
"POINT (9.976619220000032 52.367428310000037)",Unfall 72741 (2020) Kat:3, Licht: 0,72741,3,2,2,12,09,3,1,0,0,1,0,0
"POINT (9.719420796000065 52.346583926000051)",Unfall 72751 (2020) Kat:3, Licht: 0,72751,3,2,2,12,10,2,1,0,0,1,0,0
"POINT (9.847420235000072 52.360120393000045)",Unfall 72760 (2020) Kat:3, Licht: 0,72760,3,2,4,12,15,6,0,0,1,1,0,0
"POINT (9.729280361000065 52.316716327000051)",Unfall 72778 (2020) Kat:2, Licht: 2,72778,2,7,0,12,20,5,0,2,1,0,0,0
"POINT (9.736209952000024 52.399131080000075)",Unfall 72779 (2020) Kat:3, Licht: 2,72779,3,6,0,12,17,3,0,2,1,0,0,0
"POINT (9.683887709000032 52.390706848000036)",Unfall 72784 (2020) Kat:3, Licht: 2,72784,3,6,2,12,16,1,1,2,0,1,0,0
"POINT (9.722429162000026 52.362426157000073)",Unfall 72794 (2020) Kat:3, Licht: 0,72794,3,6,2,12,10,5,1,0,0,1,0,0
"POINT (9.810360171000070 52.279022563000069)",Unfall 72797 (2020) Kat:3, Licht: 0,72797,3,7,4,12,10,7,0,0,0,1,0,0
"POINT (9.540586450000035 52.308955653000055)",Unfall 72820 (2020) Kat:3, Licht: 0,72820,3,1,9,12,12,4,0,0,0,1,0,0
"POINT (9.734782718000076 52.407294929000045)",Unfall 72831 (2020) Kat:3, Licht: 2,72831,3,6,3,12,18,3,1,2,0,1,0,1
"POINT (9.500200958000050 52.353018283000040)",Unfall 72832 (2020) Kat:3, Licht: 2,72832,3,7,9,12,21,5,1,2,0,0,0,1
"POINT (9.660115275000067 52.376955634000069)",Unfall 72840 (2020) Kat:3, Licht: 1,72840,3,2,5,12,08,4,1,1,1,1,0,0
"POINT (10.184080911000024 52.465412355000069)",Unfall 72846 (2020) Kat:3, Licht: 0,72846,3,2,4,12,11,7,1,0,0,1,0,0
"POINT (9.723140265000041 52.440301090000048)",Unfall 72849 (2020) Kat:3, Licht: 0,72849,3,1,0,12,15,3,0,0,1,0,0,0
"POINT (9.643519967000032 52.340048788000047)",Unfall 72876 (2020) Kat:3, Licht: 1,72876,3,6,2,12,15,3,1,1,0,0,0,0