WKT,Name,OBJECTID,UKATEGORIE,UTYP1,UART,UMONAT,USTUNDE,UWOCHENTAG,STRZUSTAND,ULICHTVERH,ISTRAD,ISTPKW,ISTFUSS,ISTKRAD
"POINT (9.754316723000045 52.368366168000080)",Unfall 192239 (2020) Kat:3, Licht: 1,192239,3,3,5,01,08,3,0,1,1,1,0,0
"POINT (9.804114723000055 52.467473385000062)",Unfall 192246 (2020) Kat:3, Licht: 2,192246,3,3,0,01,05,2,0,2,1,1,0,0
"POINT (9.804824320000023 52.378009897000027)",Unfall 192248 (2020) Kat:3, Licht: 0,192248,3,3,5,01,13,3,0,0,1,1,0,0
"POINT (9.739821034000045 52.382944731000066)",Unfall 192253 (2020) Kat:2, Licht: 2,192253,2,5,1,01,07,3,0,2,1,1,0,0
"POINT (9.803199955000025 52.396514997000054)",Unfall 192269 (2020) Kat:3, Licht: 0,192269,3,2,5,01,09,6,0,0,1,1,0,0
"POINT (9.731296269000040 52.336311879000050)",Unfall 192270 (2020) Kat:3, Licht: 0,192270,3,6,3,01,09,4,1,0,1,1,0,0
"POINT (9.834150324000063 52.348841546000074)",Unfall 192276 (2020) Kat:2, Licht: 0,192276,2,3,5,01,14,3,0,0,1,1,0,0
"POINT (9.724637819000066 52.344953708000048)",Unfall 192282 (2020) Kat:3, Licht: 0,192282,3,3,5,01,12,6,0,0,1,1,0,0
"POINT (9.740054047000058 52.402108221000049)",Unfall 192285 (2020) Kat:3, Licht: 0,192285,3,3,2,01,13,5,0,0,1,1,0,0
"POINT (9.734987636000028 52.370084780000070)",Unfall 192297 (2020) Kat:3, Licht: 2,192297,3,3,5,01,07,2,0,2,1,1,0,0
"POINT (9.798702046000074 52.308418108000069)",Unfall 192306 (2020) Kat:3, Licht: 2,192306,3,7,0,01,18,2,0,2,0,1,0,0
"POINT (9.791818254000077 52.334988907000081)",Unfall 192311 (2020) Kat:3, Licht: 2,192311,3,3,5,01,06,3,1,2,1,1,0,0
"POINT (9.660167695000041 52.167844732000049)",Unfall 192317 (2020) Kat:3, Licht: 0,192317,3,5,1,01,15,6,0,0,0,1,0,1
"POINT (9.461240063000048 52.500274177000051)",Unfall 192322 (2020) Kat:3, Licht: 0,192322,3,3,5,01,14,4,1,0,1,1,0,0
"POINT (9.674461214000075 52.408227200000056)",Unfall 192324 (2020) Kat:3, Licht: 0,192324,3,3,5,01,10,3,0,0,0,1,0,0
"POINT (9.764661994000051 52.287005757000031)",Unfall 192332 (2020) Kat:3, Licht: 0,192332,3,7,6,01,10,5,0,0,0,1,1,0
"POINT (9.758838038000022 52.362468044000082)",Unfall 192334 (2020) Kat:3, Licht: 0,192334,3,2,4,01,14,5,0,0,1,1,0,0
"POINT (9.616867147000050 52.424172287000033)",Unfall 192339 (2020) Kat:3, Licht: 2,192339,3,2,5,01,17,4,0,2,1,1,0,0
"POINT (9.749278310000022 52.273354928000060)",Unfall 192345 (2020) Kat:3, Licht: 2,192345,3,2,2,01,07,2,0,2,1,1,0,0
"POINT (9.733797026000048 52.369316991000062)",Unfall 192348 (2020) Kat:3, Licht: 2,192348,3,6,2,01,20,7,0,2,0,1,0,0
"POINT (9.748092006000036 52.433759799000029)",Unfall 192354 (2020) Kat:3, Licht: 0,192354,3,3,5,01,12,7,0,0,1,1,0,0
"POINT (9.754903768000077 52.376949085000035)",Unfall 192363 (2020) Kat:3, Licht: 0,192363,3,5,0,02,14,2,1,0,0,1,0,0
"POINT (9.795749155000067 52.327281431000074)",Unfall 192378 (2020) Kat:3, Licht: 0,192378,3,6,0,01,14,6,0,0,0,1,0,0
"POINT (9.730531271000075 52.374851596000042)",Unfall 192380 (2020) Kat:3, Licht: 2,192380,3,6,2,01,19,6,0,2,0,1,0,0
"POINT (9.425416097000039 52.423950680000075)",Unfall 192382 (2020) Kat:3, Licht: 0,192382,3,4,6,01,11,6,0,0,0,1,1,0
"POINT (9.457451809000077 52.504860500000063)",Unfall 192383 (2020) Kat:3, Licht: 0,192383,3,7,8,01,15,6,0,0,0,0,0,0
"POINT (9.662049183000022 52.448478644000033)",Unfall 192384 (2020) Kat:3, Licht: 2,192384,3,2,5,01,08,6,0,2,1,1,0,0
"POINT (9.755725524000070 52.434689964000029)",Unfall 192385 (2020) Kat:3, Licht: 0,192385,3,3,5,01,10,6,0,0,0,1,0,0
"POINT (9.733741289000022 52.399753641000075)",Unfall 192386 (2020) Kat:3, Licht: 2,192386,3,3,5,01,17,6,0,2,1,1,0,0
"POINT (9.789999833000024 52.559258233000037)",Unfall 192388 (2020) Kat:3, Licht: 0,192388,3,6,2,01,11,6,0,0,0,1,0,0
"POINT (9.738961254000060 52.446424101000048)",Unfall 192403 (2020) Kat:3, Licht: 0,192403,3,5,1,02,13,2,1,0,0,1,0,0
"POINT (9.746901088000072 52.382599114000072)",Unfall 192421 (2020) Kat:3, Licht: 1,192421,3,3,5,01,16,5,0,1,1,1,0,0
"POINT (9.745488496000064 52.374186735000080)",Unfall 192422 (2020) Kat:3, Licht: 0,192422,3,1,0,01,14,5,0,0,0,0,0,0
"POINT (9.710460204000071 52.371257644000082)",Unfall 192454 (2020) Kat:3, Licht: 0,192454,3,1,0,02,15,2,1,0,0,0,0,1
"POINT (9.736182072000077 52.362678337000034)",Unfall 192461 (2020) Kat:3, Licht: 2,192461,3,1,0,01,16,4,1,2,1,0,0,0
"POINT (9.683652254000037 52.408804804000056)",Unfall 192464 (2020) Kat:3, Licht: 2,192464,3,6,2,01,21,4,1,2,0,1,0,0
"POINT (9.728555467000035 52.394622134000031)",Unfall 192466 (2020) Kat:2, Licht: 2,192466,2,2,5,01,22,4,1,2,0,1,0,1
"POINT (9.742615584000021 52.325474453000027)",Unfall 192468 (2020) Kat:2, Licht: 2,192468,2,4,6,01,18,4,1,2,0,1,1,0
"POINT (9.819681309000032 52.321243203000051)",Unfall 192469 (2020) Kat:3, Licht: 0,192469,3,5,1,01,13,4,1,0,0,1,0,0
"POINT (9.738100490000022 52.381831752000039)",Unfall 192471 (2020) Kat:3, Licht: 1,192471,3,2,5,01,07,4,1,1,1,1,0,0
"POINT (9.697180013000036 52.372135323000066)",Unfall 192473 (2020) Kat:3, Licht: 0,192473,3,5,1,01,09,6,0,0,1,1,0,0
"POINT (9.807832368000049 52.399552258000028)",Unfall 192474 (2020) Kat:3, Licht: 2,192474,3,7,6,01,17,6,0,2,1,0,1,0
"POINT (9.736621659000036 52.371176429000059)",Unfall 192477 (2020) Kat:2, Licht: 0,192477,2,2,5,02,10,1,1,0,0,1,0,0
"POINT (9.740784118000022 52.383474183000033)",Unfall 192482 (2020) Kat:3, Licht: 2,192482,3,7,5,01,18,6,0,2,0,1,0,0
"POINT (9.781056938000063 52.400084486000026)",Unfall 192485 (2020) Kat:3, Licht: 0,192485,3,2,4,01,14,6,0,0,0,1,0,0
"POINT (9.430483069000047 52.423112740000079)",Unfall 192490 (2020) Kat:3, Licht: 1,192490,3,2,5,01,17,6,0,1,1,1,0,0
"POINT (9.462666247000072 52.509369552000067)",Unfall 192496 (2020) Kat:3, Licht: 0,192496,3,2,2,01,07,6,1,0,0,1,0,0
"POINT (9.715017898000042 52.364873319000026)",Unfall 192502 (2020) Kat:3, Licht: 2,192502,3,2,5,01,21,3,1,2,1,1,0,0
"POINT (9.806950196000059 52.420112680000045)",Unfall 192504 (2020) Kat:3, Licht: 0,192504,3,5,4,01,12,3,1,0,0,1,0,0
"POINT (9.451332583000067 52.418941425000071)",Unfall 192505 (2020) Kat:3, Licht: 0,192505,3,3,5,01,16,3,1,0,0,1,0,0
"POINT (9.748495359000060 52.374822569000060)",Unfall 192506 (2020) Kat:3, Licht: 0,192506,3,4,6,01,12,6,0,0,1,0,1,0
"POINT (9.602260521000062 52.416714280000065)",Unfall 192507 (2020) Kat:3, Licht: 0,192507,3,2,5,01,11,3,1,0,1,1,0,0
"POINT (9.680730680000067 52.416130826000028)",Unfall 192508 (2020) Kat:3, Licht: 0,192508,3,3,5,02,08,7,1,0,0,1,0,0
"POINT (9.575215143000037 52.418910544000028)",Unfall 192509 (2020) Kat:3, Licht: 0,192509,3,2,5,01,07,3,1,0,1,1,0,0
"POINT (9.753463734000036 52.376199478000046)",Unfall 192510 (2020) Kat:3, Licht: 1,192510,3,3,5,02,07,2,1,1,1,1,0,0
"POINT (9.705299861000071 52.367045272000041)",Unfall 192511 (2020) Kat:2, Licht: 0,192511,2,1,0,01,14,3,1,0,1,0,0,0
"POINT (9.751050194000072 52.375532262000036)",Unfall 192512 (2020) Kat:2, Licht: 0,192512,2,2,5,01,08,6,0,0,1,1,0,0
"POINT (9.753037652000046 52.377778781000075)",Unfall 192513 (2020) Kat:3, Licht: 2,192513,3,2,5,01,07,3,1,2,1,1,0,0
"POINT (9.701480209000067 52.408686216000035)",Unfall 192514 (2020) Kat:3, Licht: 0,192514,3,3,5,01,07,6,1,0,0,1,0,0
"POINT (9.757933597000033 52.336990085000082)",Unfall 192523 (2020) Kat:3, Licht: 2,192523,3,1,9,02,05,2,1,2,0,1,0,0
"POINT (9.837457509000046 52.387398224000037)",Unfall 192551 (2020) Kat:3, Licht: 1,192551,3,3,5,01,07,2,1,1,1,1,0,0
"POINT (9.721005017000039 52.379456908000066)",Unfall 192553 (2020) Kat:3, Licht: 2,192553,3,3,5,01,23,2,1,2,1,1,0,0
"POINT (9.738306324000064 52.382118200000036)",Unfall 192555 (2020) Kat:3, Licht: 2,192555,3,2,5,01,18,2,1,2,1,1,0,0
"POINT (9.553058859000032 52.211961875000043)",Unfall 192556 (2020) Kat:3, Licht: 0,192556,3,3,5,01,14,2,0,0,1,1,0,0
"POINT (9.759436052000069 52.375858608000044)",Unfall 192557 (2020) Kat:3, Licht: 0,192557,3,5,1,01,11,2,0,0,1,1,0,0
"POINT (9.782564727000022 52.373316242000044)",Unfall 192559 (2020) Kat:3, Licht: 2,192559,3,3,5,01,07,2,1,2,1,1,0,0
"POINT (9.737162164000040 52.384502769000051)",Unfall 192562 (2020) Kat:3, Licht: 2,192562,3,3,0,02,23,2,1,2,1,1,0,0
"POINT (9.741212763000021 52.360334374000047)",Unfall 192577 (2020) Kat:3, Licht: 0,192577,3,3,5,01,09,5,0,0,1,1,0,0
"POINT (9.756154847000062 52.342668496000044)",Unfall 192580 (2020) Kat:3, Licht: 0,192580,3,3,5,01,08,5,0,0,1,1,0,0
"POINT (9.855797530000075 52.394577137000056)",Unfall 192583 (2020) Kat:3, Licht: 0,192583,3,3,5,01,13,1,0,0,0,1,0,0
"POINT (9.757933597000033 52.336990085000082)",Unfall 192587 (2020) Kat:3, Licht: 2,192587,3,6,2,01,17,5,0,2,0,1,0,0
"POINT (9.610307588000069 52.280369885000027)",Unfall 192589 (2020) Kat:3, Licht: 0,192589,3,4,6,01,10,5,0,0,0,1,1,0
"POINT (9.740219640000021 52.440438441000026)",Unfall 192598 (2020) Kat:3, Licht: 0,192598,3,7,6,01,14,5,0,0,1,0,1,0
"POINT (9.820211673000074 52.356182214000057)",Unfall 192606 (2020) Kat:3, Licht: 2,192606,3,1,1,01,20,7,0,2,0,1,0,1
"POINT (10.021507143000065 52.445024112000056)",Unfall 192607 (2020) Kat:3, Licht: 0,192607,3,3,5,01,10,5,0,0,0,1,0,1
"POINT (9.738618230000043 52.382286944000043)",Unfall 192611 (2020) Kat:3, Licht: 2,192611,3,5,1,02,00,5,0,2,0,1,0,0
"POINT (9.545299266000029 52.205904748000080)",Unfall 192616 (2020) Kat:2, Licht: 2,192616,2,3,5,02,18,6,1,2,0,1,0,0
"POINT (10.014607607000073 52.382694383000057)",Unfall 192624 (2020) Kat:3, Licht: 0,192624,3,6,2,02,15,3,1,0,0,1,0,0
"POINT (9.750615945000050 52.375529235000045)",Unfall 192631 (2020) Kat:3, Licht: 2,192631,3,6,2,02,19,4,1,2,0,1,0,0
"POINT (9.750009669000065 52.376544574000036)",Unfall 192640 (2020) Kat:3, Licht: 2,192640,3,2,6,02,19,1,0,2,0,1,1,0
"POINT (9.734859757000038 52.380277307000028)",Unfall 192657 (2020) Kat:3, Licht: 0,192657,3,2,4,02,08,2,1,0,0,1,0,0
"POINT (9.716895980000061 52.335523327000033)",Unfall 192658 (2020) Kat:3, Licht: 2,192658,3,6,2,02,19,5,1,2,0,1,0,0
"POINT (9.756771713000035 52.392567903000042)",Unfall 192659 (2020) Kat:3, Licht: 0,192659,3,2,5,02,10,7,0,0,1,1,0,0
"POINT (9.663043030000040 52.409942651000051)",Unfall 192678 (2020) Kat:3, Licht: 0,192678,3,7,6,02,10,1,0,0,1,0,1,0
"POINT (9.717313966000063 52.364378586000043)",Unfall 192682 (2020) Kat:3, Licht: 1,192682,3,7,6,02,17,4,0,1,0,1,1,0
"POINT (9.740492702000040 52.448179697000057)",Unfall 192683 (2020) Kat:3, Licht: 1,192683,3,2,5,02,17,4,0,1,1,1,0,0
"POINT (9.814167100000077 52.347182837000048)",Unfall 192689 (2020) Kat:3, Licht: 0,192689,3,3,5,02,10,4,0,0,0,1,0,0
"POINT (9.737694065000028 52.399651983000069)",Unfall 192692 (2020) Kat:3, Licht: 2,192692,3,3,5,02,17,4,0,2,1,1,0,0
"POINT (9.739914541000076 52.382995777000076)",Unfall 192697 (2020) Kat:3, Licht: 0,192697,3,6,2,02,08,4,0,0,1,1,0,0
"POINT (9.595834548000028 52.421056812000074)",Unfall 192702 (2020) Kat:3, Licht: 0,192702,3,3,5,02,11,4,0,0,1,1,0,0
"POINT (10.012714183000071 52.449919230000035)",Unfall 192705 (2020) Kat:3, Licht: 0,192705,3,6,6,02,13,6,0,0,1,0,1,0
"POINT (9.749063709000041 52.377798677000044)",Unfall 192708 (2020) Kat:3, Licht: 0,192708,3,3,5,02,14,2,1,0,1,1,0,0
"POINT (9.732492822000040 52.542785301000038)",Unfall 192710 (2020) Kat:3, Licht: 0,192710,3,4,0,02,08,4,0,0,0,1,1,0
"POINT (9.741690492000032 52.380248697000070)",Unfall 192715 (2020) Kat:3, Licht: 0,192715,3,3,5,02,15,3,1,0,1,1,0,0
"POINT (9.763885403000074 52.397261473000071)",Unfall 192719 (2020) Kat:3, Licht: 2,192719,3,3,5,02,19,4,0,2,1,1,0,0
"POINT (9.792424883000024 52.430696958000055)",Unfall 192720 (2020) Kat:3, Licht: 0,192720,3,3,5,02,07,6,1,0,1,1,0,0
"POINT (9.747147551000069 52.385467124000058)",Unfall 192722 (2020) Kat:3, Licht: 2,192722,3,6,3,02,17,4,0,2,1,0,0,0
"POINT (9.693537982000066 52.363354767000033)",Unfall 192724 (2020) Kat:3, Licht: 0,192724,3,2,2,02,13,4,0,0,0,1,0,0
"POINT (10.019361139000068 52.454579087000070)",Unfall 192729 (2020) Kat:3, Licht: 2,192729,3,7,0,02,22,1,0,2,0,0,0,0
"POINT (9.886958261000075 52.281299692000061)",Unfall 192730 (2020) Kat:3, Licht: 0,192730,3,5,1,02,11,4,0,0,1,0,0,0
"POINT (9.702764833000060 52.372073025000077)",Unfall 192738 (2020) Kat:3, Licht: 0,192738,3,3,5,02,08,4,1,0,1,1,0,0
"POINT (9.731065011000055 52.370768478000059)",Unfall 192761 (2020) Kat:3, Licht: 2,192761,3,3,5,02,18,5,0,2,1,1,0,0
"POINT (9.810503951000044 52.382848542000033)",Unfall 192764 (2020) Kat:3, Licht: 2,192764,3,6,2,02,19,2,0,2,0,1,0,0
"POINT (9.764522439000075 52.342700089000061)",Unfall 192766 (2020) Kat:3, Licht: 0,192766,3,6,3,02,13,7,0,0,0,1,0,0
"POINT (9.670623225000043 52.415724204000071)",Unfall 192773 (2020) Kat:3, Licht: 0,192773,3,3,5,02,14,6,1,0,1,1,0,0
"POINT (9.669233215000077 52.351931813000078)",Unfall 192779 (2020) Kat:3, Licht: 1,192779,3,3,5,02,07,5,0,1,1,1,0,0
"POINT (9.750427968000054 52.366058542000076)",Unfall 192783 (2020) Kat:3, Licht: 0,192783,3,7,0,02,07,3,0,0,1,0,0,0
"POINT (9.593415869000069 52.446467925000036)",Unfall 192790 (2020) Kat:3, Licht: 1,192790,3,2,3,02,16,4,1,1,0,1,0,1
"POINT (9.781619658000068 52.416585059000056)",Unfall 192797 (2020) Kat:3, Licht: 2,192797,3,4,6,02,05,1,0,2,0,1,1,0
"POINT (9.794965694000041 52.392944834000048)",Unfall 192803 (2020) Kat:3, Licht: 1,192803,3,2,5,02,07,5,0,1,1,1,0,0
"POINT (9.761130293000065 52.363483959000064)",Unfall 192814 (2020) Kat:3, Licht: 0,192814,3,2,2,02,12,6,0,0,1,1,0,0
"POINT (9.611994006000032 52.407581228000026)",Unfall 192816 (2020) Kat:3, Licht: 0,192816,3,3,5,02,16,2,1,0,0,1,0,1
"POINT (9.465470873000072 52.504161863000036)",Unfall 192817 (2020) Kat:3, Licht: 0,192817,3,6,2,02,12,5,1,0,0,1,0,0
"POINT (9.732299704000070 52.391655149000030)",Unfall 192823 (2020) Kat:3, Licht: 2,192823,3,3,5,02,21,3,1,2,0,1,0,0
"POINT (9.692563607000068 52.396597708000058)",Unfall 192827 (2020) Kat:3, Licht: 2,192827,3,2,4,02,21,3,1,2,0,1,0,0
"POINT (9.806366218000051 52.417224683000029)",Unfall 192829 (2020) Kat:3, Licht: 2,192829,3,3,5,02,07,3,1,2,1,1,0,0
"POINT (9.768155243000024 52.378638494000029)",Unfall 192831 (2020) Kat:3, Licht: 0,192831,3,2,2,02,10,3,0,0,0,1,0,0
"POINT (9.616081759000053 52.418912588000069)",Unfall 192836 (2020) Kat:3, Licht: 2,192836,3,6,2,02,00,1,0,2,0,1,0,0
"POINT (9.717808319000028 52.364480320000041)",Unfall 192837 (2020) Kat:2, Licht: 2,192837,2,4,6,02,18,3,0,2,0,1,1,0
"POINT (9.737533845000030 52.438721133000058)",Unfall 192840 (2020) Kat:2, Licht: 0,192840,2,2,6,02,11,3,0,0,0,1,1,0
"POINT (9.595102487000077 52.425584888000060)",Unfall 192842 (2020) Kat:3, Licht: 0,192842,3,2,5,02,13,5,1,0,1,1,0,0
"POINT (9.783789993000028 52.410197150000045)",Unfall 192844 (2020) Kat:3, Licht: 0,192844,3,1,0,02,07,3,1,0,0,0,0,1
"POINT (9.722342136000066 52.377093514000080)",Unfall 192849 (2020) Kat:3, Licht: 0,192849,3,4,6,02,09,3,1,0,1,0,1,0
"POINT (9.689726541000027 52.364725389000057)",Unfall 192854 (2020) Kat:3, Licht: 0,192854,3,3,5,02,12,2,1,0,1,1,0,0
"POINT (9.797417221000046 52.416467995000062)",Unfall 192863 (2020) Kat:3, Licht: 2,192863,3,3,5,02,17,5,0,2,1,1,0,0
"POINT (9.767522255000074 52.358156305000080)",Unfall 192865 (2020) Kat:3, Licht: 2,192865,3,2,5,02,18,5,0,2,1,1,0,0
"POINT (9.732555611000066 52.376739651000037)",Unfall 192866 (2020) Kat:3, Licht: 1,192866,3,4,6,02,07,2,1,1,0,1,1,0
"POINT (9.817983237000021 52.297345727000049)",Unfall 192886 (2020) Kat:3, Licht: 0,192886,3,3,5,02,08,4,1,0,0,1,0,0
"POINT (9.750907630000029 52.375524177000045)",Unfall 192890 (2020) Kat:3, Licht: 0,192890,3,3,5,02,08,6,0,0,0,1,0,0
"POINT (9.775450034000073 52.396579247000034)",Unfall 192919 (2020) Kat:3, Licht: 0,192919,3,6,2,02,14,5,1,0,0,1,0,0
"POINT (9.727413303000049 52.323120996000057)",Unfall 192922 (2020) Kat:3, Licht: 2,192922,3,3,5,02,18,5,1,2,1,1,0,0
"POINT (9.700633429000050 52.368972200000030)",Unfall 192923 (2020) Kat:3, Licht: 1,192923,3,2,5,02,18,5,0,1,0,1,0,0
"POINT (9.726727133000054 52.388694505000046)",Unfall 192924 (2020) Kat:3, Licht: 1,192924,3,6,4,02,17,5,1,1,1,0,0,0
"POINT (9.746135246000051 52.393226533000075)",Unfall 192937 (2020) Kat:3, Licht: 0,192937,3,2,3,02,17,4,1,0,1,1,0,0
"POINT (9.658121949000076 52.406499188000055)",Unfall 192942 (2020) Kat:3, Licht: 0,192942,3,6,2,02,14,2,1,0,0,1,0,0
"POINT (9.806776461000027 52.388664577000043)",Unfall 192950 (2020) Kat:3, Licht: 2,192950,3,2,6,02,19,2,1,2,0,1,1,0
"POINT (9.759432776000040 52.361623695000048)",Unfall 192953 (2020) Kat:3, Licht: 0,192953,3,2,5,02,12,2,0,0,1,1,0,0
"POINT (9.711836896000023 52.360664158000077)",Unfall 192955 (2020) Kat:3, Licht: 2,192955,3,3,5,02,21,4,0,2,0,1,0,0
"POINT (9.799073118000024 52.334706461000053)",Unfall 192956 (2020) Kat:2, Licht: 2,192956,2,3,5,02,21,4,0,2,0,0,0,0
"POINT (9.765451623000047 52.393846058000065)",Unfall 192957 (2020) Kat:3, Licht: 0,192957,3,6,2,02,13,2,1,0,0,1,0,0
"POINT (9.746535009000070 52.392803738000055)",Unfall 192959 (2020) Kat:3, Licht: 0,192959,3,6,2,02,13,4,0,0,0,1,0,0
"POINT (9.798732884000060 52.385322218000056)",Unfall 192960 (2020) Kat:3, Licht: 0,192960,3,3,5,02,12,4,1,0,1,1,0,0
"POINT (9.597818242000074 52.396967600000039)",Unfall 192961 (2020) Kat:3, Licht: 0,192961,3,7,6,02,13,2,1,0,0,0,1,0
"POINT (9.820329027000071 52.360891377000030)",Unfall 192963 (2020) Kat:3, Licht: 2,192963,3,5,1,02,07,4,1,2,0,1,0,0
"POINT (9.740178541000034 52.375832391000074)",Unfall 192964 (2020) Kat:3, Licht: 0,192964,3,7,0,02,08,4,1,0,1,0,0,0
"POINT (9.597435944000040 52.420751695000035)",Unfall 192969 (2020) Kat:3, Licht: 2,192969,3,4,6,02,18,2,1,2,0,1,1,0
"POINT (9.754904778000025 52.360415021000051)",Unfall 192979 (2020) Kat:3, Licht: 0,192979,3,3,5,02,08,2,0,0,1,1,0,0
"POINT (9.803288535000036 52.381018492000067)",Unfall 192985 (2020) Kat:3, Licht: 0,192985,3,3,5,02,09,3,1,0,1,1,0,0
"POINT (9.792821734000029 52.395800915000052)",Unfall 192997 (2020) Kat:3, Licht: 2,192997,3,6,2,02,18,3,0,2,0,1,0,0
"POINT (9.727966662000029 52.365950225000063)",Unfall 192998 (2020) Kat:3, Licht: 0,192998,3,4,6,02,17,3,0,0,0,1,1,0
"POINT (9.779917484000066 52.399814292000030)",Unfall 193005 (2020) Kat:3, Licht: 2,193005,3,2,3,02,17,1,1,2,0,1,0,0
"POINT (9.748673561000032 52.368136077000031)",Unfall 193008 (2020) Kat:3, Licht: 2,193008,3,7,1,02,05,1,1,2,1,0,0,0
"POINT (9.723143678000042 52.308366692000050)",Unfall 193017 (2020) Kat:2, Licht: 0,193017,2,1,0,02,07,3,1,0,1,0,0,0
"POINT (9.739667023000038 52.447332417000041)",Unfall 193019 (2020) Kat:3, Licht: 0,193019,3,3,5,02,08,3,1,0,0,1,0,0
"POINT (9.749609208000038 52.373204649000058)",Unfall 193034 (2020) Kat:3, Licht: 0,193034,3,3,5,02,09,2,0,0,0,1,0,0
"POINT (9.668021274000068 52.400722324000071)",Unfall 193035 (2020) Kat:3, Licht: 0,193035,3,7,0,02,14,3,0,0,0,1,0,0
"POINT (9.799701923000043 52.336071297000046)",Unfall 193037 (2020) Kat:3, Licht: 0,193037,3,6,2,02,11,2,0,0,0,1,0,0
"POINT (9.758108469000035 52.396339157000057)",Unfall 193038 (2020) Kat:3, Licht: 0,193038,3,4,6,02,08,2,0,0,0,0,1,0
"POINT (9.548561074000077 52.222270592000029)",Unfall 193039 (2020) Kat:3, Licht: 2,193039,3,3,5,02,18,2,0,2,1,1,0,0
"POINT (9.798988513000040 52.376544320000050)",Unfall 193040 (2020) Kat:3, Licht: 0,193040,3,3,5,02,09,4,1,0,1,1,0,0
"POINT (9.567722904000050 52.210488734000080)",Unfall 193041 (2020) Kat:3, Licht: 2,193041,3,3,5,02,18,2,1,2,1,1,0,0
"POINT (9.746747430000028 52.360726073000080)",Unfall 193043 (2020) Kat:3, Licht: 1,193043,3,4,6,02,17,2,0,1,1,0,1,0
"POINT (9.737876161000031 52.373126808000052)",Unfall 193044 (2020) Kat:3, Licht: 0,193044,3,7,0,02,12,2,0,0,0,1,1,0
"POINT (9.697264656000073 52.341640267000059)",Unfall 193045 (2020) Kat:3, Licht: 2,193045,3,3,5,02,18,7,1,2,0,1,0,0
"POINT (9.741015350000055 52.398756375000062)",Unfall 193046 (2020) Kat:3, Licht: 0,193046,3,2,5,02,07,2,1,0,1,1,0,0
"POINT (9.723928999000066 52.337161648000063)",Unfall 193050 (2020) Kat:3, Licht: 2,193050,3,6,2,02,18,7,1,2,0,1,0,0
"POINT (9.597903025000051 52.417434523000054)",Unfall 193054 (2020) Kat:3, Licht: 2,193054,3,1,8,02,22,7,1,2,0,1,0,0
"POINT (9.610301413000059 52.424114191000058)",Unfall 193057 (2020) Kat:3, Licht: 2,193057,3,1,8,02,17,7,0,2,0,1,0,0
"POINT (9.739904537000029 52.366559144000064)",Unfall 193059 (2020) Kat:3, Licht: 0,193059,3,3,5,02,12,3,1,0,1,1,0,0
"POINT (9.735434389000034 52.384493284000030)",Unfall 193062 (2020) Kat:3, Licht: 0,193062,3,3,5,02,16,7,0,0,1,1,0,0
"POINT (9.833966550000071 52.339059890000044)",Unfall 193066 (2020) Kat:3, Licht: 2,193066,3,5,5,02,16,1,0,2,0,1,0,0
"POINT (9.729375169000036 52.398230096000077)",Unfall 193073 (2020) Kat:3, Licht: 0,193073,3,7,0,02,13,7,0,0,0,0,0,0
"POINT (9.762041436000061 52.366288378000036)",Unfall 193080 (2020) Kat:2, Licht: 0,193080,2,3,5,02,14,7,0,0,1,1,0,0
"POINT (9.718012277000071 52.361940917000027)",Unfall 193084 (2020) Kat:3, Licht: 0,193084,3,7,2,02,16,7,0,0,1,0,0,0
"POINT (9.431264234000025 52.413554298000065)",Unfall 193086 (2020) Kat:3, Licht: 2,193086,3,5,1,02,19,7,0,2,0,1,0,0
"POINT (9.906407751000074 52.507880173000046)",Unfall 193087 (2020) Kat:3, Licht: 0,193087,3,7,0,02,12,7,0,0,0,1,1,0
"POINT (9.845284385000070 52.415204652000057)",Unfall 193088 (2020) Kat:3, Licht: 0,193088,3,4,6,02,13,7,0,0,0,0,1,0
"POINT (9.764609673000052 52.357211178000057)",Unfall 193089 (2020) Kat:2, Licht: 0,193089,2,4,6,02,15,4,1,0,1,0,1,0
"POINT (9.728748192000069 52.394632589000082)",Unfall 193116 (2020) Kat:3, Licht: 0,193116,3,2,5,02,07,3,1,0,1,1,0,0
"POINT (9.714879787000029 52.370847605000051)",Unfall 193122 (2020) Kat:3, Licht: 2,193122,3,3,5,02,19,6,0,2,1,1,0,0
"POINT (9.703531102000056 52.375607074000072)",Unfall 193125 (2020) Kat:3, Licht: 2,193125,3,7,0,02,20,6,0,2,1,0,0,0
"POINT (9.770026439000048 52.358748786000035)",Unfall 193129 (2020) Kat:3, Licht: 0,193129,3,2,5,02,15,6,0,0,1,1,0,0
"POINT (9.737694429000044 52.412440817000061)",Unfall 193132 (2020) Kat:2, Licht: 0,193132,2,4,6,02,07,6,1,0,0,1,1,0
"POINT (9.727151843000058 52.351358828000059)",Unfall 193134 (2020) Kat:3, Licht: 0,193134,3,3,5,02,07,6,0,0,1,1,0,0