WKT,Name,OBJECTID,UKATEGORIE,UTYP1,UART,UMONAT,USTUNDE,UWOCHENTAG,STRZUSTAND,ULICHTVERH,ISTRAD,ISTPKW,ISTFUSS,ISTKRAD
"POINT (9.754270437000059 52.389486910000073)",Unfall 194860 (2020) Kat:3, Licht: 0,194860,3,4,6,05,18,4,0,0,1,0,1,0
"POINT (9.754366554000058 52.368287842000029)",Unfall 194861 (2020) Kat:3, Licht: 0,194861,3,7,5,05,17,4,0,0,0,1,0,1
"POINT (9.670886436000046 52.377139798000030)",Unfall 194865 (2020) Kat:3, Licht: 0,194865,3,3,5,05,13,4,0,0,1,1,0,0
"POINT (9.826110787000062 52.293493536000028)",Unfall 194866 (2020) Kat:3, Licht: 0,194866,3,3,5,05,11,4,0,0,1,1,0,0
"POINT (9.767725308000024 52.336852314000055)",Unfall 194867 (2020) Kat:3, Licht: 0,194867,3,5,1,05,18,4,0,0,1,1,0,0
"POINT (9.717632726000034 52.392207251000059)",Unfall 194868 (2020) Kat:3, Licht: 0,194868,3,7,1,05,13,4,0,0,1,1,0,0
"POINT (9.742434045000039 52.378872106000074)",Unfall 194869 (2020) Kat:3, Licht: 0,194869,3,7,0,05,10,4,0,0,1,0,0,0
"POINT (9.820047850000037 52.290519576000065)",Unfall 194871 (2020) Kat:3, Licht: 0,194871,3,7,0,05,18,7,0,0,1,0,0,0
"POINT (9.749207349000074 52.398636494000073)",Unfall 194872 (2020) Kat:2, Licht: 0,194872,2,1,0,05,20,4,0,0,1,0,0,0
"POINT (9.687397336000061 52.392575958000066)",Unfall 194873 (2020) Kat:3, Licht: 0,194873,3,6,3,05,10,4,0,0,0,1,0,1
"POINT (9.692390245000070 52.409546582000075)",Unfall 194892 (2020) Kat:3, Licht: 0,194892,3,6,2,05,16,6,0,0,0,1,0,0
"POINT (9.741988456000058 52.359312063000061)",Unfall 194895 (2020) Kat:3, Licht: 0,194895,3,6,4,05,19,1,0,0,1,0,1,0
"POINT (9.716534565000075 52.335506763000069)",Unfall 194899 (2020) Kat:3, Licht: 0,194899,3,6,2,05,15,6,0,0,1,1,0,0
"POINT (9.581379668000068 52.276599752000038)",Unfall 194902 (2020) Kat:3, Licht: 0,194902,3,2,5,05,13,6,0,0,0,1,0,0
"POINT (9.977687775000049 52.376194842000075)",Unfall 194905 (2020) Kat:3, Licht: 0,194905,3,6,3,05,11,6,0,0,1,0,0,0
"POINT (9.785241483000050 52.344123153000055)",Unfall 194906 (2020) Kat:3, Licht: 0,194906,3,6,0,06,17,2,0,0,1,0,0,0
"POINT (9.749345025000025 52.399604765000049)",Unfall 194912 (2020) Kat:3, Licht: 0,194912,3,7,4,05,18,6,0,0,1,1,0,0
"POINT (9.434628840000073 52.423238408000032)",Unfall 194913 (2020) Kat:3, Licht: 1,194913,3,5,1,05,20,7,0,1,1,1,0,0
"POINT (9.980145814000025 52.326219648000063)",Unfall 194917 (2020) Kat:3, Licht: 0,194917,3,1,9,05,16,7,0,0,0,1,0,0
"POINT (9.801015308000046 52.429360089000056)",Unfall 194921 (2020) Kat:3, Licht: 0,194921,3,3,5,05,08,3,0,0,1,1,0,0
"POINT (9.750839559000042 52.375997566000080)",Unfall 194922 (2020) Kat:3, Licht: 0,194922,3,6,2,05,12,3,0,0,0,1,0,0
"POINT (9.714490390000037 52.371386995000080)",Unfall 194923 (2020) Kat:3, Licht: 0,194923,3,2,3,05,15,3,0,0,0,1,0,0
"POINT (9.837270767000064 52.396932962000051)",Unfall 194924 (2020) Kat:3, Licht: 0,194924,3,3,5,05,14,3,0,0,1,1,0,0
"POINT (9.827763406000031 52.428170762000036)",Unfall 194926 (2020) Kat:3, Licht: 0,194926,3,3,5,05,10,7,0,0,0,1,0,0
"POINT (9.834707910000077 52.384782401000052)",Unfall 194927 (2020) Kat:3, Licht: 0,194927,3,5,0,05,12,3,0,0,1,0,0,0
"POINT (9.675283938000064 52.237790363000045)",Unfall 194929 (2020) Kat:3, Licht: 0,194929,3,3,5,05,16,3,0,0,1,1,0,0
"POINT (9.739434686000038 52.343919594000056)",Unfall 194932 (2020) Kat:3, Licht: 1,194932,3,7,0,05,21,3,0,1,1,0,0,0
"POINT (9.700485381000021 52.424087947000032)",Unfall 194944 (2020) Kat:3, Licht: 0,194944,3,7,0,06,13,2,0,0,1,0,0,0
"POINT (9.848023479000062 52.472198333000051)",Unfall 194950 (2020) Kat:2, Licht: 0,194950,2,3,5,05,19,1,0,0,1,1,0,0
"POINT (9.740786332000027 52.380487739000046)",Unfall 194957 (2020) Kat:3, Licht: 0,194957,3,6,2,06,15,2,0,0,0,1,0,0
"POINT (9.614321654000037 52.419444488000067)",Unfall 194961 (2020) Kat:3, Licht: 0,194961,3,7,0,05,14,2,0,0,1,0,0,0
"POINT (9.697566702000074 52.391979495000044)",Unfall 194962 (2020) Kat:3, Licht: 0,194962,3,2,2,05,17,1,0,0,1,0,0,0
"POINT (9.712665506000064 52.343801223000071)",Unfall 194963 (2020) Kat:3, Licht: 0,194963,3,7,0,05,17,2,0,0,1,0,0,0
"POINT (9.707416671000033 52.373868664000042)",Unfall 194964 (2020) Kat:3, Licht: 0,194964,3,5,1,05,16,2,0,0,1,1,0,0
"POINT (9.723064089000047 52.337424464000037)",Unfall 194965 (2020) Kat:3, Licht: 0,194965,3,6,2,05,17,2,0,0,0,1,0,0
"POINT (9.731345534000070 52.406801529000063)",Unfall 194967 (2020) Kat:2, Licht: 0,194967,2,5,1,05,14,7,0,0,0,1,0,0
"POINT (9.636206214000026 52.559544623000079)",Unfall 194968 (2020) Kat:3, Licht: 0,194968,3,7,0,05,19,2,0,0,0,1,0,1
"POINT (9.764102470000069 52.261655185000052)",Unfall 194985 (2020) Kat:3, Licht: 0,194985,3,7,1,06,14,3,0,0,0,1,0,1
"POINT (9.672123400000032 52.336736332000044)",Unfall 194988 (2020) Kat:3, Licht: 0,194988,3,3,5,06,13,5,0,0,1,0,0,0
"POINT (9.487306936000039 52.304721193000034)",Unfall 194991 (2020) Kat:3, Licht: 0,194991,3,7,0,06,13,4,0,0,0,0,0,0
"POINT (9.738137400000028 52.445482977000040)",Unfall 194992 (2020) Kat:3, Licht: 0,194992,3,3,5,06,16,7,0,0,1,1,0,0
"POINT (9.786195435000025 52.398940526000047)",Unfall 194998 (2020) Kat:3, Licht: 0,194998,3,3,5,06,15,3,0,0,1,0,0,0
"POINT (9.801831925000045 52.409708412000043)",Unfall 195000 (2020) Kat:2, Licht: 0,195000,2,7,0,06,11,5,0,0,1,0,0,0
"POINT (9.713638813000046 52.354644535000034)",Unfall 195011 (2020) Kat:2, Licht: 0,195011,2,1,8,06,18,1,0,0,1,0,0,0
"POINT (9.689051513000038 52.377141500000050)",Unfall 195019 (2020) Kat:3, Licht: 0,195019,3,3,0,06,16,5,1,0,1,0,0,0
"POINT (9.589220450000028 52.418311966000033)",Unfall 195025 (2020) Kat:3, Licht: 0,195025,3,2,2,06,17,6,1,0,0,1,0,0
"POINT (9.740496599000039 52.374107517000027)",Unfall 195027 (2020) Kat:3, Licht: 0,195027,3,3,5,06,10,3,0,0,1,1,0,0
"POINT (9.722600173000046 52.369803842000067)",Unfall 195032 (2020) Kat:3, Licht: 0,195032,3,6,6,06,16,2,0,0,0,1,1,0
"POINT (9.470865122000021 52.315757648000044)",Unfall 195039 (2020) Kat:3, Licht: 0,195039,3,3,5,06,14,3,0,0,1,1,0,0
"POINT (9.673188982000056 52.368183880000061)",Unfall 195041 (2020) Kat:2, Licht: 0,195041,2,4,6,06,17,5,0,0,0,1,1,0
"POINT (9.733830628000021 52.586215206000077)",Unfall 195047 (2020) Kat:3, Licht: 0,195047,3,7,7,06,20,2,0,0,1,0,0,0
"POINT (9.746505888000058 52.381163617000027)",Unfall 195050 (2020) Kat:3, Licht: 0,195050,3,5,1,06,16,7,0,0,1,1,0,0
"POINT (9.827404802000046 52.329782577000060)",Unfall 195053 (2020) Kat:3, Licht: 0,195053,3,1,0,06,13,3,0,0,1,0,0,0
"POINT (9.656685691000064 52.407297943000060)",Unfall 195060 (2020) Kat:3, Licht: 0,195060,3,2,3,06,13,5,1,0,0,1,0,0
"POINT (9.710476969000069 52.367315627000039)",Unfall 195067 (2020) Kat:3, Licht: 0,195067,3,1,0,06,13,1,0,0,1,0,0,0
"POINT (9.736508356000059 52.386867535000079)",Unfall 195071 (2020) Kat:3, Licht: 0,195071,3,7,2,06,10,5,1,0,1,1,0,0
"POINT (9.768316156000026 52.335938190000036)",Unfall 195086 (2020) Kat:3, Licht: 0,195086,3,7,0,06,20,2,0,0,1,0,0,0
"POINT (9.714642429000037 52.403784315000053)",Unfall 195088 (2020) Kat:3, Licht: 0,195088,3,2,3,06,17,4,0,0,1,0,0,0
"POINT (9.788545389000035 52.332837603000030)",Unfall 195096 (2020) Kat:3, Licht: 0,195096,3,7,0,06,15,3,0,0,0,0,0,0
"POINT (9.741621083000041 52.375612933000070)",Unfall 195099 (2020) Kat:3, Licht: 0,195099,3,3,5,06,11,5,0,0,1,1,0,0
"POINT (9.826313516000027 52.297628540000062)",Unfall 195101 (2020) Kat:3, Licht: 0,195101,3,6,3,06,16,3,0,0,0,1,0,0
"POINT (9.562670698000034 52.207969706000029)",Unfall 195102 (2020) Kat:3, Licht: 0,195102,3,6,8,06,16,4,0,0,1,0,0,0
"POINT (10.050539114000060 52.396555357000068)",Unfall 195103 (2020) Kat:3, Licht: 0,195103,3,6,2,06,13,7,1,0,0,0,0,0
"POINT (9.693838415000073 52.400622352000028)",Unfall 195108 (2020) Kat:3, Licht: 0,195108,3,6,2,06,11,3,0,0,0,1,0,0
"POINT (9.782955543000071 52.336005395000029)",Unfall 195111 (2020) Kat:3, Licht: 0,195111,3,1,0,06,17,3,1,0,0,0,0,1
"POINT (9.728391057000067 52.389961562000053)",Unfall 195112 (2020) Kat:3, Licht: 1,195112,3,1,0,06,22,3,0,1,1,0,0,0
"POINT (9.751814710000076 52.372355034000066)",Unfall 195113 (2020) Kat:3, Licht: 0,195113,3,3,5,06,13,5,0,0,1,1,0,0
"POINT (9.725560956000038 52.397844075000080)",Unfall 195115 (2020) Kat:3, Licht: 0,195115,3,2,4,06,18,3,0,0,1,1,0,0
"POINT (9.733850735000033 52.374351107000052)",Unfall 195122 (2020) Kat:3, Licht: 0,195122,3,6,0,06,15,3,0,0,1,1,0,0
"POINT (9.467526436000071 52.423805933000040)",Unfall 195123 (2020) Kat:3, Licht: 0,195123,3,1,8,06,10,4,0,0,1,1,0,0
"POINT (9.872885637000024 52.509852026000033)",Unfall 195125 (2020) Kat:3, Licht: 2,195125,3,7,0,06,22,1,0,2,1,0,0,0
"POINT (9.842652068000064 52.410025106000035)",Unfall 195126 (2020) Kat:3, Licht: 0,195126,3,6,4,06,16,3,0,0,0,1,0,0
"POINT (9.796409149000056 52.404830137000033)",Unfall 195129 (2020) Kat:3, Licht: 0,195129,3,7,0,06,13,3,0,0,0,0,0,0
"POINT (9.362827924000044 52.452071113000045)",Unfall 195132 (2020) Kat:3, Licht: 0,195132,3,6,6,06,12,5,0,0,1,0,1,0
"POINT (9.629204483000024 52.394668974000069)",Unfall 195134 (2020) Kat:3, Licht: 0,195134,3,3,5,06,15,3,0,0,1,0,0,0
"POINT (9.511409301000072 52.290090401000043)",Unfall 195135 (2020) Kat:3, Licht: 0,195135,3,1,9,06,18,4,1,0,1,1,0,0
"POINT (9.811765356000024 52.410593286000051)",Unfall 195139 (2020) Kat:3, Licht: 0,195139,3,2,6,06,07,6,0,0,0,1,1,0
"POINT (9.685304723000058 52.394177324000054)",Unfall 195140 (2020) Kat:3, Licht: 0,195140,3,5,2,06,14,3,0,0,0,1,0,0
"POINT (9.611037172000067 52.429766985000072)",Unfall 195144 (2020) Kat:3, Licht: 0,195144,3,3,5,06,14,2,0,0,0,1,0,1
"POINT (9.728214361000028 52.374114252000027)",Unfall 195146 (2020) Kat:3, Licht: 0,195146,3,6,2,06,19,2,0,0,0,1,0,0
"POINT (9.740402262000032 52.448085507000030)",Unfall 195147 (2020) Kat:3, Licht: 0,195147,3,6,2,06,12,3,0,0,0,1,0,0
"POINT (9.835934861000055 52.424157476000062)",Unfall 195148 (2020) Kat:3, Licht: 0,195148,3,6,2,06,09,4,0,0,0,1,0,0
"POINT (9.736497655000051 52.383428712000068)",Unfall 195152 (2020) Kat:2, Licht: 0,195152,2,1,9,06,21,3,0,0,0,0,0,1
"POINT (9.462425797000037 52.507685994000042)",Unfall 195153 (2020) Kat:3, Licht: 0,195153,3,3,5,06,09,3,0,0,0,1,0,1
"POINT (9.740608970000039 52.383377710000048)",Unfall 195154 (2020) Kat:3, Licht: 0,195154,3,7,0,06,10,3,0,0,1,0,0,0
"POINT (9.852118235000035 52.560084949000043)",Unfall 195155 (2020) Kat:3, Licht: 0,195155,3,3,5,06,17,5,0,0,1,1,0,0
"POINT (9.767704559000038 52.410329277000073)",Unfall 195157 (2020) Kat:3, Licht: 0,195157,3,3,5,06,08,3,0,0,1,1,0,0
"POINT (9.711263122000048 52.444103356000028)",Unfall 195158 (2020) Kat:3, Licht: 0,195158,3,6,2,06,08,4,0,0,0,1,0,0
"POINT (9.686262537000062 52.361225799000067)",Unfall 195159 (2020) Kat:2, Licht: 0,195159,2,7,8,06,10,7,0,0,0,1,0,0
"POINT (9.763470511000037 52.368830923000075)",Unfall 195164 (2020) Kat:3, Licht: 2,195164,3,1,0,06,00,7,1,2,1,0,0,0
"POINT (9.674269010000046 52.412330337000071)",Unfall 195167 (2020) Kat:3, Licht: 0,195167,3,2,5,06,14,3,0,0,0,1,0,1
"POINT (9.722438021000073 52.372940779000032)",Unfall 195169 (2020) Kat:3, Licht: 0,195169,3,1,0,06,08,5,0,0,1,0,0,0
"POINT (9.668169834000025 52.415423605000058)",Unfall 195186 (2020) Kat:3, Licht: 0,195186,3,3,5,06,11,5,1,0,1,1,0,0
"POINT (9.691200041000059 52.384269772000039)",Unfall 195189 (2020) Kat:3, Licht: 0,195189,3,1,8,06,16,4,0,0,1,0,0,0
"POINT (9.694446726000024 52.353035132000059)",Unfall 195192 (2020) Kat:3, Licht: 0,195192,3,6,2,06,08,6,0,0,0,0,0,0
"POINT (9.781591150000054 52.417647176000060)",Unfall 195193 (2020) Kat:3, Licht: 0,195193,3,2,2,06,11,4,0,0,0,1,0,0
"POINT (9.752536046000046 52.392370472000039)",Unfall 195195 (2020) Kat:3, Licht: 0,195195,3,1,0,06,13,1,0,0,1,0,0,0
"POINT (9.756072120000056 52.415625629000033)",Unfall 195199 (2020) Kat:3, Licht: 0,195199,3,7,0,06,15,2,0,0,1,0,0,0
"POINT (10.066721013000063 52.398251924000078)",Unfall 195205 (2020) Kat:3, Licht: 0,195205,3,3,5,06,17,3,0,0,1,0,0,0
"POINT (9.747761957000023 52.395351453000046)",Unfall 195207 (2020) Kat:3, Licht: 0,195207,3,2,5,06,21,5,0,0,1,1,0,0
"POINT (9.707864744000062 52.372122218000072)",Unfall 195209 (2020) Kat:3, Licht: 0,195209,3,1,0,06,14,3,0,0,1,0,0,0
"POINT (9.717574611000032 52.332438055000068)",Unfall 195212 (2020) Kat:3, Licht: 0,195212,3,6,3,06,16,5,0,0,1,0,0,0
"POINT (9.738105163000057 52.381828226000039)",Unfall 195213 (2020) Kat:3, Licht: 0,195213,3,7,0,06,14,2,0,0,1,0,0,0
"POINT (9.809613902000024 52.398032407000073)",Unfall 195215 (2020) Kat:3, Licht: 0,195215,3,3,5,06,16,4,0,0,0,1,0,0
"POINT (9.731526236000036 52.553043852000030)",Unfall 195216 (2020) Kat:3, Licht: 2,195216,3,1,9,06,23,7,1,2,0,1,0,0
"POINT (9.756377538000038 52.413997018000032)",Unfall 195234 (2020) Kat:3, Licht: 2,195234,3,5,1,06,21,1,0,2,0,1,0,0
"POINT (9.709161322000057 52.400906314000053)",Unfall 195239 (2020) Kat:3, Licht: 0,195239,3,5,1,06,12,2,0,0,1,0,0,0
"POINT (9.840443807000042 52.394329656000082)",Unfall 195241 (2020) Kat:3, Licht: 0,195241,3,3,6,06,11,5,0,0,0,1,1,0
"POINT (9.733502789000056 52.369212847000028)",Unfall 195248 (2020) Kat:3, Licht: 0,195248,3,3,5,06,17,6,0,0,1,1,0,0
"POINT (9.465725137000050 52.504196718000060)",Unfall 195252 (2020) Kat:3, Licht: 0,195252,3,6,2,06,13,2,0,0,0,1,0,0
"POINT (9.973163789000068 52.380264884000042)",Unfall 195257 (2020) Kat:3, Licht: 0,195257,3,7,0,06,08,6,0,0,1,0,0,0
"POINT (9.809183281000060 52.391071024000041)",Unfall 195274 (2020) Kat:3, Licht: 1,195274,3,4,0,06,21,5,0,1,1,0,1,0
"POINT (9.756272468000077 52.342697106000060)",Unfall 195276 (2020) Kat:3, Licht: 0,195276,3,3,5,06,07,5,0,0,1,1,0,0
"POINT (9.734088096000050 52.391830723000055)",Unfall 195278 (2020) Kat:3, Licht: 0,195278,3,7,0,06,18,5,0,0,1,0,0,0
"POINT (9.706827233000070 52.407848031000071)",Unfall 195279 (2020) Kat:3, Licht: 0,195279,3,3,5,06,11,5,0,0,0,1,0,1
"POINT (9.839092247000053 52.490768670000080)",Unfall 195283 (2020) Kat:3, Licht: 0,195283,3,6,3,06,10,6,0,0,0,1,0,0
"POINT (9.861878165000064 52.491991684000027)",Unfall 195294 (2020) Kat:3, Licht: 0,195294,3,1,0,06,07,6,0,0,1,0,0,0
"POINT (9.753703219000045 52.450615785000082)",Unfall 195302 (2020) Kat:2, Licht: 0,195302,2,1,0,06,12,7,0,0,1,0,0,0
"POINT (9.748098462000030 52.376800375000073)",Unfall 195307 (2020) Kat:3, Licht: 2,195307,3,1,0,06,23,6,0,2,1,0,0,0
"POINT (9.658641846000023 52.429494209000040)",Unfall 195323 (2020) Kat:3, Licht: 0,195323,3,6,4,06,06,4,0,0,1,0,0,0
"POINT (9.738825929000029 52.355976085000066)",Unfall 195325 (2020) Kat:3, Licht: 0,195325,3,2,4,06,12,4,0,0,1,0,0,0
"POINT (9.751891785000055 52.385944200000040)",Unfall 195328 (2020) Kat:3, Licht: 0,195328,3,2,5,06,19,4,0,0,1,1,0,0
"POINT (9.457395305000034 52.503341548000037)",Unfall 195329 (2020) Kat:3, Licht: 0,195329,3,6,2,06,11,4,0,0,0,1,0,0
"POINT (9.850321236000070 52.496961010000064)",Unfall 195330 (2020) Kat:3, Licht: 0,195330,3,7,0,06,10,4,0,0,1,0,0,0
"POINT (9.786713694000071 52.389812117000076)",Unfall 195331 (2020) Kat:3, Licht: 0,195331,3,6,2,06,10,4,0,0,0,1,0,0
"POINT (9.716809167000065 52.381995852000045)",Unfall 195332 (2020) Kat:2, Licht: 0,195332,2,1,0,06,20,4,0,0,0,0,0,1
"POINT (9.747736453000073 52.358251718000076)",Unfall 195333 (2020) Kat:2, Licht: 0,195333,2,1,0,06,13,4,0,0,1,0,0,0
"POINT (9.796507361000067 52.318439219000027)",Unfall 195341 (2020) Kat:3, Licht: 0,195341,3,1,0,06,16,6,0,0,1,0,0,0
"POINT (9.819323103000045 52.356002627000066)",Unfall 195342 (2020) Kat:3, Licht: 0,195342,3,2,5,06,10,6,0,0,1,0,0,0
"POINT (9.715483245000030 52.382811531000073)",Unfall 195345 (2020) Kat:3, Licht: 0,195345,3,3,5,06,21,6,0,0,1,0,0,0
"POINT (9.757882258000052 52.337038245000031)",Unfall 195349 (2020) Kat:3, Licht: 0,195349,3,3,5,06,10,7,0,0,1,1,0,0
"POINT (9.719961730000023 52.367857305000030)",Unfall 195354 (2020) Kat:3, Licht: 0,195354,3,6,2,06,19,6,0,0,1,1,0,0
"POINT (9.660278648000030 52.241723371000035)",Unfall 195363 (2020) Kat:3, Licht: 0,195363,3,4,0,06,14,6,0,0,0,1,1,0
"POINT (9.606516344000056 52.316564341000060)",Unfall 195366 (2020) Kat:3, Licht: 0,195366,3,3,5,06,14,6,0,0,1,1,0,0
"POINT (9.466836348000072 52.304652608000026)",Unfall 195368 (2020) Kat:3, Licht: 0,195368,3,1,0,06,19,6,1,0,0,0,0,1
"POINT (9.728900138000029 52.479511857000034)",Unfall 195374 (2020) Kat:3, Licht: 0,195374,3,5,1,06,16,6,0,0,1,1,0,0
"POINT (9.907984796000051 52.512382346000038)",Unfall 195377 (2020) Kat:3, Licht: 0,195377,3,1,0,06,16,6,0,0,1,0,0,0
"POINT (9.614782526000056 52.603719397000077)",Unfall 195379 (2020) Kat:2, Licht: 2,195379,2,7,0,06,22,6,0,2,0,1,1,0
"POINT (9.825940149000076 52.377790901000026)",Unfall 195380 (2020) Kat:3, Licht: 0,195380,3,6,2,06,07,3,0,0,1,1,0,0
"POINT (9.738037851000058 52.381092914000078)",Unfall 195381 (2020) Kat:3, Licht: 0,195381,3,7,0,06,10,3,0,0,1,0,0,0
"POINT (9.753321447000076 52.390230338000038)",Unfall 195383 (2020) Kat:3, Licht: 2,195383,3,2,4,06,22,3,0,2,1,1,0,0
"POINT (9.781392158000074 52.408944662000067)",Unfall 195384 (2020) Kat:2, Licht: 0,195384,2,1,0,06,12,3,0,0,1,0,0,0
"POINT (9.414544162000027 52.330839100000048)",Unfall 195390 (2020) Kat:3, Licht: 0,195390,3,5,0,06,13,7,0,0,1,0,0,0
"POINT (9.734845852000035 52.362308972000051)",Unfall 195433 (2020) Kat:3, Licht: 0,195433,3,3,5,06,15,2,0,0,1,0,0,0
"POINT (9.738620244000060 52.390312193000057)",Unfall 195434 (2020) Kat:3, Licht: 0,195434,3,5,0,06,14,2,0,0,1,1,0,0
"POINT (9.448734167000055 52.417240851000031)",Unfall 195436 (2020) Kat:3, Licht: 0,195436,3,2,5,06,20,2,0,0,0,0,0,1
"POINT (9.556197724000072 52.269268038000064)",Unfall 195437 (2020) Kat:2, Licht: 0,195437,2,3,5,06,16,2,0,0,1,1,0,0
"POINT (9.602861257000029 52.441545390000044)",Unfall 195439 (2020) Kat:3, Licht: 0,195439,3,3,5,06,08,2,0,0,1,1,0,0
"POINT (9.741011698000023 52.398781316000054)",Unfall 195441 (2020) Kat:3, Licht: 0,195441,3,3,5,06,19,2,0,0,1,1,0,0
"POINT (9.678045763000057 52.395750055000065)",Unfall 195442 (2020) Kat:3, Licht: 0,195442,3,2,5,06,13,2,0,0,1,0,0,0
"POINT (9.742432534000045 52.376139751000039)",Unfall 195443 (2020) Kat:3, Licht: 0,195443,3,1,0,06,15,6,0,0,1,0,0,0
"POINT (9.755611998000063 52.343835153000043)",Unfall 195444 (2020) Kat:2, Licht: 2,195444,2,1,9,06,00,2,1,2,0,1,0,0
"POINT (9.736057573000039 52.384107503000052)",Unfall 195453 (2020) Kat:3, Licht: 0,195453,3,3,5,06,13,7,0,0,0,1,0,1
"POINT (9.707725650000043 52.373359947000040)",Unfall 195471 (2020) Kat:3, Licht: 0,195471,3,1,0,06,15,1,1,0,1,0,0,0
"POINT (9.805764290000070 52.413306607000038)",Unfall 195472 (2020) Kat:3, Licht: 0,195472,3,2,2,06,17,1,1,0,0,1,0,1
"POINT (9.570580357000040 52.397559687000069)",Unfall 195473 (2020) Kat:3, Licht: 0,195473,3,1,0,06,12,1,0,0,1,0,0,0
"POINT (9.707224610000026 52.433535203000076)",Unfall 195474 (2020) Kat:3, Licht: 0,195474,3,2,6,06,16,1,1,0,0,1,1,0
"POINT (9.799620273000073 52.376593436000064)",Unfall 195497 (2020) Kat:3, Licht: 0,195497,3,2,5,06,14,7,0,0,1,1,0,0
"POINT (9.830925083000068 52.424596806000068)",Unfall 195498 (2020) Kat:3, Licht: 0,195498,3,3,5,06,13,6,0,0,0,1,0,0
"POINT (9.785521938000045 52.330125379000037)",Unfall 195499 (2020) Kat:3, Licht: 0,195499,3,7,0,06,07,7,0,0,1,0,0,0
"POINT (9.747208325000031 52.385317483000051)",Unfall 195501 (2020) Kat:3, Licht: 2,195501,3,7,8,06,00,7,0,2,1,0,0,0
"POINT (9.735225854000021 52.309789423000041)",Unfall 195502 (2020) Kat:3, Licht: 0,195502,3,6,6,06,11,6,0,0,1,0,1,0
"POINT (9.732786433000058 52.344883022000033)",Unfall 195503 (2020) Kat:3, Licht: 0,195503,3,3,5,06,13,7,0,0,1,0,0,0
"POINT (9.762876989000063 52.369642566000039)",Unfall 195509 (2020) Kat:3, Licht: 0,195509,3,6,3,06,08,3,0,0,1,0,0,0
"POINT (9.771853206000060 52.338740652000070)",Unfall 195516 (2020) Kat:3, Licht: 0,195516,3,3,5,06,08,4,0,0,1,1,0,0
"POINT (9.811444379000022 52.359729422000044)",Unfall 195518 (2020) Kat:3, Licht: 0,195518,3,7,1,06,14,6,0,0,0,1,0,0
"POINT (9.775336667000033 52.400297734000048)",Unfall 195526 (2020) Kat:3, Licht: 0,195526,3,3,5,06,16,4,0,0,1,1,0,0
"POINT (9.746430937000071 52.270994551000058)",Unfall 195528 (2020) Kat:2, Licht: 0,195528,2,1,0,06,18,6,0,0,1,0,0,0
"POINT (9.753780505000066 52.390486222000050)",Unfall 195534 (2020) Kat:3, Licht: 0,195534,3,6,2,06,20,3,0,0,0,1,0,0
"POINT (9.720691505000048 52.391053673000044)",Unfall 195536 (2020) Kat:3, Licht: 0,195536,3,7,0,06,09,2,0,0,0,0,1,0
"POINT (9.716032955000060 52.378072104000069)",Unfall 195538 (2020) Kat:3, Licht: 0,195538,3,2,4,06,18,2,0,0,1,1,0,0
"POINT (9.706674983000028 52.373719338000058)",Unfall 195540 (2020) Kat:3, Licht: 0,195540,3,6,4,06,21,2,0,0,1,0,0,0
"POINT (9.781018472000028 52.398303935000058)",Unfall 195546 (2020) Kat:3, Licht: 0,195546,3,7,0,06,20,2,0,0,0,1,0,1
"POINT (9.465075605000038 52.308321298000067)",Unfall 195550 (2020) Kat:3, Licht: 0,195550,3,3,5,06,14,2,0,0,1,1,0,0
"POINT (9.745487023000067 52.367369236000059)",Unfall 195552 (2020) Kat:3, Licht: 0,195552,3,3,5,06,20,3,0,0,1,1,0,0
"POINT (9.764924080000071 52.338847808000082)",Unfall 195553 (2020) Kat:3, Licht: 1,195553,3,3,5,06,21,5,0,1,1,1,0,0
"POINT (9.580303326000035 52.420808380000040)",Unfall 195556 (2020) Kat:3, Licht: 0,195556,3,2,2,06,13,2,0,0,0,1,0,0
"POINT (10.092087124000045 52.388218750000078)",Unfall 195561 (2020) Kat:3, Licht: 0,195561,3,1,0,06,16,2,0,0,1,0,0,0
"POINT (10.024409746000060 52.449716481000053)",Unfall 195563 (2020) Kat:3, Licht: 0,195563,3,7,0,06,07,2,0,0,1,0,0,0
"POINT (9.449550324000029 52.425886258000048)",Unfall 195564 (2020) Kat:3, Licht: 0,195564,3,4,6,06,13,4,0,0,0,1,1,0
"POINT (9.734946524000065 52.380275330000075)",Unfall 195566 (2020) Kat:3, Licht: 0,195566,3,2,3,06,16,5,0,0,1,1,0,0
"POINT (9.691147785000055 52.416831097000056)",Unfall 195568 (2020) Kat:3, Licht: 0,195568,3,7,0,06,14,4,0,0,1,0,0,0
"POINT (9.589701016000049 52.418799867000075)",Unfall 195575 (2020) Kat:2, Licht: 0,195575,2,3,5,06,08,4,0,0,0,1,0,1
"POINT (9.792485158000034 52.397526525000046)",Unfall 195577 (2020) Kat:3, Licht: 0,195577,3,6,2,06,14,6,0,0,0,1,0,1