WKT,Name,OBJECTID,UKATEGORIE,UTYP1,UART,UMONAT,USTUNDE,UWOCHENTAG,STRZUSTAND,ULICHTVERH,ISTRAD,ISTPKW,ISTFUSS,ISTKRAD
"POINT (9.706643860000042 52.423586194000052)",Unfall 197101 (2020) Kat:3, Licht: 0,197101,3,7,8,08,07,6,0,0,1,0,0,0
"POINT (9.752428326000029 52.362927136000053)",Unfall 197102 (2020) Kat:3, Licht: 0,197102,3,1,0,08,12,3,0,0,1,0,0,0
"POINT (9.764036051000062 52.368499146000033)",Unfall 197103 (2020) Kat:3, Licht: 0,197103,3,6,2,08,17,1,1,0,0,1,0,0
"POINT (9.766290358000049 52.382099719000053)",Unfall 197104 (2020) Kat:3, Licht: 0,197104,3,6,2,08,15,2,0,0,0,1,0,1
"POINT (9.707283754000059 52.375762329000054)",Unfall 197108 (2020) Kat:3, Licht: 0,197108,3,5,2,08,15,1,0,0,1,1,0,0
"POINT (9.761737853000057 52.394885488000057)",Unfall 197110 (2020) Kat:3, Licht: 2,197110,3,5,1,08,04,1,0,2,1,1,0,0
"POINT (9.429944910000074 52.421073925000030)",Unfall 197113 (2020) Kat:3, Licht: 0,197113,3,7,8,08,09,1,0,0,1,0,0,0
"POINT (9.461034215000041 52.511008710000056)",Unfall 197120 (2020) Kat:3, Licht: 0,197120,3,2,5,08,19,1,0,0,0,1,0,0
"POINT (10.117616517000044 52.476662742000030)",Unfall 197123 (2020) Kat:3, Licht: 0,197123,3,1,0,08,17,1,1,0,1,0,0,0
"POINT (9.725418268000055 52.343087655000033)",Unfall 197125 (2020) Kat:3, Licht: 0,197125,3,6,3,08,16,5,0,0,1,0,0,0
"POINT (9.736227712000073 52.384009442000036)",Unfall 197128 (2020) Kat:3, Licht: 2,197128,3,1,8,08,03,1,0,2,0,1,0,0
"POINT (9.751039116000072 52.387618733000068)",Unfall 197129 (2020) Kat:3, Licht: 0,197129,3,4,6,08,11,2,0,0,1,1,1,0
"POINT (9.725089949000051 52.384188012000038)",Unfall 197130 (2020) Kat:3, Licht: 0,197130,3,5,1,08,15,5,0,0,1,1,0,0
"POINT (9.739966466000055 52.372822192000058)",Unfall 197139 (2020) Kat:3, Licht: 0,197139,3,7,4,08,15,5,0,0,1,0,0,0
"POINT (9.525387410000064 52.512550702000055)",Unfall 197140 (2020) Kat:3, Licht: 0,197140,3,6,0,08,18,4,0,0,1,1,0,0
"POINT (9.761778209000056 52.341999990000033)",Unfall 197144 (2020) Kat:3, Licht: 0,197144,3,3,5,08,17,5,0,0,1,1,0,0
"POINT (9.461238563000052 52.504638668000041)",Unfall 197145 (2020) Kat:3, Licht: 0,197145,3,3,5,08,10,5,0,0,1,0,0,0
"POINT (9.607641806000061 52.424492070000042)",Unfall 197146 (2020) Kat:3, Licht: 0,197146,3,7,8,08,16,5,0,0,0,1,0,0
"POINT (9.973575025000059 52.376045039000076)",Unfall 197149 (2020) Kat:3, Licht: 0,197149,3,6,6,08,19,5,0,0,0,1,1,0
"POINT (9.727581263000047 52.438419007000050)",Unfall 197151 (2020) Kat:3, Licht: 0,197151,3,6,2,08,11,6,0,0,0,1,0,0
"POINT (9.475463113000046 52.432031983000059)",Unfall 197152 (2020) Kat:2, Licht: 0,197152,2,7,0,08,15,3,0,0,1,0,0,0
"POINT (9.727609414000028 52.436733438000033)",Unfall 197156 (2020) Kat:3, Licht: 0,197156,3,3,0,08,13,5,0,0,0,1,0,1
"POINT (9.775549421000051 52.396611647000043)",Unfall 197158 (2020) Kat:3, Licht: 0,197158,3,3,5,08,14,5,0,0,1,1,0,0
"POINT (10.195299540000065 52.461359013000049)",Unfall 197170 (2020) Kat:3, Licht: 0,197170,3,2,3,08,12,6,0,0,1,1,0,0
"POINT (9.821414533000052 52.388401017000035)",Unfall 197171 (2020) Kat:3, Licht: 0,197171,3,1,0,08,10,5,0,0,1,0,0,0
"POINT (9.714444452000066 52.342756319000046)",Unfall 197181 (2020) Kat:3, Licht: 0,197181,3,5,1,08,20,4,0,0,1,1,0,0
"POINT (9.705130658000030 52.409869151000066)",Unfall 197192 (2020) Kat:3, Licht: 0,197192,3,3,5,08,12,4,0,0,0,1,0,0
"POINT (9.683594995000021 52.394626204000076)",Unfall 197193 (2020) Kat:3, Licht: 0,197193,3,3,0,08,19,6,1,0,1,1,0,0
"POINT (9.727206538000075 52.373908833000030)",Unfall 197206 (2020) Kat:3, Licht: 0,197206,3,5,3,08,17,6,0,0,1,1,0,0
"POINT (9.761948986000050 52.374702670000033)",Unfall 197207 (2020) Kat:3, Licht: 0,197207,3,1,0,08,16,3,0,0,1,0,0,0
"POINT (9.804595367000047 52.330537197000069)",Unfall 197217 (2020) Kat:3, Licht: 0,197217,3,2,5,08,13,5,0,0,1,1,0,0
"POINT (9.726142512000024 52.354038565000053)",Unfall 197232 (2020) Kat:3, Licht: 0,197232,3,5,1,08,19,7,0,0,0,1,0,0
"POINT (9.813297122000051 52.422472398000082)",Unfall 197235 (2020) Kat:3, Licht: 0,197235,3,2,0,08,17,7,0,0,0,1,0,1
"POINT (9.939959789000056 52.348808225000028)",Unfall 197241 (2020) Kat:3, Licht: 0,197241,3,3,5,08,09,7,0,0,0,1,0,0
"POINT (9.589963841000042 52.434157964000065)",Unfall 197245 (2020) Kat:2, Licht: 0,197245,2,7,0,08,17,7,0,0,1,0,0,0
"POINT (9.436463309000033 52.574400887000081)",Unfall 197250 (2020) Kat:3, Licht: 0,197250,3,1,8,08,15,7,0,0,0,0,0,1
"POINT (9.461401954000053 52.506724445000032)",Unfall 197253 (2020) Kat:3, Licht: 0,197253,3,3,5,08,16,4,0,0,1,1,0,0
"POINT (9.747705475000032 52.375704726000038)",Unfall 197255 (2020) Kat:2, Licht: 0,197255,2,3,5,08,13,7,0,0,1,1,0,0
"POINT (9.747888299000067 52.388121497000043)",Unfall 197259 (2020) Kat:3, Licht: 0,197259,3,4,6,08,12,5,0,0,1,0,1,0
"POINT (9.670554718000062 52.382494780000059)",Unfall 197265 (2020) Kat:3, Licht: 0,197265,3,5,1,08,12,6,0,0,0,1,1,0
"POINT (9.705255920000070 52.374211635000052)",Unfall 197266 (2020) Kat:3, Licht: 2,197266,3,1,0,08,22,3,0,2,1,0,0,0
"POINT (9.712891026000023 52.371573802000057)",Unfall 197267 (2020) Kat:3, Licht: 2,197267,3,7,0,08,00,7,1,2,0,0,0,0
"POINT (9.720727439000029 52.373357318000046)",Unfall 197282 (2020) Kat:3, Licht: 0,197282,3,1,0,08,10,3,0,0,1,0,0,0
"POINT (9.785069423000039 52.391942349000033)",Unfall 197284 (2020) Kat:3, Licht: 0,197284,3,5,1,08,13,6,0,0,0,1,1,0
"POINT (9.733304231000034 52.375553441000079)",Unfall 197306 (2020) Kat:3, Licht: 0,197306,3,2,4,08,13,2,1,0,1,1,0,0
"POINT (9.771894114000077 52.417467577000082)",Unfall 197307 (2020) Kat:3, Licht: 2,197307,3,6,2,08,21,4,0,2,0,1,0,0
"POINT (9.712307522000060 52.366959698000073)",Unfall 197318 (2020) Kat:3, Licht: 2,197318,3,1,0,08,22,6,1,2,1,0,0,0
"POINT (9.721967947000053 52.376775337000026)",Unfall 197319 (2020) Kat:3, Licht: 0,197319,3,6,4,08,18,3,0,0,1,0,0,0
"POINT (9.679692218000071 52.394970156000056)",Unfall 197328 (2020) Kat:3, Licht: 1,197328,3,2,5,08,21,5,0,1,1,1,0,0
"POINT (9.726443156000073 52.381535901000063)",Unfall 197357 (2020) Kat:3, Licht: 0,197357,3,5,0,08,10,4,0,0,1,1,0,0
"POINT (9.727714648000074 52.369000152000069)",Unfall 197359 (2020) Kat:3, Licht: 0,197359,3,3,5,08,12,4,0,0,1,1,0,0
"POINT (9.740511720000029 52.377569245000075)",Unfall 197360 (2020) Kat:3, Licht: 0,197360,3,1,0,08,18,4,0,0,1,0,0,0
"POINT (9.613429907000068 52.315717953000046)",Unfall 197364 (2020) Kat:3, Licht: 0,197364,3,7,0,08,15,4,0,0,1,0,0,0
"POINT (9.728330591000031 52.377840944000070)",Unfall 197366 (2020) Kat:3, Licht: 0,197366,3,3,5,08,13,2,1,0,0,1,0,0
"POINT (9.756869819000031 52.395998137000049)",Unfall 197367 (2020) Kat:3, Licht: 0,197367,3,1,0,08,14,5,1,0,0,0,0,1
"POINT (9.606829549000054 52.413514883000062)",Unfall 197368 (2020) Kat:3, Licht: 1,197368,3,7,0,08,21,4,0,1,1,0,0,0
"POINT (9.821094623000022 52.347951957000078)",Unfall 197369 (2020) Kat:3, Licht: 0,197369,3,1,0,08,16,2,1,0,0,0,0,1
"POINT (9.813762794000070 52.347329081000055)",Unfall 197371 (2020) Kat:3, Licht: 0,197371,3,6,4,08,12,6,0,0,0,1,0,0
"POINT (9.740078607000044 52.366997536000042)",Unfall 197372 (2020) Kat:3, Licht: 0,197372,3,2,5,08,14,3,0,0,1,0,0,0
"POINT (9.754654931000061 52.360733949000064)",Unfall 197373 (2020) Kat:3, Licht: 0,197373,3,4,6,08,15,6,0,0,1,0,1,0
"POINT (9.714532793000046 52.403382484000076)",Unfall 197374 (2020) Kat:3, Licht: 1,197374,3,5,1,08,20,6,0,1,0,1,0,1
"POINT (9.698677078000060 52.439147361000039)",Unfall 197375 (2020) Kat:3, Licht: 0,197375,3,3,5,08,10,4,0,0,0,1,0,0
"POINT (9.430064402000028 52.420130463000078)",Unfall 197376 (2020) Kat:3, Licht: 0,197376,3,7,8,08,10,1,0,0,1,0,0,0
"POINT (9.689238793000072 52.332457407000049)",Unfall 197384 (2020) Kat:3, Licht: 0,197384,3,5,1,08,18,4,1,0,0,1,0,0
"POINT (9.724397850000059 52.345922688000030)",Unfall 197387 (2020) Kat:3, Licht: 2,197387,3,1,0,08,21,3,1,2,0,0,0,1
"POINT (9.757598786000074 52.363772760000074)",Unfall 197389 (2020) Kat:3, Licht: 0,197389,3,7,0,08,09,6,0,0,1,0,0,0
"POINT (9.859292427000071 52.392663988000038)",Unfall 197391 (2020) Kat:3, Licht: 0,197391,3,5,1,08,07,2,0,0,1,1,0,0
"POINT (9.766357515000038 52.382128506000072)",Unfall 197392 (2020) Kat:3, Licht: 0,197392,3,2,5,08,14,5,0,0,1,1,0,0
"POINT (9.799418603000049 52.314868086000047)",Unfall 197396 (2020) Kat:3, Licht: 0,197396,3,3,5,08,16,7,0,0,0,1,0,0
"POINT (9.790149994000046 52.215173897000057)",Unfall 197397 (2020) Kat:3, Licht: 2,197397,3,5,1,08,21,3,1,2,0,1,0,0
"POINT (10.011169207000023 52.448693695000031)",Unfall 197427 (2020) Kat:3, Licht: 0,197427,3,1,0,08,18,1,0,0,1,0,0,0
"POINT (9.642243086000065 52.414662210000074)",Unfall 197429 (2020) Kat:3, Licht: 0,197429,3,1,0,08,14,1,0,0,1,0,0,0
"POINT (9.821315730000038 52.350976993000074)",Unfall 197433 (2020) Kat:3, Licht: 0,197433,3,6,4,08,15,1,0,0,1,0,1,0
"POINT (9.909422695000046 52.516153603000078)",Unfall 197435 (2020) Kat:3, Licht: 2,197435,3,1,1,08,01,4,1,2,1,1,0,0
"POINT (9.457209909000028 52.304964819000077)",Unfall 197436 (2020) Kat:3, Licht: 0,197436,3,7,6,08,18,1,0,0,0,1,1,0
"POINT (9.800713133000045 52.405663263000065)",Unfall 197438 (2020) Kat:3, Licht: 1,197438,3,7,0,08,20,3,1,1,1,0,0,0
"POINT (9.735144859000059 52.376101447000053)",Unfall 197439 (2020) Kat:3, Licht: 0,197439,3,7,0,08,14,1,0,0,1,0,0,0
"POINT (9.806668719000072 52.483597018000069)",Unfall 197445 (2020) Kat:3, Licht: 0,197445,3,1,0,08,08,6,1,0,0,0,0,1
"POINT (9.762221818000057 52.392741255000033)",Unfall 197446 (2020) Kat:2, Licht: 0,197446,2,3,5,08,16,5,0,0,1,1,0,0
"POINT (9.704081559000031 52.371796205000066)",Unfall 197450 (2020) Kat:3, Licht: 2,197450,3,1,8,08,01,7,0,2,1,1,0,0
"POINT (9.848236826000061 52.393452221000075)",Unfall 197451 (2020) Kat:3, Licht: 0,197451,3,5,1,08,16,3,0,0,1,1,0,0
"POINT (9.604529388000060 52.446715439000059)",Unfall 197457 (2020) Kat:3, Licht: 2,197457,3,7,8,08,03,2,0,2,0,1,0,0
"POINT (9.719937177000077 52.367895690000068)",Unfall 197469 (2020) Kat:3, Licht: 2,197469,3,1,0,08,23,2,1,2,1,0,0,0
"POINT (9.805134201000044 52.411075408000045)",Unfall 197473 (2020) Kat:3, Licht: 0,197473,3,3,5,08,18,2,0,0,1,1,0,0
"POINT (9.741727724000043 52.398598960000072)",Unfall 197483 (2020) Kat:3, Licht: 0,197483,3,3,5,08,13,2,0,0,1,1,0,0
"POINT (9.781567777000021 52.414128526000070)",Unfall 197484 (2020) Kat:3, Licht: 0,197484,3,3,5,08,17,6,0,0,0,0,0,0
"POINT (9.677414920000047 52.371987644000058)",Unfall 197486 (2020) Kat:3, Licht: 0,197486,3,6,2,08,13,5,0,0,0,1,0,0
"POINT (9.653845659000069 52.321777696000026)",Unfall 197497 (2020) Kat:3, Licht: 0,197497,3,7,9,08,15,6,0,0,0,1,0,0
"POINT (9.857452585000033 52.392767218000074)",Unfall 197500 (2020) Kat:3, Licht: 0,197500,3,6,3,08,18,2,0,0,0,1,0,1
"POINT (9.763393894000046 52.374960272000067)",Unfall 197505 (2020) Kat:3, Licht: 0,197505,3,3,5,08,13,4,0,0,0,1,0,0
"POINT (9.759076331000074 52.329205931000047)",Unfall 197508 (2020) Kat:3, Licht: 0,197508,3,3,5,08,13,3,0,0,1,0,0,0
"POINT (9.736772664000057 52.371298461000038)",Unfall 197513 (2020) Kat:3, Licht: 0,197513,3,6,3,08,16,2,0,0,1,1,0,0
"POINT (9.919751876000021 52.377493392000076)",Unfall 197516 (2020) Kat:3, Licht: 2,197516,3,1,0,08,22,2,1,2,1,0,0,0
"POINT (9.723642102000042 52.348106994000034)",Unfall 197529 (2020) Kat:2, Licht: 2,197529,2,4,6,08,22,2,1,2,0,1,1,0
"POINT (9.864665014000025 52.485660063000068)",Unfall 197539 (2020) Kat:3, Licht: 0,197539,3,6,2,08,16,1,0,0,1,0,0,0
"POINT (9.694593191000024 52.382026191000080)",Unfall 197542 (2020) Kat:3, Licht: 0,197542,3,7,0,08,12,2,0,0,1,0,0,0
"POINT (9.683311235000076 52.393694680000067)",Unfall 197545 (2020) Kat:3, Licht: 0,197545,3,7,0,08,18,7,0,0,1,0,0,0
"POINT (9.641338853000036 52.396005967000065)",Unfall 197547 (2020) Kat:3, Licht: 0,197547,3,2,6,08,10,4,1,0,0,1,1,0
"POINT (9.683131660000072 52.413480086000050)",Unfall 197548 (2020) Kat:3, Licht: 0,197548,3,7,0,08,17,7,0,0,1,0,0,0
"POINT (9.857757050000032 52.392843121000055)",Unfall 197550 (2020) Kat:2, Licht: 0,197550,2,1,0,08,10,3,0,0,1,0,0,0
"POINT (9.717119115000060 52.343349320000073)",Unfall 197551 (2020) Kat:3, Licht: 0,197551,3,2,3,08,11,7,0,0,1,1,0,0
"POINT (9.732252828000071 52.391644730000053)",Unfall 197555 (2020) Kat:3, Licht: 0,197555,3,7,0,08,19,7,0,0,1,1,0,0
"POINT (9.754636783000024 52.438012515000082)",Unfall 197556 (2020) Kat:3, Licht: 0,197556,3,6,2,08,15,6,0,0,0,1,0,0
"POINT (9.764964101000032 52.452375964000055)",Unfall 197557 (2020) Kat:3, Licht: 1,197557,3,5,1,08,20,5,0,1,1,1,0,0
"POINT (9.722695276000025 52.383534020000070)",Unfall 197560 (2020) Kat:3, Licht: 0,197560,3,7,6,08,16,7,0,0,0,1,1,0
"POINT (9.748858616000064 52.365554503000055)",Unfall 197561 (2020) Kat:3, Licht: 2,197561,3,5,1,08,05,7,0,2,0,1,0,0
"POINT (9.757327570000030 52.364286176000064)",Unfall 197562 (2020) Kat:2, Licht: 1,197562,2,3,5,08,19,3,1,1,1,1,0,0
"POINT (9.734953893000068 52.380279290000033)",Unfall 197563 (2020) Kat:3, Licht: 0,197563,3,2,5,08,17,7,0,0,1,1,0,0
"POINT (9.740686496000024 52.377699608000057)",Unfall 197568 (2020) Kat:2, Licht: 0,197568,2,7,0,08,06,7,0,0,0,0,0,0
"POINT (9.587021991000029 52.416265426000052)",Unfall 197570 (2020) Kat:3, Licht: 0,197570,3,2,6,08,11,2,0,0,0,1,1,0
"POINT (9.721224453000048 52.390294498000060)",Unfall 197583 (2020) Kat:3, Licht: 0,197583,3,7,0,08,12,2,0,0,1,0,0,0
"POINT (9.772013936000064 52.364919316000055)",Unfall 197591 (2020) Kat:3, Licht: 0,197591,3,2,5,08,13,1,0,0,1,1,0,0
"POINT (9.564004440000076 52.196277597000062)",Unfall 197592 (2020) Kat:2, Licht: 0,197592,2,2,5,08,14,1,0,0,1,1,0,0
"POINT (9.758359330000076 52.372854445000030)",Unfall 197596 (2020) Kat:3, Licht: 0,197596,3,1,0,08,17,6,0,0,1,0,0,0
"POINT (9.655230266000046 52.419729564000079)",Unfall 197599 (2020) Kat:3, Licht: 0,197599,3,3,5,08,13,4,0,0,1,0,0,0
"POINT (9.675815273000069 52.365495679000048)",Unfall 197609 (2020) Kat:2, Licht: 2,197609,2,3,5,08,21,6,0,2,1,1,0,0
"POINT (9.691643699000053 52.329911776000074)",Unfall 197610 (2020) Kat:3, Licht: 0,197610,3,2,5,08,07,5,0,0,0,1,0,1
"POINT (9.763440260000039 52.400811261000058)",Unfall 197615 (2020) Kat:3, Licht: 0,197615,3,3,5,08,12,3,0,0,0,1,0,1
"POINT (9.822222668000052 52.316433169000049)",Unfall 197619 (2020) Kat:3, Licht: 0,197619,3,1,0,08,09,3,0,0,1,0,0,0
"POINT (9.750267095000027 52.389134434000027)",Unfall 197623 (2020) Kat:3, Licht: 0,197623,3,7,9,08,15,2,0,0,1,1,1,0
"POINT (9.757475949000025 52.392393393000077)",Unfall 197648 (2020) Kat:3, Licht: 0,197648,3,5,1,08,08,6,0,0,1,1,0,0
"POINT (9.766135538000071 52.382033353000054)",Unfall 197653 (2020) Kat:3, Licht: 0,197653,3,7,0,09,10,3,0,0,0,1,0,0
"POINT (9.834637663000024 52.339643775000070)",Unfall 197654 (2020) Kat:3, Licht: 0,197654,3,2,5,09,12,2,0,0,1,1,0,0
"POINT (9.582759176000025 52.416035289000035)",Unfall 197655 (2020) Kat:3, Licht: 0,197655,3,1,0,09,18,2,0,0,0,0,0,1
"POINT (9.776911475000077 52.404175185000042)",Unfall 197657 (2020) Kat:3, Licht: 1,197657,3,1,8,09,19,2,0,1,0,1,0,0
"POINT (9.692561103000060 52.398585682000032)",Unfall 197659 (2020) Kat:3, Licht: 0,197659,3,6,2,09,18,2,0,0,1,0,0,0
"POINT (9.761094889000049 52.365886275000037)",Unfall 197660 (2020) Kat:2, Licht: 0,197660,2,3,5,09,17,2,0,0,1,1,0,0
"POINT (9.817556005000029 52.399791048000054)",Unfall 197662 (2020) Kat:3, Licht: 0,197662,3,3,5,09,08,2,0,0,0,1,0,0
"POINT (9.712321351000071 52.366956603000062)",Unfall 197663 (2020) Kat:3, Licht: 2,197663,3,1,0,09,01,2,1,2,1,1,0,0
"POINT (9.734313955000062 52.374252038000066)",Unfall 197669 (2020) Kat:3, Licht: 0,197669,3,6,2,09,18,4,0,0,1,1,0,0
"POINT (9.689466005000043 52.364208953000059)",Unfall 197673 (2020) Kat:3, Licht: 0,197673,3,2,2,09,10,4,0,0,0,1,0,0
"POINT (9.762926993000065 52.407951151000077)",Unfall 197678 (2020) Kat:3, Licht: 0,197678,3,3,5,09,15,4,0,0,1,0,0,0
"POINT (9.753296565000028 52.359720598000081)",Unfall 197680 (2020) Kat:3, Licht: 2,197680,3,7,0,09,19,4,0,2,1,0,0,0
"POINT (9.754330255000070 52.410322907000079)",Unfall 197684 (2020) Kat:3, Licht: 0,197684,3,2,2,09,16,4,0,0,0,1,0,1
"POINT (9.737721900000054 52.394510941000078)",Unfall 197694 (2020) Kat:3, Licht: 0,197694,3,3,5,09,14,1,0,0,1,0,0,0
"POINT (9.850111977000040 52.484060100000079)",Unfall 197695 (2020) Kat:3, Licht: 0,197695,3,3,5,09,10,1,0,0,0,1,0,0
"POINT (9.850868620000028 52.412954826000032)",Unfall 197696 (2020) Kat:3, Licht: 0,197696,3,1,0,09,13,1,0,0,0,0,0,1
"POINT (9.770892614000047 52.400570539000057)",Unfall 197697 (2020) Kat:3, Licht: 0,197697,3,6,6,09,11,1,0,0,1,0,1,0
"POINT (9.976170239000055 52.376992575000031)",Unfall 197700 (2020) Kat:3, Licht: 0,197700,3,4,6,09,16,3,0,0,0,1,1,0
"POINT (9.719780204000074 52.359466872000041)",Unfall 197731 (2020) Kat:3, Licht: 0,197731,3,1,1,09,10,7,1,0,1,1,0,0
"POINT (9.739425418000053 52.380797250000057)",Unfall 197732 (2020) Kat:3, Licht: 0,197732,3,1,0,09,14,7,1,0,0,0,0,1
"POINT (9.619716033000032 52.441053897000074)",Unfall 197733 (2020) Kat:3, Licht: 0,197733,3,7,1,09,16,7,1,0,0,1,0,1
"POINT (9.739812778000044 52.372997757000064)",Unfall 197737 (2020) Kat:3, Licht: 0,197737,3,5,1,09,18,7,1,0,1,1,0,0
"POINT (9.736861993000048 52.376716230000056)",Unfall 197741 (2020) Kat:3, Licht: 0,197741,3,6,3,09,14,7,0,0,0,1,0,0
"POINT (9.722128948000034 52.376868985000044)",Unfall 197787 (2020) Kat:3, Licht: 2,197787,3,3,5,09,21,6,0,2,0,1,0,1
"POINT (9.756413945000077 52.390669470000034)",Unfall 197788 (2020) Kat:3, Licht: 0,197788,3,3,5,09,11,6,1,0,0,0,0,1
"POINT (9.479847191000033 52.499542568000038)",Unfall 197792 (2020) Kat:3, Licht: 0,197792,3,7,1,09,19,6,0,0,1,1,0,0
"POINT (9.593348122000066 52.446434415000056)",Unfall 197794 (2020) Kat:3, Licht: 0,197794,3,2,4,09,15,6,0,0,0,1,0,0
"POINT (9.978635122000071 52.382849975000056)",Unfall 197796 (2020) Kat:3, Licht: 0,197796,3,3,5,09,13,6,0,0,1,0,0,0
"POINT (9.856133702000022 52.435192370000038)",Unfall 197797 (2020) Kat:3, Licht: 0,197797,3,3,5,09,07,6,1,0,1,1,0,0
"POINT (9.740189562000069 52.375841247000039)",Unfall 197798 (2020) Kat:3, Licht: 0,197798,3,7,0,09,13,6,0,0,1,0,0,0
"POINT (9.693087900000023 52.366262402000075)",Unfall 197803 (2020) Kat:3, Licht: 1,197803,3,1,0,09,18,3,0,1,1,0,0,0
"POINT (9.760235619000071 52.356361021000055)",Unfall 197822 (2020) Kat:3, Licht: 0,197822,3,2,3,09,08,3,0,0,1,1,0,0
"POINT (9.773308062000069 52.365418243000079)",Unfall 197826 (2020) Kat:3, Licht: 0,197826,3,2,3,09,09,3,0,0,1,1,0,0
"POINT (9.729798240000037 52.392530288000046)",Unfall 197829 (2020) Kat:3, Licht: 0,197829,3,2,2,09,17,3,0,0,0,1,0,0
"POINT (9.730484394000030 52.391251550000050)",Unfall 197833 (2020) Kat:3, Licht: 0,197833,3,6,2,09,13,3,0,0,0,1,0,0
"POINT (9.859650575000046 52.396290210000075)",Unfall 197838 (2020) Kat:3, Licht: 2,197838,3,3,5,09,05,3,1,2,1,1,0,0
"POINT (9.822492600000032 52.400345802000061)",Unfall 197847 (2020) Kat:3, Licht: 1,197847,3,2,4,09,19,5,1,1,1,1,0,0
"POINT (9.723445096000035 52.371396721000053)",Unfall 197848 (2020) Kat:3, Licht: 0,197848,3,3,5,09,16,5,1,0,1,1,0,0
"POINT (9.741271606000055 52.395746204000034)",Unfall 197849 (2020) Kat:3, Licht: 1,197849,3,5,1,09,05,5,0,1,1,1,0,0
"POINT (9.788926879000030 52.359013650000065)",Unfall 197850 (2020) Kat:3, Licht: 0,197850,3,6,2,09,07,3,0,0,0,1,0,1
"POINT (9.458071007000058 52.503438500000073)",Unfall 197852 (2020) Kat:3, Licht: 0,197852,3,7,0,09,16,5,1,0,1,0,0,0
"POINT (9.704654357000038 52.376924308000071)",Unfall 197853 (2020) Kat:3, Licht: 0,197853,3,7,6,09,16,5,1,0,0,1,1,0
"POINT (9.740696609000054 52.404633871000044)",Unfall 197854 (2020) Kat:3, Licht: 0,197854,3,3,5,09,16,5,1,0,1,1,0,0
"POINT (9.353379343000029 52.449071134000064)",Unfall 197855 (2020) Kat:3, Licht: 0,197855,3,7,6,09,19,3,0,0,0,1,1,0
"POINT (9.820507768000027 52.351787032000061)",Unfall 197856 (2020) Kat:3, Licht: 0,197856,3,2,5,09,10,5,0,0,1,1,0,0
"POINT (9.466838904000042 52.497054625000033)",Unfall 197857 (2020) Kat:3, Licht: 0,197857,3,7,0,09,12,3,0,0,0,1,0,0
"POINT (9.762784977000024 52.363529284000037)",Unfall 197859 (2020) Kat:3, Licht: 1,197859,3,1,1,09,20,3,0,1,1,1,0,0
"POINT (9.750848263000023 52.375594937000074)",Unfall 197862 (2020) Kat:3, Licht: 0,197862,3,2,5,09,17,3,0,0,1,1,0,0
"POINT (9.746271520000050 52.354291443000079)",Unfall 197866 (2020) Kat:3, Licht: 0,197866,3,2,5,09,16,3,0,0,1,0,0,0
"POINT (9.813370509000038 52.389675179000051)",Unfall 197898 (2020) Kat:3, Licht: 0,197898,3,4,6,09,13,3,0,0,0,1,1,0
"POINT (9.749865793000026 52.372492753000074)",Unfall 197900 (2020) Kat:3, Licht: 0,197900,3,7,0,09,16,5,0,0,1,0,0,0
"POINT (9.592352082000048 52.388377561000027)",Unfall 197904 (2020) Kat:3, Licht: 0,197904,3,3,5,09,07,5,0,0,1,1,0,0
"POINT (9.680994136000038 52.349685115000057)",Unfall 197905 (2020) Kat:3, Licht: 0,197905,3,5,1,09,11,7,0,0,1,1,0,0
"POINT (9.971077453000021 52.370989528000052)",Unfall 197906 (2020) Kat:3, Licht: 0,197906,3,5,0,09,08,5,1,0,1,1,0,0
"POINT (9.729101116000038 52.424315732000082)",Unfall 197909 (2020) Kat:3, Licht: 2,197909,3,4,6,09,22,5,0,2,1,0,1,0
"POINT (9.765807606000067 52.382693327000027)",Unfall 197915 (2020) Kat:3, Licht: 0,197915,3,5,1,09,13,5,0,0,0,1,0,0
"POINT (9.809653242000024 52.307430997000040)",Unfall 197918 (2020) Kat:3, Licht: 0,197918,3,7,6,09,12,5,0,0,0,1,1,0
"POINT (9.747241020000047 52.387464139000031)",Unfall 197923 (2020) Kat:3, Licht: 0,197923,3,5,1,09,08,5,0,0,1,1,0,0
"POINT (9.599086724000074 52.413969529000042)",Unfall 197925 (2020) Kat:3, Licht: 0,197925,3,7,0,09,15,6,0,0,1,0,0,0
"POINT (9.770240647000037 52.383816675000048)",Unfall 197926 (2020) Kat:2, Licht: 0,197926,2,7,3,09,19,2,0,0,1,0,0,0
"POINT (9.756464748000042 52.341364633000069)",Unfall 197930 (2020) Kat:3, Licht: 2,197930,3,3,5,09,05,6,0,2,1,1,0,0
"POINT (9.785224177000032 52.314715196000066)",Unfall 197931 (2020) Kat:3, Licht: 0,197931,3,6,2,09,18,2,0,0,1,1,0,0
"POINT (9.749631335000061 52.385692921000043)",Unfall 197945 (2020) Kat:3, Licht: 0,197945,3,2,5,09,12,3,0,0,0,1,0,1