WKT,Name,OBJECTID,UKATEGORIE,UTYP1,UART,UMONAT,USTUNDE,UWOCHENTAG,STRZUSTAND,ULICHTVERH,ISTRAD,ISTPKW,ISTFUSS,ISTKRAD
"POINT (9.758764052000061 52.341313648000039)",Unfall 198781 (2020) Kat:3, Licht: 1,198781,3,3,5,10,18,4,1,1,0,1,0,0
"POINT (9.741727724000043 52.398598960000072)",Unfall 198789 (2020) Kat:3, Licht: 0,198789,3,6,2,10,14,4,1,0,0,1,0,0
"POINT (9.701459093000040 52.408710437000082)",Unfall 198798 (2020) Kat:3, Licht: 2,198798,3,3,5,10,05,5,0,2,0,1,0,0
"POINT (9.736056546000043 52.368485157000066)",Unfall 198800 (2020) Kat:3, Licht: 0,198800,3,1,0,10,16,5,0,0,0,0,0,0
"POINT (9.688789674000077 52.363580980000052)",Unfall 198802 (2020) Kat:3, Licht: 0,198802,3,3,5,10,17,5,0,0,1,1,0,0
"POINT (9.679698195000071 52.416137290000052)",Unfall 198810 (2020) Kat:3, Licht: 0,198810,3,2,0,10,11,5,0,0,0,1,0,1
"POINT (9.812061371000027 52.299918660000060)",Unfall 198811 (2020) Kat:3, Licht: 0,198811,3,3,5,10,16,2,0,0,1,1,0,0
"POINT (9.739963265000029 52.369098468000061)",Unfall 198812 (2020) Kat:3, Licht: 0,198812,3,3,0,10,11,2,0,0,1,1,0,0
"POINT (9.744236705000049 52.373334870000065)",Unfall 198814 (2020) Kat:3, Licht: 0,198814,3,1,0,10,10,2,1,0,1,0,0,0
"POINT (9.862816312000064 52.370391920000031)",Unfall 198816 (2020) Kat:3, Licht: 0,198816,3,2,4,10,07,2,0,0,0,0,0,1
"POINT (9.719627953000043 52.366476138000053)",Unfall 198817 (2020) Kat:3, Licht: 2,198817,3,1,0,10,21,2,0,2,1,0,0,0
"POINT (9.740876733000050 52.410718324000072)",Unfall 198819 (2020) Kat:3, Licht: 0,198819,3,6,2,10,09,2,1,0,0,1,0,1
"POINT (9.749833308000063 52.389378482000041)",Unfall 198821 (2020) Kat:3, Licht: 0,198821,3,6,4,10,17,2,0,0,1,0,0,0
"POINT (9.483924638000076 52.310837292000031)",Unfall 198822 (2020) Kat:3, Licht: 0,198822,3,7,7,10,11,2,0,0,1,0,0,0
"POINT (9.753928072000065 52.386217900000076)",Unfall 198824 (2020) Kat:3, Licht: 2,198824,3,7,0,10,07,4,1,2,1,0,0,0
"POINT (9.610030068000071 52.417685429000073)",Unfall 198825 (2020) Kat:3, Licht: 0,198825,3,3,5,10,16,2,0,0,1,1,0,0
"POINT (10.013360455000054 52.443761786000039)",Unfall 198828 (2020) Kat:3, Licht: 0,198828,3,2,2,10,11,2,0,0,0,1,0,0
"POINT (9.663768834000052 52.379950278000081)",Unfall 198831 (2020) Kat:2, Licht: 0,198831,2,4,6,10,07,2,0,0,0,1,1,0
"POINT (9.759558892000030 52.364385869000046)",Unfall 198832 (2020) Kat:3, Licht: 0,198832,3,5,1,10,12,2,0,0,1,0,0,0
"POINT (9.475613726000063 52.293828080000026)",Unfall 198836 (2020) Kat:3, Licht: 0,198836,3,7,0,10,14,4,1,0,1,0,0,0
"POINT (9.488683164000065 52.308714923000082)",Unfall 198847 (2020) Kat:3, Licht: 2,198847,3,2,5,10,06,4,1,2,1,1,0,0
"POINT (9.752963502000057 52.388640282000040)",Unfall 198848 (2020) Kat:3, Licht: 0,198848,3,2,5,10,18,1,0,0,1,1,0,0
"POINT (10.144195614000068 52.463551720000055)",Unfall 198850 (2020) Kat:3, Licht: 0,198850,3,3,5,10,07,1,0,0,1,1,0,0
"POINT (9.740817027000048 52.376336127000059)",Unfall 198852 (2020) Kat:3, Licht: 2,198852,3,7,6,10,00,1,0,2,0,0,1,0
"POINT (9.744234225000071 52.373318496000081)",Unfall 198885 (2020) Kat:3, Licht: 1,198885,3,1,0,10,18,7,1,1,1,1,0,0
"POINT (9.823897936000037 52.383464712000034)",Unfall 198886 (2020) Kat:3, Licht: 0,198886,3,3,5,10,14,4,1,0,0,1,0,0
"POINT (9.462658140000031 52.494660974000055)",Unfall 198887 (2020) Kat:3, Licht: 2,198887,3,3,5,10,19,7,0,2,0,1,0,0
"POINT (9.757954386000051 52.373629712000081)",Unfall 198888 (2020) Kat:2, Licht: 0,198888,2,4,6,10,17,7,0,0,0,1,1,0
"POINT (9.968469997000057 52.367597339000042)",Unfall 198890 (2020) Kat:3, Licht: 1,198890,3,3,5,10,17,4,1,1,1,1,0,0
"POINT (9.706664254000032 52.390973697000049)",Unfall 198891 (2020) Kat:3, Licht: 2,198891,3,1,8,10,00,7,0,2,1,0,0,0
"POINT (9.750192099000060 52.449945788000036)",Unfall 198893 (2020) Kat:3, Licht: 0,198893,3,1,0,10,13,4,0,0,1,0,0,0
"POINT (9.723449362000054 52.342456395000056)",Unfall 198900 (2020) Kat:3, Licht: 2,198900,3,6,3,10,18,4,1,2,1,0,0,0
"POINT (9.734148028000050 52.381285623000053)",Unfall 198935 (2020) Kat:3, Licht: 1,198935,3,3,5,10,20,6,0,1,0,1,0,1
"POINT (9.750830689000054 52.375425318000055)",Unfall 198936 (2020) Kat:3, Licht: 0,198936,3,2,3,10,18,6,0,0,1,1,0,0
"POINT (9.461211743000035 52.422465890000069)",Unfall 198937 (2020) Kat:3, Licht: 1,198937,3,6,2,10,06,6,0,1,1,0,0,0
"POINT (9.720130846000075 52.354778526000075)",Unfall 198938 (2020) Kat:3, Licht: 0,198938,3,6,4,10,06,6,0,0,1,0,0,0
"POINT (9.800146255000072 52.406073092000042)",Unfall 198942 (2020) Kat:3, Licht: 0,198942,3,6,2,10,16,4,1,0,0,1,0,0
"POINT (9.652352303000043 52.415364364000027)",Unfall 198944 (2020) Kat:3, Licht: 0,198944,3,2,4,10,18,4,1,0,1,1,0,0
"POINT (9.656543814000031 52.407361124000033)",Unfall 198947 (2020) Kat:3, Licht: 0,198947,3,2,2,10,14,4,1,0,0,1,0,0
"POINT (9.741911827000024 52.382326713000054)",Unfall 198952 (2020) Kat:3, Licht: 0,198952,3,1,4,10,13,6,0,0,0,1,0,0
"POINT (9.738799284000038 52.381636345000061)",Unfall 198954 (2020) Kat:3, Licht: 2,198954,3,6,2,10,21,6,0,2,0,1,0,0
"POINT (9.692278560000034 52.398137499000029)",Unfall 198959 (2020) Kat:3, Licht: 0,198959,3,2,5,10,14,6,0,0,1,1,0,0
"POINT (9.749325354000064 52.390300911000054)",Unfall 198960 (2020) Kat:3, Licht: 0,198960,3,7,0,10,16,2,0,0,1,0,0,0
"POINT (9.692420726000023 52.396654517000059)",Unfall 198961 (2020) Kat:3, Licht: 0,198961,3,3,5,10,09,6,0,0,1,1,0,0
"POINT (9.783717960000047 52.313422023000044)",Unfall 198962 (2020) Kat:3, Licht: 0,198962,3,7,0,10,15,5,0,0,1,0,0,0
"POINT (9.823856189000026 52.383452767000051)",Unfall 198964 (2020) Kat:3, Licht: 0,198964,3,1,0,10,10,6,1,0,0,0,0,1
"POINT (9.787066431000028 52.410120388000053)",Unfall 198966 (2020) Kat:3, Licht: 0,198966,3,3,5,10,12,7,0,0,1,1,0,0
"POINT (9.587371628000028 52.416597046000049)",Unfall 198967 (2020) Kat:3, Licht: 0,198967,3,2,5,10,16,3,0,0,0,1,0,0
"POINT (9.756093208000038 52.377516862000050)",Unfall 198971 (2020) Kat:3, Licht: 0,198971,3,3,5,10,07,6,1,0,1,1,0,0
"POINT (9.457079277000048 52.503393023000058)",Unfall 198978 (2020) Kat:3, Licht: 0,198978,3,7,0,10,10,1,0,0,1,0,0,0
"POINT (9.750957792000065 52.388976818000060)",Unfall 198988 (2020) Kat:3, Licht: 2,198988,3,6,2,10,23,7,1,2,0,1,0,0
"POINT (9.717350915000054 52.349024190000080)",Unfall 198998 (2020) Kat:3, Licht: 0,198998,3,2,5,10,11,1,0,0,0,1,0,0
"POINT (9.743917031000024 52.386868594000077)",Unfall 199002 (2020) Kat:3, Licht: 2,199002,3,7,7,10,20,6,0,2,1,0,0,0
"POINT (9.752872172000025 52.366929826000046)",Unfall 199004 (2020) Kat:3, Licht: 0,199004,3,5,1,10,11,6,0,0,1,1,0,0
"POINT (9.709459887000037 52.372764615000051)",Unfall 199008 (2020) Kat:3, Licht: 0,199008,3,1,0,10,13,4,0,0,1,0,0,0
"POINT (9.772263605000035 52.395540810000057)",Unfall 199014 (2020) Kat:3, Licht: 2,199014,3,3,0,10,05,5,1,2,0,1,0,1
"POINT (9.949503032000052 52.347771003000048)",Unfall 199017 (2020) Kat:3, Licht: 2,199017,3,1,8,10,01,2,1,2,0,0,0,1
"POINT (9.784119641000075 52.375614310000060)",Unfall 199024 (2020) Kat:3, Licht: 2,199024,3,3,5,10,18,3,0,2,1,0,0,0
"POINT (9.979126287000042 52.327000001000044)",Unfall 199039 (2020) Kat:2, Licht: 2,199039,2,1,8,10,21,7,0,2,0,1,0,0
"POINT (9.784541296000043 52.372533010000041)",Unfall 199047 (2020) Kat:3, Licht: 0,199047,3,1,0,10,12,6,0,0,1,0,0,0
"POINT (9.745407152000041 52.378747336000060)",Unfall 199048 (2020) Kat:3, Licht: 2,199048,3,3,5,10,00,1,1,2,0,1,0,0
"POINT (9.813892401000032 52.398966740000049)",Unfall 199050 (2020) Kat:3, Licht: 0,199050,3,2,4,10,07,6,1,0,0,1,0,0
"POINT (9.753321447000076 52.390230338000038)",Unfall 199053 (2020) Kat:3, Licht: 2,199053,3,3,5,10,23,1,1,2,1,1,0,0
"POINT (9.774653104000038 52.403866906000076)",Unfall 199056 (2020) Kat:3, Licht: 0,199056,3,4,0,10,14,6,0,0,1,1,1,0
"POINT (9.791667462000021 52.375308765000057)",Unfall 199061 (2020) Kat:3, Licht: 0,199061,3,1,0,10,08,6,1,0,1,0,0,0
"POINT (9.826427477000038 52.297597338000060)",Unfall 199062 (2020) Kat:3, Licht: 0,199062,3,3,5,10,16,4,0,0,0,1,0,0
"POINT (10.014579410000067 52.443665137000039)",Unfall 199071 (2020) Kat:3, Licht: 1,199071,3,4,6,10,07,2,0,1,0,1,1,0
"POINT (9.710815863000050 52.373174350000056)",Unfall 199079 (2020) Kat:3, Licht: 2,199079,3,3,5,10,05,3,0,2,1,1,0,0
"POINT (9.721186869000064 52.390348476000042)",Unfall 199092 (2020) Kat:3, Licht: 2,199092,3,1,0,10,19,1,1,2,1,0,0,0
"POINT (9.758327564000069 52.359282345000054)",Unfall 199094 (2020) Kat:3, Licht: 0,199094,3,1,0,10,12,6,1,0,0,0,0,1
"POINT (9.718708174000028 52.365325460000065)",Unfall 199101 (2020) Kat:3, Licht: 0,199101,3,6,2,10,13,7,0,0,0,1,0,0
"POINT (9.732767812000077 52.380058775000066)",Unfall 199109 (2020) Kat:3, Licht: 0,199109,3,2,3,10,13,6,0,0,1,0,0,0
"POINT (9.686424242000044 52.340612515000032)",Unfall 199112 (2020) Kat:3, Licht: 0,199112,3,1,1,10,17,1,1,0,0,1,0,1
"POINT (9.832018514000026 52.423341029000028)",Unfall 199115 (2020) Kat:3, Licht: 1,199115,3,6,2,10,16,2,1,1,1,1,0,0
"POINT (9.739633335000065 52.381203451000033)",Unfall 199118 (2020) Kat:3, Licht: 0,199118,3,3,5,10,12,6,0,0,1,1,0,0
"POINT (9.749186931000054 52.398494001000074)",Unfall 199121 (2020) Kat:3, Licht: 0,199121,3,6,4,10,13,6,1,0,1,0,0,0
"POINT (9.686433165000040 52.442034986000067)",Unfall 199128 (2020) Kat:3, Licht: 0,199128,3,5,1,10,10,5,1,0,0,1,0,0
"POINT (9.743730308000068 52.384833418000028)",Unfall 199133 (2020) Kat:2, Licht: 0,199133,2,7,0,10,11,7,0,0,1,0,0,0
"POINT (9.710578440000063 52.367320995000057)",Unfall 199147 (2020) Kat:3, Licht: 0,199147,3,3,0,10,15,1,1,0,1,1,0,0
"POINT (10.174933329000055 52.406684142000074)",Unfall 199149 (2020) Kat:3, Licht: 0,199149,3,7,0,10,09,3,1,0,1,0,0,0
"POINT (9.569359239000050 52.274151785000072)",Unfall 199153 (2020) Kat:3, Licht: 0,199153,3,7,0,10,16,7,0,0,1,0,0,0
"POINT (9.750588642000025 52.357830081000031)",Unfall 199154 (2020) Kat:2, Licht: 0,199154,2,1,0,10,08,5,0,0,1,0,0,0
"POINT (9.698904025000047 52.391711063000059)",Unfall 199161 (2020) Kat:3, Licht: 1,199161,3,4,6,10,18,5,1,1,0,1,1,0
"POINT (9.619862162000061 52.441074337000032)",Unfall 199162 (2020) Kat:3, Licht: 2,199162,3,2,2,10,19,6,0,2,0,1,0,0
"POINT (9.728640485000028 52.548497079000072)",Unfall 199165 (2020) Kat:3, Licht: 0,199165,3,1,8,10,08,6,1,0,1,0,0,0
"POINT (9.720747100000040 52.390469810000070)",Unfall 199168 (2020) Kat:3, Licht: 1,199168,3,6,4,10,18,1,0,1,1,1,0,0
"POINT (9.741907662000074 52.375709240000049)",Unfall 199170 (2020) Kat:3, Licht: 1,199170,3,3,5,10,18,6,0,1,1,1,0,0
"POINT (9.618271207000021 52.405760630000032)",Unfall 199174 (2020) Kat:3, Licht: 2,199174,3,3,5,10,05,5,0,2,1,1,0,0
"POINT (9.856939211000054 52.503254518000062)",Unfall 199175 (2020) Kat:3, Licht: 0,199175,3,3,5,10,15,6,0,0,1,1,0,0
"POINT (9.953596916000038 52.384403086000077)",Unfall 199176 (2020) Kat:3, Licht: 2,199176,3,6,0,10,22,4,1,2,1,1,0,0
"POINT (9.694504081000048 52.340628280000033)",Unfall 199180 (2020) Kat:3, Licht: 2,199180,3,3,5,10,18,5,1,2,0,1,0,0
"POINT (9.736796144000039 52.376888189000056)",Unfall 199182 (2020) Kat:3, Licht: 1,199182,3,3,5,10,20,5,1,1,1,1,0,0
"POINT (9.856811688000050 52.494237403000056)",Unfall 199183 (2020) Kat:3, Licht: 0,199183,3,5,0,10,15,2,1,0,1,1,0,0
"POINT (9.835526498000036 52.392498394000029)",Unfall 199184 (2020) Kat:3, Licht: 1,199184,3,3,5,10,18,5,1,1,1,1,0,0
"POINT (9.659318690000021 52.384539483000026)",Unfall 199187 (2020) Kat:3, Licht: 0,199187,3,2,5,10,15,5,0,0,1,1,0,0
"POINT (9.808800749000056 52.370456438000076)",Unfall 199190 (2020) Kat:3, Licht: 0,199190,3,2,3,10,14,3,0,0,1,1,0,0
"POINT (9.748923943000023 52.377429767000081)",Unfall 199192 (2020) Kat:3, Licht: 0,199192,3,1,0,10,17,5,1,0,0,0,0,1
"POINT (9.748800595000034 52.376023444000054)",Unfall 199195 (2020) Kat:3, Licht: 0,199195,3,2,4,10,17,5,1,0,1,1,0,0
"POINT (9.745505561000073 52.385723606000056)",Unfall 199200 (2020) Kat:3, Licht: 0,199200,3,5,1,10,13,5,1,0,1,1,0,0
"POINT (9.752641489000041 52.395078617000081)",Unfall 199205 (2020) Kat:3, Licht: 0,199205,3,6,2,10,11,5,1,0,0,1,0,0
"POINT (9.746695649000060 52.392630250000082)",Unfall 199208 (2020) Kat:3, Licht: 0,199208,3,2,2,10,09,5,1,0,0,1,0,0
"POINT (9.662662687000022 52.444691187000046)",Unfall 199216 (2020) Kat:3, Licht: 2,199216,3,4,6,10,21,5,1,2,0,1,1,0
"POINT (9.857811051000056 52.432758134000039)",Unfall 199217 (2020) Kat:3, Licht: 0,199217,3,3,5,10,07,6,0,0,1,1,0,0
"POINT (9.738878857000032 52.438164310000047)",Unfall 199221 (2020) Kat:3, Licht: 0,199221,3,3,5,10,11,1,0,0,0,1,0,0
"POINT (10.026467964000062 52.441724514000043)",Unfall 199227 (2020) Kat:3, Licht: 2,199227,3,6,4,10,19,5,1,2,1,0,0,0
"POINT (9.378038508000032 52.457085871000061)",Unfall 199233 (2020) Kat:3, Licht: 0,199233,3,5,1,10,13,3,0,0,1,0,0,0
"POINT (9.757799616000057 52.359609001000081)",Unfall 199256 (2020) Kat:3, Licht: 1,199256,3,5,1,10,07,4,1,1,1,0,0,0
"POINT (9.727147872000046 52.563046208000060)",Unfall 199257 (2020) Kat:3, Licht: 0,199257,3,3,5,10,10,3,0,0,1,1,0,0
"POINT (9.655332983000051 52.419703039000069)",Unfall 199261 (2020) Kat:3, Licht: 2,199261,3,3,5,10,07,4,1,2,0,1,0,0
"POINT (9.727534416000026 52.382366004000062)",Unfall 199263 (2020) Kat:3, Licht: 0,199263,3,3,5,10,15,4,0,0,0,1,0,0
"POINT (9.713253496000050 52.371455372000071)",Unfall 199265 (2020) Kat:2, Licht: 0,199265,2,1,0,10,14,4,0,0,1,0,0,0
"POINT (9.732571205000056 52.378492927000082)",Unfall 199267 (2020) Kat:3, Licht: 0,199267,3,3,0,10,16,4,0,0,1,1,0,0
"POINT (9.652047055000026 52.413151473000028)",Unfall 199268 (2020) Kat:3, Licht: 0,199268,3,3,5,10,16,2,0,0,1,1,0,0
"POINT (9.715803916000027 52.344888574000038)",Unfall 199269 (2020) Kat:3, Licht: 0,199269,3,2,4,10,14,2,1,0,0,1,0,0
"POINT (9.731130323000059 52.378687901000035)",Unfall 199271 (2020) Kat:3, Licht: 0,199271,3,2,5,10,08,2,0,0,1,1,0,0
"POINT (9.716351184000075 52.372486624000032)",Unfall 199272 (2020) Kat:3, Licht: 0,199272,3,6,2,10,10,4,1,0,0,1,0,0
"POINT (9.744402252000043 52.370734137000056)",Unfall 199273 (2020) Kat:3, Licht: 0,199273,3,3,5,10,16,3,0,0,1,1,0,0
"POINT (9.781165969000028 52.399859462000052)",Unfall 199274 (2020) Kat:3, Licht: 0,199274,3,6,2,10,15,2,1,0,0,1,0,0
"POINT (9.739818136000054 52.382943149000027)",Unfall 199276 (2020) Kat:3, Licht: 0,199276,3,4,6,10,15,2,0,0,1,0,1,0
"POINT (9.739744764000022 52.381034308000039)",Unfall 199277 (2020) Kat:3, Licht: 0,199277,3,6,2,10,15,4,1,0,0,1,0,0
"POINT (9.737041073000057 52.404574700000069)",Unfall 199278 (2020) Kat:3, Licht: 0,199278,3,3,5,10,09,2,0,0,1,1,0,0
"POINT (9.448919593000028 52.417079488000070)",Unfall 199279 (2020) Kat:3, Licht: 0,199279,3,3,5,10,08,2,1,0,1,1,0,0
"POINT (9.744621637000023 52.395166225000082)",Unfall 199280 (2020) Kat:3, Licht: 2,199280,3,7,5,10,17,2,0,2,0,1,0,0
"POINT (9.759205056000042 52.339070659000072)",Unfall 199282 (2020) Kat:3, Licht: 0,199282,3,1,0,10,08,2,0,0,1,0,0,0
"POINT (9.741727724000043 52.398598960000072)",Unfall 199283 (2020) Kat:3, Licht: 0,199283,3,7,5,10,07,4,1,0,1,1,0,0
"POINT (9.730620291000037 52.374880886000028)",Unfall 199284 (2020) Kat:3, Licht: 0,199284,3,7,5,10,13,3,0,0,0,1,0,0
"POINT (9.811706263000076 52.348053904000039)",Unfall 199285 (2020) Kat:3, Licht: 1,199285,3,1,0,10,06,2,1,1,0,0,0,1
"POINT (9.772163992000060 52.395508881000069)",Unfall 199288 (2020) Kat:3, Licht: 0,199288,3,1,0,10,16,4,1,0,0,0,0,1
"POINT (9.690350120000062 52.374689325000077)",Unfall 199290 (2020) Kat:3, Licht: 0,199290,3,7,0,10,15,4,1,0,1,0,0,0
"POINT (9.769539900000041 52.383510359000070)",Unfall 199294 (2020) Kat:3, Licht: 2,199294,3,7,4,10,06,4,1,2,0,1,0,0
"POINT (9.689860262000025 52.391763827000034)",Unfall 199306 (2020) Kat:3, Licht: 0,199306,3,7,0,10,11,1,1,0,1,0,0,0
"POINT (9.738740101000076 52.369316740000045)",Unfall 199307 (2020) Kat:3, Licht: 0,199307,3,6,3,10,12,4,0,0,1,1,0,0
"POINT (9.641051583000035 52.398377234000066)",Unfall 199308 (2020) Kat:3, Licht: 0,199308,3,3,5,10,15,1,1,0,1,1,0,0
"POINT (9.557182197000032 52.213648323000029)",Unfall 199310 (2020) Kat:2, Licht: 0,199310,2,1,8,10,10,1,0,0,1,1,0,0
"POINT (9.706935246000057 52.402303145000076)",Unfall 199317 (2020) Kat:3, Licht: 2,199317,3,3,5,10,17,4,0,2,1,1,0,0
"POINT (9.714018937000049 52.361105600000030)",Unfall 199325 (2020) Kat:3, Licht: 0,199325,3,6,2,10,08,3,0,0,0,1,0,0
"POINT (9.819320833000063 52.403829201000065)",Unfall 199344 (2020) Kat:3, Licht: 2,199344,3,7,0,10,23,7,0,2,1,0,0,0
"POINT (9.731090031000065 52.361938644000077)",Unfall 199347 (2020) Kat:3, Licht: 0,199347,3,6,6,10,12,7,0,0,1,0,1,0
"POINT (9.728404099000045 52.374058786000035)",Unfall 199349 (2020) Kat:3, Licht: 0,199349,3,2,3,10,14,7,0,0,1,1,0,0
"POINT (9.781018472000028 52.398303935000058)",Unfall 199351 (2020) Kat:3, Licht: 0,199351,3,5,1,10,11,7,1,0,0,1,0,1
"POINT (9.417089717000067 52.444531098000027)",Unfall 199353 (2020) Kat:3, Licht: 0,199353,3,7,7,10,18,7,0,0,1,0,0,0
"POINT (9.713590884000041 52.281147989000033)",Unfall 199355 (2020) Kat:2, Licht: 0,199355,2,7,0,10,12,7,1,0,1,0,0,0
"POINT (9.741535735000070 52.371132831000068)",Unfall 199357 (2020) Kat:3, Licht: 2,199357,3,1,0,10,23,7,0,2,0,0,0,0
"POINT (9.730667922000066 52.374896558000046)",Unfall 199358 (2020) Kat:3, Licht: 2,199358,3,7,3,10,19,7,0,2,0,1,0,0
"POINT (9.738370601000042 52.376990499000044)",Unfall 199360 (2020) Kat:2, Licht: 0,199360,2,5,0,10,16,7,0,0,1,0,0,0
"POINT (9.747250404000056 52.373738164000031)",Unfall 199362 (2020) Kat:3, Licht: 2,199362,3,2,5,10,21,3,1,2,0,1,0,0
"POINT (9.611826305000022 52.407598187000076)",Unfall 199378 (2020) Kat:3, Licht: 2,199378,3,7,0,10,20,4,0,2,1,0,0,0
"POINT (9.695684700000072 52.408682046000081)",Unfall 199405 (2020) Kat:3, Licht: 1,199405,3,6,2,10,17,6,1,1,0,1,0,0
"POINT (9.690055448000067 52.392637259000026)",Unfall 199407 (2020) Kat:3, Licht: 0,199407,3,3,5,10,15,6,1,0,1,1,0,0
"POINT (9.709252470000024 52.341218658000059)",Unfall 199409 (2020) Kat:3, Licht: 0,199409,3,7,0,10,16,6,1,0,1,1,0,0
"POINT (9.731319749000022 52.375106488000029)",Unfall 199411 (2020) Kat:2, Licht: 0,199411,2,7,0,10,13,6,1,0,0,0,0,0
"POINT (9.694085269000027 52.365333517000067)",Unfall 199413 (2020) Kat:3, Licht: 0,199413,3,6,2,10,11,6,1,0,0,1,0,0
"POINT (9.830346367000061 52.424880712000061)",Unfall 199415 (2020) Kat:3, Licht: 0,199415,3,3,5,10,13,6,1,0,1,1,0,0
"POINT (9.377785254000060 52.457994747000043)",Unfall 199417 (2020) Kat:3, Licht: 0,199417,3,2,0,10,16,6,1,0,0,1,0,1
"POINT (9.442940512000064 52.424015482000073)",Unfall 199418 (2020) Kat:3, Licht: 2,199418,3,2,6,10,06,6,1,2,0,0,1,0
"POINT (9.654665725000029 52.317851673000064)",Unfall 199420 (2020) Kat:3, Licht: 0,199420,3,2,5,10,09,6,0,0,1,1,0,0
"POINT (9.729904966000049 52.434958513000026)",Unfall 199422 (2020) Kat:3, Licht: 2,199422,3,5,1,10,21,6,1,2,1,1,0,0
"POINT (9.741178169000023 52.448863437000057)",Unfall 199424 (2020) Kat:3, Licht: 0,199424,3,5,1,10,16,6,1,0,0,1,0,0
"POINT (9.764543858000025 52.395558480000034)",Unfall 199425 (2020) Kat:3, Licht: 0,199425,3,4,6,10,11,6,1,0,1,0,1,0
"POINT (9.621417241000074 52.406232850000038)",Unfall 199426 (2020) Kat:3, Licht: 0,199426,3,1,0,10,09,6,1,0,1,0,0,0
"POINT (9.791342763000046 52.404271657000038)",Unfall 199428 (2020) Kat:3, Licht: 0,199428,3,2,5,10,10,6,0,0,1,1,0,0
"POINT (9.701189237000051 52.375280067000062)",Unfall 199432 (2020) Kat:3, Licht: 2,199432,3,4,6,10,19,4,0,2,0,1,1,0
"POINT (9.732784454000068 52.374508731000049)",Unfall 199436 (2020) Kat:3, Licht: 0,199436,3,4,0,10,12,3,0,0,0,1,1,0
"POINT (9.803453712000021 52.481455979000032)",Unfall 199472 (2020) Kat:2, Licht: 2,199472,2,1,0,10,06,2,1,2,1,0,0,0
"POINT (9.836228796000057 52.338502404000053)",Unfall 199474 (2020) Kat:3, Licht: 0,199474,3,3,5,10,16,4,0,0,1,1,0,0
"POINT (9.751223331000062 52.368342747000042)",Unfall 199486 (2020) Kat:3, Licht: 0,199486,3,3,5,10,11,5,0,0,1,0,0,0
"POINT (9.748546545000068 52.411003324000035)",Unfall 199487 (2020) Kat:3, Licht: 0,199487,3,6,3,10,15,4,0,0,1,0,0,0
"POINT (9.663842231000047 52.385415305000038)",Unfall 199488 (2020) Kat:3, Licht: 0,199488,3,2,5,10,11,5,0,0,1,1,0,0
"POINT (9.795021941000073 52.411703710000040)",Unfall 199490 (2020) Kat:3, Licht: 0,199490,3,3,5,10,15,5,0,0,1,1,0,0
"POINT (9.739448155000048 52.394392944000060)",Unfall 199491 (2020) Kat:3, Licht: 0,199491,3,7,0,10,15,5,0,0,1,0,0,0
"POINT (9.768952927000044 52.362905025000032)",Unfall 199492 (2020) Kat:3, Licht: 2,199492,3,7,0,10,05,5,1,2,1,0,0,0
"POINT (9.790314253000076 52.395880061000071)",Unfall 199499 (2020) Kat:3, Licht: 2,199499,3,2,4,10,18,3,0,2,1,1,0,0
"POINT (9.746563764000030 52.386935791000042)",Unfall 199501 (2020) Kat:3, Licht: 0,199501,3,2,6,10,11,3,0,0,0,1,1,0
"POINT (9.645611190000068 52.399387615000080)",Unfall 199509 (2020) Kat:3, Licht: 0,199509,3,5,2,11,16,4,0,0,0,1,0,0
"POINT (9.754299083000035 52.368614246000050)",Unfall 199510 (2020) Kat:3, Licht: 0,199510,3,3,5,10,14,6,1,0,1,1,0,0
"POINT (9.787411288000044 52.332822294000039)",Unfall 199512 (2020) Kat:3, Licht: 0,199512,3,1,8,11,14,3,0,0,0,0,0,1
"POINT (9.707208250000065 52.404811169000027)",Unfall 199513 (2020) Kat:3, Licht: 0,199513,3,7,2,10,14,6,1,0,0,1,0,1
"POINT (9.744103816000063 52.372532061000072)",Unfall 199520 (2020) Kat:3, Licht: 0,199520,3,3,5,10,15,6,1,0,1,1,0,0
"POINT (9.727280324000049 52.323165329000062)",Unfall 199526 (2020) Kat:3, Licht: 1,199526,3,3,5,11,08,6,1,1,1,1,0,0
"POINT (9.759859995000056 52.341795297000033)",Unfall 199532 (2020) Kat:3, Licht: 1,199532,3,1,0,10,17,6,1,1,0,0,0,1
"POINT (9.766831756000045 52.566552839000053)",Unfall 199540 (2020) Kat:3, Licht: 0,199540,3,7,0,11,15,3,0,0,0,0,0,0
"POINT (9.381454403000021 52.460016769000049)",Unfall 199541 (2020) Kat:3, Licht: 0,199541,3,3,5,10,12,6,1,0,0,1,0,0
"POINT (9.454572673000030 52.503506102000074)",Unfall 199547 (2020) Kat:2, Licht: 0,199547,2,7,0,10,13,6,1,0,1,0,0,0
"POINT (9.715368247000072 52.345018860000039)",Unfall 199548 (2020) Kat:3, Licht: 2,199548,3,4,6,11,18,7,0,2,0,1,1,0