WKT,Name,OBJECTID,UKATEGORIE,UTYP1,UART,UMONAT,USTUNDE,UWOCHENTAG,STRZUSTAND,ULICHTVERH,ISTRAD,ISTPKW,ISTFUSS,ISTKRAD
"POINT (9.773940361000030 52.415690277000067)",Unfall 199550 (2020) Kat:3, Licht: 0,199550,3,7,2,11,10,5,0,0,0,1,0,0
"POINT (9.683689075000075 52.345192660000066)",Unfall 199551 (2020) Kat:3, Licht: 0,199551,3,5,1,11,14,4,0,0,1,1,0,0
"POINT (9.758919308000031 52.338563324000063)",Unfall 199552 (2020) Kat:3, Licht: 2,199552,3,1,0,10,18,6,1,2,1,0,0,0
"POINT (9.735838227000045 52.420938816000046)",Unfall 199555 (2020) Kat:3, Licht: 2,199555,3,6,2,10,17,6,1,2,0,1,0,0
"POINT (9.663291915000059 52.403167681000070)",Unfall 199560 (2020) Kat:3, Licht: 0,199560,3,1,0,11,14,5,0,0,1,0,0,0
"POINT (9.596347424000044 52.391803158000073)",Unfall 199561 (2020) Kat:2, Licht: 2,199561,2,5,0,10,20,7,0,2,0,1,0,0
"POINT (9.610188473000051 52.416116948000081)",Unfall 199562 (2020) Kat:2, Licht: 2,199562,2,3,5,11,20,4,0,2,0,1,0,0
"POINT (9.800996059000056 52.404839165000055)",Unfall 199563 (2020) Kat:3, Licht: 0,199563,3,2,5,10,15,6,1,0,1,1,0,0
"POINT (9.669279366000069 52.356701986000076)",Unfall 199583 (2020) Kat:2, Licht: 0,199583,2,1,0,11,08,6,1,0,1,0,0,0
"POINT (9.755011541000044 52.367279565000047)",Unfall 199597 (2020) Kat:3, Licht: 0,199597,3,3,5,11,14,2,0,0,1,0,0,0
"POINT (9.739250917000049 52.374392845000045)",Unfall 199601 (2020) Kat:3, Licht: 0,199601,3,7,0,11,13,2,0,0,0,0,1,0
"POINT (9.756202429000041 52.390634976000058)",Unfall 199602 (2020) Kat:3, Licht: 0,199602,3,3,5,11,09,5,0,0,1,1,0,0
"POINT (9.768140009000035 52.400034009000080)",Unfall 199603 (2020) Kat:3, Licht: 0,199603,3,2,2,11,08,4,0,0,0,1,0,0
"POINT (9.720495486000061 52.368671844000062)",Unfall 199605 (2020) Kat:3, Licht: 0,199605,3,5,0,11,10,2,1,0,1,1,0,0
"POINT (9.745554782000056 52.393619314000034)",Unfall 199609 (2020) Kat:3, Licht: 0,199609,3,1,0,11,16,2,1,0,1,0,0,0
"POINT (9.719772909000028 52.366126025000028)",Unfall 199616 (2020) Kat:3, Licht: 0,199616,3,1,0,11,16,4,0,0,1,0,0,0
"POINT (9.794774426000060 52.273974937000048)",Unfall 199619 (2020) Kat:3, Licht: 0,199619,3,7,0,11,16,2,0,0,1,0,0,0
"POINT (9.751891785000055 52.385944200000040)",Unfall 199622 (2020) Kat:3, Licht: 0,199622,3,6,2,11,08,6,0,0,0,1,0,0
"POINT (9.532516102000045 52.201942477000046)",Unfall 199628 (2020) Kat:3, Licht: 0,199628,3,1,8,11,07,2,1,0,0,1,0,0
"POINT (9.457417138000039 52.503338281000026)",Unfall 199631 (2020) Kat:3, Licht: 0,199631,3,7,8,11,09,2,0,0,0,1,0,0
"POINT (9.720015103000037 52.364701611000044)",Unfall 199635 (2020) Kat:2, Licht: 2,199635,2,1,0,11,21,2,1,2,1,0,0,0
"POINT (9.721283387000028 52.354724055000077)",Unfall 199636 (2020) Kat:3, Licht: 1,199636,3,2,5,11,07,6,1,1,1,1,0,0
"POINT (9.741619230000026 52.378429520000054)",Unfall 199641 (2020) Kat:3, Licht: 0,199641,3,4,6,11,15,2,0,0,0,1,1,0
"POINT (9.746444460000021 52.354101480000054)",Unfall 199645 (2020) Kat:3, Licht: 0,199645,3,6,4,11,11,2,0,0,1,0,0,0
"POINT (10.005637377000028 52.446247976000052)",Unfall 199661 (2020) Kat:3, Licht: 0,199661,3,3,5,11,14,7,0,0,0,1,0,0
"POINT (9.711119999000061 52.367225518000055)",Unfall 199663 (2020) Kat:3, Licht: 2,199663,3,1,0,11,17,5,0,2,1,0,0,0
"POINT (9.613852053000073 52.419583206000027)",Unfall 199676 (2020) Kat:3, Licht: 0,199676,3,5,1,11,08,5,0,0,0,1,0,0
"POINT (9.699609538000061 52.355976760000033)",Unfall 199677 (2020) Kat:3, Licht: 2,199677,3,6,2,10,18,7,0,2,0,1,0,0
"POINT (9.974501223000061 52.377817522000043)",Unfall 199678 (2020) Kat:3, Licht: 2,199678,3,4,6,11,18,4,0,2,0,1,1,0
"POINT (9.677777928000069 52.416009766000059)",Unfall 199697 (2020) Kat:3, Licht: 0,199697,3,3,5,10,14,5,0,0,0,1,0,0
"POINT (9.465784395000071 52.504204838000078)",Unfall 199698 (2020) Kat:3, Licht: 0,199698,3,6,2,11,15,6,0,0,0,1,0,0
"POINT (9.746460858000035 52.395308409000052)",Unfall 199704 (2020) Kat:3, Licht: 2,199704,3,3,5,10,19,5,1,2,0,1,0,1
"POINT (9.557658311000068 52.212270481000076)",Unfall 199715 (2020) Kat:3, Licht: 0,199715,3,3,5,10,15,5,0,0,0,1,0,0
"POINT (9.820593621000057 52.359428478000041)",Unfall 199716 (2020) Kat:3, Licht: 0,199716,3,1,0,11,11,7,0,0,1,0,0,0
"POINT (9.816929243000061 52.356669017000058)",Unfall 199719 (2020) Kat:3, Licht: 0,199719,3,7,2,11,12,5,0,0,1,1,0,0
"POINT (9.707163250000065 52.401818778000063)",Unfall 199720 (2020) Kat:3, Licht: 2,199720,3,5,1,11,19,4,0,2,0,1,0,0
"POINT (9.852744560000076 52.491345783000043)",Unfall 199721 (2020) Kat:3, Licht: 0,199721,3,5,0,10,07,5,0,0,1,1,0,0
"POINT (9.717399770000043 52.350805798000067)",Unfall 199724 (2020) Kat:2, Licht: 2,199724,2,3,5,10,22,5,1,2,1,1,0,0
"POINT (9.703047724000044 52.341274945000066)",Unfall 199731 (2020) Kat:2, Licht: 0,199731,2,2,5,11,10,4,0,0,1,1,0,0
"POINT (9.713382374000048 52.371415219000028)",Unfall 199733 (2020) Kat:3, Licht: 0,199733,3,1,0,11,14,1,0,0,1,0,0,0
"POINT (9.692351784000039 52.397182132000069)",Unfall 199745 (2020) Kat:3, Licht: 0,199745,3,6,0,11,15,1,0,0,1,1,0,0
"POINT (9.777543897000044 52.336592669000026)",Unfall 199749 (2020) Kat:3, Licht: 0,199749,3,1,0,11,10,1,1,0,1,0,0,0
"POINT (9.739979341000037 52.369046498000046)",Unfall 199751 (2020) Kat:3, Licht: 0,199751,3,2,6,11,13,6,0,0,0,0,1,0
"POINT (9.699172385000054 52.355701332000081)",Unfall 199755 (2020) Kat:2, Licht: 0,199755,2,6,0,11,11,1,0,0,1,0,0,0
"POINT (9.581539719000034 52.394957479000027)",Unfall 199772 (2020) Kat:3, Licht: 0,199772,3,7,0,11,08,5,0,0,0,1,0,0
"POINT (9.740478011000050 52.374121856000045)",Unfall 199774 (2020) Kat:3, Licht: 0,199774,3,2,0,11,08,5,0,0,1,0,1,0
"POINT (9.743566355000041 52.357261044000040)",Unfall 199781 (2020) Kat:3, Licht: 0,199781,3,2,5,11,13,3,0,0,1,0,0,0
"POINT (9.729845120000050 52.398189175000027)",Unfall 199782 (2020) Kat:3, Licht: 0,199782,3,2,4,11,13,3,0,0,1,1,0,0
"POINT (9.462102413000025 52.503949708000050)",Unfall 199790 (2020) Kat:3, Licht: 2,199790,3,2,5,11,19,4,0,2,0,1,0,0
"POINT (9.713317701000051 52.371435368000050)",Unfall 199795 (2020) Kat:3, Licht: 0,199795,3,1,0,11,09,3,1,0,1,0,0,0
"POINT (9.652276392000033 52.415351503000068)",Unfall 199796 (2020) Kat:3, Licht: 0,199796,3,2,2,11,08,4,0,0,0,1,0,0
"POINT (9.851920966000023 52.437140214000067)",Unfall 199816 (2020) Kat:3, Licht: 0,199816,3,3,5,11,10,7,1,0,0,1,0,0
"POINT (9.771760325000059 52.406619627000055)",Unfall 199818 (2020) Kat:3, Licht: 1,199818,3,6,4,11,16,4,0,1,1,1,0,0
"POINT (9.809449506000021 52.369228012000065)",Unfall 199820 (2020) Kat:3, Licht: 0,199820,3,3,5,11,12,6,0,0,0,1,0,1
"POINT (9.805707927000071 52.301213563000033)",Unfall 199823 (2020) Kat:3, Licht: 2,199823,3,1,1,11,17,7,0,2,0,1,0,0
"POINT (9.772909125000069 52.361309012000049)",Unfall 199835 (2020) Kat:3, Licht: 0,199835,3,3,5,11,11,6,0,0,0,1,0,0
"POINT (9.573082677000059 52.440098178000028)",Unfall 199836 (2020) Kat:3, Licht: 0,199836,3,3,5,11,15,3,1,0,1,1,0,0
"POINT (9.819210620000035 52.400025395000057)",Unfall 199840 (2020) Kat:3, Licht: 0,199840,3,6,2,11,08,5,0,0,0,1,0,0
"POINT (9.669710465000037 52.399839263000047)",Unfall 199841 (2020) Kat:3, Licht: 1,199841,3,6,3,11,16,2,0,1,0,1,0,0
"POINT (9.717196433000026 52.345006547000082)",Unfall 199857 (2020) Kat:3, Licht: 0,199857,3,3,5,11,07,3,0,0,1,1,0,0
"POINT (9.613703997000073 52.315984168000057)",Unfall 199863 (2020) Kat:3, Licht: 0,199863,3,3,5,11,14,3,0,0,0,1,0,0
"POINT (9.610743765000052 52.411003465000078)",Unfall 199875 (2020) Kat:3, Licht: 2,199875,3,7,3,11,17,7,1,2,0,1,0,1
"POINT (9.782389960000046 52.372891172000038)",Unfall 199887 (2020) Kat:3, Licht: 0,199887,3,7,0,11,14,7,1,0,1,0,0,0
"POINT (9.799019701000077 52.376385837000043)",Unfall 199889 (2020) Kat:3, Licht: 0,199889,3,6,2,11,07,4,0,0,0,1,0,0
"POINT (9.669467830000031 52.354832593000026)",Unfall 199890 (2020) Kat:3, Licht: 0,199890,3,5,1,11,10,6,0,0,1,1,0,0
"POINT (9.855628961000036 52.392330544000060)",Unfall 199892 (2020) Kat:3, Licht: 0,199892,3,2,6,11,10,5,0,0,0,1,1,0
"POINT (9.716866351000022 52.386186248000058)",Unfall 199893 (2020) Kat:3, Licht: 2,199893,3,1,0,11,21,5,0,2,1,0,0,0
"POINT (9.701362065000069 52.396061823000082)",Unfall 199894 (2020) Kat:3, Licht: 2,199894,3,7,0,11,05,2,1,2,1,0,0,0
"POINT (9.769269896000026 52.353328773000044)",Unfall 199906 (2020) Kat:3, Licht: 0,199906,3,1,0,11,13,3,1,0,1,0,0,0
"POINT (9.783146630000033 52.398438456000065)",Unfall 199916 (2020) Kat:3, Licht: 0,199916,3,3,5,11,11,1,0,0,1,1,0,0
"POINT (9.925915159000056 52.509452761000034)",Unfall 199930 (2020) Kat:3, Licht: 0,199930,3,2,3,11,14,7,1,0,1,1,0,0
"POINT (9.729989304000071 52.378390897000031)",Unfall 199932 (2020) Kat:3, Licht: 0,199932,3,3,5,11,12,4,0,0,0,1,0,0
"POINT (9.712072548000037 52.399858744000028)",Unfall 199947 (2020) Kat:3, Licht: 0,199947,3,7,0,11,15,4,0,0,1,0,0,0
"POINT (9.717575641000053 52.369995331000041)",Unfall 199949 (2020) Kat:3, Licht: 2,199949,3,1,1,11,19,6,1,2,0,1,0,1
"POINT (9.748932439000043 52.390292900000077)",Unfall 199950 (2020) Kat:3, Licht: 0,199950,3,5,1,11,14,3,1,0,0,1,1,0
"POINT (9.815506109000069 52.380435047000049)",Unfall 199954 (2020) Kat:3, Licht: 0,199954,3,7,6,11,16,2,0,0,0,1,1,0
"POINT (9.747609372000056 52.395112025000060)",Unfall 199961 (2020) Kat:2, Licht: 2,199961,2,2,6,11,06,3,1,2,0,0,1,0
"POINT (9.708424883000021 52.448346418000028)",Unfall 199970 (2020) Kat:3, Licht: 0,199970,3,7,0,11,14,2,0,0,0,1,0,0
"POINT (9.805583169000045 52.307011694000039)",Unfall 199976 (2020) Kat:3, Licht: 0,199976,3,7,0,11,10,2,0,0,0,1,0,0
"POINT (9.669387796000024 52.356333602000063)",Unfall 199985 (2020) Kat:2, Licht: 0,199985,2,1,9,11,19,7,1,0,1,0,0,0
"POINT (9.680389695000031 52.395759229000078)",Unfall 199989 (2020) Kat:3, Licht: 0,199989,3,3,5,11,10,7,1,0,1,1,0,0
"POINT (9.675495609000052 52.433317114000033)",Unfall 200002 (2020) Kat:3, Licht: 0,200002,3,1,0,11,10,3,1,0,0,0,0,1
"POINT (9.768340786000067 52.265285143000028)",Unfall 200004 (2020) Kat:2, Licht: 0,200004,2,4,6,11,16,4,0,0,0,1,1,0
"POINT (9.717447925000045 52.373053723000055)",Unfall 200005 (2020) Kat:3, Licht: 0,200005,3,6,2,11,11,6,0,0,0,1,0,0
"POINT (9.747121720000052 52.373764144000063)",Unfall 200007 (2020) Kat:3, Licht: 0,200007,3,2,2,11,08,5,0,0,0,1,0,0
"POINT (9.814715813000021 52.361969478000049)",Unfall 200008 (2020) Kat:3, Licht: 0,200008,3,3,0,11,12,2,0,0,1,0,1,0
"POINT (9.852726068000038 52.366727361000073)",Unfall 200027 (2020) Kat:3, Licht: 0,200027,3,1,0,11,12,1,0,0,1,0,0,0
"POINT (9.614439651000055 52.448260367000046)",Unfall 200042 (2020) Kat:3, Licht: 0,200042,3,3,5,11,13,7,0,0,0,1,0,0
"POINT (9.723463504000051 52.349698449000073)",Unfall 200043 (2020) Kat:3, Licht: 0,200043,3,7,0,11,16,4,0,0,1,0,0,0
"POINT (9.813058846000047 52.359579434000068)",Unfall 200053 (2020) Kat:3, Licht: 0,200053,3,3,5,11,11,7,0,0,1,1,0,0
"POINT (9.771877311000026 52.344556897000075)",Unfall 200054 (2020) Kat:3, Licht: 1,200054,3,7,0,11,16,4,0,1,1,0,0,0
"POINT (9.741231448000065 52.411356048000073)",Unfall 200055 (2020) Kat:3, Licht: 2,200055,3,6,2,11,16,4,0,2,0,1,0,0
"POINT (9.775552626000035 52.329091841000036)",Unfall 200057 (2020) Kat:3, Licht: 0,200057,3,3,5,11,07,6,1,0,1,0,0,0
"POINT (9.744437663000042 52.377830377000066)",Unfall 200058 (2020) Kat:3, Licht: 0,200058,3,7,2,11,13,3,0,0,0,1,0,0
"POINT (9.813947446000043 52.363298053000051)",Unfall 200074 (2020) Kat:3, Licht: 0,200074,3,2,5,11,13,1,0,0,0,1,0,0
"POINT (9.794406979000030 52.346732172000031)",Unfall 200076 (2020) Kat:3, Licht: 2,200076,3,1,0,11,18,1,0,2,1,0,0,0
"POINT (9.735733115000073 52.384258817000045)",Unfall 200079 (2020) Kat:3, Licht: 2,200079,3,6,2,11,18,6,0,2,0,1,0,1
"POINT (9.615797992000069 52.418766297000047)",Unfall 200081 (2020) Kat:3, Licht: 2,200081,3,2,5,11,22,6,0,2,0,1,0,0
"POINT (9.806825046000029 52.412127249000036)",Unfall 200087 (2020) Kat:3, Licht: 0,200087,3,3,5,11,14,7,0,0,1,1,0,0
"POINT (9.741231400000061 52.393652727000074)",Unfall 200099 (2020) Kat:3, Licht: 2,200099,3,2,5,11,20,2,1,2,0,1,0,1
"POINT (9.754740467000033 52.434814588000052)",Unfall 200102 (2020) Kat:3, Licht: 2,200102,3,3,5,11,05,3,0,2,0,1,0,0
"POINT (9.709421724000038 52.343903111000031)",Unfall 200103 (2020) Kat:3, Licht: 0,200103,3,3,5,11,12,7,0,0,1,1,0,0
"POINT (9.775323815000036 52.400342331000047)",Unfall 200108 (2020) Kat:3, Licht: 0,200108,3,2,5,11,12,7,0,0,1,0,0,0
"POINT (9.730630868000048 52.391375092000033)",Unfall 200113 (2020) Kat:3, Licht: 1,200113,3,2,6,11,17,5,0,1,0,1,1,0
"POINT (9.700724959000070 52.375463943000057)",Unfall 200115 (2020) Kat:3, Licht: 0,200115,3,5,1,11,11,7,0,0,0,1,0,0
"POINT (9.696952522000061 52.341679002000035)",Unfall 200133 (2020) Kat:3, Licht: 0,200133,3,6,2,11,10,6,1,0,0,1,0,0
"POINT (9.756702498000038 52.353990406000037)",Unfall 200138 (2020) Kat:3, Licht: 0,200138,3,7,0,11,10,2,0,0,0,1,0,1
"POINT (9.712703337000050 52.375208953000026)",Unfall 200139 (2020) Kat:2, Licht: 0,200139,2,1,7,11,10,7,0,0,1,0,0,0
"POINT (9.685374553000031 52.411207242000046)",Unfall 200154 (2020) Kat:3, Licht: 0,200154,3,3,5,11,12,3,0,0,1,1,0,0
"POINT (9.691939585000057 52.340238369000076)",Unfall 200159 (2020) Kat:2, Licht: 2,200159,2,6,6,11,18,5,1,2,1,0,1,0
"POINT (9.708326987000021 52.373153820000027)",Unfall 200167 (2020) Kat:3, Licht: 2,200167,3,1,0,11,17,5,1,2,1,0,0,0
"POINT (9.741015873000038 52.398752806000061)",Unfall 200170 (2020) Kat:2, Licht: 0,200170,2,3,5,11,12,5,1,0,1,1,0,0
"POINT (9.692425536000030 52.398129877000031)",Unfall 200172 (2020) Kat:3, Licht: 2,200172,3,2,5,11,06,6,0,2,1,1,0,0
"POINT (9.729658117000042 52.396888401000069)",Unfall 200175 (2020) Kat:3, Licht: 0,200175,3,1,0,11,12,6,1,0,1,0,0,0
"POINT (9.756250353000041 52.390601983000067)",Unfall 200181 (2020) Kat:3, Licht: 2,200181,3,6,2,11,17,6,0,2,0,1,0,0
"POINT (9.741676640000037 52.380239255000049)",Unfall 200202 (2020) Kat:3, Licht: 2,200202,3,3,5,11,19,2,1,2,1,1,0,0
"POINT (9.436905293000052 52.425355336000052)",Unfall 200205 (2020) Kat:3, Licht: 1,200205,3,7,2,11,07,3,0,1,1,0,0,0
"POINT (9.807093147000046 52.308326265000062)",Unfall 200221 (2020) Kat:3, Licht: 0,200221,3,6,2,11,14,4,0,0,0,1,0,0
"POINT (9.815218983000023 52.305416842000056)",Unfall 200222 (2020) Kat:3, Licht: 1,200222,3,3,5,11,07,2,0,1,1,1,0,0
"POINT (9.435033309000062 52.424103813000045)",Unfall 200223 (2020) Kat:3, Licht: 2,200223,3,4,6,11,17,1,0,2,0,1,1,0
"POINT (9.710851051000077 52.359438971000031)",Unfall 200228 (2020) Kat:3, Licht: 1,200228,3,2,5,11,15,2,0,1,0,1,0,0
"POINT (9.710812173000022 52.382707775000029)",Unfall 200235 (2020) Kat:3, Licht: 1,200235,3,7,0,11,16,2,0,1,1,0,0,0
"POINT (9.690861921000021 52.346130764000065)",Unfall 200237 (2020) Kat:3, Licht: 0,200237,3,6,2,11,10,6,1,0,0,1,0,0
"POINT (9.734035747000064 52.415714942000079)",Unfall 200240 (2020) Kat:3, Licht: 0,200240,3,3,5,11,14,2,0,0,0,1,0,0
"POINT (9.757285800000034 52.354292269000041)",Unfall 200242 (2020) Kat:3, Licht: 0,200242,3,2,5,11,15,2,0,0,1,1,0,0
"POINT (9.514784493000036 52.283430054000064)",Unfall 200243 (2020) Kat:3, Licht: 2,200243,3,1,0,11,18,7,1,2,0,1,0,0
"POINT (9.726378988000022 52.324086294000040)",Unfall 200247 (2020) Kat:3, Licht: 0,200247,3,5,1,11,10,6,1,0,1,1,0,0
"POINT (9.758764052000061 52.341313648000039)",Unfall 200250 (2020) Kat:3, Licht: 0,200250,3,3,5,11,08,2,0,0,1,1,0,0
"POINT (9.746389145000023 52.392961269000068)",Unfall 200252 (2020) Kat:2, Licht: 0,200252,2,4,6,11,09,2,0,0,0,1,1,0
"POINT (9.826368518000038 52.297619647000033)",Unfall 200259 (2020) Kat:3, Licht: 0,200259,3,6,2,11,14,4,0,0,0,1,0,0
"POINT (9.968285935000040 52.379690823000033)",Unfall 200260 (2020) Kat:3, Licht: 0,200260,3,1,0,11,13,2,0,0,1,0,0,0
"POINT (9.809063399000024 52.388805841000078)",Unfall 200262 (2020) Kat:3, Licht: 2,200262,3,2,4,11,21,4,0,2,0,1,0,0
"POINT (9.750782093000055 52.376681861000066)",Unfall 200263 (2020) Kat:3, Licht: 2,200263,3,6,3,11,16,2,0,2,1,0,0,0
"POINT (9.733617664000065 52.375595550000071)",Unfall 200267 (2020) Kat:3, Licht: 1,200267,3,2,5,11,16,5,1,1,1,1,0,0
"POINT (9.746192647000044 52.386298040000042)",Unfall 200268 (2020) Kat:3, Licht: 0,200268,3,1,0,11,12,2,0,0,0,0,0,0
"POINT (9.740898026000025 52.374940351000077)",Unfall 200271 (2020) Kat:3, Licht: 0,200271,3,4,6,11,14,4,0,0,1,0,1,0
"POINT (9.782626585000060 52.335421084000075)",Unfall 200286 (2020) Kat:3, Licht: 0,200286,3,1,9,11,08,6,1,0,0,1,0,0
"POINT (9.774722297000039 52.371422025000072)",Unfall 200288 (2020) Kat:3, Licht: 1,200288,3,2,2,11,07,5,1,1,0,1,1,0
"POINT (9.667511500000046 52.445763315000079)",Unfall 200290 (2020) Kat:2, Licht: 0,200290,2,7,0,11,10,5,0,0,1,0,0,0
"POINT (10.026239760000067 52.461224953000055)",Unfall 200291 (2020) Kat:3, Licht: 2,200291,3,2,3,11,06,2,0,2,1,1,0,0
"POINT (9.749477196000044 52.376804900000081)",Unfall 200293 (2020) Kat:3, Licht: 0,200293,3,6,2,11,14,5,1,0,0,1,0,0
"POINT (9.723613527000055 52.387286250000045)",Unfall 200298 (2020) Kat:3, Licht: 0,200298,3,2,5,11,15,5,0,0,1,1,0,0
"POINT (9.801036912000029 52.305435538000040)",Unfall 200300 (2020) Kat:3, Licht: 0,200300,3,7,5,11,10,5,0,0,0,1,0,0
"POINT (9.782813976000057 52.516846453000028)",Unfall 200303 (2020) Kat:3, Licht: 0,200303,3,2,4,11,13,4,0,0,1,1,0,0
"POINT (9.751371158000040 52.398143593000043)",Unfall 200307 (2020) Kat:3, Licht: 0,200307,3,3,5,11,13,3,0,0,1,0,0,0
"POINT (9.756384347000051 52.390652961000058)",Unfall 200308 (2020) Kat:3, Licht: 2,200308,3,1,0,11,07,5,1,2,0,0,0,1
"POINT (9.733044807000056 52.307384318000061)",Unfall 200309 (2020) Kat:3, Licht: 0,200309,3,3,5,11,14,4,0,0,1,1,0,0
"POINT (9.688960225000074 52.377145397000049)",Unfall 200319 (2020) Kat:2, Licht: 0,200319,2,1,0,11,14,5,1,0,1,0,0,0
"POINT (9.427839338000069 52.429011857000035)",Unfall 200332 (2020) Kat:3, Licht: 0,200332,3,3,5,12,09,6,0,0,0,1,0,0
"POINT (9.836938027000031 52.421195072000046)",Unfall 200333 (2020) Kat:3, Licht: 2,200333,3,2,5,12,15,5,1,2,0,1,0,0
"POINT (9.735095738000041 52.391481067000029)",Unfall 200346 (2020) Kat:3, Licht: 0,200346,3,7,1,12,11,2,1,0,0,0,0,1
"POINT (9.713434398000061 52.369904146000067)",Unfall 200357 (2020) Kat:3, Licht: 0,200357,3,4,6,12,12,6,0,0,1,0,1,0
"POINT (9.770760887000051 52.375894697000035)",Unfall 200359 (2020) Kat:3, Licht: 2,200359,3,1,0,12,07,2,1,2,1,0,0,0
"POINT (9.434561779000035 52.417265400000076)",Unfall 200375 (2020) Kat:3, Licht: 2,200375,3,3,5,12,20,4,1,2,0,1,0,0
"POINT (9.811840872000062 52.305471577000048)",Unfall 200380 (2020) Kat:3, Licht: 0,200380,3,7,0,12,12,4,0,0,1,0,0,0
"POINT (9.733566663000033 52.392884132000063)",Unfall 200382 (2020) Kat:3, Licht: 2,200382,3,3,5,12,20,4,0,2,1,0,0,0
"POINT (9.750027489000047 52.269217786000070)",Unfall 200384 (2020) Kat:3, Licht: 2,200384,3,3,5,12,07,4,0,2,1,1,0,0
"POINT (9.610901449000039 52.414686149000033)",Unfall 200385 (2020) Kat:3, Licht: 0,200385,3,2,2,12,15,5,1,0,0,1,0,0
"POINT (9.728874668000060 52.558500218000063)",Unfall 200389 (2020) Kat:3, Licht: 0,200389,3,3,5,12,15,4,1,0,1,1,0,0
"POINT (9.742465487000061 52.438567538000029)",Unfall 200391 (2020) Kat:3, Licht: 2,200391,3,7,2,12,06,4,0,2,1,1,0,0
"POINT (9.835852313000032 52.335831760000076)",Unfall 200394 (2020) Kat:3, Licht: 2,200394,3,3,5,12,20,6,0,2,0,1,0,1
"POINT (9.752606539000055 52.394451015000072)",Unfall 200396 (2020) Kat:3, Licht: 0,200396,3,4,6,12,12,6,0,0,0,1,1,0
"POINT (9.819330724000054 52.383770217000063)",Unfall 200401 (2020) Kat:3, Licht: 0,200401,3,1,0,12,12,4,1,0,1,0,0,0
"POINT (9.790330089000065 52.395888230000082)",Unfall 200403 (2020) Kat:3, Licht: 0,200403,3,7,0,12,13,4,1,0,1,0,0,0
"POINT (9.805272690000038 52.411193846000060)",Unfall 200407 (2020) Kat:2, Licht: 2,200407,2,2,6,12,20,3,1,2,0,1,1,0
"POINT (9.741009480000059 52.398796466000078)",Unfall 200409 (2020) Kat:3, Licht: 2,200409,3,3,5,12,06,4,0,2,1,1,0,0
"POINT (9.437171926000076 52.422348318000047)",Unfall 200411 (2020) Kat:3, Licht: 2,200411,3,7,9,12,07,2,1,2,1,0,0,0
"POINT (9.754302612000060 52.368614457000035)",Unfall 200422 (2020) Kat:3, Licht: 2,200422,3,3,5,12,19,5,0,2,1,1,0,0
"POINT (9.733336139000073 52.392238864000035)",Unfall 200423 (2020) Kat:3, Licht: 1,200423,3,3,5,12,08,5,1,1,0,1,0,0
"POINT (9.729715511000052 52.392556178000063)",Unfall 200437 (2020) Kat:3, Licht: 2,200437,3,5,0,12,17,5,0,2,1,1,0,0
"POINT (9.776636315000076 52.332859066000026)",Unfall 200452 (2020) Kat:3, Licht: 2,200452,3,4,6,12,07,2,1,2,0,1,1,0
"POINT (9.736787351000032 52.376911237000058)",Unfall 200454 (2020) Kat:3, Licht: 0,200454,3,2,2,12,10,5,1,0,1,0,0,0
"POINT (9.430528509000055 52.419540714000050)",Unfall 200464 (2020) Kat:2, Licht: 2,200464,2,3,5,12,07,6,1,2,1,1,0,0
"POINT (9.843264193000039 52.413725814000031)",Unfall 200466 (2020) Kat:2, Licht: 2,200466,2,1,0,12,17,2,1,2,1,0,0,0
"POINT (9.741671633000067 52.375621410000065)",Unfall 200468 (2020) Kat:3, Licht: 0,200468,3,3,5,12,09,5,1,0,1,1,0,0
"POINT (9.764775498000063 52.418709808000074)",Unfall 200478 (2020) Kat:3, Licht: 0,200478,3,6,2,12,11,5,0,0,0,1,0,0
"POINT (9.723776813000029 52.342501014000050)",Unfall 200482 (2020) Kat:3, Licht: 0,200482,3,6,6,12,15,4,0,0,1,0,1,0
"POINT (9.719246805000068 52.374438535000081)",Unfall 200488 (2020) Kat:2, Licht: 0,200488,2,4,6,12,15,6,0,0,1,0,1,0
"POINT (9.819043613000076 52.390562808000027)",Unfall 200489 (2020) Kat:3, Licht: 0,200489,3,3,5,12,13,5,1,0,1,1,0,0
"POINT (9.761335755000062 52.379964564000034)",Unfall 200494 (2020) Kat:3, Licht: 0,200494,3,3,5,12,08,5,1,0,1,1,0,0
"POINT (9.669698802000028 52.413653192000027)",Unfall 200503 (2020) Kat:3, Licht: 0,200503,3,5,1,12,15,6,0,0,0,1,0,0
"POINT (9.438736472000073 52.424055506000059)",Unfall 200505 (2020) Kat:3, Licht: 2,200505,3,3,5,12,17,2,0,2,1,1,0,0
"POINT (9.709312420000060 52.375952049000034)",Unfall 200514 (2020) Kat:3, Licht: 2,200514,3,3,5,12,07,6,1,2,1,1,0,0
"POINT (10.019761303000053 52.436397064000062)",Unfall 200516 (2020) Kat:3, Licht: 1,200516,3,2,5,12,07,3,0,1,1,1,0,0