WKT,Name,OBJECTID,UKATEGORIE,UTYP1,UART,UMONAT,USTUNDE,UWOCHENTAG,STRZUSTAND,ULICHTVERH,ISTRAD,ISTPKW,ISTFUSS,ISTKRAD
"POINT (9.781392158000074 52.408944662000067)",Unfall 200519 (2020) Kat:3, Licht: 1,200519,3,2,6,12,07,5,1,1,0,1,1,0
"POINT (9.740175514000043 52.401774364000062)",Unfall 200522 (2020) Kat:3, Licht: 1,200522,3,3,5,12,07,5,1,1,1,1,0,0
"POINT (9.689133651000077 52.377151030000050)",Unfall 200530 (2020) Kat:3, Licht: 2,200530,3,3,5,12,18,5,0,2,1,1,0,0
"POINT (9.782297236000034 52.372667005000039)",Unfall 200531 (2020) Kat:3, Licht: 1,200531,3,3,5,12,07,5,1,1,1,1,0,0
"POINT (9.750633092000044 52.375509985000065)",Unfall 200535 (2020) Kat:3, Licht: 0,200535,3,6,2,12,12,3,1,0,0,1,0,0
"POINT (9.738056601000039 52.440907816000049)",Unfall 200537 (2020) Kat:3, Licht: 0,200537,3,3,5,12,11,3,1,0,1,1,0,0
"POINT (9.466006481000022 52.637612427000079)",Unfall 200539 (2020) Kat:1, Licht: 1,200539,1,1,9,12,07,3,1,1,0,1,0,0
"POINT (9.722184881000032 52.417270076000079)",Unfall 200541 (2020) Kat:2, Licht: 2,200541,2,3,5,12,06,3,1,2,1,0,0,0
"POINT (9.713288433000059 52.371444487000076)",Unfall 200542 (2020) Kat:2, Licht: 0,200542,2,1,0,12,13,5,1,0,1,0,0,0
"POINT (9.723655520000023 52.386763502000065)",Unfall 200546 (2020) Kat:3, Licht: 2,200546,3,7,0,12,00,3,1,2,1,0,0,0
"POINT (9.762658875000057 52.415880967000078)",Unfall 200548 (2020) Kat:3, Licht: 0,200548,3,3,5,12,14,3,1,0,1,1,0,0
"POINT (9.833649959000070 52.347069265000073)",Unfall 200551 (2020) Kat:3, Licht: 1,200551,3,6,4,12,16,1,1,1,0,1,0,0
"POINT (9.775418957000056 52.363372295000033)",Unfall 200557 (2020) Kat:3, Licht: 2,200557,3,2,5,12,07,2,1,2,1,1,0,0
"POINT (9.801080325000044 52.305210393000038)",Unfall 200559 (2020) Kat:3, Licht: 0,200559,3,3,5,12,11,7,1,0,0,1,0,0
"POINT (9.736937288000036 52.404601200000059)",Unfall 200565 (2020) Kat:3, Licht: 2,200565,3,2,4,12,17,6,0,2,0,1,0,0
"POINT (10.110062191000054 52.356921939000074)",Unfall 200567 (2020) Kat:3, Licht: 0,200567,3,7,0,12,15,2,1,0,1,0,1,0
"POINT (9.713271119000069 52.371449882000036)",Unfall 200578 (2020) Kat:3, Licht: 0,200578,3,1,0,12,13,5,1,0,1,0,0,0
"POINT (9.718318286000056 52.331534263000037)",Unfall 200585 (2020) Kat:3, Licht: 0,200585,3,2,4,12,10,2,0,0,1,1,0,0
"POINT (9.825316336000071 52.353020116000039)",Unfall 200588 (2020) Kat:3, Licht: 0,200588,3,1,0,12,14,2,1,0,1,0,0,0
"POINT (9.656018695000057 52.171174701000041)",Unfall 200590 (2020) Kat:3, Licht: 0,200590,3,7,9,12,14,2,1,0,0,1,0,0
"POINT (9.792339105000053 52.379974790000063)",Unfall 200592 (2020) Kat:3, Licht: 0,200592,3,7,0,12,16,7,1,0,1,0,0,0
"POINT (9.916481265000073 52.377283467000041)",Unfall 200594 (2020) Kat:3, Licht: 0,200594,3,1,0,12,13,7,1,0,1,0,0,0
"POINT (9.738812887000051 52.437551010000050)",Unfall 200595 (2020) Kat:3, Licht: 2,200595,3,1,9,12,02,7,0,2,0,1,0,0
"POINT (10.007289317000073 52.447179492000032)",Unfall 200596 (2020) Kat:3, Licht: 0,200596,3,6,2,12,11,7,1,0,1,1,0,0
"POINT (9.669958298000040 52.361889568000038)",Unfall 200597 (2020) Kat:3, Licht: 2,200597,3,1,0,12,17,7,0,2,1,0,0,0
"POINT (9.467534786000044 52.505173282000044)",Unfall 200598 (2020) Kat:3, Licht: 0,200598,3,7,1,12,12,2,1,0,0,1,0,0
"POINT (9.732178059000034 52.547794825000040)",Unfall 200600 (2020) Kat:3, Licht: 2,200600,3,3,5,12,18,2,1,2,0,1,0,0
"POINT (9.720498460000044 52.373414354000033)",Unfall 200603 (2020) Kat:3, Licht: 0,200603,3,1,0,12,12,3,1,0,1,0,0,0
"POINT (9.711000425000066 52.445751114000075)",Unfall 200606 (2020) Kat:3, Licht: 2,200606,3,6,2,12,06,2,1,2,0,1,0,0
"POINT (9.804865479000057 52.409470204000058)",Unfall 200609 (2020) Kat:2, Licht: 2,200609,2,2,5,12,18,2,1,2,0,1,0,1
"POINT (9.371809925000036 52.453925845000072)",Unfall 200638 (2020) Kat:3, Licht: 0,200638,3,3,5,12,14,6,0,0,1,1,0,0
"POINT (9.467271824000022 52.304497336000054)",Unfall 200640 (2020) Kat:3, Licht: 0,200640,3,7,0,12,10,6,0,0,0,1,0,0
"POINT (9.733512626000049 52.545712286000082)",Unfall 200642 (2020) Kat:3, Licht: 0,200642,3,2,3,12,09,6,1,0,1,1,0,0
"POINT (9.735691617000043 52.384974394000039)",Unfall 200644 (2020) Kat:3, Licht: 0,200644,3,3,5,12,11,6,0,0,0,1,0,0
"POINT (9.794111874000066 52.393800985000041)",Unfall 200658 (2020) Kat:3, Licht: 2,200658,3,6,2,12,16,3,1,2,0,1,0,0
"POINT (9.808633732000033 52.385733533000064)",Unfall 200671 (2020) Kat:3, Licht: 1,200671,3,3,5,12,07,5,1,1,1,1,0,0
"POINT (9.822923739000032 52.383185982000043)",Unfall 200674 (2020) Kat:3, Licht: 1,200674,3,2,4,12,15,5,0,1,1,1,0,0
"POINT (9.685071356000037 52.358257989000037)",Unfall 200675 (2020) Kat:3, Licht: 2,200675,3,7,0,12,07,5,0,2,1,0,1,0
"POINT (9.741727724000043 52.398598960000072)",Unfall 200676 (2020) Kat:3, Licht: 0,200676,3,3,0,12,15,5,1,0,1,1,0,0
"POINT (9.745228789000066 52.382443675000047)",Unfall 200679 (2020) Kat:3, Licht: 0,200679,3,4,6,12,14,5,1,0,0,1,1,0
"POINT (9.612194538000040 52.419840455000042)",Unfall 200680 (2020) Kat:3, Licht: 0,200680,3,2,3,12,14,5,0,0,1,0,0,0
"POINT (9.731201677000058 52.398442341000077)",Unfall 200682 (2020) Kat:3, Licht: 0,200682,3,7,0,12,14,1,1,0,1,0,0,0
"POINT (9.702796665000051 52.369328014000075)",Unfall 200683 (2020) Kat:3, Licht: 2,200683,3,3,0,12,21,5,0,2,0,1,0,0
"POINT (9.727526269000066 52.382375186000047)",Unfall 200691 (2020) Kat:3, Licht: 0,200691,3,3,5,12,14,1,1,0,1,1,0,0
"POINT (9.763543713000047 52.368942513000036)",Unfall 200704 (2020) Kat:3, Licht: 0,200704,3,2,5,12,14,4,1,0,1,1,0,0
"POINT (9.688967202000072 52.363745447000042)",Unfall 200706 (2020) Kat:3, Licht: 0,200706,3,1,0,12,13,4,0,0,1,0,0,0
"POINT (9.656168023000021 52.243975550000073)",Unfall 200708 (2020) Kat:3, Licht: 0,200708,3,6,4,12,12,4,1,0,0,1,0,0
"POINT (9.710360721000029 52.367306517000031)",Unfall 200709 (2020) Kat:2, Licht: 0,200709,2,1,0,12,13,4,1,0,1,0,0,0
"POINT (9.691939585000057 52.340238369000076)",Unfall 200710 (2020) Kat:3, Licht: 0,200710,3,7,0,12,14,2,1,0,1,0,1,0
"POINT (9.680303469000023 52.396004334000054)",Unfall 200711 (2020) Kat:3, Licht: 0,200711,3,3,5,12,09,3,1,0,1,1,0,0
"POINT (9.693722014000059 52.365278122000063)",Unfall 200715 (2020) Kat:3, Licht: 0,200715,3,4,6,12,12,1,0,0,0,1,1,0
"POINT (9.727476633000038 52.438908232000074)",Unfall 200717 (2020) Kat:3, Licht: 1,200717,3,2,4,12,17,7,0,1,0,1,0,0
"POINT (9.743610002000025 52.389951171000064)",Unfall 200721 (2020) Kat:2, Licht: 1,200721,2,5,1,12,16,7,0,1,1,1,0,0
"POINT (9.775988804000065 52.269177718000037)",Unfall 200728 (2020) Kat:3, Licht: 2,200728,3,3,5,12,19,1,0,2,0,1,0,0
"POINT (9.725761024000065 52.369461581000053)",Unfall 200730 (2020) Kat:3, Licht: 0,200730,3,4,6,12,12,2,0,0,0,1,1,0
"POINT (9.792922060000024 52.432341631000043)",Unfall 200732 (2020) Kat:3, Licht: 0,200732,3,3,5,12,12,2,0,0,1,1,0,0
"POINT (9.602149926000038 52.435537786000054)",Unfall 200750 (2020) Kat:3, Licht: 2,200750,3,7,0,12,18,2,1,2,1,0,0,0
"POINT (9.654628277000029 52.410003987000039)",Unfall 200758 (2020) Kat:3, Licht: 2,200758,3,4,6,12,16,3,1,2,0,1,1,0
"POINT (9.750374440000030 52.375226882000049)",Unfall 200760 (2020) Kat:3, Licht: 2,200760,3,1,0,12,20,3,1,2,0,0,0,1
"POINT (9.740153632000045 52.375812373000031)",Unfall 200761 (2020) Kat:3, Licht: 0,200761,3,1,0,12,12,3,0,0,1,0,0,0
"POINT (9.747914917000060 52.352216560000045)",Unfall 200763 (2020) Kat:3, Licht: 2,200763,3,1,4,12,16,3,1,2,0,1,0,0
"POINT (10.092134817000044 52.388186535000045)",Unfall 200764 (2020) Kat:3, Licht: 2,200764,3,3,5,12,06,3,1,2,1,1,0,0
"POINT (9.753511401000026 52.441530001000046)",Unfall 200767 (2020) Kat:3, Licht: 2,200767,3,3,5,12,16,3,1,2,1,1,0,0
"POINT (10.009357122000040 52.455022811000049)",Unfall 200768 (2020) Kat:3, Licht: 0,200768,3,7,0,12,10,3,1,0,1,0,0,0
"POINT (9.728567911000027 52.394601465000051)",Unfall 200770 (2020) Kat:3, Licht: 2,200770,3,2,6,12,18,3,1,2,0,1,1,0
"POINT (9.804245999000045 52.391227772000036)",Unfall 200772 (2020) Kat:3, Licht: 2,200772,3,2,6,12,16,3,1,2,0,1,1,0
"POINT (9.813452170000062 52.389695079000035)",Unfall 200773 (2020) Kat:3, Licht: 2,200773,3,4,6,12,16,3,1,2,0,1,1,0
"POINT (9.678357910000045 52.435701609000034)",Unfall 200774 (2020) Kat:3, Licht: 0,200774,3,3,5,12,15,2,0,0,1,1,0,0
"POINT (9.765415298000050 52.418198155000027)",Unfall 200776 (2020) Kat:3, Licht: 0,200776,3,4,6,12,13,3,1,0,0,1,1,0
"POINT (9.763845838000066 52.360323532000052)",Unfall 200815 (2020) Kat:3, Licht: 2,200815,3,5,1,12,17,3,1,2,0,1,0,0
"POINT (9.760398354000074 52.410421304000067)",Unfall 200832 (2020) Kat:3, Licht: 2,200832,3,2,6,12,21,2,1,2,0,1,1,0
"POINT (9.690651363000029 52.375540339000054)",Unfall 200834 (2020) Kat:3, Licht: 2,200834,3,7,6,12,18,2,1,2,0,1,1,0
"POINT (9.714258812000026 52.371772007000061)",Unfall 200865 (2020) Kat:3, Licht: 2,200865,3,6,2,12,18,2,1,2,0,1,0,0
"POINT (9.754162361000056 52.445411503000059)",Unfall 200868 (2020) Kat:3, Licht: 0,200868,3,3,5,12,12,2,0,0,1,1,0,0
"POINT (9.609304066000050 52.344724196000072)",Unfall 200898 (2020) Kat:2, Licht: 2,200898,2,5,0,12,18,1,1,2,1,1,0,0
"POINT (9.617411952000055 52.443276007000065)",Unfall 200936 (2020) Kat:3, Licht: 2,200936,3,3,5,12,18,5,1,2,0,1,0,0
"POINT (9.702122068000051 52.328900230000045)",Unfall 200938 (2020) Kat:3, Licht: 0,200938,3,3,5,12,11,6,0,0,0,1,0,0
"POINT (9.737446593000072 52.450237646000062)",Unfall 200946 (2020) Kat:3, Licht: 0,200946,3,2,6,12,13,6,0,0,0,1,1,0
"POINT (9.943090078000068 52.442849025000044)",Unfall 200949 (2020) Kat:3, Licht: 2,200949,3,6,9,12,23,6,2,2,0,1,0,0
"POINT (9.774268299000028 52.372905568000078)",Unfall 200951 (2020) Kat:3, Licht: 0,200951,3,3,5,12,13,6,0,0,1,1,0,0
"POINT (9.749173983000048 52.370648906000042)",Unfall 200953 (2020) Kat:3, Licht: 2,200953,3,6,6,12,20,4,0,2,1,0,1,0
"POINT (9.686884391000035 52.326607401000047)",Unfall 200964 (2020) Kat:3, Licht: 0,200964,3,5,4,12,13,4,0,0,1,1,0,0
"POINT (9.843938683000033 52.357107154000062)",Unfall 200969 (2020) Kat:3, Licht: 0,200969,3,1,0,12,08,3,2,0,1,0,0,0
"POINT (9.763273616000049 52.395198123000057)",Unfall 200971 (2020) Kat:3, Licht: 0,200971,3,7,0,12,11,5,1,0,0,1,0,0
"POINT (9.797808383000074 52.344235508000054)",Unfall 200982 (2020) Kat:3, Licht: 0,200982,3,7,0,12,08,3,2,0,1,0,0,0
"POINT (9.854633853000053 52.358980371000030)",Unfall 200984 (2020) Kat:3, Licht: 2,200984,3,2,2,12,17,4,0,2,1,1,0,0
"POINT (9.684337341000060 52.364791565000075)",Unfall 200987 (2020) Kat:3, Licht: 0,200987,3,6,3,12,14,4,0,0,1,1,0,0
"POINT (9.746571308000057 52.383230987000047)",Unfall 200994 (2020) Kat:3, Licht: 0,200994,3,1,0,12,10,3,1,0,1,0,0,0
"POINT (9.829073608000044 52.320823949000044)",Unfall 201004 (2020) Kat:3, Licht: 0,201004,3,7,7,12,14,4,0,0,1,0,0,0
"POINT (9.462013290000073 52.503883176000045)",Unfall 201027 (2020) Kat:3, Licht: 2,201027,3,2,4,12,17,4,1,2,0,1,0,0
"POINT (9.652288221000049 52.417048852000050)",Unfall 201043 (2020) Kat:3, Licht: 0,201043,3,6,2,12,13,4,1,0,0,1,0,0
"POINT (9.554253369000037 52.207142701000066)",Unfall 201048 (2020) Kat:3, Licht: 0,201048,3,3,5,12,14,4,1,0,1,1,0,0
"POINT (9.727177674000075 52.445081452000068)",Unfall 201049 (2020) Kat:3, Licht: 0,201049,3,3,5,12,14,4,1,0,1,1,0,0
"POINT (9.593550797000034 52.421022135000044)",Unfall 201084 (2020) Kat:3, Licht: 2,201084,3,6,2,12,16,4,1,2,0,1,0,0
"POINT (9.516462375000060 52.340974913000082)",Unfall 1 (2021) Kat:3, Licht: 0,1,3,3,5,01,09,3,,0,0,1,0,0
"POINT (9.418603962000077 52.325346169000056)",Unfall 2 (2021) Kat:3, Licht: 2,2,3,7,2,01,06,4,,2,0,1,0,0
"POINT (9.615520799000024 52.330150515000071)",Unfall 3 (2021) Kat:3, Licht: 0,3,3,1,9,01,11,5,,0,0,0,0,0
"POINT (9.515442220000068 52.412436810000031)",Unfall 4 (2021) Kat:3, Licht: 2,4,3,1,3,01,17,4,,2,0,1,0,0
"POINT (9.827107866000063 52.343379910000067)",Unfall 5 (2021) Kat:3, Licht: 0,5,3,4,6,02,12,1,,0,0,1,1,0
"POINT (9.754259057000070 52.355435336000028)",Unfall 6 (2021) Kat:3, Licht: 0,6,3,2,4,02,15,2,,0,0,1,0,0
"POINT (9.752978941000038 52.369950048000078)",Unfall 7 (2021) Kat:3, Licht: 0,7,3,3,5,01,13,3,,0,0,1,0,0
"POINT (9.643233990000056 52.422852620000072)",Unfall 8 (2021) Kat:3, Licht: 0,8,3,6,9,02,12,4,,0,0,1,0,0
"POINT (9.728283278000049 52.374197817000038)",Unfall 9 (2021) Kat:3, Licht: 0,9,3,6,2,01,16,5,,0,0,1,0,0
"POINT (9.552733057000069 52.421359955000071)",Unfall 10 (2021) Kat:3, Licht: 2,10,3,7,8,01,06,2,,2,0,1,0,0
"POINT (9.731794852000064 52.430621192000046)",Unfall 11 (2021) Kat:3, Licht: 0,11,3,6,6,01,15,4,,0,0,1,1,0
"POINT (9.827288053000075 52.355671970000060)",Unfall 12 (2021) Kat:3, Licht: 2,12,3,3,5,02,06,5,,2,1,1,0,0
"POINT (9.822685817000036 52.486299653000060)",Unfall 13 (2021) Kat:3, Licht: 0,13,3,1,8,02,12,2,,0,0,1,0,0
"POINT (9.679879727000070 52.193758716000048)",Unfall 14 (2021) Kat:2, Licht: 2,14,2,1,8,01,19,6,,2,0,0,0,0
"POINT (9.472519307000027 52.385710331000041)",Unfall 15 (2021) Kat:2, Licht: 0,15,2,6,3,02,16,5,,0,0,1,0,0
"POINT (9.757307213000047 52.370222740000031)",Unfall 16 (2021) Kat:3, Licht: 0,16,3,2,2,01,11,7,,0,0,1,0,0
"POINT (9.760262146000059 52.347225429000048)",Unfall 17 (2021) Kat:3, Licht: 0,17,3,1,0,01,15,4,,0,1,0,0,0
"POINT (9.829886855000041 52.339476739000077)",Unfall 18 (2021) Kat:3, Licht: 0,18,3,2,2,01,13,3,,0,0,1,0,0
"POINT (9.969042438000031 52.331343856000046)",Unfall 19 (2021) Kat:2, Licht: 2,19,2,1,9,01,17,2,,2,0,1,0,0
"POINT (9.855414926000037 52.535808684000074)",Unfall 20 (2021) Kat:2, Licht: 0,20,2,6,4,02,07,5,,0,0,1,0,0
"POINT (9.726842318000024 52.544571038000072)",Unfall 21 (2021) Kat:3, Licht: 2,21,3,3,5,01,17,5,,2,1,1,0,0
"POINT (9.464855713000077 52.350393988000064)",Unfall 22 (2021) Kat:3, Licht: 0,22,3,2,2,01,11,4,,0,0,1,0,0
"POINT (9.587001034000025 52.211540956000078)",Unfall 23 (2021) Kat:3, Licht: 0,23,3,1,8,01,11,6,,0,0,0,0,0
"POINT (9.784717101000069 52.566990916000066)",Unfall 24 (2021) Kat:3, Licht: 0,24,3,6,3,02,12,7,,0,0,1,0,0
"POINT (9.870112383000048 52.310263547000034)",Unfall 25 (2021) Kat:2, Licht: 0,25,2,2,4,01,11,2,,0,0,1,0,0
"POINT (9.403225896000038 52.330950511000026)",Unfall 26 (2021) Kat:3, Licht: 2,26,3,6,2,01,21,4,,2,0,1,0,0
"POINT (9.665537311000037 52.332813855000040)",Unfall 27 (2021) Kat:3, Licht: 2,27,3,7,0,02,18,2,,2,1,0,0,0
"POINT (9.714989127000024 52.366630810000061)",Unfall 28 (2021) Kat:3, Licht: 0,28,3,4,6,01,10,3,,0,0,1,1,0
"POINT (9.665439363000075 52.334040746000028)",Unfall 29 (2021) Kat:2, Licht: 2,29,2,2,4,02,17,4,,2,0,1,0,0
"POINT (9.740975099000025 52.427520833000074)",Unfall 30 (2021) Kat:3, Licht: 2,30,3,1,8,01,01,6,,2,0,0,0,0
"POINT (9.414205525000057 52.419863117000034)",Unfall 31 (2021) Kat:3, Licht: 0,31,3,7,8,02,13,6,,0,0,1,0,0
"POINT (9.718286729000056 52.354741693000051)",Unfall 32 (2021) Kat:3, Licht: 0,32,3,7,6,02,11,7,,0,0,1,1,0
"POINT (9.734715211000037 52.368742947000044)",Unfall 33 (2021) Kat:3, Licht: 0,33,3,1,0,01,14,4,,0,1,0,0,0
"POINT (9.786198753000065 52.565444703000026)",Unfall 34 (2021) Kat:3, Licht: 2,34,3,1,3,01,17,6,,2,0,1,0,0
"POINT (9.688329661000068 52.388815344000079)",Unfall 35 (2021) Kat:3, Licht: 0,35,3,6,2,01,13,2,,0,0,1,0,0
"POINT (9.771781291000025 52.342960258000062)",Unfall 36 (2021) Kat:3, Licht: 1,36,3,6,2,01,16,2,,1,0,1,0,0
"POINT (9.734074653000050 52.387426508000033)",Unfall 37 (2021) Kat:3, Licht: 2,37,3,4,6,01,04,4,,2,0,1,1,0
"POINT (9.722572044000060 52.362549609000041)",Unfall 38 (2021) Kat:3, Licht: 2,38,3,1,8,01,21,3,,2,0,1,0,0
"POINT (9.493585070000051 52.338568524000038)",Unfall 39 (2021) Kat:3, Licht: 0,39,3,3,5,02,16,7,,0,1,1,0,0
"POINT (9.640584615000023 52.472889925000061)",Unfall 40 (2021) Kat:3, Licht: 0,40,3,3,5,01,15,1,,0,0,1,0,0
"POINT (10.185372175000055 52.431139493000046)",Unfall 41 (2021) Kat:3, Licht: 0,41,3,3,5,02,15,6,,0,0,1,0,1
"POINT (9.448237020000022 52.566279242000064)",Unfall 42 (2021) Kat:3, Licht: 0,42,3,1,8,02,15,4,,0,0,1,0,0
"POINT (9.607145815000024 52.308063367000045)",Unfall 43 (2021) Kat:3, Licht: 2,43,3,2,6,01,17,7,,2,0,1,1,0
"POINT (9.700118271000065 52.416162760000077)",Unfall 44 (2021) Kat:3, Licht: 0,44,3,6,2,02,15,4,,0,0,1,0,0
"POINT (9.735594640000045 52.403304392000052)",Unfall 45 (2021) Kat:3, Licht: 2,45,3,6,2,01,00,6,,2,0,1,0,0
"POINT (9.882967891000021 52.359219098000040)",Unfall 46 (2021) Kat:3, Licht: 0,46,3,1,9,02,08,3,,0,0,1,0,0
"POINT (10.045645215000036 52.479713177000065)",Unfall 47 (2021) Kat:3, Licht: 2,47,3,3,5,02,19,3,,2,0,1,0,0
"POINT (9.449691128000040 52.523230830000045)",Unfall 48 (2021) Kat:2, Licht: 0,48,2,1,8,01,08,3,,0,0,1,0,0
"POINT (9.648279955000021 52.412767923000047)",Unfall 49 (2021) Kat:3, Licht: 0,49,3,3,5,01,15,7,,0,0,1,0,0
"POINT (9.646387007000044 52.400752086000068)",Unfall 50 (2021) Kat:3, Licht: 2,50,3,2,2,01,16,2,,2,0,1,0,0
"POINT (9.776119820000076 52.269183319000035)",Unfall 51 (2021) Kat:3, Licht: 2,51,3,2,2,01,17,6,,2,0,1,0,0
"POINT (9.739993779000031 52.462145293000049)",Unfall 52 (2021) Kat:3, Licht: 1,52,3,2,2,02,16,2,,1,0,1,0,0
"POINT (9.783417756000063 52.568527190000054)",Unfall 53 (2021) Kat:3, Licht: 2,53,3,6,2,01,07,3,,2,0,1,0,0
"POINT (9.996893929000066 52.446537396000053)",Unfall 54 (2021) Kat:3, Licht: 2,54,3,3,0,01,17,3,,2,0,1,0,0
"POINT (9.990151935000029 52.372399542000039)",Unfall 55 (2021) Kat:3, Licht: 0,55,3,3,5,01,10,2,,0,0,1,0,0
"POINT (9.821391681000023 52.510126742000068)",Unfall 56 (2021) Kat:3, Licht: 0,56,3,6,2,01,16,5,,0,0,1,0,0
"POINT (9.372210790000054 52.434236868000028)",Unfall 57 (2021) Kat:2, Licht: 2,57,2,1,0,02,04,2,,2,0,1,0,0
"POINT (9.355444496000075 52.452151034000053)",Unfall 58 (2021) Kat:3, Licht: 2,58,3,1,4,02,20,2,,2,0,1,0,0
"POINT (9.643220376000045 52.324900777000039)",Unfall 59 (2021) Kat:3, Licht: 2,59,3,1,8,01,18,1,,2,0,1,0,0
"POINT (9.655902092000076 52.406380739000042)",Unfall 60 (2021) Kat:3, Licht: 0,60,3,6,2,02,13,5,,0,0,1,0,0
"POINT (9.868264197000030 52.309725609000054)",Unfall 61 (2021) Kat:3, Licht: 2,61,3,2,5,01,01,6,,2,0,0,0,0
"POINT (9.727167974000054 52.366997018000063)",Unfall 62 (2021) Kat:3, Licht: 0,62,3,2,2,02,08,3,,0,0,1,0,0
"POINT (9.807835318000059 52.374388564000071)",Unfall 63 (2021) Kat:2, Licht: 2,63,2,4,6,01,06,5,,2,0,0,1,0
"POINT (9.656655034000039 52.339577794000036)",Unfall 64 (2021) Kat:3, Licht: 2,64,3,3,5,01,16,5,,2,0,1,0,0
"POINT (9.462719888000038 52.345755919000055)",Unfall 65 (2021) Kat:3, Licht: 2,65,3,1,8,01,16,3,,2,0,1,0,0
"POINT (9.719438321000041 52.367366006000054)",Unfall 66 (2021) Kat:3, Licht: 2,66,3,2,2,02,19,4,,2,0,1,0,0
"POINT (9.717633355000032 52.475702099000046)",Unfall 67 (2021) Kat:1, Licht: 0,67,1,2,5,01,09,7,,0,0,1,0,0
"POINT (9.969940213000029 52.335067642000070)",Unfall 68 (2021) Kat:3, Licht: 0,68,3,7,4,01,12,3,,0,0,1,0,0
"POINT (9.751253362000057 52.359151807000046)",Unfall 69 (2021) Kat:3, Licht: 0,69,3,2,6,01,10,5,,0,0,1,1,0
"POINT (9.967257767000035 52.373411675000057)",Unfall 70 (2021) Kat:3, Licht: 2,70,3,1,8,02,19,5,,2,0,0,0,1
"POINT (9.976942493000024 52.372469733000059)",Unfall 71 (2021) Kat:3, Licht: 0,71,3,7,0,01,11,6,,0,0,1,0,0
"POINT (9.831823075000045 52.399032731000034)",Unfall 72 (2021) Kat:3, Licht: 1,72,3,3,5,01,06,7,,1,1,1,0,0
"POINT (9.494547136000051 52.366954986000053)",Unfall 73 (2021) Kat:3, Licht: 0,73,3,1,8,02,11,3,,0,0,0,0,0
"POINT (9.719518161000053 52.336586797000052)",Unfall 74 (2021) Kat:3, Licht: 0,74,3,6,3,01,14,6,,0,0,1,0,0
"POINT (9.841225186000031 52.487055922000081)",Unfall 75 (2021) Kat:3, Licht: 0,75,3,6,3,01,14,6,,0,0,1,0,0
"POINT (9.697324462000040 52.341652182000075)",Unfall 76 (2021) Kat:3, Licht: 2,76,3,2,5,01,17,3,,2,0,1,0,1
"POINT (9.725150748000033 52.317950554000049)",Unfall 77 (2021) Kat:3, Licht: 2,77,3,2,6,02,05,6,,2,0,1,1,0
"POINT (9.672564824000062 52.441413000000068)",Unfall 78 (2021) Kat:3, Licht: 0,78,3,4,6,01,12,2,,0,0,1,0,0
"POINT (9.855472440000028 52.389557567000054)",Unfall 79 (2021) Kat:3, Licht: 0,79,3,5,1,02,13,6,,0,0,1,0,0
"POINT (9.697322672000041 52.341647200000068)",Unfall 80 (2021) Kat:2, Licht: 2,80,2,2,4,01,05,6,,2,0,1,0,0
"POINT (10.029326184000070 52.318019961000061)",Unfall 81 (2021) Kat:3, Licht: 2,81,3,1,9,02,03,2,,2,0,1,0,0
"POINT (9.478839751000066 52.365487924000035)",Unfall 82 (2021) Kat:3, Licht: 0,82,3,2,5,01,12,2,,0,0,1,0,0
"POINT (9.914363279000042 52.395487223000032)",Unfall 83 (2021) Kat:3, Licht: 0,83,3,6,3,01,13,5,,0,0,1,0,0
"POINT (9.843004740000026 52.280091319000064)",Unfall 84 (2021) Kat:3, Licht: 0,84,3,6,3,02,12,2,,0,0,1,0,0
"POINT (9.783329373000072 52.381251537000026)",Unfall 85 (2021) Kat:3, Licht: 2,85,3,6,2,02,06,2,,2,0,1,0,0
"POINT (9.816735659000074 52.284909207000055)",Unfall 86 (2021) Kat:3, Licht: 0,86,3,6,2,02,13,5,,0,0,1,0,0
"POINT (9.528416059000051 52.439554700000031)",Unfall 87 (2021) Kat:3, Licht: 2,87,3,7,7,01,21,5,,2,0,1,0,0
"POINT (9.352113267000050 52.442113785000060)",Unfall 88 (2021) Kat:3, Licht: 0,88,3,6,8,01,12,6,,0,0,1,0,0
"POINT (9.357235466000077 52.453343023000059)",Unfall 89 (2021) Kat:3, Licht: 1,89,3,3,5,02,17,7,,1,0,1,0,0
"POINT (9.733739632000038 52.368942596000068)",Unfall 90 (2021) Kat:3, Licht: 1,90,3,7,0,02,17,2,,1,1,0,0,0
"POINT (9.744993072000057 52.369034153000030)",Unfall 91 (2021) Kat:3, Licht: 0,91,3,4,6,01,14,7,,0,1,0,1,0
"POINT (9.751618491000045 52.369531052000070)",Unfall 92 (2021) Kat:3, Licht: 2,92,3,7,6,02,19,4,,2,1,0,1,0
"POINT (9.942292053000074 52.449850241000036)",Unfall 93 (2021) Kat:3, Licht: 0,93,3,1,9,01,15,6,,0,0,1,0,0
"POINT (9.869297259000064 52.360486792000074)",Unfall 94 (2021) Kat:3, Licht: 1,94,3,2,5,01,16,6,,1,1,0,0,0
"POINT (9.720614511000065 52.458741974000077)",Unfall 95 (2021) Kat:3, Licht: 0,95,3,3,5,01,14,3,,0,0,1,0,0
"POINT (9.833185952000065 52.494679026000028)",Unfall 96 (2021) Kat:3, Licht: 1,96,3,7,2,01,08,5,,1,0,0,0,0
"POINT (10.299848688000054 52.458590376000075)",Unfall 97 (2021) Kat:3, Licht: 2,97,3,1,4,01,17,6,,2,0,1,0,0
"POINT (9.691149555000038 52.332175372000052)",Unfall 98 (2021) Kat:2, Licht: 0,98,2,2,5,02,10,1,,0,1,1,0,0