WKT,Name,OBJECTID,UKATEGORIE,UTYP1,UART,UMONAT,USTUNDE,UWOCHENTAG,STRZUSTAND,ULICHTVERH,ISTRAD,ISTPKW,ISTFUSS,ISTKRAD
"POINT (9.477220578000072 52.387365189000036)",Unfall 99 (2021) Kat:3, Licht: 0,99,3,2,4,02,08,3,,0,0,1,0,0
"POINT (9.961580749000063 52.455876132000071)",Unfall 100 (2021) Kat:3, Licht: 2,100,3,1,8,02,21,2,,2,0,1,0,0
"POINT (9.579524750000076 52.423444875000030)",Unfall 101 (2021) Kat:3, Licht: 0,101,3,6,2,02,13,4,,0,0,1,0,0
"POINT (9.472998717000053 52.386062719000051)",Unfall 102 (2021) Kat:2, Licht: 2,102,2,1,8,01,03,1,,2,0,1,0,0
"POINT (9.640232732000072 52.473588029000041)",Unfall 103 (2021) Kat:3, Licht: 2,103,3,2,2,01,17,3,,2,0,1,0,0
"POINT (9.734178483000051 52.427379803000065)",Unfall 104 (2021) Kat:3, Licht: 0,104,3,1,9,01,08,7,,0,0,1,0,0
"POINT (9.752121364000061 52.427207519000035)",Unfall 105 (2021) Kat:3, Licht: 2,105,3,6,2,01,17,3,,2,0,1,0,0
"POINT (9.719291395000027 52.440504767000050)",Unfall 106 (2021) Kat:2, Licht: 2,106,2,3,5,01,21,5,,2,0,1,0,0
"POINT (9.362414613000055 52.546701725000048)",Unfall 107 (2021) Kat:3, Licht: 2,107,3,7,8,01,00,7,,2,0,1,0,0
"POINT (10.024204283000074 52.432987289000039)",Unfall 108 (2021) Kat:3, Licht: 0,108,3,2,4,02,10,4,,0,0,1,0,0
"POINT (9.439774759000045 52.417913817000056)",Unfall 109 (2021) Kat:2, Licht: 0,109,2,4,6,02,13,5,,0,0,1,1,0
"POINT (9.732563636000066 52.427542357000050)",Unfall 110 (2021) Kat:3, Licht: 2,110,3,1,8,01,05,3,,2,0,1,0,0
"POINT (9.624575429000060 52.420820150000054)",Unfall 111 (2021) Kat:3, Licht: 0,111,3,6,8,02,11,3,,0,0,1,0,0
"POINT (9.629490263000037 52.483461103000081)",Unfall 112 (2021) Kat:3, Licht: 0,112,3,1,9,01,11,4,,0,0,1,0,0
"POINT (9.623288090000074 52.167553487000077)",Unfall 113 (2021) Kat:3, Licht: 0,113,3,1,8,01,11,6,,0,0,1,0,0
"POINT (9.733974796000041 52.385375142000044)",Unfall 114 (2021) Kat:3, Licht: 0,114,3,3,5,01,11,6,,0,1,1,0,0
"POINT (10.048866945000043 52.466618916000073)",Unfall 115 (2021) Kat:3, Licht: 0,115,3,3,5,01,14,3,,0,0,1,0,0
"POINT (9.755216044000065 52.273986264000030)",Unfall 116 (2021) Kat:3, Licht: 0,116,3,3,5,01,15,1,,0,1,1,0,0
"POINT (9.713341071000059 52.366732684000056)",Unfall 117 (2021) Kat:3, Licht: 0,117,3,5,0,01,16,2,,0,1,1,0,0
"POINT (9.976937327000030 52.372571282000081)",Unfall 118 (2021) Kat:3, Licht: 0,118,3,3,5,01,11,4,,0,0,1,0,0
"POINT (9.776534246000040 52.332827675000033)",Unfall 119 (2021) Kat:2, Licht: 2,119,2,7,0,01,05,3,,2,1,0,0,0
"POINT (9.452477536000060 52.504895117000046)",Unfall 120 (2021) Kat:3, Licht: 1,120,3,2,2,01,17,6,,1,0,1,0,0
"POINT (9.580792800000040 52.423524976000067)",Unfall 121 (2021) Kat:3, Licht: 0,121,3,1,3,02,11,2,,0,0,1,0,0
"POINT (9.850312626000061 52.391658559000064)",Unfall 122 (2021) Kat:2, Licht: 2,122,2,1,0,02,18,5,,2,1,0,0,0
"POINT (10.039909815000044 52.376872443000082)",Unfall 123 (2021) Kat:2, Licht: 0,123,2,6,2,01,15,6,,0,0,0,0,0
"POINT (9.646173535000059 52.403471579000040)",Unfall 124 (2021) Kat:3, Licht: 2,124,3,6,2,01,05,4,,2,0,1,0,0
"POINT (9.585755924000068 52.416265053000075)",Unfall 125 (2021) Kat:3, Licht: 1,125,3,2,5,01,07,3,,1,0,1,0,0
"POINT (9.577029825000068 52.390149019000035)",Unfall 126 (2021) Kat:3, Licht: 2,126,3,1,9,01,00,3,,2,0,1,0,0
"POINT (9.680371026000046 52.371925774000033)",Unfall 127 (2021) Kat:3, Licht: 2,127,3,1,0,01,21,2,,2,1,0,0,0
"POINT (10.012665009000045 52.447425881000072)",Unfall 128 (2021) Kat:3, Licht: 1,128,3,6,2,01,16,5,,1,0,1,0,0
"POINT (9.743289999000069 52.368193609000059)",Unfall 129 (2021) Kat:3, Licht: 2,129,3,2,5,02,18,4,,2,1,1,0,0
"POINT (9.585109155000055 52.321402553000041)",Unfall 130 (2021) Kat:3, Licht: 0,130,3,2,5,02,15,7,,0,0,1,0,0
"POINT (9.826449057000048 52.341551121000066)",Unfall 131 (2021) Kat:3, Licht: 2,131,3,3,5,01,18,3,,2,0,1,0,0
"POINT (9.647432759000026 52.413440176000051)",Unfall 132 (2021) Kat:3, Licht: 0,132,3,6,2,02,08,3,,0,0,1,0,0
"POINT (9.734972957000025 52.391919035000058)",Unfall 133 (2021) Kat:3, Licht: 2,133,3,7,5,01,18,4,,2,1,1,0,0
"POINT (9.748827159000029 52.362300474000051)",Unfall 134 (2021) Kat:3, Licht: 0,134,3,6,2,01,12,6,,0,0,1,0,0
"POINT (9.797039795000046 52.347289235000062)",Unfall 135 (2021) Kat:2, Licht: 1,135,2,6,2,01,07,3,,1,0,1,0,0
"POINT (9.754166292000036 52.525614087000065)",Unfall 136 (2021) Kat:3, Licht: 0,136,3,4,6,01,13,1,,0,0,1,1,0
"POINT (9.721142696000072 52.316768658000058)",Unfall 137 (2021) Kat:3, Licht: 0,137,3,1,0,01,13,1,,0,1,0,0,0
"POINT (10.144286972000032 52.364418520000072)",Unfall 138 (2021) Kat:3, Licht: 2,138,3,1,8,01,23,4,,2,0,0,0,0
"POINT (9.782560603000036 52.569491105000054)",Unfall 139 (2021) Kat:3, Licht: 2,139,3,6,2,01,07,7,,2,0,1,0,0
"POINT (9.778140154000027 52.574226048000071)",Unfall 140 (2021) Kat:3, Licht: 2,140,3,1,0,02,02,3,,2,0,0,0,0
"POINT (9.719797040000060 52.316465624000045)",Unfall 141 (2021) Kat:3, Licht: 1,141,3,6,2,01,08,4,,1,0,1,0,0
"POINT (9.938559623000060 52.335674915000027)",Unfall 142 (2021) Kat:2, Licht: 2,142,2,4,6,01,19,4,,2,0,1,1,0
"POINT (9.643360032000032 52.334925296000051)",Unfall 143 (2021) Kat:3, Licht: 0,143,3,3,0,02,13,5,,0,0,1,0,0
"POINT (9.580660475000059 52.418041159000040)",Unfall 144 (2021) Kat:3, Licht: 0,144,3,6,2,01,12,3,,0,0,1,0,0
"POINT (9.695808778000071 52.380029910000076)",Unfall 145 (2021) Kat:3, Licht: 2,145,3,6,2,01,18,1,,2,0,1,0,0
"POINT (9.842008749000058 52.416119604000073)",Unfall 146 (2021) Kat:3, Licht: 0,146,3,3,0,02,12,5,,0,0,1,0,0
"POINT (9.785418070000048 52.320162406000065)",Unfall 147 (2021) Kat:3, Licht: 2,147,3,3,5,02,06,4,,2,1,1,0,0
"POINT (9.790844575000051 52.557878267000035)",Unfall 148 (2021) Kat:3, Licht: 2,148,3,1,8,01,23,6,,2,0,1,0,0
"POINT (9.477275465000048 52.509017599000060)",Unfall 149 (2021) Kat:3, Licht: 0,149,3,2,2,01,14,6,,0,0,1,0,0
"POINT (9.725339649000034 52.380371388000071)",Unfall 150 (2021) Kat:3, Licht: 0,150,3,4,6,01,13,3,,0,0,1,1,0
"POINT (9.491778189000058 52.415987451000035)",Unfall 151 (2021) Kat:3, Licht: 0,151,3,6,2,02,09,4,,0,0,1,0,0
"POINT (9.732977722000044 52.420756894000078)",Unfall 152 (2021) Kat:3, Licht: 1,152,3,3,5,01,15,2,,1,0,1,0,0
"POINT (9.405561533000025 52.334099148000064)",Unfall 153 (2021) Kat:3, Licht: 0,153,3,6,2,01,08,5,,0,0,1,0,0
"POINT (9.917953308000051 52.437075730000061)",Unfall 154 (2021) Kat:3, Licht: 0,154,3,7,9,02,12,3,,0,0,1,0,0
"POINT (9.964241029000050 52.315952566000078)",Unfall 155 (2021) Kat:3, Licht: 0,155,3,2,5,02,15,6,,0,0,1,0,0
"POINT (9.689214480000032 52.387676813000041)",Unfall 156 (2021) Kat:3, Licht: 2,156,3,6,3,01,17,2,,2,0,1,0,0
"POINT (9.840657467000028 52.447291092000057)",Unfall 157 (2021) Kat:3, Licht: 0,157,3,7,9,02,13,3,,0,0,1,0,0
"POINT (9.606688768000026 52.449372592000032)",Unfall 158 (2021) Kat:3, Licht: 2,158,3,2,2,01,05,4,,2,0,1,0,0
"POINT (9.740532188000032 52.368279570000027)",Unfall 159 (2021) Kat:3, Licht: 2,159,3,6,9,01,18,2,,2,0,1,0,0
"POINT (9.728448432000050 52.368009432000065)",Unfall 160 (2021) Kat:3, Licht: 0,160,3,3,5,02,10,4,,0,1,1,0,0
"POINT (9.797001501000068 52.475611417000039)",Unfall 161 (2021) Kat:3, Licht: 2,161,3,7,2,01,20,6,,2,0,1,0,0
"POINT (9.518735412000069 52.414221680000026)",Unfall 162 (2021) Kat:3, Licht: 0,162,3,6,2,01,10,6,,0,0,1,0,0
"POINT (9.726817317000041 52.571616230000075)",Unfall 163 (2021) Kat:3, Licht: 0,163,3,1,8,02,08,2,,0,0,1,0,0
"POINT (9.751428135000026 52.528838105000034)",Unfall 164 (2021) Kat:3, Licht: 0,164,3,3,5,01,10,5,,0,1,1,0,0
"POINT (9.630660211000077 52.420819864000066)",Unfall 165 (2021) Kat:3, Licht: 0,165,3,6,2,01,07,4,,0,0,1,0,0
"POINT (10.022544369000059 52.456240556000068)",Unfall 166 (2021) Kat:3, Licht: 0,166,3,6,2,02,08,4,,0,0,1,0,0
"POINT (10.183826455000030 52.465355024000075)",Unfall 167 (2021) Kat:3, Licht: 0,167,3,2,2,01,13,6,,0,0,1,0,0
"POINT (9.733118503000071 52.427385287000050)",Unfall 168 (2021) Kat:3, Licht: 0,168,3,6,2,01,08,3,,0,0,1,0,0
"POINT (9.895353407000073 52.313644282000041)",Unfall 169 (2021) Kat:3, Licht: 2,169,3,1,8,02,23,2,,2,0,1,0,0
"POINT (9.549913287000038 52.421440364000034)",Unfall 170 (2021) Kat:3, Licht: 2,170,3,6,2,01,07,3,,2,0,0,0,0
"POINT (9.378610596000044 52.504739764000078)",Unfall 171 (2021) Kat:3, Licht: 0,171,3,7,8,02,16,7,,0,1,0,0,0
"POINT (9.797134327000038 52.395457220000026)",Unfall 172 (2021) Kat:3, Licht: 2,172,3,1,8,02,18,3,,2,0,1,0,0
"POINT (9.787726305000035 52.318816256000048)",Unfall 173 (2021) Kat:3, Licht: 0,173,3,2,3,01,14,7,,0,0,1,0,0
"POINT (9.799308320000023 52.409949897000047)",Unfall 174 (2021) Kat:2, Licht: 2,174,2,1,7,01,17,7,,2,1,0,0,0
"POINT (9.697715170000038 52.376369219000026)",Unfall 175 (2021) Kat:3, Licht: 0,175,3,6,2,01,07,4,,0,0,1,0,0
"POINT (9.695056142000055 52.375147415000072)",Unfall 176 (2021) Kat:3, Licht: 1,176,3,7,0,01,07,3,,1,0,0,0,0
"POINT (9.663620824000077 52.376973447000069)",Unfall 177 (2021) Kat:3, Licht: 2,177,3,2,4,02,18,2,,2,1,1,0,0
"POINT (9.961535974000071 52.484101621000036)",Unfall 178 (2021) Kat:3, Licht: 2,178,3,6,2,04,05,7,,2,0,1,0,0
"POINT (9.694458718000021 52.419723182000041)",Unfall 179 (2021) Kat:2, Licht: 0,179,2,3,5,03,16,1,,0,1,1,0,0
"POINT (9.867707197000072 52.309513571000082)",Unfall 180 (2021) Kat:2, Licht: 0,180,2,1,0,04,12,5,,0,0,0,0,0
"POINT (9.794528165000031 52.274081747000082)",Unfall 181 (2021) Kat:3, Licht: 0,181,3,2,4,04,15,7,,0,1,1,0,0
"POINT (9.727318382000021 52.511695234000058)",Unfall 182 (2021) Kat:3, Licht: 0,182,3,6,2,03,15,4,,0,0,1,0,0
"POINT (9.648411135000060 52.412831733000075)",Unfall 183 (2021) Kat:3, Licht: 0,183,3,6,2,03,13,1,,0,0,1,0,0
"POINT (9.740674408000075 52.453173477000064)",Unfall 184 (2021) Kat:3, Licht: 0,184,3,2,4,03,19,4,,0,0,1,0,1
"POINT (9.599318022000034 52.216465343000039)",Unfall 185 (2021) Kat:3, Licht: 2,185,3,7,8,02,09,4,,2,0,1,0,0
"POINT (9.707103408000023 52.169524858000045)",Unfall 186 (2021) Kat:3, Licht: 2,186,3,1,8,03,03,2,,2,0,0,0,0
"POINT (9.887523201000022 52.512429348000069)",Unfall 187 (2021) Kat:1, Licht: 2,187,1,1,4,03,20,4,,2,0,1,0,1
"POINT (9.970720921000066 52.372993643000029)",Unfall 188 (2021) Kat:3, Licht: 0,188,3,1,0,03,08,4,,0,1,0,0,0
"POINT (9.685534651000069 52.329172027000027)",Unfall 189 (2021) Kat:3, Licht: 0,189,3,6,2,03,14,4,,0,0,1,0,0
"POINT (9.630280419000030 52.263422936000040)",Unfall 190 (2021) Kat:3, Licht: 0,190,3,2,6,03,07,3,,0,0,1,1,0
"POINT (9.663542779000068 52.315971884000078)",Unfall 191 (2021) Kat:3, Licht: 0,191,3,6,2,03,14,3,,0,0,1,0,0
"POINT (9.806621496000048 52.457387612000048)",Unfall 192 (2021) Kat:3, Licht: 0,192,3,6,2,04,14,3,,0,0,1,0,0
"POINT (9.799676279000039 52.408476090000079)",Unfall 193 (2021) Kat:2, Licht: 0,193,2,1,0,03,09,5,,0,1,0,0,0
"POINT (9.859285318000047 52.487524937000046)",Unfall 194 (2021) Kat:3, Licht: 0,194,3,3,5,03,17,6,,0,0,1,0,0
"POINT (9.528694798000060 52.196610278000037)",Unfall 195 (2021) Kat:3, Licht: 0,195,3,6,2,03,15,4,,0,0,1,0,0
"POINT (9.787121123000077 52.347696687000052)",Unfall 196 (2021) Kat:3, Licht: 0,196,3,6,2,03,14,2,,0,0,1,0,0
"POINT (9.722319928000047 52.463169984000046)",Unfall 197 (2021) Kat:3, Licht: 0,197,3,6,2,04,08,3,,0,0,1,0,0
"POINT (9.753233527000077 52.287558706000027)",Unfall 198 (2021) Kat:3, Licht: 2,198,3,6,2,03,20,4,,2,0,1,0,0
"POINT (9.728036117000045 52.374475972000027)",Unfall 199 (2021) Kat:2, Licht: 0,199,2,1,8,02,13,1,,0,1,1,0,0
"POINT (9.587468596000065 52.397101675000044)",Unfall 200 (2021) Kat:3, Licht: 0,200,3,2,2,03,07,6,,0,0,1,0,0
"POINT (9.693205744000068 52.420440751000058)",Unfall 201 (2021) Kat:3, Licht: 0,201,3,4,6,03,13,6,,0,0,1,1,0
"POINT (9.722691623000060 52.461196940000036)",Unfall 202 (2021) Kat:3, Licht: 2,202,3,1,8,04,05,3,,2,0,1,0,0
"POINT (9.726925841000025 52.366468364000070)",Unfall 203 (2021) Kat:3, Licht: 0,203,3,6,6,04,12,4,,0,1,0,1,0
"POINT (9.734022728000070 52.387093113000049)",Unfall 204 (2021) Kat:2, Licht: 1,204,2,2,5,02,18,4,,1,1,1,0,0
"POINT (9.728316424000070 52.374161672000071)",Unfall 205 (2021) Kat:3, Licht: 0,205,3,3,5,02,08,5,,0,0,1,0,0
"POINT (9.811749612000028 52.527652258000046)",Unfall 206 (2021) Kat:2, Licht: 0,206,2,6,2,02,16,4,,0,0,1,0,0
"POINT (9.734245435000048 52.386984526000049)",Unfall 207 (2021) Kat:3, Licht: 2,207,3,6,2,03,20,3,,2,0,1,0,0
"POINT (9.679874268000049 52.440823582000064)",Unfall 208 (2021) Kat:3, Licht: 0,208,3,6,2,03,14,6,,0,0,1,0,0
"POINT (10.000342022000041 52.511698681000041)",Unfall 209 (2021) Kat:2, Licht: 0,209,2,2,2,03,17,3,,0,0,0,0,1
"POINT (9.733614294000063 52.415962484000033)",Unfall 210 (2021) Kat:3, Licht: 0,210,3,6,2,04,10,4,,0,0,0,0,0
"POINT (9.818703749000065 52.293592871000044)",Unfall 211 (2021) Kat:3, Licht: 2,211,3,1,9,04,22,6,,2,0,1,0,0
"POINT (9.722971654000048 52.442872359000035)",Unfall 212 (2021) Kat:3, Licht: 1,212,3,2,5,02,18,7,,1,0,1,0,0
"POINT (9.733784720000074 52.385732373000053)",Unfall 213 (2021) Kat:3, Licht: 0,213,3,6,3,03,06,3,,0,1,0,0,0
"POINT (9.735165681000069 52.485006128000066)",Unfall 214 (2021) Kat:3, Licht: 1,214,3,6,2,03,18,7,,1,0,1,0,0
"POINT (9.812451422000038 52.366330210000058)",Unfall 215 (2021) Kat:3, Licht: 0,215,3,5,1,03,13,6,,0,0,1,0,0
"POINT (9.799665378000043 52.408519684000055)",Unfall 216 (2021) Kat:3, Licht: 0,216,3,7,6,04,12,5,,0,0,1,1,0
"POINT (9.718938130000026 52.333527329000049)",Unfall 217 (2021) Kat:3, Licht: 0,217,3,3,5,02,09,7,,0,0,1,0,0
"POINT (9.767573241000036 52.304520888000070)",Unfall 218 (2021) Kat:3, Licht: 2,218,3,7,7,02,05,4,,2,0,0,0,1
"POINT (9.374143765000042 52.400404116000061)",Unfall 219 (2021) Kat:3, Licht: 0,219,3,7,8,03,11,1,,0,0,0,0,1
"POINT (9.965232053000022 52.317339313000048)",Unfall 220 (2021) Kat:3, Licht: 0,220,3,1,0,03,17,6,,0,1,0,0,0
"POINT (9.991646181000021 52.459043377000057)",Unfall 221 (2021) Kat:3, Licht: 2,221,3,1,0,04,21,7,,2,0,0,0,1
"POINT (9.733534244000055 52.369173647000082)",Unfall 222 (2021) Kat:3, Licht: 2,222,3,3,5,03,20,6,,2,0,1,0,0
"POINT (9.744030022000061 52.452972556000077)",Unfall 223 (2021) Kat:3, Licht: 0,223,3,6,0,03,12,3,,0,0,0,0,0
"POINT (9.780191640000055 52.324357132000046)",Unfall 224 (2021) Kat:2, Licht: 0,224,2,6,6,03,11,7,,0,1,0,1,0
"POINT (9.697547803000077 52.377371049000033)",Unfall 225 (2021) Kat:3, Licht: 0,225,3,6,2,03,12,5,,0,0,1,0,0
"POINT (9.459924910000041 52.306918303000032)",Unfall 226 (2021) Kat:3, Licht: 0,226,3,7,0,03,18,3,,0,1,0,0,0
"POINT (9.593832303000056 52.407678113000031)",Unfall 227 (2021) Kat:3, Licht: 0,227,3,1,0,02,15,4,,0,1,0,0,0
"POINT (9.836154550000060 52.489937984000051)",Unfall 228 (2021) Kat:3, Licht: 1,228,3,2,4,03,05,5,,1,0,1,0,0
"POINT (9.607753021000065 52.392725175000066)",Unfall 229 (2021) Kat:3, Licht: 0,229,3,6,2,02,14,6,,0,0,1,0,0
"POINT (9.717002529000069 52.346194748000073)",Unfall 230 (2021) Kat:3, Licht: 0,230,3,6,2,03,13,3,,0,0,1,0,0
"POINT (9.456612920000055 52.493448434000072)",Unfall 231 (2021) Kat:3, Licht: 0,231,3,7,6,04,15,3,,0,0,1,1,0
"POINT (9.655155844000035 52.309551225000064)",Unfall 232 (2021) Kat:1, Licht: 0,232,1,3,5,03,16,6,,0,1,1,0,0
"POINT (10.012698809000028 52.449992200000054)",Unfall 233 (2021) Kat:3, Licht: 0,233,3,7,0,03,14,4,,0,1,0,0,0
"POINT (9.481700291000038 52.301856713000063)",Unfall 234 (2021) Kat:3, Licht: 0,234,3,7,0,04,13,7,,0,1,0,0,0
"POINT (9.972946784000044 52.378878845000031)",Unfall 235 (2021) Kat:3, Licht: 0,235,3,2,3,04,12,3,,0,1,1,0,0
"POINT (9.657989616000066 52.388260169000034)",Unfall 236 (2021) Kat:3, Licht: 0,236,3,6,2,03,12,4,,0,0,1,0,1
"POINT (9.716922809000039 52.436580249000031)",Unfall 237 (2021) Kat:3, Licht: 1,237,3,2,5,02,17,3,,1,1,1,0,0
"POINT (9.974184611000055 52.403661756000076)",Unfall 238 (2021) Kat:3, Licht: 0,238,3,3,5,02,14,1,,0,1,1,0,0
"POINT (9.809509445000060 52.530618328000060)",Unfall 239 (2021) Kat:3, Licht: 0,239,3,6,2,02,16,4,,0,0,0,0,0
"POINT (9.641298928000026 52.414886260000060)",Unfall 240 (2021) Kat:3, Licht: 0,240,3,6,3,03,14,4,,0,0,1,0,0
"POINT (9.990238552000051 52.317751317000045)",Unfall 241 (2021) Kat:2, Licht: 2,241,2,1,9,02,22,5,,2,0,0,0,1
"POINT (9.900187425000070 52.392123430000026)",Unfall 242 (2021) Kat:3, Licht: 0,242,3,6,2,03,07,2,,0,0,1,0,0
"POINT (9.867095652000046 52.341926098000044)",Unfall 243 (2021) Kat:3, Licht: 0,243,3,6,2,03,09,7,,0,0,1,0,0
"POINT (9.917556811000054 52.395152486000029)",Unfall 244 (2021) Kat:3, Licht: 0,244,3,6,2,03,16,3,,0,0,1,0,0
"POINT (9.534447358000023 52.326875272000052)",Unfall 245 (2021) Kat:3, Licht: 0,245,3,2,5,03,14,6,,0,0,1,0,0
"POINT (9.352849736000053 52.533866500000045)",Unfall 246 (2021) Kat:3, Licht: 0,246,3,6,3,03,16,2,,0,0,1,0,0
"POINT (9.654269952000050 52.425282208000056)",Unfall 247 (2021) Kat:3, Licht: 0,247,3,6,3,02,17,2,,0,0,1,0,0
"POINT (9.591208425000048 52.396760658000062)",Unfall 248 (2021) Kat:3, Licht: 0,248,3,7,6,03,18,2,,0,0,1,1,0
"POINT (9.733562878000043 52.384828480000067)",Unfall 249 (2021) Kat:3, Licht: 0,249,3,3,5,03,12,4,,0,1,1,0,0
"POINT (9.487261277000073 52.619539834000079)",Unfall 250 (2021) Kat:3, Licht: 2,250,3,7,7,02,06,4,,2,0,1,0,0
"POINT (9.974618673000066 52.377091629000063)",Unfall 251 (2021) Kat:3, Licht: 0,251,3,6,2,02,11,5,,0,0,1,0,0
"POINT (9.465313325000068 52.411843353000052)",Unfall 252 (2021) Kat:3, Licht: 0,252,3,6,2,04,09,5,,0,0,1,0,0
"POINT (9.375536123000074 52.420388956000068)",Unfall 253 (2021) Kat:3, Licht: 2,253,3,6,4,02,19,7,,2,0,1,0,0
"POINT (9.659526669000059 52.376942953000082)",Unfall 254 (2021) Kat:3, Licht: 2,254,3,3,5,02,20,2,,2,0,1,0,0
"POINT (9.735589926000046 52.403334833000031)",Unfall 255 (2021) Kat:3, Licht: 2,255,3,6,2,04,21,2,,2,0,1,0,0
"POINT (9.720309751000059 52.337519107000048)",Unfall 256 (2021) Kat:3, Licht: 0,256,3,6,2,03,08,4,,0,0,1,0,0
"POINT (9.944570298000031 52.333796026000073)",Unfall 257 (2021) Kat:3, Licht: 0,257,3,3,5,03,17,2,,0,1,1,0,0
"POINT (9.723427888000060 52.377721135000058)",Unfall 258 (2021) Kat:3, Licht: 2,258,3,3,5,03,21,6,,2,1,1,0,0
"POINT (9.972668371000054 52.372752291000040)",Unfall 259 (2021) Kat:3, Licht: 0,259,3,7,0,03,16,4,,0,0,0,0,0
"POINT (9.729209614000069 52.438696911000079)",Unfall 260 (2021) Kat:3, Licht: 0,260,3,1,9,03,13,7,,0,0,1,0,0
"POINT (9.793898633000026 52.393923900000061)",Unfall 261 (2021) Kat:3, Licht: 0,261,3,7,2,03,14,2,,0,0,1,0,0
"POINT (10.069080657000029 52.450101963000066)",Unfall 262 (2021) Kat:3, Licht: 1,262,3,6,2,03,06,5,,1,0,1,0,0
"POINT (9.738929243000030 52.437772885000072)",Unfall 263 (2021) Kat:2, Licht: 0,263,2,1,0,02,17,4,,0,1,0,0,0
"POINT (9.618998768000040 52.377090112000076)",Unfall 264 (2021) Kat:2, Licht: 0,264,2,3,5,03,12,1,,0,1,1,0,0
"POINT (9.793217930000026 52.393669161000048)",Unfall 265 (2021) Kat:3, Licht: 0,265,3,2,3,04,11,6,,0,0,1,0,0
"POINT (10.122429265000051 52.373189969000066)",Unfall 266 (2021) Kat:3, Licht: 0,266,3,6,2,03,10,4,,0,0,1,0,0
"POINT (9.654596516000026 52.407966081000041)",Unfall 267 (2021) Kat:3, Licht: 0,267,3,6,2,02,12,4,,0,0,1,0,1
"POINT (9.742444250000062 52.368290584000079)",Unfall 268 (2021) Kat:3, Licht: 0,268,3,6,2,03,16,4,,0,0,1,0,0
"POINT (9.697192034000068 52.378242603000047)",Unfall 269 (2021) Kat:3, Licht: 2,269,3,6,2,03,05,3,,2,0,1,0,0
"POINT (9.731945870000061 52.369093639000027)",Unfall 270 (2021) Kat:3, Licht: 0,270,3,3,5,03,10,6,,0,1,1,0,0
"POINT (10.044017998000072 52.307259310000063)",Unfall 271 (2021) Kat:3, Licht: 0,271,3,3,5,03,17,3,,0,0,1,0,0
"POINT (9.877116433000026 52.436484597000060)",Unfall 272 (2021) Kat:2, Licht: 0,272,2,6,2,03,17,3,,0,0,1,0,0
"POINT (9.714267572000040 52.362155834000077)",Unfall 273 (2021) Kat:3, Licht: 0,273,3,2,3,02,14,1,,0,0,0,0,1
"POINT (9.723108836000051 52.377890267000055)",Unfall 274 (2021) Kat:3, Licht: 0,274,3,3,5,03,12,4,,0,1,1,0,0
"POINT (9.469488705000060 52.327235023000071)",Unfall 275 (2021) Kat:1, Licht: 0,275,1,3,5,03,14,2,,0,1,1,0,0
"POINT (9.732421506000037 52.483528930000034)",Unfall 276 (2021) Kat:3, Licht: 2,276,3,1,4,03,00,7,,2,0,1,0,1
"POINT (9.860435035000023 52.517508749000058)",Unfall 277 (2021) Kat:3, Licht: 0,277,3,3,5,03,16,4,,0,1,1,0,0
"POINT (9.759131083000057 52.349033205000069)",Unfall 278 (2021) Kat:3, Licht: 0,278,3,7,0,03,19,3,,0,1,0,0,0
"POINT (10.012793228000021 52.516745969000056)",Unfall 279 (2021) Kat:3, Licht: 0,279,3,2,3,04,13,5,,0,0,1,0,1
"POINT (10.013016185000026 52.442322253000043)",Unfall 280 (2021) Kat:3, Licht: 0,280,3,2,2,03,15,2,,0,0,1,0,0
"POINT (9.557063743000072 52.451969300000030)",Unfall 281 (2021) Kat:3, Licht: 0,281,3,6,3,04,06,3,,0,0,1,0,0
"POINT (9.831426549000071 52.422378181000056)",Unfall 282 (2021) Kat:3, Licht: 0,282,3,6,3,03,16,5,,0,0,1,0,0
"POINT (9.699696902000028 52.288188301000048)",Unfall 283 (2021) Kat:2, Licht: 0,283,2,7,0,02,15,6,,0,1,0,0,0
"POINT (9.598103059000039 52.215996776000054)",Unfall 284 (2021) Kat:3, Licht: 2,284,3,7,2,02,06,4,,2,0,1,0,0
"POINT (10.107074959000045 52.456811363000043)",Unfall 285 (2021) Kat:3, Licht: 0,285,3,6,2,03,14,6,,0,0,1,0,0
"POINT (9.658212330000026 52.388159211000072)",Unfall 286 (2021) Kat:3, Licht: 2,286,3,7,4,04,05,3,,2,0,1,0,0
"POINT (9.476300209000044 52.518026426000063)",Unfall 287 (2021) Kat:3, Licht: 0,287,3,7,4,04,10,4,,0,0,1,0,0
"POINT (9.628082691000031 52.214593740000055)",Unfall 288 (2021) Kat:3, Licht: 0,288,3,2,2,03,15,4,,0,0,1,0,0
"POINT (9.656971274000057 52.425801412000055)",Unfall 289 (2021) Kat:3, Licht: 0,289,3,6,2,03,14,4,,0,0,1,0,0
"POINT (9.860893215000033 52.383620946000065)",Unfall 290 (2021) Kat:3, Licht: 0,290,3,1,0,02,11,5,,0,1,0,0,0
"POINT (9.433728002000066 52.504267538000079)",Unfall 291 (2021) Kat:3, Licht: 0,291,3,3,5,03,07,5,,0,0,1,0,0
"POINT (9.856833080000058 52.473669489000031)",Unfall 292 (2021) Kat:3, Licht: 0,292,3,3,5,02,14,2,,0,1,1,0,0
"POINT (9.517016457000068 52.405704773000082)",Unfall 293 (2021) Kat:3, Licht: 0,293,3,6,2,03,07,2,,0,0,1,0,0
"POINT (10.024342778000062 52.432884086000058)",Unfall 294 (2021) Kat:3, Licht: 0,294,3,2,4,03,15,2,,0,0,1,0,0