WKT,Name,OBJECTID,UKATEGORIE,UTYP1,UART,UMONAT,USTUNDE,UWOCHENTAG,STRZUSTAND,ULICHTVERH,ISTRAD,ISTPKW,ISTFUSS,ISTKRAD
"POINT (9.735156079000035 52.403709819000028)",Unfall 295 (2021) Kat:3, Licht: 0,295,3,6,2,04,15,2,,0,0,1,0,0
"POINT (9.649668979000069 52.424242854000056)",Unfall 296 (2021) Kat:3, Licht: 0,296,3,6,2,03,16,4,,0,0,1,0,0
"POINT (9.730344612000067 52.318827076000048)",Unfall 297 (2021) Kat:3, Licht: 0,297,3,2,5,03,15,6,,0,1,0,0,0
"POINT (9.786389182000050 52.422725332000027)",Unfall 298 (2021) Kat:3, Licht: 0,298,3,6,2,02,14,5,,0,0,1,0,0
"POINT (9.633242627000072 52.258854972000051)",Unfall 299 (2021) Kat:3, Licht: 0,299,3,1,8,04,06,3,,0,0,1,0,0
"POINT (9.689319422000040 52.423394518000066)",Unfall 300 (2021) Kat:3, Licht: 2,300,3,1,0,03,21,2,,2,1,0,0,0
"POINT (9.876924097000028 52.506362968000076)",Unfall 301 (2021) Kat:3, Licht: 0,301,3,7,8,04,13,3,,0,0,1,0,0
"POINT (9.878390214000035 52.435401308000053)",Unfall 302 (2021) Kat:3, Licht: 0,302,3,6,2,03,18,4,,0,0,1,0,0
"POINT (9.863892188000023 52.375206849000051)",Unfall 303 (2021) Kat:3, Licht: 0,303,3,2,2,03,11,5,,0,0,1,0,0
"POINT (9.794409573000053 52.274010808000071)",Unfall 304 (2021) Kat:3, Licht: 0,304,3,6,2,02,12,4,,0,0,1,0,0
"POINT (9.651049270000044 52.306134523000026)",Unfall 305 (2021) Kat:2, Licht: 0,305,2,6,2,03,15,2,,0,0,1,0,0
"POINT (9.506149563000065 52.407349645000068)",Unfall 306 (2021) Kat:3, Licht: 0,306,3,6,2,03,11,2,,0,0,0,0,0
"POINT (9.624755333000053 52.278731663000030)",Unfall 307 (2021) Kat:2, Licht: 0,307,2,6,4,03,13,4,,0,0,1,0,0
"POINT (9.475554548000048 52.265945568000063)",Unfall 308 (2021) Kat:1, Licht: 0,308,1,6,3,03,18,5,,0,0,1,0,1
"POINT (9.740266930000075 52.368039539000051)",Unfall 309 (2021) Kat:3, Licht: 1,309,3,2,0,03,18,5,,1,1,1,0,0
"POINT (9.880903420000038 52.433386842000061)",Unfall 310 (2021) Kat:3, Licht: 0,310,3,1,2,02,17,6,,0,0,1,0,0
"POINT (9.864026325000054 52.375531259000070)",Unfall 311 (2021) Kat:3, Licht: 2,311,3,6,4,03,20,7,,2,0,1,0,0
"POINT (9.722745441000029 52.378333805000068)",Unfall 312 (2021) Kat:3, Licht: 0,312,3,6,2,03,16,2,,0,0,1,0,0
"POINT (9.697731006000026 52.377154513000050)",Unfall 313 (2021) Kat:3, Licht: 0,313,3,6,2,03,08,4,,0,0,1,0,1
"POINT (9.728708619000031 52.381734239000082)",Unfall 314 (2021) Kat:3, Licht: 0,314,3,6,2,02,15,2,,0,0,1,0,0
"POINT (9.562340061000043 52.602391375000082)",Unfall 315 (2021) Kat:3, Licht: 0,315,3,7,0,03,07,6,,0,1,0,0,0
"POINT (9.717317294000054 52.428711670000041)",Unfall 316 (2021) Kat:3, Licht: 0,316,3,6,2,03,14,4,,0,0,1,0,0
"POINT (9.445666453000058 52.416731619000075)",Unfall 317 (2021) Kat:3, Licht: 0,317,3,5,1,03,15,7,,0,0,1,0,0
"POINT (9.766751725000063 52.337604806000058)",Unfall 318 (2021) Kat:3, Licht: 2,318,3,4,6,03,20,5,,2,1,0,1,0
"POINT (9.872477759000049 52.310669562000044)",Unfall 319 (2021) Kat:3, Licht: 0,319,3,2,5,03,17,3,,0,0,1,0,0
"POINT (9.749886699000058 52.219768579000061)",Unfall 320 (2021) Kat:3, Licht: 0,320,3,7,2,02,16,5,,0,1,0,0,0
"POINT (9.839066475000038 52.361709170000040)",Unfall 321 (2021) Kat:3, Licht: 0,321,3,1,9,04,15,5,,0,1,0,0,0
"POINT (9.676443961000075 52.355699748000063)",Unfall 322 (2021) Kat:3, Licht: 0,322,3,2,5,03,16,6,,0,1,1,0,0
"POINT (9.799765823000030 52.408088121000048)",Unfall 323 (2021) Kat:3, Licht: 0,323,3,3,5,03,14,6,,0,1,1,0,0
"POINT (9.736318371000038 52.557594853000069)",Unfall 324 (2021) Kat:3, Licht: 0,324,3,7,0,04,11,7,,0,0,1,0,0
"POINT (9.728372447000027 52.292744727000070)",Unfall 325 (2021) Kat:3, Licht: 0,325,3,1,9,04,08,3,,0,0,1,0,0
"POINT (9.467371288000038 52.332883874000061)",Unfall 326 (2021) Kat:2, Licht: 2,326,2,3,5,02,22,6,,2,0,1,0,1
"POINT (9.754295653000042 52.592211059000078)",Unfall 327 (2021) Kat:3, Licht: 0,327,3,6,3,04,17,7,,0,0,1,0,0
"POINT (9.432571103000043 52.575840698000036)",Unfall 328 (2021) Kat:3, Licht: 0,328,3,3,5,02,09,4,,0,0,1,0,0
"POINT (9.582305342000041 52.390070035000065)",Unfall 329 (2021) Kat:3, Licht: 0,329,3,3,5,02,15,5,,0,0,1,0,1
"POINT (9.833368110000038 52.386397542000054)",Unfall 330 (2021) Kat:2, Licht: 0,330,2,3,5,03,10,2,,0,1,1,0,0
"POINT (9.976936247000026 52.372592525000073)",Unfall 331 (2021) Kat:3, Licht: 0,331,3,3,5,03,09,6,,0,0,1,0,0
"POINT (9.730199425000023 52.368714332000081)",Unfall 332 (2021) Kat:3, Licht: 0,332,3,3,5,04,15,4,,0,1,1,0,0
"POINT (9.723009282000021 52.358084978000079)",Unfall 333 (2021) Kat:3, Licht: 0,333,3,4,6,03,17,4,,0,0,1,1,0
"POINT (9.352151921000029 52.412412090000032)",Unfall 334 (2021) Kat:3, Licht: 0,334,3,6,2,02,15,3,,0,0,1,0,0
"POINT (9.740273048000063 52.368260462000080)",Unfall 335 (2021) Kat:3, Licht: 0,335,3,2,4,03,14,7,,0,1,0,0,0
"POINT (9.584755298000061 52.390705216000072)",Unfall 336 (2021) Kat:2, Licht: 0,336,2,1,8,04,13,6,,0,1,0,0,0
"POINT (9.749361665000038 52.361611171000050)",Unfall 337 (2021) Kat:3, Licht: 0,337,3,7,2,02,07,4,,0,0,1,0,1
"POINT (9.842258738000055 52.388070186000050)",Unfall 338 (2021) Kat:3, Licht: 2,338,3,2,0,02,18,7,,2,0,1,0,1
"POINT (9.642364800000053 52.345846518000030)",Unfall 339 (2021) Kat:3, Licht: 0,339,3,1,8,03,13,7,,0,0,1,0,0
"POINT (9.790159227000061 52.429943554000033)",Unfall 340 (2021) Kat:3, Licht: 2,340,3,6,9,02,18,3,,2,0,1,0,0
"POINT (9.734091530000057 52.412216017000048)",Unfall 341 (2021) Kat:3, Licht: 0,341,3,2,5,03,07,2,,0,1,1,0,0
"POINT (9.461270423000030 52.468370832000062)",Unfall 342 (2021) Kat:3, Licht: 0,342,3,2,2,03,12,6,,0,0,1,0,0
"POINT (10.029415929000038 52.464100949000056)",Unfall 343 (2021) Kat:2, Licht: 2,343,2,5,2,02,02,7,,2,0,1,0,0
"POINT (9.472856731000036 52.501373647000037)",Unfall 344 (2021) Kat:3, Licht: 0,344,3,7,2,03,12,2,,0,0,0,0,1
"POINT (9.795479717000035 52.394716621000043)",Unfall 345 (2021) Kat:3, Licht: 0,345,3,6,2,03,18,5,,0,0,1,0,0
"POINT (9.799092354000038 52.410771412000031)",Unfall 346 (2021) Kat:3, Licht: 0,346,3,7,0,03,11,3,,0,0,0,0,0
"POINT (9.714115888000038 52.361160462000043)",Unfall 347 (2021) Kat:3, Licht: 0,347,3,6,2,03,15,2,,0,0,1,0,0
"POINT (9.800278106000064 52.542730758000062)",Unfall 348 (2021) Kat:3, Licht: 0,348,3,1,8,04,13,2,,0,0,1,0,0
"POINT (9.463272480000057 52.340854782000065)",Unfall 349 (2021) Kat:2, Licht: 2,349,2,1,8,03,03,1,,2,0,1,0,0
"POINT (9.734972991000063 52.391919238000071)",Unfall 350 (2021) Kat:3, Licht: 2,350,3,5,1,03,19,3,,2,0,1,0,0
"POINT (9.394848560000071 52.603306335000070)",Unfall 351 (2021) Kat:3, Licht: 0,351,3,3,5,03,10,4,,0,0,1,0,0
"POINT (9.469491238000046 52.327244738000047)",Unfall 352 (2021) Kat:3, Licht: 0,352,3,2,2,03,17,7,,0,0,1,0,0
"POINT (9.989007453000056 52.411714904000064)",Unfall 353 (2021) Kat:3, Licht: 0,353,3,5,1,03,08,3,,0,0,1,0,0
"POINT (9.801774293000051 52.432053502000031)",Unfall 354 (2021) Kat:3, Licht: 0,354,3,3,5,03,10,6,,0,1,1,0,0
"POINT (9.805455528000039 52.318013161000067)",Unfall 355 (2021) Kat:3, Licht: 0,355,3,6,3,03,18,2,,0,1,0,0,0
"POINT (9.462189885000043 52.305075286000033)",Unfall 356 (2021) Kat:3, Licht: 0,356,3,3,5,04,12,3,,0,0,1,0,0
"POINT (9.725184824000053 52.389716766000049)",Unfall 357 (2021) Kat:3, Licht: 0,357,3,5,1,03,11,4,,0,0,1,0,0
"POINT (9.743014635000065 52.458330057000069)",Unfall 358 (2021) Kat:2, Licht: 0,358,2,1,0,02,15,4,,0,1,0,0,0
"POINT (9.718119635000050 52.354930139000032)",Unfall 359 (2021) Kat:2, Licht: 0,359,2,3,5,03,15,7,,0,0,1,0,0
"POINT (9.986291090000066 52.388932000000068)",Unfall 360 (2021) Kat:3, Licht: 0,360,3,6,2,03,14,6,,0,0,0,0,0
"POINT (9.766982315000064 52.342961370000069)",Unfall 361 (2021) Kat:3, Licht: 0,361,3,6,3,03,17,3,,0,0,1,0,0
"POINT (9.456363851000049 52.408361461000027)",Unfall 362 (2021) Kat:3, Licht: 0,362,3,1,0,04,14,7,,0,0,0,0,1
"POINT (9.432366939000076 52.358772337000062)",Unfall 363 (2021) Kat:3, Licht: 0,363,3,6,2,04,16,3,,0,0,1,0,0
"POINT (9.952707533000023 52.325185397000041)",Unfall 364 (2021) Kat:3, Licht: 0,364,3,3,5,03,08,4,,0,0,1,0,0
"POINT (9.404238877000068 52.577474786000039)",Unfall 365 (2021) Kat:3, Licht: 2,365,3,1,8,03,21,7,,2,0,1,0,0
"POINT (9.669358646000035 52.475908887000060)",Unfall 366 (2021) Kat:3, Licht: 0,366,3,2,2,03,16,3,,0,0,1,0,0
"POINT (9.853352570000027 52.563441607000073)",Unfall 367 (2021) Kat:3, Licht: 0,367,3,7,8,03,08,6,,0,0,1,0,0
"POINT (9.550483179000025 52.318332901000076)",Unfall 368 (2021) Kat:3, Licht: 0,368,3,3,5,03,15,6,,0,0,1,0,0
"POINT (9.667346324000050 52.377070328000059)",Unfall 369 (2021) Kat:3, Licht: 0,369,3,2,5,03,12,4,,0,0,1,0,1
"POINT (9.736225570000045 52.397364571000026)",Unfall 370 (2021) Kat:3, Licht: 0,370,3,2,5,04,10,4,,0,1,0,0,0
"POINT (9.805238892000034 52.397550279000029)",Unfall 371 (2021) Kat:3, Licht: 2,371,3,6,2,02,19,4,,2,0,1,0,0
"POINT (9.797781049000037 52.455137225000044)",Unfall 372 (2021) Kat:3, Licht: 0,372,3,6,2,02,12,5,,0,0,1,0,0
"POINT (9.776236780000033 52.269225487000028)",Unfall 373 (2021) Kat:3, Licht: 0,373,3,6,2,03,11,5,,0,0,1,0,0
"POINT (9.649010932000067 52.396070435000070)",Unfall 374 (2021) Kat:3, Licht: 0,374,3,3,5,02,16,4,,0,1,0,0,0
"POINT (9.947575642000061 52.371657800000037)",Unfall 375 (2021) Kat:2, Licht: 0,375,2,7,8,03,11,3,,0,0,1,0,0
"POINT (9.990380408000021 52.460498855000026)",Unfall 376 (2021) Kat:3, Licht: 0,376,3,2,4,05,15,5,,0,0,1,0,0
"POINT (9.765080631000046 52.342442414000061)",Unfall 377 (2021) Kat:3, Licht: 0,377,3,6,6,06,08,6,,0,1,0,1,0
"POINT (9.746991462000040 52.339066830000036)",Unfall 378 (2021) Kat:3, Licht: 0,378,3,6,2,06,16,4,,0,0,1,0,0
"POINT (9.352890033000051 52.442771353000069)",Unfall 379 (2021) Kat:2, Licht: 0,379,2,6,2,05,14,1,,0,0,1,0,1
"POINT (9.529892236000023 52.198417484000061)",Unfall 380 (2021) Kat:3, Licht: 0,380,3,1,8,06,09,2,,0,0,1,0,0
"POINT (9.655902092000076 52.406380739000042)",Unfall 381 (2021) Kat:3, Licht: 0,381,3,6,2,05,09,2,,0,0,1,0,0
"POINT (9.827062016000070 52.342915626000035)",Unfall 382 (2021) Kat:3, Licht: 0,382,3,3,5,04,09,6,,0,1,1,0,0
"POINT (9.728821105000065 52.494446660000051)",Unfall 383 (2021) Kat:3, Licht: 0,383,3,2,5,06,16,4,,0,0,1,0,1
"POINT (9.836762161000024 52.421106315000031)",Unfall 384 (2021) Kat:3, Licht: 0,384,3,3,5,04,14,5,,0,0,1,0,0
"POINT (9.782462248000058 52.325115599000071)",Unfall 385 (2021) Kat:3, Licht: 0,385,3,2,5,05,16,5,,0,0,1,0,0
"POINT (9.698550748000059 52.420969931000059)",Unfall 386 (2021) Kat:3, Licht: 0,386,3,3,5,04,17,5,,0,0,1,0,0
"POINT (9.717268851000028 52.346362408000061)",Unfall 387 (2021) Kat:3, Licht: 0,387,3,6,2,05,09,7,,0,0,1,0,0
"POINT (9.674939123000058 52.381552097000053)",Unfall 388 (2021) Kat:3, Licht: 0,388,3,1,0,05,17,7,,0,1,0,0,0
"POINT (9.590900672000032 52.396873289000041)",Unfall 389 (2021) Kat:3, Licht: 0,389,3,2,2,04,15,2,,0,0,1,0,0
"POINT (9.427805425000031 52.554301121000037)",Unfall 390 (2021) Kat:2, Licht: 0,390,2,1,8,05,12,2,,0,0,1,0,0
"POINT (9.735539500000073 52.403597785000045)",Unfall 391 (2021) Kat:3, Licht: 0,391,3,2,5,06,06,6,,0,1,1,0,0
"POINT (9.879275038000060 52.399490606000029)",Unfall 392 (2021) Kat:3, Licht: 2,392,3,6,8,05,03,6,,2,0,1,0,0
"POINT (9.752122301000043 52.358027970000080)",Unfall 393 (2021) Kat:3, Licht: 0,393,3,6,2,05,12,4,,0,0,1,0,0
"POINT (9.748296531000051 52.427292511000076)",Unfall 394 (2021) Kat:3, Licht: 0,394,3,6,2,04,14,4,,0,0,1,0,0
"POINT (9.813653623000050 52.318345211000064)",Unfall 395 (2021) Kat:3, Licht: 2,395,3,1,3,04,20,7,,2,0,1,0,0
"POINT (9.838444561000074 52.489528364000080)",Unfall 396 (2021) Kat:1, Licht: 0,396,1,1,9,04,10,3,,0,0,1,0,0
"POINT (9.714499369000066 52.361024024000073)",Unfall 397 (2021) Kat:3, Licht: 0,397,3,2,3,04,15,6,,0,0,0,0,1
"POINT (9.547975468000061 52.421381973000052)",Unfall 398 (2021) Kat:3, Licht: 2,398,3,1,8,05,00,3,,2,0,1,0,0
"POINT (9.722379861000036 52.378530096000077)",Unfall 399 (2021) Kat:3, Licht: 0,399,3,2,3,06,15,7,,0,0,1,0,1
"POINT (9.798539256000026 52.416790320000075)",Unfall 400 (2021) Kat:3, Licht: 0,400,3,6,4,05,11,1,,0,0,1,0,1
"POINT (9.603950940000061 52.573363913000037)",Unfall 401 (2021) Kat:3, Licht: 0,401,3,6,0,05,11,4,,0,0,1,0,0
"POINT (9.733953940000049 52.368894735000026)",Unfall 402 (2021) Kat:2, Licht: 0,402,2,2,5,06,15,2,,0,1,1,0,0
"POINT (9.800921462000076 52.541196696000043)",Unfall 403 (2021) Kat:3, Licht: 0,403,3,6,2,05,17,4,,0,0,1,0,0
"POINT (9.640536646000044 52.444232382000052)",Unfall 404 (2021) Kat:3, Licht: 0,404,3,6,2,05,12,6,,0,0,1,0,0
"POINT (9.760350171000027 52.370419335000065)",Unfall 405 (2021) Kat:3, Licht: 0,405,3,6,3,04,14,7,,0,0,1,0,0
"POINT (9.797802200000035 52.455093346000069)",Unfall 406 (2021) Kat:3, Licht: 0,406,3,2,6,05,10,6,,0,0,1,1,0
"POINT (9.898340541000039 52.303138551000075)",Unfall 407 (2021) Kat:3, Licht: 0,407,3,1,8,05,18,2,,0,0,0,0,1
"POINT (9.580527571000061 52.284550775000071)",Unfall 408 (2021) Kat:3, Licht: 0,408,3,7,0,05,15,5,,0,1,1,0,0
"POINT (9.730891026000052 52.618872850000059)",Unfall 409 (2021) Kat:3, Licht: 0,409,3,6,2,06,19,1,,0,0,1,0,0
"POINT (9.725749525000026 52.625648646000059)",Unfall 410 (2021) Kat:3, Licht: 0,410,3,6,3,04,12,4,,0,0,0,0,0
"POINT (9.856858623000051 52.502885713000069)",Unfall 411 (2021) Kat:3, Licht: 0,411,3,3,5,06,11,4,,0,1,0,0,0
"POINT (9.447553776000063 52.526961480000068)",Unfall 412 (2021) Kat:3, Licht: 0,412,3,6,4,05,15,7,,0,0,1,0,1
"POINT (9.766992180000045 52.370620408000036)",Unfall 413 (2021) Kat:3, Licht: 0,413,3,3,5,05,19,5,,0,1,1,0,0
"POINT (9.945245973000056 52.299531835000039)",Unfall 414 (2021) Kat:3, Licht: 0,414,3,2,4,04,18,4,,0,0,1,0,0
"POINT (9.770897581000042 52.335361448000072)",Unfall 415 (2021) Kat:3, Licht: 0,415,3,6,2,05,07,2,,0,0,1,0,0
"POINT (9.784792624000033 52.428825751000034)",Unfall 416 (2021) Kat:3, Licht: 0,416,3,6,2,05,06,3,,0,0,1,0,0
"POINT (9.716229148000025 52.366856247000044)",Unfall 417 (2021) Kat:3, Licht: 0,417,3,5,3,04,18,3,,0,0,1,0,1
"POINT (9.674907313000062 52.381911766000030)",Unfall 418 (2021) Kat:3, Licht: 0,418,3,7,0,05,13,1,,0,1,0,0,0
"POINT (9.778940384000066 52.427978319000033)",Unfall 419 (2021) Kat:3, Licht: 0,419,3,6,2,05,13,6,,0,0,1,0,0
"POINT (9.733456353000065 52.369187597000064)",Unfall 420 (2021) Kat:3, Licht: 0,420,3,3,5,05,10,3,,0,1,1,0,0
"POINT (9.613830645000064 52.316374884000027)",Unfall 421 (2021) Kat:3, Licht: 0,421,3,2,5,06,14,5,,0,0,1,0,0
"POINT (9.745672121000041 52.601155115000040)",Unfall 422 (2021) Kat:3, Licht: 0,422,3,6,2,05,14,6,,0,0,1,0,0
"POINT (9.431224939000060 52.423156875000075)",Unfall 423 (2021) Kat:3, Licht: 0,423,3,2,4,05,16,3,,0,1,1,0,0
"POINT (9.852095732000066 52.415241703000049)",Unfall 424 (2021) Kat:3, Licht: 0,424,3,7,1,04,15,2,,0,0,1,0,0
"POINT (9.472246623000046 52.300165762000063)",Unfall 425 (2021) Kat:3, Licht: 0,425,3,2,0,05,16,4,,0,1,1,0,0
"POINT (9.649887427000067 52.394122698000047)",Unfall 426 (2021) Kat:3, Licht: 0,426,3,6,4,06,11,1,,0,0,1,0,0
"POINT (9.791135177000058 52.533013343000050)",Unfall 427 (2021) Kat:3, Licht: 0,427,3,6,2,05,13,7,,0,0,1,0,0
"POINT (10.257249656000056 52.441236444000026)",Unfall 428 (2021) Kat:1, Licht: 0,428,1,3,5,04,16,7,,0,0,1,0,1
"POINT (9.648601159000066 52.412691808000034)",Unfall 429 (2021) Kat:3, Licht: 0,429,3,6,3,04,15,7,,0,0,1,0,0
"POINT (9.472598333000064 52.505818213000055)",Unfall 430 (2021) Kat:3, Licht: 0,430,3,3,5,04,13,5,,0,0,1,0,0
"POINT (9.817798691000064 52.408867579000059)",Unfall 431 (2021) Kat:3, Licht: 0,431,3,3,5,05,15,1,,0,1,1,0,0
"POINT (9.807212682000056 52.336068582000053)",Unfall 432 (2021) Kat:3, Licht: 0,432,3,3,3,05,13,7,,0,0,1,0,1
"POINT (9.751169800000071 52.359259387000066)",Unfall 433 (2021) Kat:3, Licht: 0,433,3,2,0,04,12,5,,0,1,0,0,0
"POINT (9.847981541000024 52.329900854000073)",Unfall 434 (2021) Kat:2, Licht: 0,434,2,6,0,06,19,7,,0,1,1,0,0
"POINT (9.678341116000070 52.440955422000059)",Unfall 435 (2021) Kat:3, Licht: 2,435,3,1,8,04,23,1,,2,0,1,0,0
"POINT (9.733363807000046 52.438629139000057)",Unfall 436 (2021) Kat:3, Licht: 0,436,3,3,0,05,08,4,,0,1,1,0,0
"POINT (9.714732795000032 52.366582029000028)",Unfall 437 (2021) Kat:3, Licht: 0,437,3,5,0,06,08,2,,0,1,1,0,0
"POINT (9.474168860000077 52.387274691000073)",Unfall 438 (2021) Kat:3, Licht: 0,438,3,1,9,05,16,1,,0,0,1,0,0
"POINT (9.766113236000024 52.279335742000058)",Unfall 439 (2021) Kat:3, Licht: 0,439,3,2,5,05,07,5,,0,0,1,0,0
"POINT (9.727050135000070 52.366889608000065)",Unfall 440 (2021) Kat:3, Licht: 0,440,3,6,3,04,12,6,,0,0,1,0,0
"POINT (10.114366033000067 52.349282938000044)",Unfall 441 (2021) Kat:3, Licht: 0,441,3,2,4,06,07,2,,0,1,1,0,0
"POINT (9.857449716000076 52.497889008000072)",Unfall 442 (2021) Kat:3, Licht: 0,442,3,3,5,05,14,4,,0,0,1,0,0
"POINT (9.708764350000024 52.408577861000026)",Unfall 443 (2021) Kat:3, Licht: 0,443,3,6,3,04,12,7,,0,0,1,0,0
"POINT (9.456494699000075 52.495460974000082)",Unfall 444 (2021) Kat:3, Licht: 0,444,3,2,2,04,12,6,,0,0,1,0,0
"POINT (9.978775461000055 52.389495763000070)",Unfall 445 (2021) Kat:3, Licht: 0,445,3,7,3,04,05,3,,0,0,1,0,0
"POINT (9.792724598000063 52.393900960000053)",Unfall 446 (2021) Kat:3, Licht: 0,446,3,6,2,06,16,5,,0,0,1,0,0
"POINT (9.728035465000062 52.336140245000081)",Unfall 447 (2021) Kat:3, Licht: 0,447,3,6,2,06,17,1,,0,0,1,0,0
"POINT (9.698801085000071 52.564021119000074)",Unfall 448 (2021) Kat:2, Licht: 0,448,2,1,8,04,11,6,,0,0,1,0,0
"POINT (9.942961788000048 52.442898849000073)",Unfall 449 (2021) Kat:3, Licht: 0,449,3,7,8,05,15,1,,0,1,0,0,0
"POINT (9.747998038000048 52.217075101000034)",Unfall 450 (2021) Kat:3, Licht: 0,450,3,6,2,06,16,4,,0,0,1,0,0
"POINT (9.474248567000075 52.389281775000029)",Unfall 451 (2021) Kat:2, Licht: 0,451,2,2,4,05,14,2,,0,0,1,0,1
"POINT (9.810427127000025 52.382502507000027)",Unfall 452 (2021) Kat:3, Licht: 0,452,3,1,8,04,08,5,,0,0,0,0,1
"POINT (9.735137367000050 52.393955715000061)",Unfall 453 (2021) Kat:3, Licht: 0,453,3,6,2,05,10,7,,0,0,1,0,0
"POINT (9.726339342000074 52.380814793000070)",Unfall 454 (2021) Kat:3, Licht: 0,454,3,3,5,06,08,4,,0,1,1,0,0
"POINT (9.611689475000048 52.436748574000035)",Unfall 455 (2021) Kat:3, Licht: 0,455,3,4,6,05,18,3,,0,0,1,1,0
"POINT (9.691155171000048 52.332179699000051)",Unfall 456 (2021) Kat:3, Licht: 0,456,3,2,0,05,12,6,,0,0,0,0,0
"POINT (10.102023737000025 52.478470165000033)",Unfall 457 (2021) Kat:3, Licht: 0,457,3,1,8,04,17,4,,0,0,1,0,0
"POINT (9.822919011000067 52.362417451000056)",Unfall 458 (2021) Kat:3, Licht: 0,458,3,1,8,05,16,2,,0,0,0,0,1
"POINT (9.701079091000054 52.216078653000068)",Unfall 459 (2021) Kat:3, Licht: 0,459,3,3,5,04,17,7,,0,0,1,0,0
"POINT (9.757189664000066 52.435100021000039)",Unfall 460 (2021) Kat:3, Licht: 0,460,3,2,5,05,13,6,,0,0,1,0,0
"POINT (9.740352534000067 52.368268621000027)",Unfall 461 (2021) Kat:3, Licht: 0,461,3,6,3,04,14,5,,0,0,1,0,0
"POINT (9.673037250000050 52.441380154000058)",Unfall 462 (2021) Kat:3, Licht: 0,462,3,1,0,05,12,2,,0,1,0,0,0
"POINT (9.781976031000056 52.362996845000055)",Unfall 463 (2021) Kat:3, Licht: 0,463,3,6,2,04,16,2,,0,0,1,0,1
"POINT (9.827825046000044 52.354461045000050)",Unfall 464 (2021) Kat:3, Licht: 0,464,3,6,2,04,18,3,,0,0,1,0,0
"POINT (9.690012930000023 52.442216840000071)",Unfall 465 (2021) Kat:3, Licht: 0,465,3,6,2,04,15,5,,0,0,1,0,0
"POINT (9.771781291000025 52.342960258000062)",Unfall 466 (2021) Kat:3, Licht: 0,466,3,6,3,06,12,6,,0,0,1,0,0
"POINT (9.970751336000035 52.387078168000073)",Unfall 467 (2021) Kat:3, Licht: 0,467,3,3,5,04,15,7,,0,0,1,0,0
"POINT (9.891536773000041 52.312838015000068)",Unfall 468 (2021) Kat:3, Licht: 0,468,3,3,5,05,15,6,,0,0,1,0,0
"POINT (9.465076275000058 52.398162598000056)",Unfall 469 (2021) Kat:3, Licht: 0,469,3,2,5,04,08,2,,0,1,1,0,0
"POINT (9.472921458000030 52.301533475000042)",Unfall 470 (2021) Kat:3, Licht: 0,470,3,7,0,04,11,4,,0,1,0,0,0
"POINT (9.694988596000030 52.374542395000049)",Unfall 471 (2021) Kat:3, Licht: 0,471,3,6,2,05,17,5,,0,0,1,0,0
"POINT (9.581472437000059 52.356005098000026)",Unfall 472 (2021) Kat:3, Licht: 0,472,3,2,2,04,14,4,,0,0,1,0,0
"POINT (9.950481035000053 52.330285782000033)",Unfall 473 (2021) Kat:3, Licht: 0,473,3,3,5,05,06,2,,0,1,1,0,0
"POINT (9.467804065000053 52.462873525000077)",Unfall 474 (2021) Kat:1, Licht: 0,474,1,6,4,06,17,3,,0,1,0,0,0
"POINT (9.701909573000023 52.347403264000036)",Unfall 475 (2021) Kat:3, Licht: 0,475,3,6,2,04,13,3,,0,0,1,0,0
"POINT (9.569878292000055 52.450502446000030)",Unfall 476 (2021) Kat:3, Licht: 0,476,3,3,5,05,09,2,,0,0,1,0,0
"POINT (9.651890429000048 52.377020513000048)",Unfall 477 (2021) Kat:3, Licht: 0,477,3,3,5,06,16,4,,0,1,1,0,0
"POINT (9.722307037000064 52.378306170000030)",Unfall 478 (2021) Kat:3, Licht: 0,478,3,2,5,06,16,5,,0,1,1,0,0
"POINT (9.726202452000052 52.516575091000050)",Unfall 479 (2021) Kat:3, Licht: 0,479,3,1,8,06,16,7,,0,0,0,0,1
"POINT (9.913365521000060 52.395591787000058)",Unfall 480 (2021) Kat:2, Licht: 0,480,2,6,2,06,12,6,,0,0,1,0,0
"POINT (9.745760878000056 52.209351338000033)",Unfall 481 (2021) Kat:2, Licht: 0,481,2,2,4,05,16,4,,0,0,1,0,0
"POINT (9.694293669000047 52.374454450000030)",Unfall 482 (2021) Kat:3, Licht: 0,482,3,5,1,05,08,6,,0,0,1,0,0
"POINT (10.025045038000030 52.316777958000046)",Unfall 483 (2021) Kat:3, Licht: 0,483,3,3,5,05,15,5,,0,1,0,0,0
"POINT (9.746392438000044 52.365444990000071)",Unfall 484 (2021) Kat:2, Licht: 2,484,2,7,0,05,03,7,,2,0,0,0,0
"POINT (9.783982745000060 52.321779553000056)",Unfall 485 (2021) Kat:2, Licht: 0,485,2,3,5,05,08,3,,0,1,1,0,0
"POINT (9.791812898000046 52.335040009000068)",Unfall 486 (2021) Kat:3, Licht: 0,486,3,2,5,04,16,2,,0,1,1,0,0
"POINT (10.163634270000045 52.441915774000051)",Unfall 487 (2021) Kat:3, Licht: 1,487,3,7,0,05,21,7,,1,1,0,0,0
"POINT (9.799345938000044 52.409799075000080)",Unfall 488 (2021) Kat:3, Licht: 0,488,3,3,5,05,17,5,,0,1,1,0,0
"POINT (9.585431766000056 52.435280062000061)",Unfall 489 (2021) Kat:3, Licht: 0,489,3,3,5,05,08,3,,0,0,1,0,0
"POINT (9.736172737000061 52.399422211000058)",Unfall 490 (2021) Kat:3, Licht: 0,490,3,2,5,06,16,6,,0,1,1,0,0