WKT,Name,OBJECTID,UKATEGORIE,UTYP1,UART,UMONAT,USTUNDE,UWOCHENTAG,STRZUSTAND,ULICHTVERH,ISTRAD,ISTPKW,ISTFUSS,ISTKRAD
"POINT (9.906649350000066 52.343995489000065)",Unfall 491 (2021) Kat:3, Licht: 0,491,3,7,8,06,17,3,,0,0,1,0,0
"POINT (9.773275127000034 52.323320005000028)",Unfall 492 (2021) Kat:3, Licht: 0,492,3,4,0,04,12,6,,0,0,1,1,0
"POINT (9.719613497000068 52.367521902000078)",Unfall 493 (2021) Kat:3, Licht: 0,493,3,6,2,05,17,3,,0,0,1,0,1
"POINT (9.728380571000059 52.381627443000070)",Unfall 494 (2021) Kat:3, Licht: 0,494,3,3,0,04,10,6,,0,1,0,0,0
"POINT (9.697775275000026 52.377112688000068)",Unfall 495 (2021) Kat:3, Licht: 0,495,3,6,2,04,17,5,,0,0,1,0,0
"POINT (9.642553882000072 52.414649864000069)",Unfall 496 (2021) Kat:3, Licht: 0,496,3,6,2,04,12,7,,0,0,1,0,0
"POINT (9.746173017000046 52.184342691000040)",Unfall 497 (2021) Kat:3, Licht: 0,497,3,3,5,06,07,4,,0,1,1,0,0
"POINT (9.700877626000022 52.371246307000035)",Unfall 498 (2021) Kat:3, Licht: 2,498,3,6,0,05,21,4,,2,0,1,0,0
"POINT (9.734848273000068 52.392618729000048)",Unfall 499 (2021) Kat:3, Licht: 0,499,3,5,2,06,15,7,,0,0,1,0,0
"POINT (9.817602748000070 52.408920632000047)",Unfall 500 (2021) Kat:3, Licht: 0,500,3,6,2,04,19,7,,0,0,1,0,0
"POINT (9.723003697000024 52.358107815000039)",Unfall 501 (2021) Kat:3, Licht: 0,501,3,1,8,05,19,7,,0,1,0,0,0
"POINT (9.668012367000074 52.239083487000073)",Unfall 502 (2021) Kat:3, Licht: 0,502,3,3,5,05,13,6,,0,1,0,0,0
"POINT (9.961440269000036 52.302330390000066)",Unfall 503 (2021) Kat:2, Licht: 0,503,2,6,4,05,07,6,,0,0,1,0,0
"POINT (9.804452439000045 52.370546944000068)",Unfall 504 (2021) Kat:3, Licht: 0,504,3,1,0,05,12,5,,0,1,0,0,0
"POINT (9.452743604000034 52.512673897000070)",Unfall 505 (2021) Kat:3, Licht: 0,505,3,2,4,04,15,4,,0,0,1,0,0
"POINT (9.525107914000046 52.365732309000066)",Unfall 506 (2021) Kat:3, Licht: 0,506,3,7,8,04,18,4,,0,0,1,0,0
"POINT (9.488089778000074 52.308196405000047)",Unfall 507 (2021) Kat:3, Licht: 0,507,3,6,2,05,15,5,,0,0,1,0,0
"POINT (9.665771760000041 52.357708899000045)",Unfall 508 (2021) Kat:2, Licht: 0,508,2,2,5,04,17,6,,0,1,1,0,0
"POINT (9.736266788000023 52.397666949000040)",Unfall 509 (2021) Kat:3, Licht: 0,509,3,2,5,05,16,1,,0,1,1,0,0
"POINT (9.374443895000070 52.455709969000054)",Unfall 510 (2021) Kat:3, Licht: 0,510,3,4,6,05,16,2,,0,0,1,1,0
"POINT (9.685653407000075 52.374822161000054)",Unfall 511 (2021) Kat:3, Licht: 0,511,3,6,2,06,14,6,,0,0,1,0,1
"POINT (9.963936416000024 52.315187148000064)",Unfall 512 (2021) Kat:3, Licht: 0,512,3,7,0,06,14,1,,0,1,0,0,0
"POINT (9.723896070000023 52.379551116000073)",Unfall 513 (2021) Kat:2, Licht: 2,513,2,6,3,05,21,1,,2,1,0,0,0
"POINT (9.717292038000039 52.396472744000050)",Unfall 514 (2021) Kat:3, Licht: 2,514,3,7,6,06,00,4,,2,0,1,1,0
"POINT (9.467912674000047 52.462306518000048)",Unfall 515 (2021) Kat:3, Licht: 0,515,3,6,4,05,15,3,,0,0,1,0,0
"POINT (9.740296585000067 52.302206487000035)",Unfall 516 (2021) Kat:3, Licht: 0,516,3,7,0,06,18,6,,0,1,0,0,0
"POINT (9.860417304000066 52.517302374000053)",Unfall 517 (2021) Kat:3, Licht: 0,517,3,1,0,06,14,2,,0,0,0,0,1
"POINT (9.679757632000076 52.275990218000061)",Unfall 518 (2021) Kat:3, Licht: 2,518,3,7,8,06,23,4,,2,0,0,0,1
"POINT (9.466413006000039 52.460203684000078)",Unfall 519 (2021) Kat:3, Licht: 0,519,3,7,9,04,12,6,,0,0,1,0,0
"POINT (9.735782472000039 52.399932315000058)",Unfall 520 (2021) Kat:3, Licht: 0,520,3,6,3,04,15,3,,0,0,1,0,0
"POINT (9.740913934000048 52.427364570000066)",Unfall 521 (2021) Kat:2, Licht: 0,521,2,6,2,06,09,6,,0,0,1,0,0
"POINT (9.484142671000029 52.303703931000030)",Unfall 522 (2021) Kat:2, Licht: 0,522,2,3,5,05,11,4,,0,0,1,0,1
"POINT (9.587916438000036 52.582274098000028)",Unfall 523 (2021) Kat:3, Licht: 1,523,3,2,2,05,11,7,,1,0,1,0,1
"POINT (9.491100159000041 52.398762194000028)",Unfall 524 (2021) Kat:3, Licht: 0,524,3,6,2,06,15,2,,0,0,1,0,0
"POINT (9.736136961000057 52.466884480000033)",Unfall 525 (2021) Kat:3, Licht: 0,525,3,6,2,04,11,5,,0,0,1,0,0
"POINT (9.574229829000046 52.271821946000046)",Unfall 526 (2021) Kat:3, Licht: 0,526,3,5,1,05,15,7,,0,1,1,0,0
"POINT (9.826298683000061 52.289661948000060)",Unfall 527 (2021) Kat:3, Licht: 0,527,3,2,5,05,20,4,,0,1,1,0,0
"POINT (9.751208176000034 52.359209800000031)",Unfall 528 (2021) Kat:3, Licht: 0,528,3,2,5,05,09,5,,0,1,1,0,0
"POINT (9.774600114000066 52.371041537000053)",Unfall 529 (2021) Kat:3, Licht: 0,529,3,2,5,05,17,6,,0,1,1,0,0
"POINT (9.623920197000075 52.425398375000043)",Unfall 530 (2021) Kat:3, Licht: 0,530,3,6,2,05,08,3,,0,0,1,0,0
"POINT (9.779820543000028 52.425550130000033)",Unfall 531 (2021) Kat:2, Licht: 0,531,2,1,0,06,19,7,,0,1,0,0,0
"POINT (9.825579712000035 52.340752303000045)",Unfall 532 (2021) Kat:3, Licht: 0,532,3,7,5,05,12,7,,0,0,1,0,0
"POINT (9.506541081000023 52.478033543000038)",Unfall 533 (2021) Kat:1, Licht: 0,533,1,1,8,06,07,2,,0,0,1,0,0
"POINT (9.768267867000077 52.338401734000058)",Unfall 534 (2021) Kat:3, Licht: 0,534,3,6,0,06,17,4,,0,1,1,0,0
"POINT (9.723455370000067 52.363277718000063)",Unfall 535 (2021) Kat:3, Licht: 2,535,3,1,0,05,22,6,,2,0,0,0,0
"POINT (9.612901698000030 52.430916450000041)",Unfall 536 (2021) Kat:3, Licht: 0,536,3,6,2,06,17,3,,0,0,1,0,0
"POINT (9.734279538000067 52.413536495000074)",Unfall 537 (2021) Kat:3, Licht: 0,537,3,2,5,05,15,2,,0,1,1,0,0
"POINT (9.837021186000072 52.277031869000041)",Unfall 538 (2021) Kat:3, Licht: 0,538,3,1,0,06,17,3,,0,1,0,0,0
"POINT (9.755686987000047 52.590728765000051)",Unfall 539 (2021) Kat:3, Licht: 0,539,3,7,3,04,13,5,,0,0,1,0,0
"POINT (9.728621724000050 52.381705951000072)",Unfall 540 (2021) Kat:3, Licht: 0,540,3,5,1,04,14,4,,0,0,1,0,0
"POINT (9.949021413000025 52.371946054000034)",Unfall 541 (2021) Kat:2, Licht: 0,541,2,2,5,04,17,4,,0,0,1,0,1
"POINT (9.734579862000032 52.391377261000059)",Unfall 542 (2021) Kat:3, Licht: 0,542,3,5,1,06,18,7,,0,0,1,0,0
"POINT (9.590041114000030 52.438887777000048)",Unfall 543 (2021) Kat:3, Licht: 0,543,3,6,2,06,11,3,,0,0,1,0,0
"POINT (9.860427725000022 52.517369249000069)",Unfall 544 (2021) Kat:2, Licht: 0,544,2,3,5,06,15,5,,0,0,1,0,1
"POINT (9.701117026000077 52.216085857000053)",Unfall 545 (2021) Kat:3, Licht: 0,545,3,3,5,06,19,3,,0,0,1,0,0
"POINT (9.720428707000053 52.337965239000027)",Unfall 546 (2021) Kat:3, Licht: 0,546,3,1,0,06,15,5,,0,0,0,0,1
"POINT (9.367965393000077 52.454793095000070)",Unfall 547 (2021) Kat:2, Licht: 0,547,2,2,3,06,12,7,,0,1,0,0,1
"POINT (9.729534766000029 52.384408823000058)",Unfall 548 (2021) Kat:3, Licht: 0,548,3,6,0,05,11,2,,0,0,1,0,1
"POINT (9.722529775000055 52.378449603000035)",Unfall 549 (2021) Kat:3, Licht: 0,549,3,2,2,04,13,7,,0,0,1,0,0
"POINT (9.817745460000026 52.299772238000060)",Unfall 550 (2021) Kat:3, Licht: 0,550,3,6,2,05,17,3,,0,0,1,0,0
"POINT (9.777676367000026 52.328067310000051)",Unfall 551 (2021) Kat:3, Licht: 0,551,3,6,2,05,14,2,,0,0,1,0,0
"POINT (9.725676031000035 52.427405762000035)",Unfall 552 (2021) Kat:3, Licht: 0,552,3,6,3,05,15,4,,0,0,1,0,0
"POINT (9.734473159000061 52.412118054000075)",Unfall 553 (2021) Kat:3, Licht: 0,553,3,6,2,05,14,3,,0,0,1,0,0
"POINT (10.133796290000021 52.459244367000053)",Unfall 554 (2021) Kat:3, Licht: 0,554,3,3,5,06,17,2,,0,0,1,0,0
"POINT (9.821307530000070 52.562707828000043)",Unfall 555 (2021) Kat:2, Licht: 0,555,2,6,2,04,18,5,,0,0,1,0,0
"POINT (9.614130784000054 52.257645846000059)",Unfall 556 (2021) Kat:3, Licht: 0,556,3,5,1,05,16,4,,0,0,1,0,0
"POINT (9.757125441000028 52.319630704000076)",Unfall 557 (2021) Kat:3, Licht: 0,557,3,3,5,05,15,7,,0,1,1,0,0
"POINT (9.462526011000023 52.305001333000064)",Unfall 558 (2021) Kat:3, Licht: 0,558,3,4,6,05,17,3,,0,0,1,1,0
"POINT (9.713415170000076 52.361929455000052)",Unfall 559 (2021) Kat:3, Licht: 0,559,3,6,2,05,19,1,,0,0,1,0,0
"POINT (9.518496557000049 52.458001775000071)",Unfall 560 (2021) Kat:3, Licht: 0,560,3,3,5,05,11,6,,0,0,1,0,0
"POINT (9.736209998000049 52.557756193000046)",Unfall 561 (2021) Kat:3, Licht: 0,561,3,2,5,04,13,6,,0,1,0,0,0
"POINT (9.614374713000075 52.450631837000060)",Unfall 562 (2021) Kat:2, Licht: 0,562,2,6,4,06,13,4,,0,0,1,0,0
"POINT (9.718869043000041 52.333463279000057)",Unfall 563 (2021) Kat:3, Licht: 0,563,3,3,5,05,10,7,,0,0,1,0,0
"POINT (9.654054682000037 52.425081409000029)",Unfall 564 (2021) Kat:3, Licht: 0,564,3,6,3,04,11,7,,0,0,1,0,0
"POINT (9.662806245000070 52.171239453000055)",Unfall 565 (2021) Kat:2, Licht: 0,565,2,2,2,05,17,2,,0,0,1,0,1
"POINT (9.797320153000044 52.414019160000066)",Unfall 566 (2021) Kat:3, Licht: 0,566,3,7,2,05,18,3,,0,0,1,0,0
"POINT (10.056367445000035 52.407390877000068)",Unfall 567 (2021) Kat:2, Licht: 0,567,2,1,9,05,13,4,,0,0,1,0,0
"POINT (9.768193180000026 52.290592114000049)",Unfall 568 (2021) Kat:3, Licht: 0,568,3,4,2,05,13,7,,0,1,1,1,0
"POINT (10.229713812000057 52.467689150000069)",Unfall 569 (2021) Kat:3, Licht: 0,569,3,1,8,05,14,4,,0,0,1,0,0
"POINT (9.864208517000066 52.489029939000034)",Unfall 570 (2021) Kat:3, Licht: 0,570,3,3,5,06,08,2,,0,1,0,0,0
"POINT (9.526343043000054 52.448969019000060)",Unfall 571 (2021) Kat:3, Licht: 0,571,3,1,9,05,20,4,,0,0,0,0,1
"POINT (9.802744561000054 52.310896712000044)",Unfall 572 (2021) Kat:3, Licht: 0,572,3,1,0,06,17,1,,0,1,0,0,0
"POINT (9.493104646000063 52.366787596000052)",Unfall 573 (2021) Kat:1, Licht: 0,573,1,3,5,05,08,2,,0,0,1,0,1
"POINT (9.747514991000060 52.363994693000052)",Unfall 574 (2021) Kat:2, Licht: 0,574,2,1,8,05,17,5,,0,0,1,0,1
"POINT (9.661167753000029 52.386491462000038)",Unfall 575 (2021) Kat:2, Licht: 0,575,2,3,5,06,12,6,,0,1,1,0,0
"POINT (9.915383077000058 52.512459635000027)",Unfall 576 (2021) Kat:3, Licht: 0,576,3,3,5,04,16,6,,0,1,1,0,0
"POINT (9.456887923000068 52.499762836000059)",Unfall 577 (2021) Kat:3, Licht: 0,577,3,3,5,04,11,3,,0,1,1,0,0
"POINT (9.898356469000021 52.382152516000076)",Unfall 578 (2021) Kat:3, Licht: 0,578,3,5,1,06,12,4,,0,0,1,0,0
"POINT (9.844371213000045 52.274015132000045)",Unfall 579 (2021) Kat:3, Licht: 0,579,3,3,5,05,15,4,,0,1,1,0,0
"POINT (9.439096000000063 52.423187064000047)",Unfall 580 (2021) Kat:2, Licht: 2,580,2,7,9,06,23,7,,2,0,1,0,0
"POINT (9.626360849000037 52.329548556000077)",Unfall 581 (2021) Kat:3, Licht: 2,581,3,1,8,04,00,1,,2,0,1,0,0
"POINT (9.451449510000032 52.424012429000072)",Unfall 582 (2021) Kat:3, Licht: 0,582,3,6,2,04,17,1,,0,0,1,0,0
"POINT (9.789486391000025 52.316983550000032)",Unfall 583 (2021) Kat:3, Licht: 0,583,3,2,6,06,14,4,,0,0,1,1,0
"POINT (9.752034299000059 52.571961854000051)",Unfall 584 (2021) Kat:3, Licht: 2,584,3,1,9,05,02,7,,2,0,1,0,0
"POINT (9.514928070000053 52.284591326000054)",Unfall 585 (2021) Kat:3, Licht: 0,585,3,3,5,05,12,7,,0,1,1,0,0
"POINT (9.597950759000071 52.409189410000067)",Unfall 586 (2021) Kat:3, Licht: 0,586,3,6,2,06,06,3,,0,0,1,0,0
"POINT (9.508735940000065 52.428139190000081)",Unfall 587 (2021) Kat:3, Licht: 0,587,3,3,5,05,12,5,,0,0,1,0,1
"POINT (9.734471778000056 52.412126955000076)",Unfall 588 (2021) Kat:3, Licht: 0,588,3,6,2,04,15,3,,0,0,1,0,0
"POINT (9.848271317000069 52.355262823000032)",Unfall 589 (2021) Kat:3, Licht: 0,589,3,6,0,04,11,6,,0,0,1,0,1
"POINT (9.806459870000026 52.372106304000056)",Unfall 590 (2021) Kat:3, Licht: 0,590,3,6,2,04,14,5,,0,0,1,0,0
"POINT (9.727238959000033 52.366798702000040)",Unfall 591 (2021) Kat:3, Licht: 0,591,3,6,2,04,12,6,,0,0,1,0,0
"POINT (9.450514494000060 52.307785652000064)",Unfall 592 (2021) Kat:3, Licht: 0,592,3,1,0,04,18,3,,0,0,0,0,1
"POINT (9.460021148000067 52.307735486000070)",Unfall 593 (2021) Kat:3, Licht: 0,593,3,2,2,06,12,6,,0,0,1,0,0
"POINT (9.731613727000024 52.383520930000032)",Unfall 594 (2021) Kat:3, Licht: 0,594,3,6,3,05,18,1,,0,0,1,0,1
"POINT (9.979767990000028 52.402881715000035)",Unfall 595 (2021) Kat:3, Licht: 0,595,3,3,5,06,13,2,,0,1,1,0,0
"POINT (9.679321525000034 52.359464028000048)",Unfall 596 (2021) Kat:3, Licht: 0,596,3,1,0,06,18,4,,0,1,0,0,0
"POINT (9.756475121000051 52.370170266000059)",Unfall 597 (2021) Kat:3, Licht: 0,597,3,2,3,05,07,3,,0,1,1,0,0
"POINT (9.601473363000025 52.288128008000058)",Unfall 598 (2021) Kat:3, Licht: 0,598,3,1,8,05,17,6,,0,0,1,0,0
"POINT (9.659609383000031 52.356704145000037)",Unfall 599 (2021) Kat:3, Licht: 0,599,3,2,5,06,16,4,,0,1,1,0,0
"POINT (9.585560488000056 52.435392276000073)",Unfall 600 (2021) Kat:3, Licht: 1,600,3,2,2,04,20,5,,1,0,1,0,0
"POINT (9.513425116000064 52.411292865000064)",Unfall 601 (2021) Kat:3, Licht: 0,601,3,6,2,05,14,3,,0,0,0,0,0
"POINT (9.780347464000045 52.270088275000035)",Unfall 602 (2021) Kat:2, Licht: 0,602,2,7,8,04,10,7,,0,0,1,0,0
"POINT (9.721469431000060 52.361394920000066)",Unfall 603 (2021) Kat:2, Licht: 0,603,2,4,6,05,12,6,,0,0,1,1,0
"POINT (9.429488989000049 52.529159283000070)",Unfall 604 (2021) Kat:3, Licht: 0,604,3,1,9,05,12,3,,0,0,1,0,0
"POINT (9.889086957000075 52.351370535000058)",Unfall 605 (2021) Kat:3, Licht: 2,605,3,3,5,04,21,2,,2,0,1,0,1
"POINT (9.686991043000035 52.426230630000077)",Unfall 606 (2021) Kat:3, Licht: 0,606,3,6,2,06,15,3,,0,0,1,0,0
"POINT (9.702919425000061 52.415138503000037)",Unfall 607 (2021) Kat:3, Licht: 0,607,3,2,4,05,10,5,,0,0,1,0,0
"POINT (9.352888032000067 52.442769660000067)",Unfall 608 (2021) Kat:3, Licht: 0,608,3,6,2,05,13,1,,0,0,0,0,1
"POINT (9.746698315000060 52.365206222000040)",Unfall 609 (2021) Kat:3, Licht: 0,609,3,7,0,05,12,6,,0,1,0,0,0
"POINT (9.818075036000039 52.297266809000064)",Unfall 610 (2021) Kat:3, Licht: 0,610,3,6,2,04,18,5,,0,0,1,0,0
"POINT (9.726395157000070 52.380839112000046)",Unfall 611 (2021) Kat:3, Licht: 0,611,3,3,5,04,11,2,,0,1,1,0,0
"POINT (9.731943717000036 52.429752402000076)",Unfall 612 (2021) Kat:2, Licht: 0,612,2,7,5,05,12,5,,0,0,1,0,0
"POINT (9.771603808000066 52.370878574000074)",Unfall 613 (2021) Kat:3, Licht: 0,613,3,6,2,04,14,4,,0,0,1,0,0
"POINT (9.796552496000061 52.371211148000043)",Unfall 614 (2021) Kat:3, Licht: 1,614,3,2,6,04,20,4,,1,0,1,1,0
"POINT (9.392118494000044 52.420246346000056)",Unfall 615 (2021) Kat:2, Licht: 1,615,2,6,7,06,19,6,,1,0,0,0,1
"POINT (9.685516732000053 52.374763033000079)",Unfall 616 (2021) Kat:3, Licht: 0,616,3,6,2,06,07,5,,0,0,1,0,0
"POINT (9.878527108000071 52.399646795000081)",Unfall 617 (2021) Kat:3, Licht: 2,617,3,6,2,05,03,6,,2,0,1,0,0
"POINT (9.725476107000077 52.380432076000034)",Unfall 618 (2021) Kat:3, Licht: 0,618,3,6,2,05,10,5,,0,0,1,0,0
"POINT (9.835911485000054 52.409750207000059)",Unfall 619 (2021) Kat:2, Licht: 0,619,2,6,2,05,14,2,,0,0,1,0,1
"POINT (9.543401873000050 52.420995800000071)",Unfall 620 (2021) Kat:3, Licht: 0,620,3,6,2,05,16,6,,0,0,0,0,0
"POINT (9.498331262000022 52.353740084000037)",Unfall 621 (2021) Kat:2, Licht: 0,621,2,1,4,05,18,4,,0,1,1,0,0
"POINT (9.783870693000040 52.346011255000064)",Unfall 622 (2021) Kat:3, Licht: 0,622,3,6,3,05,18,3,,0,0,1,0,0
"POINT (9.740263871000025 52.368259520000038)",Unfall 623 (2021) Kat:3, Licht: 0,623,3,2,5,06,14,7,,0,1,1,0,0
"POINT (9.640974356000072 52.173392081000031)",Unfall 624 (2021) Kat:3, Licht: 0,624,3,3,5,05,13,1,,0,0,1,0,0
"POINT (9.725732755000024 52.525156597000034)",Unfall 625 (2021) Kat:1, Licht: 0,625,1,2,5,05,11,4,,0,1,1,0,0
"POINT (9.784171380000032 52.321565557000042)",Unfall 626 (2021) Kat:3, Licht: 0,626,3,2,5,05,17,4,,0,1,1,0,0
"POINT (9.431818992000046 52.422476725000081)",Unfall 627 (2021) Kat:3, Licht: 0,627,3,3,5,04,19,2,,0,1,1,0,0
"POINT (9.769734853000045 52.336698737000063)",Unfall 628 (2021) Kat:3, Licht: 0,628,3,6,4,06,18,4,,0,1,0,0,0
"POINT (9.697773123000047 52.377114721000055)",Unfall 629 (2021) Kat:3, Licht: 0,629,3,6,2,05,15,5,,0,0,1,0,0
"POINT (9.711528549000036 52.421732018000057)",Unfall 630 (2021) Kat:3, Licht: 0,630,3,3,5,05,16,2,,0,0,1,0,0
"POINT (9.569884697000020 52.595167763000063)",Unfall 631 (2021) Kat:2, Licht: 0,631,2,2,5,06,12,6,,0,0,0,0,1
"POINT (9.847643264000055 52.392769567000073)",Unfall 632 (2021) Kat:3, Licht: 2,632,3,7,0,06,23,3,,2,1,0,0,0
"POINT (9.616459956000028 52.354296045000069)",Unfall 633 (2021) Kat:3, Licht: 0,633,3,3,5,06,16,5,,0,1,1,0,0
"POINT (9.866377331000024 52.340184557000043)",Unfall 634 (2021) Kat:2, Licht: 0,634,2,6,2,04,07,5,,0,0,0,0,0
"POINT (9.650472107000041 52.391059670000061)",Unfall 635 (2021) Kat:3, Licht: 0,635,3,2,2,05,10,3,,0,0,1,0,0
"POINT (9.758587257000045 52.427063037000039)",Unfall 636 (2021) Kat:3, Licht: 0,636,3,6,2,04,17,4,,0,0,1,0,0
"POINT (9.733634912000070 52.369154803000072)",Unfall 637 (2021) Kat:3, Licht: 0,637,3,3,5,06,19,6,,0,1,1,0,0
"POINT (9.722436182000024 52.378499856000076)",Unfall 638 (2021) Kat:3, Licht: 0,638,3,2,5,06,12,5,,0,1,1,0,0
"POINT (9.696031119000054 52.274848924000082)",Unfall 639 (2021) Kat:3, Licht: 0,639,3,1,8,04,12,6,,0,0,1,0,0
"POINT (9.909415287000058 52.279139678000035)",Unfall 640 (2021) Kat:3, Licht: 0,640,3,6,2,05,08,5,,0,0,1,0,0
"POINT (9.769758386000035 52.580545865000033)",Unfall 641 (2021) Kat:3, Licht: 2,641,3,7,2,06,23,5,,2,0,1,0,0
"POINT (9.587193394000053 52.415607486000056)",Unfall 642 (2021) Kat:3, Licht: 0,642,3,2,5,05,15,3,,0,1,1,0,0
"POINT (10.025062635000040 52.316776257000072)",Unfall 643 (2021) Kat:3, Licht: 0,643,3,2,2,05,14,4,,0,0,1,0,0
"POINT (9.620147432000067 52.406364604000032)",Unfall 644 (2021) Kat:3, Licht: 0,644,3,3,5,05,09,5,,0,1,1,0,0
"POINT (9.823496731000034 52.463255729000082)",Unfall 645 (2021) Kat:3, Licht: 0,645,3,2,5,04,11,4,,0,1,1,0,0
"POINT (9.774985848000028 52.343278017000046)",Unfall 646 (2021) Kat:3, Licht: 0,646,3,6,2,04,13,4,,0,0,1,0,1
"POINT (9.862140930000066 52.380863458000078)",Unfall 647 (2021) Kat:3, Licht: 0,647,3,2,3,05,16,5,,0,1,1,0,0
"POINT (9.668871233000061 52.345361702000048)",Unfall 648 (2021) Kat:3, Licht: 0,648,3,6,2,04,15,7,,0,0,1,0,0
"POINT (9.709486237000021 52.408066955000038)",Unfall 649 (2021) Kat:3, Licht: 0,649,3,6,2,06,16,6,,0,0,1,0,0
"POINT (9.642112774000054 52.579012116000058)",Unfall 650 (2021) Kat:3, Licht: 0,650,3,1,0,04,17,3,,0,0,0,0,1
"POINT (9.735035022000034 52.404618413000037)",Unfall 651 (2021) Kat:3, Licht: 0,651,3,6,2,04,14,5,,0,0,1,0,0
"POINT (9.809921795000037 52.333582086000035)",Unfall 652 (2021) Kat:3, Licht: 1,652,3,1,8,05,19,6,,1,0,1,0,0
"POINT (9.975915760000021 52.411427167000056)",Unfall 653 (2021) Kat:3, Licht: 0,653,3,7,8,05,15,7,,0,0,0,0,1
"POINT (9.460117338000032 52.308559537000065)",Unfall 654 (2021) Kat:3, Licht: 0,654,3,3,5,05,15,7,,0,0,1,0,0
"POINT (9.788593247000051 52.206497875000082)",Unfall 655 (2021) Kat:3, Licht: 0,655,3,6,4,05,13,1,,0,1,0,0,0
"POINT (9.735337168000058 52.613733477000039)",Unfall 656 (2021) Kat:3, Licht: 0,656,3,6,2,06,12,7,,0,0,1,0,0
"POINT (9.444213557000069 52.381046104000063)",Unfall 657 (2021) Kat:3, Licht: 0,657,3,1,9,05,18,4,,0,0,1,0,0
"POINT (9.651241171000038 52.420272059000069)",Unfall 658 (2021) Kat:3, Licht: 0,658,3,7,0,06,17,4,,0,1,0,0,0
"POINT (9.531352493000043 52.270680637000055)",Unfall 659 (2021) Kat:3, Licht: 0,659,3,5,0,05,13,1,,0,0,1,0,0
"POINT (9.856015536000029 52.388840684000058)",Unfall 660 (2021) Kat:3, Licht: 0,660,3,3,5,05,05,2,,0,1,0,0,0
"POINT (9.555074303000026 52.314698086000078)",Unfall 661 (2021) Kat:3, Licht: 0,661,3,1,8,06,15,7,,0,0,1,0,0
"POINT (9.376746980000064 52.417107463000036)",Unfall 662 (2021) Kat:3, Licht: 0,662,3,3,5,06,16,5,,0,0,1,0,1
"POINT (9.677516403000027 52.369577597000045)",Unfall 663 (2021) Kat:2, Licht: 0,663,2,3,5,06,18,1,,0,1,1,0,0
"POINT (9.725411656000063 52.524088285000062)",Unfall 664 (2021) Kat:3, Licht: 0,664,3,6,2,05,16,5,,0,0,1,0,0
"POINT (10.007359582000049 52.315559115000042)",Unfall 665 (2021) Kat:3, Licht: 0,665,3,7,0,06,12,6,,0,1,0,0,0
"POINT (9.719479895000063 52.345942659000059)",Unfall 666 (2021) Kat:3, Licht: 0,666,3,6,2,04,10,2,,0,0,1,0,0
"POINT (9.520275519000052 52.175921702000039)",Unfall 667 (2021) Kat:3, Licht: 0,667,3,6,2,05,14,6,,0,0,1,0,0
"POINT (9.464938380000035 52.337530818000062)",Unfall 668 (2021) Kat:2, Licht: 0,668,2,6,3,06,17,2,,0,0,1,0,0
"POINT (9.649449304000029 52.395118016000026)",Unfall 669 (2021) Kat:3, Licht: 0,669,3,6,2,05,14,4,,0,0,1,0,0
"POINT (9.826800791000039 52.341878954000038)",Unfall 670 (2021) Kat:3, Licht: 0,670,3,3,5,05,19,5,,0,0,1,0,0
"POINT (9.834491659000037 52.386712097000043)",Unfall 671 (2021) Kat:3, Licht: 0,671,3,3,5,04,15,4,,0,1,1,0,0
"POINT (9.427816666000069 52.551657524000063)",Unfall 672 (2021) Kat:3, Licht: 0,672,3,6,3,05,14,3,,0,1,1,0,0
"POINT (9.636541098000066 52.396523977000072)",Unfall 673 (2021) Kat:3, Licht: 0,673,3,2,4,05,14,2,,0,0,1,0,0
"POINT (9.481214499000032 52.554312139000046)",Unfall 674 (2021) Kat:2, Licht: 0,674,2,3,5,04,17,4,,0,1,1,0,0
"POINT (9.941162711000061 52.392302989000029)",Unfall 675 (2021) Kat:3, Licht: 0,675,3,7,8,06,15,1,,0,0,1,0,0
"POINT (9.534685697000043 52.470832603000076)",Unfall 676 (2021) Kat:3, Licht: 0,676,3,1,9,05,06,3,,0,0,1,0,0
"POINT (9.836157585000024 52.387141502000077)",Unfall 677 (2021) Kat:3, Licht: 0,677,3,6,0,04,11,3,,0,1,0,0,0
"POINT (9.804641103000051 52.338131371000031)",Unfall 678 (2021) Kat:3, Licht: 0,678,3,6,2,04,08,3,,0,0,1,0,0
"POINT (9.518035631000032 52.410579675000065)",Unfall 679 (2021) Kat:3, Licht: 0,679,3,3,5,05,18,6,,0,0,1,0,0
"POINT (9.821147940000060 52.408284344000037)",Unfall 680 (2021) Kat:3, Licht: 0,680,3,6,2,04,18,6,,0,0,1,0,0
"POINT (9.800160633000075 52.406394122000052)",Unfall 681 (2021) Kat:3, Licht: 0,681,3,6,3,06,13,6,,0,1,0,0,0
"POINT (9.750738333000072 52.359822702000031)",Unfall 682 (2021) Kat:3, Licht: 0,682,3,6,9,06,12,6,,0,1,0,0,0
"POINT (9.732895296000038 52.438633287000073)",Unfall 683 (2021) Kat:3, Licht: 0,683,3,3,5,04,11,5,,0,1,1,0,0
"POINT (9.695518392000054 52.361352873000044)",Unfall 684 (2021) Kat:3, Licht: 0,684,3,3,5,05,14,4,,0,1,1,0,0
"POINT (9.659661410000069 52.356711962000077)",Unfall 685 (2021) Kat:3, Licht: 0,685,3,2,5,04,15,1,,0,1,1,0,0
"POINT (9.733982615000059 52.386863787000038)",Unfall 686 (2021) Kat:2, Licht: 0,686,2,6,3,06,15,5,,0,1,0,0,0