WKT,Name,OBJECTID,UKATEGORIE,UTYP1,UART,UMONAT,USTUNDE,UWOCHENTAG,STRZUSTAND,ULICHTVERH,ISTRAD,ISTPKW,ISTFUSS,ISTKRAD
"POINT (9.727604204000045 52.509039333000032)",Unfall 687 (2021) Kat:3, Licht: 0,687,3,3,5,06,15,5,,0,1,1,0,0
"POINT (9.454820282000071 52.306636719000039)",Unfall 688 (2021) Kat:3, Licht: 0,688,3,6,3,06,19,7,,0,0,1,0,0
"POINT (9.736342141000023 52.546564809000074)",Unfall 689 (2021) Kat:3, Licht: 0,689,3,1,8,06,09,6,,0,0,0,0,1
"POINT (9.802599491000024 52.340409056000055)",Unfall 690 (2021) Kat:3, Licht: 0,690,3,6,3,05,15,4,,0,0,1,0,0
"POINT (9.795845489000044 52.474173807000057)",Unfall 691 (2021) Kat:3, Licht: 0,691,3,3,5,06,15,5,,0,1,1,0,0
"POINT (9.723327157000028 52.377775002000078)",Unfall 692 (2021) Kat:3, Licht: 0,692,3,2,5,05,18,6,,0,1,1,0,0
"POINT (9.827228938000076 52.346931653000070)",Unfall 693 (2021) Kat:3, Licht: 0,693,3,3,0,05,17,2,,0,1,0,0,0
"POINT (9.732921237000028 52.423591398000042)",Unfall 694 (2021) Kat:3, Licht: 0,694,3,6,2,04,10,2,,0,0,1,0,0
"POINT (9.511893436000037 52.289117443000066)",Unfall 695 (2021) Kat:3, Licht: 1,695,3,7,0,04,05,2,,1,1,0,0,0
"POINT (9.648581675000059 52.396397514000057)",Unfall 696 (2021) Kat:3, Licht: 0,696,3,3,5,05,15,5,,0,1,1,0,0
"POINT (9.697677132000024 52.376391634000072)",Unfall 697 (2021) Kat:3, Licht: 0,697,3,6,2,05,13,7,,0,0,1,0,0
"POINT (9.733847682000032 52.479268881000053)",Unfall 698 (2021) Kat:3, Licht: 0,698,3,7,0,05,14,3,,0,0,0,1,0
"POINT (9.751535859000057 52.369513109000081)",Unfall 699 (2021) Kat:3, Licht: 0,699,3,1,0,05,15,6,,0,1,0,0,0
"POINT (9.567423578000046 52.300380691000043)",Unfall 700 (2021) Kat:3, Licht: 0,700,3,6,4,05,19,3,,0,0,1,0,0
"POINT (9.641369661000056 52.414280242000075)",Unfall 701 (2021) Kat:3, Licht: 0,701,3,6,2,04,12,7,,0,0,1,0,0
"POINT (9.623011771000051 52.260329227000057)",Unfall 702 (2021) Kat:3, Licht: 0,702,3,1,8,04,08,1,,0,0,1,0,0
"POINT (9.697252801000047 52.378094360000034)",Unfall 703 (2021) Kat:3, Licht: 0,703,3,6,2,06,15,6,,0,0,1,0,0
"POINT (9.683095834000028 52.241829042000063)",Unfall 704 (2021) Kat:2, Licht: 1,704,2,1,8,05,19,7,,1,0,1,0,0
"POINT (10.062423674000058 52.394685415000026)",Unfall 705 (2021) Kat:3, Licht: 0,705,3,3,0,06,11,4,,0,1,1,0,0
"POINT (9.859208247000026 52.487204393000070)",Unfall 706 (2021) Kat:2, Licht: 1,706,2,3,5,05,20,4,,1,1,1,0,0
"POINT (9.735422402000040 52.545053490000043)",Unfall 707 (2021) Kat:3, Licht: 0,707,3,6,6,04,11,7,,0,1,0,1,0
"POINT (9.827478110000072 52.361321967000038)",Unfall 708 (2021) Kat:3, Licht: 0,708,3,2,0,04,12,7,,0,1,1,0,0
"POINT (9.790025660000026 52.349261785000067)",Unfall 709 (2021) Kat:3, Licht: 0,709,3,6,2,04,16,4,,0,0,1,0,0
"POINT (9.629868088000023 52.484983122000074)",Unfall 710 (2021) Kat:3, Licht: 0,710,3,1,8,04,11,4,,0,0,0,0,1
"POINT (10.015140275000022 52.451950161000070)",Unfall 711 (2021) Kat:3, Licht: 0,711,3,3,5,04,13,6,,0,0,1,0,0
"POINT (9.651268667000068 52.337041675000080)",Unfall 712 (2021) Kat:3, Licht: 0,712,3,2,2,05,14,2,,0,0,1,0,0
"POINT (9.432873278000045 52.359222136000028)",Unfall 713 (2021) Kat:3, Licht: 0,713,3,6,2,04,14,2,,0,0,1,0,0
"POINT (9.670150871000033 52.347496485000079)",Unfall 714 (2021) Kat:2, Licht: 0,714,2,2,5,04,17,2,,0,0,1,0,0
"POINT (9.596069252000063 52.410016423000059)",Unfall 715 (2021) Kat:3, Licht: 0,715,3,6,4,04,16,4,,0,0,1,0,0
"POINT (9.635668083000041 52.421154467000065)",Unfall 716 (2021) Kat:3, Licht: 0,716,3,1,8,05,18,5,,0,0,1,0,0
"POINT (9.433993236000049 52.541440831000045)",Unfall 717 (2021) Kat:3, Licht: 0,717,3,7,8,05,13,3,,0,1,0,0,0
"POINT (9.555560421000052 52.275319208000042)",Unfall 718 (2021) Kat:3, Licht: 0,718,3,3,5,05,08,2,,0,0,1,0,0
"POINT (9.982765908000033 52.389101497000070)",Unfall 719 (2021) Kat:3, Licht: 2,719,3,7,2,06,03,5,,2,0,1,0,0
"POINT (9.570936821000032 52.446502897000073)",Unfall 720 (2021) Kat:2, Licht: 0,720,2,2,5,05,16,3,,0,1,1,0,0
"POINT (9.709642849000033 52.346838520000063)",Unfall 721 (2021) Kat:2, Licht: 0,721,2,3,5,05,16,6,,0,1,1,0,0
"POINT (9.627015805000042 52.423289806000071)",Unfall 722 (2021) Kat:3, Licht: 0,722,3,7,0,04,16,5,,0,0,0,0,1
"POINT (9.855169386000057 52.417127541000070)",Unfall 723 (2021) Kat:3, Licht: 0,723,3,6,2,05,10,4,,0,0,1,0,0
"POINT (9.466762143000039 52.381628526000043)",Unfall 724 (2021) Kat:3, Licht: 0,724,3,7,7,06,12,2,,0,0,1,0,0
"POINT (9.795437153000023 52.395028510000031)",Unfall 725 (2021) Kat:3, Licht: 0,725,3,6,2,06,08,4,,0,0,1,0,0
"POINT (9.464760134000073 52.350273372000061)",Unfall 726 (2021) Kat:3, Licht: 0,726,3,3,5,05,09,1,,0,1,1,0,0
"POINT (9.995814699000050 52.455211567000049)",Unfall 727 (2021) Kat:3, Licht: 0,727,3,3,5,05,16,1,,0,0,1,0,0
"POINT (9.808462370000029 52.306989856000030)",Unfall 728 (2021) Kat:3, Licht: 0,728,3,3,5,05,18,5,,0,0,1,0,0
"POINT (9.819380191000050 52.338848478000045)",Unfall 729 (2021) Kat:2, Licht: 0,729,2,4,6,04,13,4,,0,0,0,1,0
"POINT (9.719449220000058 52.440687668000066)",Unfall 730 (2021) Kat:3, Licht: 0,730,3,6,2,04,12,2,,0,0,1,0,0
"POINT (9.728370583000071 52.292745712000055)",Unfall 731 (2021) Kat:2, Licht: 0,731,2,3,5,06,13,2,,0,0,1,0,0
"POINT (9.835488338000062 52.468659078000030)",Unfall 732 (2021) Kat:3, Licht: 0,732,3,1,8,04,10,5,,0,1,0,0,0
"POINT (9.512466488000030 52.474623972000074)",Unfall 733 (2021) Kat:3, Licht: 0,733,3,6,2,06,07,2,,0,0,1,0,1
"POINT (9.647094045000074 52.413602256000047)",Unfall 734 (2021) Kat:3, Licht: 0,734,3,3,5,09,14,1,,0,0,1,0,0
"POINT (9.843619314000023 52.279530886000032)",Unfall 735 (2021) Kat:3, Licht: 2,735,3,1,8,08,21,1,,2,0,1,0,0
"POINT (9.857774188000064 52.481484724000040)",Unfall 736 (2021) Kat:3, Licht: 0,736,3,3,5,08,18,3,,0,0,1,0,1
"POINT (9.732562716000075 52.423901956000066)",Unfall 737 (2021) Kat:3, Licht: 0,737,3,6,2,07,16,3,,0,0,1,0,0
"POINT (9.818791587000021 52.384695162000071)",Unfall 738 (2021) Kat:3, Licht: 0,738,3,2,2,08,17,2,,0,0,1,0,0
"POINT (9.722167476000038 52.317236262000051)",Unfall 739 (2021) Kat:2, Licht: 0,739,2,3,5,07,13,2,,0,1,0,0,0
"POINT (9.775889167000059 52.427610172000072)",Unfall 740 (2021) Kat:3, Licht: 0,740,3,6,2,06,09,3,,0,0,1,0,0
"POINT (9.963121684000043 52.481907932000070)",Unfall 741 (2021) Kat:3, Licht: 0,741,3,1,8,07,12,5,,0,0,1,0,0
"POINT (9.509539015000030 52.508882357000061)",Unfall 742 (2021) Kat:1, Licht: 0,742,1,2,5,06,20,6,,0,0,0,0,1
"POINT (9.778800460000070 52.573321340000064)",Unfall 743 (2021) Kat:3, Licht: 0,743,3,6,2,07,16,5,,0,0,1,0,0
"POINT (9.690327209000031 52.374769939000032)",Unfall 744 (2021) Kat:3, Licht: 2,744,3,3,5,07,22,6,,2,0,1,0,0
"POINT (9.963321679000046 52.441043890000060)",Unfall 745 (2021) Kat:2, Licht: 0,745,2,7,8,07,09,4,,0,0,1,0,0
"POINT (9.786346656000035 52.389101430000039)",Unfall 746 (2021) Kat:3, Licht: 2,746,3,6,3,09,21,5,,2,0,1,0,0
"POINT (9.871186204000026 52.435006761000068)",Unfall 747 (2021) Kat:3, Licht: 0,747,3,2,4,08,17,4,,0,0,1,0,0
"POINT (9.899652977000073 52.396984739000061)",Unfall 748 (2021) Kat:3, Licht: 2,748,3,7,7,08,22,2,,2,0,0,0,0
"POINT (9.724566683000035 52.379987656000026)",Unfall 749 (2021) Kat:2, Licht: 2,749,2,4,6,09,06,6,,2,0,1,1,0
"POINT (9.635918170000025 52.417591063000032)",Unfall 750 (2021) Kat:2, Licht: 0,750,2,6,4,09,18,6,,0,1,0,0,0
"POINT (9.735025004000022 52.393413989000067)",Unfall 751 (2021) Kat:3, Licht: 0,751,3,3,5,07,14,7,,0,1,0,0,0
"POINT (9.735833426000056 52.399539565000055)",Unfall 752 (2021) Kat:3, Licht: 0,752,3,6,2,06,07,4,,0,0,1,0,0
"POINT (9.426859437000076 52.432020250000051)",Unfall 753 (2021) Kat:3, Licht: 0,753,3,1,0,08,17,3,,0,0,0,0,0
"POINT (9.474184255000068 52.389226238000049)",Unfall 754 (2021) Kat:3, Licht: 0,754,3,3,5,07,17,3,,0,1,1,0,0
"POINT (9.722502754000061 52.358463212000061)",Unfall 755 (2021) Kat:3, Licht: 1,755,3,6,2,08,21,7,,1,0,1,0,0
"POINT (9.573875209000050 52.282511526000064)",Unfall 756 (2021) Kat:3, Licht: 0,756,3,2,4,08,17,5,,0,0,1,0,0
"POINT (9.466135491000045 52.418567272000075)",Unfall 757 (2021) Kat:3, Licht: 0,757,3,3,5,06,17,5,,0,1,1,0,0
"POINT (9.773076316000072 52.578134115000069)",Unfall 758 (2021) Kat:3, Licht: 0,758,3,6,2,07,16,5,,0,0,1,0,0
"POINT (9.732305999000062 52.383376502000033)",Unfall 759 (2021) Kat:3, Licht: 0,759,3,2,5,08,15,3,,0,1,1,0,0
"POINT (9.964023132000023 52.316011526000068)",Unfall 760 (2021) Kat:3, Licht: 0,760,3,2,2,08,15,5,,0,0,1,0,0
"POINT (9.785665527000049 52.387666090000039)",Unfall 761 (2021) Kat:3, Licht: 0,761,3,6,0,08,17,7,,0,0,1,0,0
"POINT (9.613412182000047 52.421722879000072)",Unfall 762 (2021) Kat:2, Licht: 0,762,2,6,2,07,09,4,,0,0,1,0,0
"POINT (9.547776937000037 52.340184956000030)",Unfall 763 (2021) Kat:3, Licht: 0,763,3,3,5,09,08,2,,0,1,1,0,0
"POINT (9.555636385000071 52.204804900000056)",Unfall 764 (2021) Kat:3, Licht: 0,764,3,3,5,09,16,7,,0,1,1,0,0
"POINT (9.376723763000030 52.417143085000077)",Unfall 765 (2021) Kat:3, Licht: 0,765,3,7,7,08,17,4,,0,1,0,0,0
"POINT (9.860037918000046 52.433964671000069)",Unfall 766 (2021) Kat:3, Licht: 0,766,3,3,5,08,08,5,,0,1,1,0,0
"POINT (9.752552800000046 52.452713268000082)",Unfall 767 (2021) Kat:3, Licht: 0,767,3,1,0,06,13,7,,0,0,0,0,1
"POINT (9.478841453000030 52.506503215000066)",Unfall 768 (2021) Kat:3, Licht: 0,768,3,2,2,08,09,2,,0,0,1,0,0
"POINT (9.733679278000068 52.384825350000028)",Unfall 769 (2021) Kat:3, Licht: 2,769,3,6,2,09,23,5,,2,0,1,0,0
"POINT (9.735827308000069 52.399586723000027)",Unfall 770 (2021) Kat:3, Licht: 0,770,3,6,2,09,15,5,,0,0,1,0,0
"POINT (9.799701923000043 52.336071297000046)",Unfall 771 (2021) Kat:3, Licht: 0,771,3,2,5,06,19,3,,0,0,0,1,0
"POINT (9.736475020000057 52.546564438000075)",Unfall 772 (2021) Kat:3, Licht: 0,772,3,3,5,08,18,3,,0,0,1,0,1
"POINT (10.265499549000026 52.478610549000052)",Unfall 773 (2021) Kat:3, Licht: 0,773,3,6,2,08,12,2,,0,0,0,0,1
"POINT (9.864910346000045 52.333648157000027)",Unfall 774 (2021) Kat:3, Licht: 2,774,3,7,0,07,23,6,,2,0,1,1,0
"POINT (9.743357216000049 52.549414413000079)",Unfall 775 (2021) Kat:3, Licht: 0,775,3,7,2,08,18,4,,0,0,1,0,0
"POINT (9.720131445000050 52.367891505000046)",Unfall 776 (2021) Kat:3, Licht: 2,776,3,3,0,08,23,7,,2,1,0,0,0
"POINT (9.659783750000031 52.318170208000026)",Unfall 777 (2021) Kat:3, Licht: 0,777,3,2,6,08,09,6,,0,0,1,1,0
"POINT (9.889634721000050 52.584849634000079)",Unfall 778 (2021) Kat:3, Licht: 0,778,3,6,2,08,13,1,,0,0,1,0,0
"POINT (9.733946645000060 52.384815054000057)",Unfall 779 (2021) Kat:2, Licht: 0,779,2,3,5,07,17,6,,0,1,1,0,0
"POINT (9.689605453000070 52.444970808000051)",Unfall 780 (2021) Kat:3, Licht: 0,780,3,7,8,09,14,2,,0,0,0,0,0
"POINT (9.848846110000068 52.329478335000033)",Unfall 781 (2021) Kat:3, Licht: 0,781,3,3,5,07,10,7,,0,0,1,0,0
"POINT (9.651993715000060 52.424844190000044)",Unfall 782 (2021) Kat:3, Licht: 1,782,3,6,2,09,18,6,,1,0,1,0,0
"POINT (9.451873551000062 52.504878725000026)",Unfall 783 (2021) Kat:3, Licht: 0,783,3,2,2,09,14,3,,0,0,1,0,0
"POINT (9.619431387000077 52.421312969000041)",Unfall 784 (2021) Kat:2, Licht: 0,784,2,6,2,09,19,6,,0,0,1,0,0
"POINT (10.143812513000057 52.364491842000064)",Unfall 785 (2021) Kat:3, Licht: 2,785,3,1,9,06,23,4,,2,0,1,0,0
"POINT (9.740599719000045 52.319879779000075)",Unfall 786 (2021) Kat:3, Licht: 0,786,3,1,0,07,15,5,,0,1,0,0,0
"POINT (9.841097577000028 52.491139501000077)",Unfall 787 (2021) Kat:3, Licht: 0,787,3,1,0,08,14,1,,0,0,0,0,1
"POINT (10.048182636000035 52.535286596000049)",Unfall 788 (2021) Kat:3, Licht: 0,788,3,1,9,08,07,1,,0,0,1,0,0
"POINT (9.749708660000067 52.427418481000075)",Unfall 789 (2021) Kat:2, Licht: 0,789,2,6,2,07,12,4,,0,0,0,0,0
"POINT (9.729096297000069 52.492403062000051)",Unfall 790 (2021) Kat:3, Licht: 0,790,3,6,2,06,14,6,,0,0,1,0,0
"POINT (9.859897798000077 52.490726321000068)",Unfall 791 (2021) Kat:3, Licht: 0,791,3,3,5,07,19,3,,0,0,1,0,0
"POINT (9.751404083000068 52.528861030000030)",Unfall 792 (2021) Kat:3, Licht: 0,792,3,2,5,07,13,2,,0,1,1,0,0
"POINT (9.858768493000071 52.433461762000036)",Unfall 793 (2021) Kat:3, Licht: 0,793,3,1,9,08,15,5,,0,0,1,0,0
"POINT (9.740053895000074 52.368006980000075)",Unfall 794 (2021) Kat:3, Licht: 0,794,3,2,5,07,14,5,,0,1,1,0,0
"POINT (9.782550175000040 52.324474139000074)",Unfall 795 (2021) Kat:3, Licht: 0,795,3,3,5,08,16,1,,0,1,1,0,0
"POINT (9.698795452000070 52.347750218000044)",Unfall 796 (2021) Kat:3, Licht: 0,796,3,2,3,06,12,3,,0,0,1,0,0
"POINT (9.833524364000027 52.398532212000077)",Unfall 797 (2021) Kat:3, Licht: 0,797,3,2,2,09,11,5,,0,0,1,0,0
"POINT (9.544862421000062 52.310263805000034)",Unfall 798 (2021) Kat:1, Licht: 0,798,1,1,4,07,13,6,,0,0,1,0,1
"POINT (9.780639356000052 52.269981459000064)",Unfall 799 (2021) Kat:3, Licht: 0,799,3,6,2,07,16,4,,0,0,1,0,0
"POINT (9.735752362000028 52.400164394000058)",Unfall 800 (2021) Kat:3, Licht: 0,800,3,6,2,06,15,7,,0,0,1,0,0
"POINT (9.743119713000056 52.303616957000031)",Unfall 801 (2021) Kat:2, Licht: 1,801,2,7,1,09,19,7,,1,1,0,0,0
"POINT (9.856275598000025 52.475663593000036)",Unfall 802 (2021) Kat:3, Licht: 1,802,3,6,3,08,20,3,,1,0,1,0,0
"POINT (9.423196848000032 52.466017199000078)",Unfall 803 (2021) Kat:2, Licht: 0,803,2,7,8,08,15,5,,0,1,0,0,0
"POINT (9.474319071000025 52.389232967000055)",Unfall 804 (2021) Kat:3, Licht: 0,804,3,3,5,06,17,6,,0,1,1,0,0
"POINT (9.827470025000025 52.359908799000038)",Unfall 805 (2021) Kat:3, Licht: 0,805,3,3,5,06,13,2,,0,1,1,0,0
"POINT (9.643967099000065 52.337588651000033)",Unfall 806 (2021) Kat:3, Licht: 0,806,3,6,3,08,15,3,,0,0,1,0,0
"POINT (9.758874231000050 52.370315305000076)",Unfall 807 (2021) Kat:3, Licht: 0,807,3,3,5,07,19,6,,0,1,1,0,0
"POINT (9.723435083000027 52.377717287000053)",Unfall 808 (2021) Kat:3, Licht: 0,808,3,2,5,07,16,5,,0,0,1,0,0
"POINT (9.750191003000054 52.452712286000065)",Unfall 809 (2021) Kat:3, Licht: 0,809,3,3,5,07,14,7,,0,1,0,0,0
"POINT (9.628945939000062 52.483112182000070)",Unfall 810 (2021) Kat:3, Licht: 0,810,3,1,8,08,17,1,,0,0,1,0,0
"POINT (9.376109681000059 52.455945372000031)",Unfall 811 (2021) Kat:3, Licht: 0,811,3,6,2,09,17,2,,0,0,1,0,0
"POINT (10.038720358000035 52.377377650000028)",Unfall 812 (2021) Kat:3, Licht: 0,812,3,6,2,08,11,7,,0,0,1,0,0
"POINT (9.788898713000037 52.421553042000028)",Unfall 813 (2021) Kat:3, Licht: 0,813,3,6,2,07,17,7,,0,0,1,0,0
"POINT (9.719336330000033 52.346664214000043)",Unfall 814 (2021) Kat:3, Licht: 0,814,3,2,5,07,19,3,,0,0,1,0,0
"POINT (9.745546799000067 52.601305261000050)",Unfall 815 (2021) Kat:3, Licht: 0,815,3,6,2,08,09,7,,0,0,1,0,0
"POINT (9.609204359000046 52.318387676000043)",Unfall 816 (2021) Kat:3, Licht: 0,816,3,6,2,08,12,5,,0,0,1,0,0
"POINT (9.734895908000055 52.391461706000030)",Unfall 817 (2021) Kat:3, Licht: 0,817,3,6,2,08,16,6,,0,0,1,0,0
"POINT (9.462759998000024 52.346060602000080)",Unfall 818 (2021) Kat:1, Licht: 0,818,1,6,4,08,15,3,,0,0,1,0,0
"POINT (9.440613468000038 52.330600700000048)",Unfall 819 (2021) Kat:3, Licht: 0,819,3,3,5,07,06,6,,0,0,1,0,0
"POINT (9.816171180000026 52.384098212000026)",Unfall 820 (2021) Kat:3, Licht: 0,820,3,6,2,09,11,2,,0,0,1,0,0
"POINT (9.861256376000028 52.358370048000040)",Unfall 821 (2021) Kat:3, Licht: 0,821,3,6,4,08,14,7,,0,1,1,0,0
"POINT (9.727496017000021 52.381291758000032)",Unfall 822 (2021) Kat:3, Licht: 0,822,3,6,2,07,18,7,,0,0,1,0,0
"POINT (9.824547204000055 52.291527940000037)",Unfall 823 (2021) Kat:2, Licht: 0,823,2,3,5,07,13,6,,0,1,0,0,0
"POINT (9.991549861000067 52.371006503000046)",Unfall 824 (2021) Kat:2, Licht: 0,824,2,6,4,09,17,3,,0,1,0,0,0
"POINT (9.759676637000041 52.321925270000065)",Unfall 825 (2021) Kat:3, Licht: 2,825,3,6,3,09,21,6,,2,1,0,0,0
"POINT (9.584107122000034 52.330978937000054)",Unfall 826 (2021) Kat:2, Licht: 0,826,2,1,8,07,16,3,,0,0,0,0,1
"POINT (9.552736415000027 52.421512401000030)",Unfall 827 (2021) Kat:3, Licht: 1,827,3,1,8,06,05,1,,1,0,1,0,0
"POINT (9.730400995000025 52.382304900000065)",Unfall 828 (2021) Kat:3, Licht: 0,828,3,3,5,07,17,5,,0,1,1,0,0
"POINT (9.718805237000026 52.345922903000030)",Unfall 829 (2021) Kat:3, Licht: 1,829,3,6,0,08,21,1,,1,0,1,0,0
"POINT (9.572569233000024 52.189790181000035)",Unfall 830 (2021) Kat:2, Licht: 0,830,2,7,8,07,14,5,,0,0,1,0,0
"POINT (9.837649896000073 52.387367295000047)",Unfall 831 (2021) Kat:3, Licht: 0,831,3,6,4,08,16,5,,0,1,0,0,0
"POINT (9.862748079000028 52.379968666000082)",Unfall 832 (2021) Kat:3, Licht: 0,832,3,2,3,06,07,3,,0,1,1,0,0
"POINT (9.582264534000046 52.423601432000055)",Unfall 833 (2021) Kat:3, Licht: 2,833,3,6,2,07,02,4,,2,0,1,0,0
"POINT (9.773900830000059 52.331864932000030)",Unfall 834 (2021) Kat:2, Licht: 0,834,2,3,5,09,13,5,,0,1,1,0,0
"POINT (9.632968985000048 52.246993824000072)",Unfall 835 (2021) Kat:3, Licht: 0,835,3,3,5,07,18,7,,0,0,1,0,0
"POINT (9.588495173000069 52.437981256000057)",Unfall 836 (2021) Kat:3, Licht: 0,836,3,2,4,08,17,2,,0,0,1,0,0
"POINT (9.698746383000071 52.347684897000079)",Unfall 837 (2021) Kat:2, Licht: 0,837,2,2,5,08,14,1,,0,0,1,0,1
"POINT (9.858141217000025 52.507903852000027)",Unfall 838 (2021) Kat:3, Licht: 0,838,3,6,9,07,18,6,,0,0,1,0,0
"POINT (9.593495464000057 52.395761374000074)",Unfall 839 (2021) Kat:3, Licht: 0,839,3,6,2,08,18,5,,0,0,1,0,0
"POINT (9.844010320000052 52.491793480000069)",Unfall 840 (2021) Kat:3, Licht: 0,840,3,3,5,07,09,2,,0,1,1,0,0
"POINT (9.521269356000062 52.272377638000080)",Unfall 841 (2021) Kat:3, Licht: 0,841,3,7,6,07,17,6,,0,1,0,1,0
"POINT (9.714923132000024 52.361176309000030)",Unfall 842 (2021) Kat:3, Licht: 0,842,3,1,0,07,13,5,,0,0,0,0,1
"POINT (9.521105354000042 52.350768005000077)",Unfall 843 (2021) Kat:3, Licht: 0,843,3,3,5,08,07,5,,0,0,1,0,0
"POINT (9.710978972000021 52.405998972000077)",Unfall 844 (2021) Kat:3, Licht: 0,844,3,6,2,09,15,6,,0,0,1,0,0
"POINT (9.725389094000036 52.376842406000037)",Unfall 845 (2021) Kat:3, Licht: 2,845,3,2,5,08,21,7,,2,1,1,0,0
"POINT (9.732570842000030 52.423613934000059)",Unfall 846 (2021) Kat:3, Licht: 0,846,3,1,4,07,14,5,,0,0,1,0,0
"POINT (9.852660092000065 52.410134089000053)",Unfall 847 (2021) Kat:1, Licht: 0,847,1,6,2,06,09,3,,0,0,1,0,0
"POINT (9.817501217000029 52.300618915000030)",Unfall 848 (2021) Kat:3, Licht: 0,848,3,3,5,08,12,2,,0,1,1,0,0
"POINT (9.617350890000068 52.405774810000082)",Unfall 849 (2021) Kat:3, Licht: 0,849,3,3,5,07,10,5,,0,0,1,0,0
"POINT (9.462896652000040 52.346383472000070)",Unfall 850 (2021) Kat:3, Licht: 0,850,3,1,9,07,10,6,,0,0,1,0,0
"POINT (9.841036668000072 52.273742786000071)",Unfall 851 (2021) Kat:3, Licht: 0,851,3,3,5,08,15,4,,0,1,0,0,0
"POINT (9.467250813000021 52.422659218000035)",Unfall 852 (2021) Kat:3, Licht: 0,852,3,3,0,07,17,4,,0,0,1,0,1
"POINT (9.795869355000036 52.474203410000030)",Unfall 853 (2021) Kat:3, Licht: 0,853,3,2,4,09,11,1,,0,0,1,0,1
"POINT (9.735334163000061 52.613375982000036)",Unfall 854 (2021) Kat:3, Licht: 0,854,3,6,2,07,18,5,,0,0,1,0,0
"POINT (9.791957888000070 52.556456232000073)",Unfall 855 (2021) Kat:3, Licht: 0,855,3,6,2,06,11,7,,0,0,1,0,0
"POINT (9.775961730000063 52.553336556000033)",Unfall 856 (2021) Kat:3, Licht: 0,856,3,2,4,08,12,5,,0,0,1,0,0
"POINT (9.774600114000066 52.371041537000053)",Unfall 857 (2021) Kat:3, Licht: 2,857,3,7,0,08,22,2,,2,1,0,0,0
"POINT (9.585325246000025 52.389915852000058)",Unfall 858 (2021) Kat:3, Licht: 0,858,3,6,2,06,13,2,,0,0,1,0,0
"POINT (9.697060324000063 52.341403826000032)",Unfall 859 (2021) Kat:3, Licht: 0,859,3,6,2,09,13,4,,0,0,1,0,0
"POINT (9.902161218000060 52.493496704000052)",Unfall 860 (2021) Kat:3, Licht: 0,860,3,6,4,07,13,4,,0,0,0,0,1
"POINT (9.446678145000021 52.476868468000077)",Unfall 861 (2021) Kat:3, Licht: 0,861,3,6,2,07,16,5,,0,0,1,0,0
"POINT (9.758092353000052 52.334732861000077)",Unfall 862 (2021) Kat:3, Licht: 0,862,3,6,2,06,17,6,,0,1,0,0,0
"POINT (9.723695120000059 52.456688076000034)",Unfall 863 (2021) Kat:3, Licht: 2,863,3,6,2,08,23,5,,2,0,1,0,0
"POINT (9.849117414000034 52.491083676000073)",Unfall 864 (2021) Kat:3, Licht: 0,864,3,6,2,06,15,5,,0,0,1,0,0
"POINT (9.608745474000045 52.443870975000038)",Unfall 865 (2021) Kat:3, Licht: 0,865,3,3,5,07,16,5,,0,1,1,0,0
"POINT (9.630068855000047 52.421548187000042)",Unfall 866 (2021) Kat:3, Licht: 0,866,3,1,9,08,14,2,,0,0,0,0,1
"POINT (9.889011112000048 52.361459752000030)",Unfall 867 (2021) Kat:3, Licht: 1,867,3,6,3,07,19,6,,1,0,1,0,0
"POINT (9.411518318000049 52.546027738000078)",Unfall 868 (2021) Kat:3, Licht: 0,868,3,1,8,08,16,4,,0,0,0,0,1
"POINT (9.678166892000036 52.365625320000049)",Unfall 869 (2021) Kat:3, Licht: 0,869,3,6,2,07,17,6,,0,0,1,0,0
"POINT (9.731596013000058 52.420758084000056)",Unfall 870 (2021) Kat:3, Licht: 2,870,3,7,9,09,03,7,,2,0,1,0,0
"POINT (9.745766668000044 52.427325734000078)",Unfall 871 (2021) Kat:3, Licht: 0,871,3,6,2,09,07,4,,0,0,1,0,0
"POINT (10.019638468000039 52.384138248000056)",Unfall 872 (2021) Kat:2, Licht: 0,872,2,2,4,08,06,6,,0,0,1,0,0
"POINT (9.462906810000050 52.346404801000062)",Unfall 873 (2021) Kat:3, Licht: 1,873,3,1,8,06,21,2,,1,0,1,0,0
"POINT (9.727260759000046 52.439040741000042)",Unfall 874 (2021) Kat:3, Licht: 0,874,3,3,5,08,09,2,,0,0,1,0,0
"POINT (9.747078221000038 52.599460779000026)",Unfall 875 (2021) Kat:3, Licht: 0,875,3,6,2,07,13,7,,0,0,1,0,0
"POINT (9.985609330000045 52.480881669000041)",Unfall 876 (2021) Kat:3, Licht: 0,876,3,7,7,06,06,2,,0,0,0,0,0
"POINT (9.608554088000062 52.343439671000056)",Unfall 877 (2021) Kat:3, Licht: 0,877,3,2,5,06,13,6,,0,1,0,0,0
"POINT (9.733953157000030 52.368894910000051)",Unfall 878 (2021) Kat:3, Licht: 0,878,3,2,3,06,10,2,,0,1,1,0,0
"POINT (9.714545000000044 52.361074477000045)",Unfall 879 (2021) Kat:3, Licht: 1,879,3,2,3,08,20,3,,1,0,1,0,0
"POINT (9.822153287000049 52.406365894000032)",Unfall 880 (2021) Kat:3, Licht: 0,880,3,6,2,07,08,3,,0,0,1,0,0
"POINT (9.743441234000045 52.368462237000074)",Unfall 881 (2021) Kat:3, Licht: 0,881,3,1,8,09,10,1,,0,0,1,0,0
"POINT (9.697736968000072 52.376356375000057)",Unfall 882 (2021) Kat:3, Licht: 0,882,3,6,2,07,07,5,,0,0,1,0,0