WKT,Name,OBJECTID,UKATEGORIE,UTYP1,UART,UMONAT,USTUNDE,UWOCHENTAG,STRZUSTAND,ULICHTVERH,ISTRAD,ISTPKW,ISTFUSS,ISTKRAD
"POINT (9.761394327000062 52.346424443000046)",Unfall 1269 (2021) Kat:3, Licht: 0,1269,3,2,5,08,07,2,,0,1,1,0,0
"POINT (9.718084188000034 52.378407091000042)",Unfall 1270 (2021) Kat:2, Licht: 0,1270,2,6,2,08,09,4,,0,0,1,0,1
"POINT (9.762072657000033 52.345625773000052)",Unfall 1271 (2021) Kat:3, Licht: 0,1271,3,6,6,06,20,7,,0,0,1,1,0
"POINT (9.717861870000036 52.395354051000027)",Unfall 1272 (2021) Kat:3, Licht: 0,1272,3,1,0,06,11,2,,0,1,0,0,0
"POINT (9.734050437000064 52.415446375000045)",Unfall 1273 (2021) Kat:3, Licht: 0,1273,3,3,5,08,17,2,,0,1,1,0,0
"POINT (9.847420235000072 52.360120393000045)",Unfall 1274 (2021) Kat:3, Licht: 0,1274,3,2,5,06,12,1,,0,0,1,0,0
"POINT (9.827268833000062 52.339976246000049)",Unfall 1275 (2021) Kat:3, Licht: 0,1275,3,3,5,07,17,5,,0,0,1,0,0
"POINT (9.489830357000073 52.291093687000057)",Unfall 1276 (2021) Kat:3, Licht: 0,1276,3,7,0,08,10,7,,0,1,0,0,0
"POINT (9.589586899000039 52.439205285000071)",Unfall 1277 (2021) Kat:2, Licht: 0,1277,2,1,9,07,12,5,,0,0,0,0,1
"POINT (9.655902092000076 52.406380739000042)",Unfall 1278 (2021) Kat:3, Licht: 0,1278,3,6,2,06,13,7,,0,0,1,0,0
"POINT (9.836938442000076 52.277144535000048)",Unfall 1279 (2021) Kat:2, Licht: 0,1279,2,1,0,06,05,3,,0,1,0,0,0
"POINT (9.761704529000042 52.586394744000074)",Unfall 1280 (2021) Kat:3, Licht: 0,1280,3,6,2,08,12,6,,0,0,1,0,0
"POINT (9.762818979000031 52.344438585000034)",Unfall 1281 (2021) Kat:3, Licht: 0,1281,3,3,5,07,17,4,,0,1,1,0,0
"POINT (9.782590650000031 52.361628188000054)",Unfall 1282 (2021) Kat:3, Licht: 0,1282,3,1,9,07,12,5,,0,0,1,0,0
"POINT (9.739017825000076 52.337588091000043)",Unfall 1283 (2021) Kat:3, Licht: 0,1283,3,6,2,06,07,3,,0,0,1,0,1
"POINT (9.440123358000051 52.504497354000080)",Unfall 1284 (2021) Kat:3, Licht: 0,1284,3,3,5,07,09,2,,0,1,1,0,0
"POINT (9.847949798000059 52.410883125000055)",Unfall 1285 (2021) Kat:2, Licht: 1,1285,2,1,9,09,19,7,,1,0,0,0,1
"POINT (9.647970040000075 52.426946441000041)",Unfall 1286 (2021) Kat:3, Licht: 0,1286,3,2,5,08,10,3,,0,1,1,0,0
"POINT (9.756378776000076 52.452708615000063)",Unfall 1287 (2021) Kat:3, Licht: 0,1287,3,4,6,09,19,5,,0,0,1,1,0
"POINT (9.665197424000041 52.384341516000063)",Unfall 1288 (2021) Kat:3, Licht: 0,1288,3,6,2,09,16,2,,0,0,1,0,1
"POINT (9.957850364000024 52.318396609000047)",Unfall 1289 (2021) Kat:2, Licht: 0,1289,2,7,8,07,16,5,,0,1,0,0,0
"POINT (9.487034156000050 52.555890375000047)",Unfall 1290 (2021) Kat:3, Licht: 0,1290,3,7,9,08,13,3,,0,1,0,0,0
"POINT (9.756517511000027 52.254458865000061)",Unfall 1291 (2021) Kat:3, Licht: 0,1291,3,6,2,07,07,6,,0,0,1,0,0
"POINT (9.480551488000060 52.503420363000032)",Unfall 1292 (2021) Kat:3, Licht: 0,1292,3,7,0,08,17,4,,0,1,0,0,0
"POINT (9.650505697000028 52.392749148000064)",Unfall 1293 (2021) Kat:3, Licht: 0,1293,3,6,2,09,08,5,,0,0,1,0,0
"POINT (9.855332320000059 52.389758227000073)",Unfall 1294 (2021) Kat:3, Licht: 0,1294,3,2,2,07,14,2,,0,0,1,0,1
"POINT (9.578862568000034 52.210950092000076)",Unfall 1295 (2021) Kat:3, Licht: 0,1295,3,6,2,09,15,2,,0,0,1,0,0
"POINT (9.417455469000060 52.429143717000045)",Unfall 1296 (2021) Kat:2, Licht: 0,1296,2,2,5,09,17,6,,0,1,1,0,0
"POINT (9.629396652000025 52.483363986000029)",Unfall 1297 (2021) Kat:3, Licht: 0,1297,3,1,0,06,17,4,,0,0,0,0,1
"POINT (9.863845030000050 52.337794488000043)",Unfall 1298 (2021) Kat:3, Licht: 0,1298,3,7,0,06,15,6,,0,0,1,0,0
"POINT (9.819516119000070 52.514452211000048)",Unfall 1299 (2021) Kat:3, Licht: 0,1299,3,6,2,07,11,7,,0,0,1,0,0
"POINT (9.409630887000048 52.334024064000062)",Unfall 1300 (2021) Kat:3, Licht: 1,1300,3,6,2,08,20,1,,1,0,1,0,0
"POINT (9.595628308000073 52.287718559000041)",Unfall 1301 (2021) Kat:3, Licht: 2,1301,3,6,9,09,02,1,,2,1,0,0,0
"POINT (9.735425272000043 52.393874178000033)",Unfall 1302 (2021) Kat:3, Licht: 2,1302,3,1,8,06,01,4,,2,0,0,0,0
"POINT (9.720514799000057 52.428136620000032)",Unfall 1303 (2021) Kat:3, Licht: 0,1303,3,6,2,07,17,4,,0,0,1,0,0
"POINT (9.823105127000076 52.285635911000043)",Unfall 1304 (2021) Kat:3, Licht: 0,1304,3,1,0,08,16,7,,0,1,0,0,0
"POINT (9.745927480000034 52.366464006000058)",Unfall 1305 (2021) Kat:3, Licht: 0,1305,3,3,5,08,10,3,,0,1,1,0,0
"POINT (9.733045697000023 52.426642122000032)",Unfall 1306 (2021) Kat:3, Licht: 0,1306,3,7,0,07,18,5,,0,0,0,0,1
"POINT (9.775483144000077 52.332504405000066)",Unfall 1307 (2021) Kat:2, Licht: 0,1307,2,3,6,08,10,5,,0,0,0,1,0
"POINT (9.817880626000033 52.297528374000080)",Unfall 1308 (2021) Kat:3, Licht: 0,1308,3,6,0,07,15,2,,0,0,0,0,1
"POINT (9.730164349000063 52.368702581000036)",Unfall 1309 (2021) Kat:3, Licht: 0,1309,3,3,5,07,10,5,,0,0,1,0,1
"POINT (9.585377342000072 52.391769243000056)",Unfall 1310 (2021) Kat:3, Licht: 0,1310,3,3,5,06,16,3,,0,0,1,0,1
"POINT (9.809079608000047 52.379594888000042)",Unfall 1311 (2021) Kat:2, Licht: 0,1311,2,3,5,07,10,2,,0,1,0,0,0
"POINT (9.781370248000030 52.344989663000035)",Unfall 1312 (2021) Kat:3, Licht: 0,1312,3,6,2,09,16,7,,0,0,1,0,0
"POINT (9.894682110000076 52.415482580000059)",Unfall 1313 (2021) Kat:3, Licht: 0,1313,3,6,2,08,15,3,,0,0,1,0,0
"POINT (9.944538864000037 52.333808389000069)",Unfall 1314 (2021) Kat:3, Licht: 0,1314,3,1,8,07,18,1,,0,1,0,0,0
"POINT (9.781646154000043 52.424852090000059)",Unfall 1315 (2021) Kat:3, Licht: 0,1315,3,6,2,08,08,3,,0,0,1,0,0
"POINT (9.723870804000057 52.379534250000063)",Unfall 1316 (2021) Kat:3, Licht: 0,1316,3,6,4,09,15,4,,0,1,0,0,0
"POINT (9.732167540000034 52.369108661000041)",Unfall 1317 (2021) Kat:3, Licht: 0,1317,3,3,5,07,18,6,,0,1,1,0,0
"POINT (10.101882710000041 52.478564691000031)",Unfall 1318 (2021) Kat:3, Licht: 0,1318,3,6,0,07,12,7,,0,0,0,0,0
"POINT (9.706141503000026 52.551114723000069)",Unfall 1319 (2021) Kat:3, Licht: 0,1319,3,7,8,06,15,4,,0,0,1,0,0
"POINT (9.628431998000053 52.292435776000048)",Unfall 1320 (2021) Kat:3, Licht: 0,1320,3,3,5,08,19,4,,0,1,1,0,0
"POINT (9.731968752000057 52.607682646000058)",Unfall 1321 (2021) Kat:2, Licht: 1,1321,2,1,9,09,18,6,,1,0,1,0,0
"POINT (9.719143441000028 52.392890447000070)",Unfall 1322 (2021) Kat:3, Licht: 0,1322,3,3,5,06,16,4,,0,1,1,0,0
"POINT (9.707518619000041 52.424265311000056)",Unfall 1323 (2021) Kat:2, Licht: 0,1323,2,3,5,08,08,4,,0,1,1,0,0
"POINT (9.970400246000054 52.387646997000047)",Unfall 1324 (2021) Kat:3, Licht: 0,1324,3,3,5,06,17,4,,0,0,1,0,0
"POINT (9.883184086000028 52.358861987000068)",Unfall 1325 (2021) Kat:3, Licht: 0,1325,3,1,8,07,20,1,,0,0,1,0,1
"POINT (9.756033660000071 52.370145990000026)",Unfall 1326 (2021) Kat:3, Licht: 0,1326,3,6,2,07,15,5,,0,0,1,0,0
"POINT (9.924162008000053 52.365966955000033)",Unfall 1327 (2021) Kat:2, Licht: 0,1327,2,1,0,08,18,1,,0,0,0,0,1
"POINT (9.695388128000047 52.374702377000062)",Unfall 1328 (2021) Kat:3, Licht: 0,1328,3,3,5,08,13,6,,0,0,1,0,0
"POINT (9.436549438000043 52.419667436000054)",Unfall 1329 (2021) Kat:3, Licht: 0,1329,3,3,5,09,18,6,,0,0,1,0,0
"POINT (9.649518603000047 52.411866090000046)",Unfall 1330 (2021) Kat:3, Licht: 0,1330,3,6,2,09,16,3,,0,0,1,0,0
"POINT (9.486150495000061 52.626558969000030)",Unfall 1331 (2021) Kat:3, Licht: 0,1331,3,3,5,09,13,6,,0,0,1,0,0
"POINT (10.008250230000044 52.502811683000061)",Unfall 1332 (2021) Kat:3, Licht: 0,1332,3,6,3,08,17,5,,0,0,1,0,0
"POINT (9.700176676000069 52.372266488000037)",Unfall 1333 (2021) Kat:3, Licht: 0,1333,3,6,2,06,16,4,,0,0,1,0,0
"POINT (9.972757052000077 52.382845156000030)",Unfall 1334 (2021) Kat:2, Licht: 0,1334,2,7,4,06,16,2,,0,0,1,0,0
"POINT (9.702182529000027 52.369257460000028)",Unfall 1335 (2021) Kat:3, Licht: 0,1335,3,6,2,07,16,7,,0,0,1,0,0
"POINT (9.886986930000035 52.398339313000065)",Unfall 1336 (2021) Kat:3, Licht: 0,1336,3,6,3,08,18,1,,0,0,1,0,0
"POINT (9.832332393000058 52.495518299000082)",Unfall 1337 (2021) Kat:3, Licht: 2,1337,3,7,2,08,02,3,,2,0,1,0,0
"POINT (9.370092817000057 52.455095338000035)",Unfall 1338 (2021) Kat:3, Licht: 0,1338,3,5,1,07,15,1,,0,0,1,0,0
"POINT (10.019393938000064 52.382992645000058)",Unfall 1339 (2021) Kat:3, Licht: 0,1339,3,6,2,08,08,3,,0,0,0,0,0
"POINT (9.718993613000066 52.333739924000042)",Unfall 1340 (2021) Kat:3, Licht: 0,1340,3,7,2,09,19,7,,0,0,1,0,0
"POINT (9.778119508000032 52.371253091000028)",Unfall 1341 (2021) Kat:3, Licht: 0,1341,3,2,5,07,17,5,,0,0,1,0,0
"POINT (9.833644110000023 52.420960811000043)",Unfall 1342 (2021) Kat:3, Licht: 0,1342,3,1,8,08,14,3,,0,0,1,0,0
"POINT (9.589504498000053 52.397075144000041)",Unfall 1343 (2021) Kat:3, Licht: 1,1343,3,3,5,08,20,1,,1,0,1,0,0
"POINT (10.088538996000068 52.481712535000042)",Unfall 1344 (2021) Kat:3, Licht: 0,1344,3,6,4,07,13,2,,0,0,1,0,0
"POINT (9.574657034000040 52.419970037000041)",Unfall 1345 (2021) Kat:3, Licht: 0,1345,3,6,0,09,17,7,,0,0,0,0,1
"POINT (9.643314280000027 52.334876200000053)",Unfall 1346 (2021) Kat:3, Licht: 0,1346,3,6,2,06,16,3,,0,0,1,0,0
"POINT (9.784592883000073 52.383911281000053)",Unfall 1347 (2021) Kat:3, Licht: 0,1347,3,1,9,09,17,2,,0,0,1,0,0
"POINT (9.737137614000062 52.544574276000048)",Unfall 1348 (2021) Kat:3, Licht: 0,1348,3,6,2,07,13,2,,0,0,1,0,0
"POINT (9.747995597000056 52.363376228000050)",Unfall 1349 (2021) Kat:3, Licht: 0,1349,3,6,2,08,20,4,,0,0,1,0,0
"POINT (9.782938952000052 52.569449987000041)",Unfall 1350 (2021) Kat:3, Licht: 0,1350,3,6,2,08,16,5,,0,0,1,0,0
"POINT (9.707831574000068 52.423682720000045)",Unfall 1351 (2021) Kat:3, Licht: 0,1351,3,7,0,08,14,6,,0,1,0,1,0
"POINT (9.858063742000070 52.387543754000035)",Unfall 1352 (2021) Kat:3, Licht: 0,1352,3,5,0,06,18,6,,0,1,0,0,0
"POINT (9.621100167000066 52.315860905000079)",Unfall 1353 (2021) Kat:3, Licht: 0,1353,3,7,8,06,17,5,,0,1,0,0,0
"POINT (9.494127375000062 52.480484113000045)",Unfall 1354 (2021) Kat:3, Licht: 0,1354,3,7,0,09,12,6,,0,0,1,0,0
"POINT (9.756180293000057 52.234662960000037)",Unfall 1355 (2021) Kat:2, Licht: 0,1355,2,6,4,09,12,3,,0,0,1,0,0
"POINT (9.728366246000064 52.373711508000042)",Unfall 1356 (2021) Kat:3, Licht: 0,1356,3,6,2,07,07,3,,0,0,1,0,1
"POINT (9.833117113000071 52.338311766000061)",Unfall 1357 (2021) Kat:3, Licht: 0,1357,3,1,0,07,07,5,,0,1,0,0,0
"POINT (9.656789316000072 52.238902597000049)",Unfall 1358 (2021) Kat:2, Licht: 0,1358,2,7,9,08,12,3,,0,0,1,0,0
"POINT (9.973407456000075 52.383836005000035)",Unfall 1359 (2021) Kat:2, Licht: 2,1359,2,3,5,08,04,5,,2,1,1,0,0
"POINT (9.385860764000029 52.432556277000060)",Unfall 1360 (2021) Kat:2, Licht: 2,1360,2,1,9,09,00,7,,2,0,1,0,0
"POINT (9.895702877000076 52.351374495000073)",Unfall 1361 (2021) Kat:3, Licht: 0,1361,3,4,0,08,17,2,,0,1,0,1,0
"POINT (9.843717828000024 52.415051536000078)",Unfall 1362 (2021) Kat:2, Licht: 0,1362,2,6,2,06,09,3,,0,0,1,0,0
"POINT (9.899736102000077 52.400612439000042)",Unfall 1363 (2021) Kat:3, Licht: 0,1363,3,3,5,07,18,4,,0,0,1,0,0
"POINT (9.858588754000039 52.407420802000047)",Unfall 1364 (2021) Kat:3, Licht: 0,1364,3,6,3,08,09,5,,0,0,1,0,0
"POINT (9.698742591000041 52.347392481000043)",Unfall 1365 (2021) Kat:3, Licht: 0,1365,3,3,5,07,14,7,,0,0,1,0,0
"POINT (9.714293760000032 52.362155017000077)",Unfall 1366 (2021) Kat:3, Licht: 0,1366,3,2,5,07,06,1,,0,0,1,0,0
"POINT (9.677653734000046 52.371498765000069)",Unfall 1367 (2021) Kat:3, Licht: 2,1367,3,1,9,07,23,2,,2,0,1,0,1
"POINT (10.234103963000052 52.466204132000030)",Unfall 1368 (2021) Kat:3, Licht: 0,1368,3,1,8,08,14,1,,0,0,1,0,0
"POINT (9.779074139000045 52.367457265000041)",Unfall 1369 (2021) Kat:3, Licht: 0,1369,3,6,3,08,17,6,,0,0,1,0,0
"POINT (9.758648334000043 52.427216294000061)",Unfall 1370 (2021) Kat:3, Licht: 0,1370,3,6,2,08,07,2,,0,0,1,0,0
"POINT (9.723442278000050 52.377713440000036)",Unfall 1371 (2021) Kat:3, Licht: 0,1371,3,2,5,07,16,3,,0,1,1,0,0
"POINT (9.990240368000059 52.372344950000070)",Unfall 1372 (2021) Kat:3, Licht: 0,1372,3,3,5,06,14,3,,0,0,1,0,0
"POINT (9.587601367000048 52.461694446000081)",Unfall 1373 (2021) Kat:3, Licht: 0,1373,3,3,5,07,15,6,,0,1,1,0,0
"POINT (9.631593876000068 52.420115483000075)",Unfall 1374 (2021) Kat:3, Licht: 0,1374,3,6,2,07,16,1,,0,0,1,0,0
"POINT (9.756926371000077 52.589998560000026)",Unfall 1375 (2021) Kat:3, Licht: 0,1375,3,6,2,07,12,6,,0,0,1,0,0
"POINT (9.734268370000052 52.387119197000061)",Unfall 1376 (2021) Kat:3, Licht: 0,1376,3,2,5,08,16,3,,0,1,1,0,0
"POINT (9.700076605000049 52.430395878000070)",Unfall 1377 (2021) Kat:3, Licht: 0,1377,3,6,3,08,20,1,,0,0,1,0,0
"POINT (9.819325681000066 52.461842852000075)",Unfall 1378 (2021) Kat:3, Licht: 0,1378,3,2,2,08,13,5,,0,0,1,0,0
"POINT (9.637840714000049 52.378824652000048)",Unfall 1379 (2021) Kat:3, Licht: 0,1379,3,6,6,09,11,4,,0,1,0,1,0
"POINT (9.735761733000061 52.612849107000045)",Unfall 1380 (2021) Kat:3, Licht: 0,1380,3,6,2,06,14,2,,0,0,1,0,0
"POINT (9.853952521000053 52.359127115000035)",Unfall 1381 (2021) Kat:3, Licht: 0,1381,3,5,5,08,08,4,,0,0,1,0,0
"POINT (9.738794154000061 52.437900938000041)",Unfall 1382 (2021) Kat:3, Licht: 0,1382,3,2,4,07,07,6,,0,1,1,0,0
"POINT (9.816912660000071 52.363010953000071)",Unfall 1383 (2021) Kat:3, Licht: 0,1383,3,1,0,08,14,1,,0,0,0,0,1
"POINT (9.924404385000059 52.366095568000048)",Unfall 1384 (2021) Kat:3, Licht: 0,1384,3,2,4,07,17,4,,0,0,1,0,0
"POINT (9.601689912000040 52.409347463000074)",Unfall 1385 (2021) Kat:3, Licht: 2,1385,3,1,9,08,01,1,,2,0,1,0,0
"POINT (9.976936247000026 52.372592525000073)",Unfall 1386 (2021) Kat:2, Licht: 0,1386,2,3,5,09,10,6,,0,0,1,0,0
"POINT (9.762818979000031 52.344438585000034)",Unfall 1387 (2021) Kat:3, Licht: 0,1387,3,2,5,09,13,6,,0,1,0,0,0
"POINT (9.715955120000046 52.397594244000061)",Unfall 1388 (2021) Kat:2, Licht: 0,1388,2,3,5,08,19,4,,0,0,1,0,1
"POINT (9.628300394000064 52.422227275000068)",Unfall 1389 (2021) Kat:3, Licht: 0,1389,3,1,0,06,09,4,,0,0,0,0,1
"POINT (9.990221492000046 52.317823064000038)",Unfall 1390 (2021) Kat:3, Licht: 0,1390,3,1,9,08,13,5,,0,0,0,0,1
"POINT (9.734406928000055 52.389498156000059)",Unfall 1391 (2021) Kat:3, Licht: 0,1391,3,5,1,07,19,2,,0,1,1,0,0
"POINT (9.748052096000038 52.363303140000028)",Unfall 1392 (2021) Kat:2, Licht: 0,1392,2,2,5,06,07,2,,0,1,1,0,0
"POINT (9.811872919000052 52.331634372000053)",Unfall 1393 (2021) Kat:3, Licht: 0,1393,3,6,2,07,15,4,,0,0,1,0,0
"POINT (9.959239222000065 52.461065497000050)",Unfall 1394 (2021) Kat:3, Licht: 0,1394,3,7,8,09,14,3,,0,0,1,0,0
"POINT (9.550982658000066 52.203065460000062)",Unfall 1395 (2021) Kat:2, Licht: 0,1395,2,6,2,07,12,5,,0,0,1,0,0
"POINT (9.727238959000033 52.366798702000040)",Unfall 1396 (2021) Kat:3, Licht: 0,1396,3,6,2,08,16,4,,0,0,1,0,0
"POINT (9.679046299000049 52.359370226000067)",Unfall 1397 (2021) Kat:3, Licht: 0,1397,3,6,2,08,07,2,,0,0,1,0,0
"POINT (9.539103402000023 52.461757401000057)",Unfall 1398 (2021) Kat:3, Licht: 0,1398,3,3,5,09,13,2,,0,0,1,0,0
"POINT (9.734119105000048 52.369071241000029)",Unfall 1399 (2021) Kat:3, Licht: 0,1399,3,3,5,08,07,4,,0,1,1,0,0
"POINT (9.570794416000069 52.446560679000072)",Unfall 1400 (2021) Kat:3, Licht: 0,1400,3,2,5,07,05,4,,0,1,0,0,0
"POINT (9.903909330000033 52.445048314000076)",Unfall 1401 (2021) Kat:3, Licht: 0,1401,3,6,2,07,15,5,,0,0,1,0,0
"POINT (9.846273694000047 52.413429943000040)",Unfall 1402 (2021) Kat:2, Licht: 0,1402,2,6,3,07,08,3,,0,0,0,0,0
"POINT (9.764409801000056 52.261375895000072)",Unfall 1403 (2021) Kat:3, Licht: 0,1403,3,6,2,08,11,5,,0,0,1,0,0
"POINT (9.430122755000070 52.424932319000050)",Unfall 1404 (2021) Kat:3, Licht: 0,1404,3,6,2,06,12,4,,0,0,1,0,0
"POINT (9.755979484000022 52.352745282000058)",Unfall 1405 (2021) Kat:3, Licht: 0,1405,3,3,5,07,16,1,,0,1,0,0,0
"POINT (9.652578589000029 52.320057540000050)",Unfall 1406 (2021) Kat:3, Licht: 0,1406,3,3,5,07,18,7,,0,1,1,0,0
"POINT (9.743407585000057 52.368365593000078)",Unfall 1407 (2021) Kat:3, Licht: 0,1407,3,6,6,08,12,3,,0,0,0,1,0
"POINT (9.465076275000058 52.398162598000056)",Unfall 1408 (2021) Kat:3, Licht: 0,1408,3,3,5,06,12,6,,0,0,1,0,0
"POINT (9.474302570000077 52.389244219000034)",Unfall 1409 (2021) Kat:3, Licht: 0,1409,3,3,5,09,16,4,,0,1,1,0,0
"POINT (9.707473277000076 52.424388315000044)",Unfall 1410 (2021) Kat:3, Licht: 0,1410,3,2,5,09,14,4,,0,0,1,0,0
"POINT (9.457120221000025 52.502191205000031)",Unfall 1411 (2021) Kat:3, Licht: 2,1411,3,6,2,09,20,3,,2,0,1,0,0
"POINT (10.200511110000036 52.459998354000049)",Unfall 1412 (2021) Kat:3, Licht: 0,1412,3,4,6,09,16,3,,0,0,1,1,0
"POINT (9.678617886000040 52.359439402000078)",Unfall 1413 (2021) Kat:3, Licht: 0,1413,3,3,5,10,13,6,,0,1,1,0,0
"POINT (9.518695237000031 52.414392648000046)",Unfall 1414 (2021) Kat:3, Licht: 0,1414,3,6,2,10,14,6,,0,0,1,0,0
"POINT (9.889659631000029 52.362397526000052)",Unfall 1415 (2021) Kat:3, Licht: 0,1415,3,1,9,09,11,7,,0,0,0,0,0
"POINT (9.833310547000053 52.421170582000059)",Unfall 1416 (2021) Kat:3, Licht: 2,1416,3,2,3,10,00,7,,2,0,1,0,0
"POINT (9.648218677000045 52.412812964000068)",Unfall 1417 (2021) Kat:3, Licht: 2,1417,3,6,2,10,22,6,,2,0,1,0,0
"POINT (9.457231028000024 52.503366132000053)",Unfall 1418 (2021) Kat:3, Licht: 2,1418,3,3,5,10,06,4,,2,1,1,0,0
"POINT (9.805121004000057 52.397523831000058)",Unfall 1419 (2021) Kat:3, Licht: 0,1419,3,6,2,10,06,6,,0,0,1,0,0
"POINT (9.708677829000067 52.280530680000027)",Unfall 1420 (2021) Kat:2, Licht: 0,1420,2,7,8,10,13,1,,0,0,0,0,1
"POINT (9.730213768000056 52.368958507000059)",Unfall 1421 (2021) Kat:2, Licht: 2,1421,2,3,5,09,21,2,,2,1,1,0,0
"POINT (9.639870496000071 52.422512845000028)",Unfall 1422 (2021) Kat:3, Licht: 0,1422,3,6,2,10,16,6,,0,0,1,0,0
"POINT (9.713801450000062 52.361320775000081)",Unfall 1423 (2021) Kat:3, Licht: 0,1423,3,1,9,10,15,2,,0,0,1,0,0
"POINT (9.773868906000075 52.577509584000040)",Unfall 1424 (2021) Kat:3, Licht: 0,1424,3,6,2,10,11,5,,0,0,1,0,0
"POINT (9.624788562000049 52.378239269000062)",Unfall 1425 (2021) Kat:3, Licht: 1,1425,3,5,1,09,06,5,,1,1,1,0,0
"POINT (9.750080829000069 52.369281613000055)",Unfall 1426 (2021) Kat:3, Licht: 0,1426,3,3,5,09,18,4,,0,1,0,0,0
"POINT (9.419218072000035 52.546070784000051)",Unfall 1427 (2021) Kat:3, Licht: 0,1427,3,7,0,09,08,2,,0,0,1,0,1
"POINT (9.733603660000028 52.384960923000051)",Unfall 1428 (2021) Kat:3, Licht: 0,1428,3,6,2,09,17,5,,0,0,1,0,0
"POINT (9.723437497000077 52.377715996000063)",Unfall 1429 (2021) Kat:3, Licht: 0,1429,3,2,5,09,07,4,,0,0,1,0,1
"POINT (9.598564770000053 52.394616083000074)",Unfall 1430 (2021) Kat:3, Licht: 1,1430,3,3,5,09,06,5,,1,1,1,0,0
"POINT (9.745628868000040 52.366902040000070)",Unfall 1431 (2021) Kat:3, Licht: 0,1431,3,6,2,09,15,3,,0,0,1,0,0
"POINT (10.162857754000072 52.443871617000070)",Unfall 1432 (2021) Kat:3, Licht: 0,1432,3,6,8,09,14,3,,0,0,1,0,1
"POINT (9.674823990000050 52.381925330000058)",Unfall 1433 (2021) Kat:3, Licht: 0,1433,3,2,4,10,14,6,,0,1,1,0,0
"POINT (9.727457011000070 52.381276813000056)",Unfall 1434 (2021) Kat:3, Licht: 2,1434,3,6,2,09,06,4,,2,0,1,0,0
"POINT (9.813219289000074 52.383296442000074)",Unfall 1435 (2021) Kat:3, Licht: 0,1435,3,6,3,09,07,3,,0,1,0,0,0
"POINT (9.805259299000056 52.370106555000064)",Unfall 1436 (2021) Kat:3, Licht: 0,1436,3,6,2,10,08,3,,0,0,1,0,0
"POINT (9.716408892000061 52.357685391000075)",Unfall 1437 (2021) Kat:3, Licht: 0,1437,3,3,6,10,11,7,,0,0,1,1,0
"POINT (9.869359984000027 52.360437335000029)",Unfall 1438 (2021) Kat:3, Licht: 2,1438,3,3,5,10,22,4,,2,0,1,0,0
"POINT (9.747260260000076 52.364327528000047)",Unfall 1439 (2021) Kat:3, Licht: 0,1439,3,6,3,10,09,2,,0,0,1,0,0
"POINT (9.791830263000065 52.430408404000048)",Unfall 1440 (2021) Kat:3, Licht: 2,1440,3,6,3,09,03,3,,2,0,1,0,0
"POINT (9.802781744000072 52.370703341000080)",Unfall 1441 (2021) Kat:3, Licht: 0,1441,3,6,2,10,14,4,,0,0,1,0,0
"POINT (9.663489228000060 52.315930674000072)",Unfall 1442 (2021) Kat:3, Licht: 2,1442,3,2,6,10,07,3,,2,0,1,1,0
"POINT (9.757418658000063 52.255249038000045)",Unfall 1443 (2021) Kat:3, Licht: 2,1443,3,6,3,09,19,4,,2,1,0,0,0
"POINT (9.422116132000042 52.331427070000075)",Unfall 1444 (2021) Kat:3, Licht: 1,1444,3,6,2,10,19,1,,1,0,1,0,0
"POINT (9.732533672000045 52.424931346000051)",Unfall 1445 (2021) Kat:3, Licht: 0,1445,3,6,2,09,15,4,,0,0,1,0,0
"POINT (9.837177917000076 52.469280810000043)",Unfall 1446 (2021) Kat:2, Licht: 0,1446,2,3,5,10,16,2,,0,1,1,0,0
"POINT (9.729214964000050 52.318706503000044)",Unfall 1447 (2021) Kat:3, Licht: 0,1447,3,6,2,09,13,5,,0,0,1,0,0
"POINT (9.828136301000029 52.384794319000036)",Unfall 1448 (2021) Kat:3, Licht: 0,1448,3,3,5,09,16,4,,0,1,0,0,0
"POINT (9.724045060000037 52.377391087000035)",Unfall 1449 (2021) Kat:3, Licht: 0,1449,3,6,2,09,16,4,,0,0,1,0,0
"POINT (9.720370878000040 52.391500939000082)",Unfall 1450 (2021) Kat:3, Licht: 2,1450,3,1,7,09,21,5,,2,1,0,0,0
"POINT (9.479069313000025 52.552743177000082)",Unfall 1451 (2021) Kat:3, Licht: 2,1451,3,1,8,10,20,7,,2,0,1,0,0
"POINT (9.728006513000025 52.374206196000046)",Unfall 1452 (2021) Kat:3, Licht: 0,1452,3,2,5,09,07,2,,0,1,1,0,0
"POINT (9.743590759000028 52.603301744000078)",Unfall 1453 (2021) Kat:3, Licht: 2,1453,3,6,3,10,06,4,,2,0,1,0,0
"POINT (9.812881304000030 52.526417588000072)",Unfall 1454 (2021) Kat:3, Licht: 0,1454,3,6,2,09,13,4,,0,0,1,0,0
"POINT (9.431168739000043 52.423299745000065)",Unfall 1455 (2021) Kat:3, Licht: 0,1455,3,6,6,10,15,3,,0,1,0,1,0
"POINT (9.682598112000051 52.326484569000058)",Unfall 1456 (2021) Kat:3, Licht: 0,1456,3,3,5,09,08,6,,0,0,1,0,0
"POINT (9.893161980000059 52.367434253000056)",Unfall 1457 (2021) Kat:3, Licht: 0,1457,3,6,2,09,16,7,,0,0,1,0,0
"POINT (9.812268528000061 52.330878282000072)",Unfall 1458 (2021) Kat:3, Licht: 0,1458,3,6,2,09,07,3,,0,0,1,0,1
"POINT (9.759841019000021 52.433189296000080)",Unfall 1459 (2021) Kat:3, Licht: 0,1459,3,6,2,10,09,6,,0,0,1,0,0
"POINT (9.779655691000073 52.269955978000041)",Unfall 1460 (2021) Kat:3, Licht: 0,1460,3,6,2,10,14,4,,0,0,1,0,0
"POINT (9.738625001000059 52.463575455000068)",Unfall 1461 (2021) Kat:3, Licht: 0,1461,3,5,1,10,18,7,,0,1,1,0,0