WKT,Name,OBJECTID,UKATEGORIE,UTYP1,UART,UMONAT,USTUNDE,UWOCHENTAG,STRZUSTAND,ULICHTVERH,ISTRAD,ISTPKW,ISTFUSS,ISTKRAD
"POINT (9.716874265000058 52.337249352000072)",Unfall 2423 (2021) Kat:3, Licht: 0,2423,3,7,0,03,11,5,,0,1,0,0,0
"POINT (9.775351394000040 52.397115254000028)",Unfall 2424 (2021) Kat:2, Licht: 0,2424,2,3,5,02,13,6,,0,1,1,0,0
"POINT (9.743789632000073 52.411303602000032)",Unfall 2425 (2021) Kat:3, Licht: 0,2425,3,6,2,03,10,4,,0,0,1,0,0
"POINT (9.483392289000051 52.311575160000075)",Unfall 2426 (2021) Kat:3, Licht: 0,2426,3,1,8,03,15,5,,0,0,1,0,0
"POINT (9.743099895000057 52.379335501000071)",Unfall 2427 (2021) Kat:3, Licht: 0,2427,3,3,5,04,17,7,,0,1,1,0,0
"POINT (9.725322248000055 52.376955193000072)",Unfall 2428 (2021) Kat:3, Licht: 0,2428,3,2,2,03,09,5,,0,0,1,0,0
"POINT (9.736386190000076 52.478831516000071)",Unfall 2429 (2021) Kat:3, Licht: 0,2429,3,4,6,02,17,7,,0,0,1,1,0
"POINT (9.654227056000025 52.347098048000078)",Unfall 2430 (2021) Kat:3, Licht: 0,2430,3,3,5,04,13,5,,0,1,1,0,0
"POINT (10.018016687000056 52.448418719000074)",Unfall 2431 (2021) Kat:3, Licht: 0,2431,3,7,0,03,14,4,,0,1,0,0,0
"POINT (9.738044194000054 52.387912979000077)",Unfall 2432 (2021) Kat:3, Licht: 0,2432,3,7,0,03,11,5,,0,1,0,0,0
"POINT (9.567915473000028 52.271073443000034)",Unfall 2433 (2021) Kat:3, Licht: 0,2433,3,7,0,03,12,7,,0,1,0,0,0
"POINT (9.967650219000063 52.313375975000042)",Unfall 2434 (2021) Kat:3, Licht: 0,2434,3,3,5,04,15,7,,0,1,1,0,0
"POINT (9.832463861000065 52.337057202000040)",Unfall 2435 (2021) Kat:3, Licht: 1,2435,3,2,4,04,18,6,,1,0,1,0,0
"POINT (9.681481526000027 52.416167089000055)",Unfall 2436 (2021) Kat:3, Licht: 0,2436,3,2,5,04,18,4,,0,0,1,0,1
"POINT (9.687220820000050 52.343358677000026)",Unfall 2437 (2021) Kat:3, Licht: 0,2437,3,3,0,03,10,4,,0,0,1,0,1
"POINT (9.752223991000051 52.355166255000029)",Unfall 2438 (2021) Kat:3, Licht: 0,2438,3,3,5,04,12,1,,0,1,1,0,0
"POINT (9.806468494000057 52.385435981000057)",Unfall 2439 (2021) Kat:3, Licht: 0,2439,3,7,6,03,09,5,,0,0,1,1,0
"POINT (9.686800251000022 52.392593722000072)",Unfall 2440 (2021) Kat:3, Licht: 0,2440,3,1,0,03,18,3,,0,0,0,0,1
"POINT (9.708286459000021 52.367113276000055)",Unfall 2441 (2021) Kat:3, Licht: 0,2441,3,3,5,04,10,5,,0,1,1,0,0
"POINT (9.744587319000061 52.385031612000034)",Unfall 2442 (2021) Kat:3, Licht: 0,2442,3,3,0,04,06,4,,0,1,1,0,0
"POINT (9.748944637000022 52.389348948000077)",Unfall 2443 (2021) Kat:3, Licht: 0,2443,3,7,0,03,10,5,,0,1,1,0,0
"POINT (9.717057651000061 52.336807058000034)",Unfall 2444 (2021) Kat:3, Licht: 0,2444,3,5,1,03,13,6,,0,0,0,0,0
"POINT (9.640796209000030 52.398273771000049)",Unfall 2445 (2021) Kat:3, Licht: 0,2445,3,4,6,03,10,3,,0,0,1,1,0
"POINT (9.465472253000030 52.305511167000077)",Unfall 2446 (2021) Kat:3, Licht: 0,2446,3,1,0,02,16,7,,0,0,0,0,1
"POINT (9.733984740000039 52.469670488000077)",Unfall 2447 (2021) Kat:3, Licht: 0,2447,3,3,5,03,16,5,,0,1,0,0,0
"POINT (9.717686108000066 52.391330267000058)",Unfall 2448 (2021) Kat:3, Licht: 0,2448,3,3,5,04,07,4,,0,1,1,0,0
"POINT (9.723218213000052 52.604421939000076)",Unfall 2449 (2021) Kat:3, Licht: 0,2449,3,3,5,03,13,6,,0,1,1,0,0
"POINT (9.730066912000041 52.398300211000048)",Unfall 2450 (2021) Kat:3, Licht: 0,2450,3,2,5,03,11,4,,0,1,0,0,0
"POINT (9.754205318000061 52.376631528000075)",Unfall 2451 (2021) Kat:3, Licht: 2,2451,3,6,0,02,19,7,,2,1,1,0,0
"POINT (9.736459019000051 52.416119203000051)",Unfall 2452 (2021) Kat:3, Licht: 0,2452,3,6,2,03,11,7,,0,0,1,0,0
"POINT (9.831662369000071 52.336047426000050)",Unfall 2453 (2021) Kat:3, Licht: 0,2453,3,3,5,03,17,4,,0,0,1,0,0
"POINT (9.663438847000066 52.410543687000029)",Unfall 2454 (2021) Kat:3, Licht: 0,2454,3,4,6,03,13,5,,0,0,1,1,0
"POINT (9.685397105000050 52.394731362000073)",Unfall 2455 (2021) Kat:3, Licht: 0,2455,3,2,2,04,14,4,,0,1,1,0,0
"POINT (9.669502567000052 52.349912234000044)",Unfall 2456 (2021) Kat:3, Licht: 0,2456,3,7,0,04,09,3,,0,0,1,0,0
"POINT (9.594453173000034 52.310496116000081)",Unfall 2457 (2021) Kat:3, Licht: 0,2457,3,2,2,03,17,3,,0,1,1,0,0
"POINT (9.740084665000040 52.454783232000068)",Unfall 2458 (2021) Kat:3, Licht: 0,2458,3,5,1,03,12,5,,0,1,1,0,0
"POINT (9.916769458000033 52.361433093000073)",Unfall 2459 (2021) Kat:3, Licht: 0,2459,3,3,5,05,06,2,,0,1,1,0,0
"POINT (9.698971198000038 52.368634606000057)",Unfall 2460 (2021) Kat:3, Licht: 2,2460,3,2,4,05,16,6,,2,1,1,0,0
"POINT (9.804739998000059 52.410024555000064)",Unfall 2461 (2021) Kat:3, Licht: 1,2461,3,3,5,04,13,4,,1,1,1,0,0
"POINT (9.714027201000022 52.372045782000043)",Unfall 2462 (2021) Kat:3, Licht: 0,2462,3,6,2,05,15,1,,0,0,1,0,0
"POINT (9.781573880000053 52.418195259000072)",Unfall 2463 (2021) Kat:3, Licht: 0,2463,3,6,2,05,08,2,,0,0,1,0,0
"POINT (9.771395068000061 52.354096654000045)",Unfall 2464 (2021) Kat:3, Licht: 0,2464,3,1,1,04,17,3,,0,1,1,0,0
"POINT (9.440810851000037 52.508205613000030)",Unfall 2465 (2021) Kat:3, Licht: 0,2465,3,3,5,05,14,5,,0,1,1,0,0
"POINT (9.840258634000065 52.394232642000077)",Unfall 2466 (2021) Kat:3, Licht: 0,2466,3,3,5,05,12,4,,0,1,0,0,0
"POINT (9.706533126000068 52.438714056000038)",Unfall 2467 (2021) Kat:3, Licht: 0,2467,3,3,5,05,14,2,,0,1,1,0,0
"POINT (9.848765889000049 52.498923927000078)",Unfall 2468 (2021) Kat:3, Licht: 0,2468,3,6,6,05,13,1,,0,1,0,1,0
"POINT (9.819799788000068 52.357542387000080)",Unfall 2469 (2021) Kat:3, Licht: 0,2469,3,3,5,04,17,4,,0,1,1,0,0
"POINT (9.694156409000072 52.352780238000037)",Unfall 2470 (2021) Kat:3, Licht: 0,2470,3,6,2,05,09,2,,0,0,1,0,0
"POINT (9.755946036000068 52.355516887000078)",Unfall 2471 (2021) Kat:3, Licht: 0,2471,3,2,5,05,13,1,,0,1,1,0,0
"POINT (9.733829091000075 52.384411966000073)",Unfall 2472 (2021) Kat:3, Licht: 0,2472,3,1,0,06,19,5,,0,0,0,0,0
"POINT (9.758153474000039 52.362823215000049)",Unfall 2473 (2021) Kat:3, Licht: 0,2473,3,3,5,04,15,3,,0,1,1,0,0
"POINT (9.769462051000062 52.376824251000073)",Unfall 2474 (2021) Kat:3, Licht: 0,2474,3,6,2,05,14,3,,0,0,1,0,0
"POINT (9.719537192000075 52.368579399000055)",Unfall 2475 (2021) Kat:3, Licht: 0,2475,3,4,6,06,14,5,,0,1,0,1,0
"POINT (9.472204137000062 52.300164898000048)",Unfall 2476 (2021) Kat:3, Licht: 0,2476,3,3,5,05,10,3,,0,1,1,0,0
"POINT (9.770750065000072 52.415997196000035)",Unfall 2477 (2021) Kat:3, Licht: 0,2477,3,1,0,05,07,4,,0,0,1,0,0
"POINT (9.746930687000031 52.380216836000045)",Unfall 2478 (2021) Kat:3, Licht: 0,2478,3,7,6,06,18,5,,0,0,1,1,0
"POINT (10.024171894000062 52.438015634000067)",Unfall 2479 (2021) Kat:3, Licht: 0,2479,3,6,0,05,13,2,,0,1,1,0,0
"POINT (9.741403119000040 52.404123054000081)",Unfall 2480 (2021) Kat:3, Licht: 0,2480,3,4,6,05,12,5,,0,0,1,1,0
"POINT (9.652629547000060 52.416879944000073)",Unfall 2481 (2021) Kat:3, Licht: 0,2481,3,1,8,05,05,1,,0,0,0,0,0
"POINT (9.718272213000034 52.359900547000052)",Unfall 2482 (2021) Kat:3, Licht: 0,2482,3,5,1,04,15,3,,0,0,1,0,0
"POINT (9.719627249000041 52.366616008000051)",Unfall 2483 (2021) Kat:3, Licht: 0,2483,3,6,6,05,18,2,,0,0,0,1,0
"POINT (9.814474807000067 52.331883115000039)",Unfall 2484 (2021) Kat:3, Licht: 0,2484,3,2,5,05,07,5,,0,1,1,0,0
"POINT (9.775147530000027 52.411724839000044)",Unfall 2485 (2021) Kat:3, Licht: 0,2485,3,7,8,05,16,2,,0,0,0,0,0
"POINT (9.734477368000057 52.371782398000050)",Unfall 2486 (2021) Kat:3, Licht: 0,2486,3,7,0,05,14,6,,0,1,0,0,0
"POINT (9.724864551000053 52.344557988000076)",Unfall 2487 (2021) Kat:3, Licht: 0,2487,3,1,0,04,11,5,,0,1,0,0,0
"POINT (9.814544326000032 52.362276380000026)",Unfall 2488 (2021) Kat:3, Licht: 0,2488,3,5,1,05,15,1,,0,1,1,0,0
"POINT (9.429430582000066 52.422340947000066)",Unfall 2489 (2021) Kat:3, Licht: 0,2489,3,2,4,06,09,4,,0,1,1,0,0
"POINT (9.735913918000051 52.378953906000049)",Unfall 2490 (2021) Kat:3, Licht: 0,2490,3,2,2,05,17,6,,0,0,1,0,0
"POINT (9.718289510000034 52.359742988000050)",Unfall 2491 (2021) Kat:3, Licht: 0,2491,3,6,6,04,12,5,,0,0,1,1,0
"POINT (9.789000497000075 52.378562570000042)",Unfall 2492 (2021) Kat:3, Licht: 0,2492,3,1,0,05,18,7,,0,0,1,1,0
"POINT (9.656632219000073 52.407321755000055)",Unfall 2493 (2021) Kat:3, Licht: 0,2493,3,4,6,05,10,7,,0,0,0,1,0
"POINT (9.686056049000058 52.339361288000077)",Unfall 2494 (2021) Kat:3, Licht: 2,2494,3,1,9,05,21,1,,2,0,0,0,1
"POINT (9.732636756000034 52.516900131000057)",Unfall 2495 (2021) Kat:3, Licht: 0,2495,3,2,4,06,07,6,,0,1,1,0,0
"POINT (9.716323310000064 52.392519515000060)",Unfall 2496 (2021) Kat:3, Licht: 0,2496,3,5,1,05,16,6,,0,0,1,0,0
"POINT (9.826415020000070 52.376522341000054)",Unfall 2497 (2021) Kat:3, Licht: 0,2497,3,7,0,05,11,3,,0,1,0,0,0
"POINT (9.724053237000021 52.372936966000054)",Unfall 2498 (2021) Kat:3, Licht: 0,2498,3,3,5,04,18,1,,0,1,1,0,0
"POINT (9.663611389000039 52.388388568000039)",Unfall 2499 (2021) Kat:3, Licht: 0,2499,3,5,1,05,15,2,,0,0,1,0,1
"POINT (9.745534049000071 52.374175003000062)",Unfall 2500 (2021) Kat:2, Licht: 0,2500,2,2,6,06,18,5,,0,0,1,1,0
"POINT (9.796660175000056 52.375780220000081)",Unfall 2501 (2021) Kat:3, Licht: 0,2501,3,5,2,04,13,3,,0,0,1,0,0
"POINT (9.583843736000063 52.391743639000026)",Unfall 2502 (2021) Kat:3, Licht: 0,2502,3,7,0,05,18,3,,0,1,0,0,0
"POINT (10.212029693000034 52.468515256000046)",Unfall 2503 (2021) Kat:3, Licht: 0,2503,3,7,4,04,11,2,,0,0,1,0,0
"POINT (9.352178721000030 52.454328572000065)",Unfall 2504 (2021) Kat:3, Licht: 0,2504,3,7,0,05,09,2,,0,1,0,0,0
"POINT (9.752428326000029 52.362927136000053)",Unfall 2505 (2021) Kat:3, Licht: 0,2505,3,2,3,05,17,6,,0,1,1,0,0
"POINT (9.670390868000027 52.447198107000077)",Unfall 2506 (2021) Kat:3, Licht: 0,2506,3,3,0,05,11,5,,0,0,1,0,0
"POINT (9.706650930000023 52.438713556000039)",Unfall 2507 (2021) Kat:3, Licht: 0,2507,3,1,0,05,19,2,,0,0,0,0,1
"POINT (9.721596277000060 52.379010465000079)",Unfall 2508 (2021) Kat:3, Licht: 0,2508,3,6,2,05,15,1,,0,0,1,0,0
"POINT (9.731994368000073 52.375857966000069)",Unfall 2509 (2021) Kat:3, Licht: 0,2509,3,4,6,05,09,4,,0,0,1,1,0
"POINT (9.821265068000059 52.418712491000065)",Unfall 2510 (2021) Kat:3, Licht: 0,2510,3,3,5,05,15,4,,0,1,1,0,0
"POINT (9.500133470000037 52.367589249000048)",Unfall 2511 (2021) Kat:3, Licht: 0,2511,3,4,6,05,14,5,,0,0,1,1,0
"POINT (9.714423506000060 52.370421588000056)",Unfall 2512 (2021) Kat:3, Licht: 0,2512,3,7,6,04,17,4,,0,1,0,1,0
"POINT (9.728642217000072 52.390146858000037)",Unfall 2513 (2021) Kat:3, Licht: 0,2513,3,5,1,05,10,1,,0,0,1,0,0
"POINT (9.780404935000035 52.398133630000075)",Unfall 2514 (2021) Kat:3, Licht: 0,2514,3,6,2,05,11,6,,0,0,1,0,0
"POINT (9.784505160000037 52.391162944000030)",Unfall 2515 (2021) Kat:3, Licht: 0,2515,3,6,2,05,17,2,,0,0,1,0,0
"POINT (9.734037195000042 52.415715217000070)",Unfall 2516 (2021) Kat:3, Licht: 0,2516,3,1,0,04,12,3,,0,1,0,0,0
"POINT (9.693826046000027 52.400545297000065)",Unfall 2517 (2021) Kat:3, Licht: 0,2517,3,7,0,05,08,2,,0,0,1,1,0
"POINT (9.740488649000042 52.372229279000067)",Unfall 2518 (2021) Kat:3, Licht: 0,2518,3,2,0,05,15,1,,0,1,0,0,0
"POINT (9.705119324000066 52.375139113000046)",Unfall 2519 (2021) Kat:3, Licht: 0,2519,3,1,0,04,11,3,,0,1,0,0,0
"POINT (9.823341034000066 52.384397808000074)",Unfall 2520 (2021) Kat:3, Licht: 0,2520,3,6,2,05,12,2,,0,0,1,0,0
"POINT (9.858022700000049 52.401298209000061)",Unfall 2521 (2021) Kat:2, Licht: 0,2521,2,7,9,06,12,6,,0,0,1,0,0
"POINT (9.746212750000041 52.385385638000059)",Unfall 2522 (2021) Kat:3, Licht: 0,2522,3,7,0,05,11,3,,0,1,0,0,0
"POINT (9.794997087000070 52.392922143000078)",Unfall 2523 (2021) Kat:3, Licht: 0,2523,3,6,2,04,15,3,,0,0,1,0,0
"POINT (9.701042193000035 52.391662629000052)",Unfall 2524 (2021) Kat:3, Licht: 0,2524,3,5,4,06,12,5,,0,1,1,0,0
"POINT (9.760398065000061 52.410484228000030)",Unfall 2525 (2021) Kat:3, Licht: 0,2525,3,6,2,05,10,4,,0,0,1,0,0
"POINT (9.744234726000059 52.377430933000028)",Unfall 2526 (2021) Kat:3, Licht: 0,2526,3,2,5,06,16,4,,0,1,1,0,0
"POINT (9.719487375000028 52.419516970000075)",Unfall 2527 (2021) Kat:3, Licht: 0,2527,3,3,5,04,15,2,,0,0,0,0,0
"POINT (9.727534416000026 52.382366004000062)",Unfall 2528 (2021) Kat:3, Licht: 0,2528,3,3,5,05,14,7,,0,0,1,0,0
"POINT (9.783722008000041 52.339583588000039)",Unfall 2529 (2021) Kat:3, Licht: 0,2529,3,7,4,06,11,3,,0,0,1,0,0
"POINT (9.790518295000027 52.378002932000072)",Unfall 2530 (2021) Kat:3, Licht: 2,2530,3,7,6,05,21,1,,2,0,1,1,0
"POINT (9.818352573000027 52.326008433000027)",Unfall 2531 (2021) Kat:2, Licht: 0,2531,2,1,0,04,15,3,,0,1,0,0,0
"POINT (9.847325449000039 52.489684581000063)",Unfall 2532 (2021) Kat:3, Licht: 0,2532,3,3,5,05,11,5,,0,1,1,0,0
"POINT (9.572944950000021 52.279197064000073)",Unfall 2533 (2021) Kat:3, Licht: 0,2533,3,1,8,05,17,5,,0,0,1,0,0
"POINT (9.716048535000027 52.377483072000075)",Unfall 2534 (2021) Kat:3, Licht: 0,2534,3,6,4,04,18,3,,0,1,0,0,0
"POINT (9.828107999000053 52.346174008000048)",Unfall 2535 (2021) Kat:3, Licht: 0,2535,3,7,0,05,17,6,,0,0,1,0,1
"POINT (9.765792328000032 52.336370807000037)",Unfall 2536 (2021) Kat:3, Licht: 1,2536,3,6,6,04,20,7,,1,1,0,1,0
"POINT (9.720267861000025 52.375583228000039)",Unfall 2537 (2021) Kat:3, Licht: 0,2537,3,7,0,05,15,2,,0,1,0,0,0
"POINT (9.737976863000029 52.444894395000063)",Unfall 2538 (2021) Kat:3, Licht: 0,2538,3,3,5,05,12,4,,0,0,1,0,0
"POINT (9.751239109000039 52.372416823000037)",Unfall 2539 (2021) Kat:3, Licht: 0,2539,3,6,2,04,08,4,,0,0,1,0,0
"POINT (9.679037344000051 52.416210685000067)",Unfall 2540 (2021) Kat:3, Licht: 0,2540,3,3,5,05,14,2,,0,1,1,0,0
"POINT (9.743906795000044 52.384906868000030)",Unfall 2541 (2021) Kat:3, Licht: 0,2541,3,2,5,06,10,4,,0,1,1,0,0
"POINT (9.734947585000043 52.376703369000040)",Unfall 2542 (2021) Kat:3, Licht: 0,2542,3,2,3,05,09,1,,0,1,1,0,0
"POINT (9.718973566000045 52.365576274000034)",Unfall 2543 (2021) Kat:3, Licht: 0,2543,3,6,2,06,15,3,,0,0,1,0,0
"POINT (9.672520072000054 52.400444712000080)",Unfall 2544 (2021) Kat:3, Licht: 0,2544,3,7,8,05,13,5,,0,0,1,0,0
"POINT (9.644165614000030 52.415094855000063)",Unfall 2545 (2021) Kat:3, Licht: 0,2545,3,6,2,05,15,4,,0,0,1,0,0
"POINT (9.763955556000042 52.340271406000056)",Unfall 2546 (2021) Kat:3, Licht: 0,2546,3,2,5,04,17,5,,0,1,0,0,0
"POINT (9.620158889000038 52.438711913000077)",Unfall 2547 (2021) Kat:3, Licht: 0,2547,3,3,5,05,19,3,,0,1,1,0,0
"POINT (9.519250357000033 52.344509053000081)",Unfall 2548 (2021) Kat:2, Licht: 0,2548,2,7,0,04,17,4,,0,1,0,0,0
"POINT (9.689968351000061 52.385507969000059)",Unfall 2549 (2021) Kat:3, Licht: 0,2549,3,7,5,06,19,4,,0,1,0,0,0
"POINT (9.704889672000036 52.374345618000063)",Unfall 2550 (2021) Kat:3, Licht: 0,2550,3,7,0,06,11,3,,0,1,0,0,0
"POINT (9.758532769000055 52.372629379000045)",Unfall 2551 (2021) Kat:3, Licht: 0,2551,3,6,0,05,18,5,,0,1,0,0,0
"POINT (9.951471205000075 52.456146433000072)",Unfall 2552 (2021) Kat:3, Licht: 0,2552,3,6,9,04,15,1,,0,0,1,0,0
"POINT (9.787197372000037 52.333391344000063)",Unfall 2553 (2021) Kat:3, Licht: 0,2553,3,3,5,05,14,1,,0,1,0,0,0
"POINT (9.804575045000036 52.402186799000049)",Unfall 2554 (2021) Kat:3, Licht: 0,2554,3,2,2,04,17,4,,0,0,1,0,1
"POINT (9.702649494000070 52.376064973000041)",Unfall 2555 (2021) Kat:3, Licht: 0,2555,3,1,0,06,07,6,,0,1,0,0,0
"POINT (9.714179549000050 52.371760468000048)",Unfall 2556 (2021) Kat:3, Licht: 0,2556,3,1,0,05,19,7,,0,1,0,0,0
"POINT (9.726409629000045 52.373661547000040)",Unfall 2557 (2021) Kat:3, Licht: 0,2557,3,1,0,05,13,6,,0,1,0,0,0
"POINT (9.729118202000052 52.374389921000045)",Unfall 2558 (2021) Kat:3, Licht: 0,2558,3,2,3,04,18,3,,0,0,1,0,0
"POINT (9.730596970000022 52.396121767000068)",Unfall 2559 (2021) Kat:3, Licht: 0,2559,3,3,5,05,14,5,,0,0,1,0,0
"POINT (9.690054021000037 52.392633517000036)",Unfall 2560 (2021) Kat:3, Licht: 0,2560,3,2,0,06,07,5,,0,1,1,0,0
"POINT (9.781018472000028 52.398303935000058)",Unfall 2561 (2021) Kat:3, Licht: 0,2561,3,2,4,05,13,2,,0,0,1,0,0
"POINT (9.775723278000044 52.364914594000027)",Unfall 2562 (2021) Kat:3, Licht: 0,2562,3,1,9,04,17,2,,0,0,0,0,1
"POINT (9.763499327000034 52.368831447000048)",Unfall 2563 (2021) Kat:3, Licht: 0,2563,3,1,0,05,12,5,,0,1,0,0,0
"POINT (9.734687494000070 52.373526858000048)",Unfall 2564 (2021) Kat:3, Licht: 0,2564,3,3,5,05,11,2,,0,1,0,0,0
"POINT (9.599599903000069 52.317785994000076)",Unfall 2565 (2021) Kat:3, Licht: 0,2565,3,3,5,05,18,2,,0,1,1,0,0
"POINT (9.753336816000058 52.376615957000070)",Unfall 2566 (2021) Kat:3, Licht: 0,2566,3,3,5,05,20,1,,0,1,0,0,0
"POINT (9.791253597000036 52.403010571000038)",Unfall 2567 (2021) Kat:3, Licht: 0,2567,3,3,5,04,16,4,,0,1,1,0,0
"POINT (9.999924505000024 52.368466816000080)",Unfall 2568 (2021) Kat:3, Licht: 0,2568,3,2,2,05,19,4,,0,0,1,0,1
"POINT (9.746741578000069 52.381210953000050)",Unfall 2569 (2021) Kat:3, Licht: 0,2569,3,5,1,04,08,3,,0,1,1,0,0
"POINT (9.729094138000050 52.381291937000071)",Unfall 2570 (2021) Kat:3, Licht: 0,2570,3,1,0,06,15,6,,0,1,0,0,0
"POINT (9.796540585000059 52.412153132000071)",Unfall 2571 (2021) Kat:3, Licht: 0,2571,3,4,6,05,13,4,,0,0,1,1,0
"POINT (9.745858432000034 52.324462115000074)",Unfall 2572 (2021) Kat:3, Licht: 0,2572,3,6,6,05,15,3,,0,1,0,1,0
"POINT (9.714657103000036 52.392904190000081)",Unfall 2573 (2021) Kat:2, Licht: 2,2573,2,1,0,05,00,2,,2,1,0,0,0
"POINT (9.692311059000076 52.398135814000057)",Unfall 2574 (2021) Kat:3, Licht: 0,2574,3,3,5,04,12,3,,0,1,0,0,0
"POINT (9.744145739000032 52.372823665000055)",Unfall 2575 (2021) Kat:3, Licht: 0,2575,3,5,1,06,10,6,,0,1,1,0,0
"POINT (9.711636150000061 52.385790552000060)",Unfall 2576 (2021) Kat:3, Licht: 1,2576,3,3,5,06,20,4,,1,1,1,0,0
"POINT (9.756272468000077 52.342697106000060)",Unfall 2577 (2021) Kat:3, Licht: 0,2577,3,3,5,05,08,5,,0,1,1,0,0
"POINT (9.773843411000030 52.400373312000056)",Unfall 2578 (2021) Kat:3, Licht: 0,2578,3,3,5,05,15,2,,0,0,1,0,1
"POINT (9.655335928000056 52.419702278000045)",Unfall 2579 (2021) Kat:3, Licht: 0,2579,3,2,5,05,13,4,,0,1,0,0,0
"POINT (9.807612328000062 52.379651867000064)",Unfall 2580 (2021) Kat:3, Licht: 0,2580,3,3,5,05,11,5,,0,1,1,0,0
"POINT (9.761560458000076 52.379762578000054)",Unfall 2581 (2021) Kat:3, Licht: 0,2581,3,3,5,04,09,4,,0,1,1,0,0
"POINT (9.753321447000076 52.390230338000038)",Unfall 2582 (2021) Kat:3, Licht: 0,2582,3,2,5,04,18,6,,0,1,1,0,0
"POINT (9.803894091000075 52.304407709000031)",Unfall 2583 (2021) Kat:3, Licht: 0,2583,3,4,6,05,17,3,,0,0,1,1,0
"POINT (9.586936604000073 52.416177654000080)",Unfall 2584 (2021) Kat:3, Licht: 0,2584,3,2,2,06,18,4,,0,0,1,0,0
"POINT (9.731089476000022 52.407372176000081)",Unfall 2585 (2021) Kat:3, Licht: 1,2585,3,3,5,05,20,6,,1,1,1,0,0
"POINT (9.750527924000039 52.375291896000078)",Unfall 2586 (2021) Kat:3, Licht: 0,2586,3,2,2,06,16,5,,0,0,1,0,0
"POINT (9.855033429000059 52.390354647000038)",Unfall 2587 (2021) Kat:3, Licht: 0,2587,3,5,1,05,13,4,,0,1,1,0,0
"POINT (9.719747532000042 52.366902408000044)",Unfall 2588 (2021) Kat:3, Licht: 2,2588,3,5,1,05,03,7,,2,0,1,0,0
"POINT (9.781836682000062 52.398588794000034)",Unfall 2589 (2021) Kat:3, Licht: 0,2589,3,6,2,05,15,2,,0,0,1,0,0
"POINT (9.465057991000037 52.504114244000050)",Unfall 2590 (2021) Kat:3, Licht: 0,2590,3,6,4,05,16,6,,0,1,0,0,0
"POINT (9.975865121000027 52.380915315000038)",Unfall 2591 (2021) Kat:3, Licht: 2,2591,3,5,2,04,21,7,,2,0,1,0,1
"POINT (9.672510866000039 52.335945575000039)",Unfall 2592 (2021) Kat:3, Licht: 0,2592,3,7,6,05,16,5,,0,0,0,1,0
"POINT (9.738916742000072 52.382628046000036)",Unfall 2593 (2021) Kat:3, Licht: 0,2593,3,2,5,05,07,5,,0,1,1,0,0
"POINT (9.747180307000065 52.373752316000036)",Unfall 2594 (2021) Kat:3, Licht: 0,2594,3,2,5,05,13,7,,0,0,1,0,1
"POINT (9.735415150000051 52.376739382000039)",Unfall 2595 (2021) Kat:3, Licht: 0,2595,3,5,1,05,10,6,,0,0,1,0,0
"POINT (9.732735068000068 52.374495747000026)",Unfall 2596 (2021) Kat:3, Licht: 0,2596,3,5,1,04,10,4,,0,1,1,0,0
"POINT (9.734115710000026 52.369525912000029)",Unfall 2597 (2021) Kat:3, Licht: 0,2597,3,2,5,06,07,5,,0,1,1,0,0
"POINT (9.728599376000034 52.370462301000032)",Unfall 2598 (2021) Kat:3, Licht: 2,2598,3,6,2,05,20,6,,2,1,1,0,0
"POINT (9.749285352000072 52.273311803000070)",Unfall 2599 (2021) Kat:3, Licht: 0,2599,3,3,5,05,15,3,,0,1,1,0,0
"POINT (9.763047707000055 52.420516875000033)",Unfall 2600 (2021) Kat:2, Licht: 0,2600,2,3,5,05,12,5,,0,1,1,0,0
"POINT (9.714024258000052 52.414773945000036)",Unfall 2601 (2021) Kat:2, Licht: 0,2601,2,1,8,05,18,1,,0,1,0,0,0
"POINT (9.734919079000065 52.370120955000061)",Unfall 2602 (2021) Kat:3, Licht: 2,2602,3,3,5,05,23,1,,2,0,1,0,0
"POINT (9.740537365000023 52.361465742000064)",Unfall 2603 (2021) Kat:3, Licht: 0,2603,3,1,0,05,09,4,,0,1,0,0,0
"POINT (9.587669454000036 52.312030134000054)",Unfall 2604 (2021) Kat:3, Licht: 0,2604,3,6,2,05,16,1,,0,1,0,0,0
"POINT (9.736126385000034 52.435142353000060)",Unfall 2605 (2021) Kat:3, Licht: 0,2605,3,2,4,05,16,2,,0,1,1,0,0
"POINT (9.785812614000065 52.398053952000055)",Unfall 2606 (2021) Kat:3, Licht: 0,2606,3,3,5,04,14,6,,0,0,1,0,0
"POINT (9.422857929000031 52.418419593000067)",Unfall 2607 (2021) Kat:3, Licht: 0,2607,3,7,0,04,18,3,,0,0,1,1,0
"POINT (9.820069554000042 52.284754401000043)",Unfall 2608 (2021) Kat:3, Licht: 0,2608,3,1,0,06,20,5,,0,1,0,0,0
"POINT (9.769468844000073 52.355503184000042)",Unfall 2609 (2021) Kat:3, Licht: 0,2609,3,1,0,05,06,3,,0,1,0,0,0
"POINT (9.742190298000025 52.375489313000060)",Unfall 2610 (2021) Kat:2, Licht: 0,2610,2,1,0,05,19,2,,0,1,0,0,0
"POINT (9.741927257000043 52.375725687000056)",Unfall 2611 (2021) Kat:3, Licht: 0,2611,3,6,2,06,10,6,,0,0,1,0,0
"POINT (9.740876254000057 52.473537365000027)",Unfall 2612 (2021) Kat:3, Licht: 0,2612,3,6,2,05,18,1,,0,0,1,0,0
"POINT (9.990216806000035 52.384734821000052)",Unfall 2613 (2021) Kat:3, Licht: 0,2613,3,7,9,06,09,5,,0,0,1,0,0
"POINT (9.767937228000051 52.332222785000056)",Unfall 2614 (2021) Kat:3, Licht: 1,2614,3,5,1,04,20,3,,1,1,1,0,0
"POINT (9.736215676000029 52.380895294000027)",Unfall 2615 (2021) Kat:3, Licht: 0,2615,3,6,2,05,18,6,,0,0,1,0,0