WKT,Name,OBJECTID,UKATEGORIE,UTYP1,UART,UMONAT,USTUNDE,UWOCHENTAG,STRZUSTAND,ULICHTVERH,ISTRAD,ISTPKW,ISTFUSS,ISTKRAD
"POINT (9.706231443000036 52.373873250000031)",Unfall 2616 (2021) Kat:3, Licht: 2,2616,3,1,0,05,22,6,,2,1,0,0,0
"POINT (9.815602654000031 52.329068999000071)",Unfall 2617 (2021) Kat:3, Licht: 2,2617,3,7,7,04,21,4,,2,1,0,0,0
"POINT (9.603159634000065 52.313311450000072)",Unfall 2618 (2021) Kat:3, Licht: 0,2618,3,6,2,05,17,5,,0,1,1,0,0
"POINT (9.790430197000035 52.377690274000031)",Unfall 2619 (2021) Kat:3, Licht: 2,2619,3,5,1,04,21,6,,2,1,1,0,0
"POINT (9.775443912000071 52.345409025000038)",Unfall 2620 (2021) Kat:3, Licht: 0,2620,3,1,0,05,14,2,,0,1,0,0,0
"POINT (9.673304665000046 52.398755815000072)",Unfall 2621 (2021) Kat:3, Licht: 0,2621,3,3,5,05,18,2,,0,0,1,0,1
"POINT (9.748198341000034 52.391295746000026)",Unfall 2622 (2021) Kat:2, Licht: 0,2622,2,1,8,05,16,1,,0,1,0,0,0
"POINT (9.669891937000045 52.415595474000042)",Unfall 2623 (2021) Kat:3, Licht: 0,2623,3,3,5,06,15,4,,0,1,1,0,0
"POINT (9.790276692000077 52.374063475000071)",Unfall 2624 (2021) Kat:3, Licht: 0,2624,3,2,4,06,14,5,,0,0,1,0,0
"POINT (9.701964133000047 52.375136464000036)",Unfall 2625 (2021) Kat:3, Licht: 0,2625,3,1,0,05,19,6,,0,0,0,0,1
"POINT (9.745041760000049 52.372485554000036)",Unfall 2626 (2021) Kat:3, Licht: 0,2626,3,7,0,05,10,5,,0,0,1,0,0
"POINT (9.555825048000031 52.324782879000054)",Unfall 2627 (2021) Kat:3, Licht: 0,2627,3,6,4,05,17,5,,0,1,0,0,0
"POINT (9.676274793000061 52.355673443000057)",Unfall 2628 (2021) Kat:3, Licht: 0,2628,3,3,5,05,16,3,,0,0,1,0,0
"POINT (9.751365098000065 52.356251572000076)",Unfall 2629 (2021) Kat:3, Licht: 0,2629,3,2,5,06,11,6,,0,1,0,0,0
"POINT (9.740363096000067 52.361462350000068)",Unfall 2630 (2021) Kat:3, Licht: 0,2630,3,4,6,04,17,4,,0,1,0,1,0
"POINT (9.440450091000059 52.426377081000055)",Unfall 2631 (2021) Kat:3, Licht: 0,2631,3,2,0,05,06,3,,0,1,1,0,0
"POINT (9.595726071000058 52.429640909000057)",Unfall 2632 (2021) Kat:3, Licht: 0,2632,3,3,5,05,15,4,,0,1,1,0,0
"POINT (9.725104348000059 52.383924596000043)",Unfall 2633 (2021) Kat:3, Licht: 0,2633,3,3,5,06,06,6,,0,1,1,0,0
"POINT (9.739320649000035 52.376802224000073)",Unfall 2634 (2021) Kat:3, Licht: 0,2634,3,1,0,05,12,6,,0,1,0,0,0
"POINT (9.743093053000052 52.369357821000051)",Unfall 2635 (2021) Kat:3, Licht: 0,2635,3,6,2,06,17,4,,0,0,1,0,0
"POINT (9.708733573000075 52.367167950000066)",Unfall 2636 (2021) Kat:3, Licht: 0,2636,3,2,0,05,11,4,,0,0,1,0,0
"POINT (9.714546450000057 52.371415346000049)",Unfall 2637 (2021) Kat:3, Licht: 0,2637,3,7,0,06,20,3,,0,1,0,0,0
"POINT (9.589106029000050 52.419078763000073)",Unfall 2638 (2021) Kat:3, Licht: 0,2638,3,2,4,04,19,1,,0,1,1,0,0
"POINT (9.833807058000048 52.425175837000040)",Unfall 2639 (2021) Kat:3, Licht: 0,2639,3,3,5,05,11,5,,0,0,1,0,0
"POINT (9.749942261000058 52.366672374000075)",Unfall 2640 (2021) Kat:3, Licht: 1,2640,3,1,8,05,20,5,,1,0,0,0,0
"POINT (9.751867049000055 52.378219660000070)",Unfall 2641 (2021) Kat:3, Licht: 0,2641,3,4,6,05,10,7,,0,1,0,1,0
"POINT (9.606449843000064 52.623556406000034)",Unfall 2642 (2021) Kat:3, Licht: 0,2642,3,6,4,06,10,4,,0,0,1,0,0
"POINT (9.738846185000057 52.363477598000031)",Unfall 2643 (2021) Kat:3, Licht: 0,2643,3,3,5,05,18,6,,0,0,1,0,0
"POINT (9.500348542000040 52.279778800000031)",Unfall 2644 (2021) Kat:2, Licht: 0,2644,2,1,0,05,14,7,,0,1,0,0,0
"POINT (9.709361232000049 52.371610442000076)",Unfall 2645 (2021) Kat:3, Licht: 0,2645,3,3,5,06,19,5,,0,0,1,0,0
"POINT (9.666427794000072 52.372798080000052)",Unfall 2646 (2021) Kat:2, Licht: 0,2646,2,1,0,06,19,3,,0,1,0,0,0
"POINT (9.756358892000037 52.342317092000030)",Unfall 2647 (2021) Kat:3, Licht: 0,2647,3,6,4,05,17,5,,0,1,0,0,0
"POINT (9.477368397000021 52.305735014000049)",Unfall 2648 (2021) Kat:3, Licht: 0,2648,3,3,5,05,14,7,,0,0,1,0,0
"POINT (9.750982381000028 52.390916191000031)",Unfall 2649 (2021) Kat:3, Licht: 0,2649,3,7,0,05,15,6,,0,1,0,0,0
"POINT (9.746547655000029 52.384146926000028)",Unfall 2650 (2021) Kat:3, Licht: 0,2650,3,5,2,05,15,2,,0,0,1,0,0
"POINT (9.763300554000068 52.401838698000063)",Unfall 2651 (2021) Kat:2, Licht: 0,2651,2,7,9,05,09,3,,0,0,1,0,0
"POINT (9.802507823000042 52.351742635000051)",Unfall 2652 (2021) Kat:3, Licht: 0,2652,3,6,4,06,13,5,,0,1,0,0,0
"POINT (9.599015278000024 52.312942333000080)",Unfall 2653 (2021) Kat:3, Licht: 0,2653,3,7,0,05,07,2,,0,1,0,0,0
"POINT (9.703963918000056 52.374612857000045)",Unfall 2654 (2021) Kat:3, Licht: 0,2654,3,5,1,05,14,5,,0,1,1,0,0
"POINT (9.769296416000032 52.334433722000028)",Unfall 2655 (2021) Kat:2, Licht: 1,2655,2,3,5,04,19,6,,1,1,0,0,0
"POINT (9.909179576000042 52.515538486000082)",Unfall 2656 (2021) Kat:2, Licht: 0,2656,2,3,5,05,20,7,,0,1,1,0,0
"POINT (9.747186091000060 52.392132037000067)",Unfall 2657 (2021) Kat:3, Licht: 0,2657,3,5,0,05,11,2,,0,0,1,0,0
"POINT (9.665898422000055 52.357276394000053)",Unfall 2658 (2021) Kat:3, Licht: 0,2658,3,3,5,05,10,1,,0,0,1,0,0
"POINT (9.754436937000037 52.522288392000064)",Unfall 2659 (2021) Kat:3, Licht: 0,2659,3,1,0,04,11,3,,0,1,0,0,0
"POINT (9.732850547000055 52.372790333000069)",Unfall 2660 (2021) Kat:3, Licht: 0,2660,3,1,0,04,19,3,,0,1,0,0,0
"POINT (9.690844430000027 52.332523086000037)",Unfall 2661 (2021) Kat:3, Licht: 1,2661,3,1,0,06,04,5,,1,1,0,0,0
"POINT (9.791618610000057 52.317427039000052)",Unfall 2662 (2021) Kat:3, Licht: 0,2662,3,4,6,05,16,5,,0,0,1,1,0
"POINT (9.703784700000028 52.328957604000038)",Unfall 2663 (2021) Kat:3, Licht: 0,2663,3,2,5,05,13,4,,0,0,1,0,0
"POINT (9.727306181000074 52.396360685000047)",Unfall 2664 (2021) Kat:3, Licht: 0,2664,3,3,5,05,08,2,,0,0,1,0,0
"POINT (10.034380592000048 52.443922598000029)",Unfall 2665 (2021) Kat:3, Licht: 0,2665,3,3,6,05,11,7,,0,0,1,1,0
"POINT (9.739420251000070 52.343951637000032)",Unfall 2666 (2021) Kat:3, Licht: 0,2666,3,7,0,06,21,6,,0,1,0,0,0
"POINT (9.763328145000060 52.401578853000046)",Unfall 2667 (2021) Kat:3, Licht: 0,2667,3,2,2,05,12,6,,0,0,1,0,0
"POINT (9.781623646000071 52.415607249000061)",Unfall 2668 (2021) Kat:3, Licht: 0,2668,3,3,5,05,09,6,,0,0,1,0,0
"POINT (9.956225745000040 52.457313574000068)",Unfall 2669 (2021) Kat:3, Licht: 0,2669,3,7,0,05,14,4,,0,0,1,0,0
"POINT (9.779041328000062 52.362118498000029)",Unfall 2670 (2021) Kat:3, Licht: 0,2670,3,7,0,05,14,2,,0,0,0,0,1
"POINT (9.741810231000045 52.373046936000037)",Unfall 2671 (2021) Kat:3, Licht: 0,2671,3,3,5,04,17,5,,0,1,1,0,0
"POINT (9.950952151000024 52.322137382000051)",Unfall 2672 (2021) Kat:3, Licht: 0,2672,3,5,0,05,15,6,,0,0,1,0,0
"POINT (9.760673838000059 52.394164062000073)",Unfall 2673 (2021) Kat:3, Licht: 0,2673,3,6,0,04,17,3,,0,1,1,0,0
"POINT (9.664102965000041 52.341619235000053)",Unfall 2674 (2021) Kat:3, Licht: 0,2674,3,3,5,05,12,6,,0,1,1,0,0
"POINT (9.696564209000030 52.328291647000071)",Unfall 2675 (2021) Kat:3, Licht: 0,2675,3,1,0,05,14,6,,0,1,0,0,0
"POINT (9.738372663000064 52.381915945000060)",Unfall 2676 (2021) Kat:3, Licht: 0,2676,3,6,2,05,15,3,,0,0,1,0,0
"POINT (9.646377389000065 52.399276951000047)",Unfall 2677 (2021) Kat:3, Licht: 0,2677,3,2,3,04,19,4,,0,1,1,0,0
"POINT (9.595340925000073 52.432116867000047)",Unfall 2678 (2021) Kat:3, Licht: 0,2678,3,6,2,05,19,2,,0,0,1,0,0
"POINT (9.431611583000063 52.417275037000081)",Unfall 2679 (2021) Kat:3, Licht: 0,2679,3,5,1,06,09,4,,0,0,1,0,1
"POINT (9.709511892000023 52.338232838000067)",Unfall 2680 (2021) Kat:3, Licht: 0,2680,3,3,5,05,10,6,,0,1,1,0,0
"POINT (9.731154195000045 52.378696105000074)",Unfall 2681 (2021) Kat:3, Licht: 0,2681,3,2,5,05,14,2,,0,1,1,0,0
"POINT (9.786210462000042 52.372984459000065)",Unfall 2682 (2021) Kat:3, Licht: 0,2682,3,6,2,04,17,2,,0,0,1,0,0
"POINT (9.740662402000055 52.409913039000060)",Unfall 2683 (2021) Kat:3, Licht: 0,2683,3,3,5,05,18,7,,0,1,1,0,0
"POINT (9.764516799000035 52.402142562000051)",Unfall 2684 (2021) Kat:3, Licht: 0,2684,3,3,5,05,14,5,,0,1,1,0,0
"POINT (9.704984464000063 52.374060699000040)",Unfall 2685 (2021) Kat:3, Licht: 0,2685,3,5,3,06,16,3,,0,1,1,0,0
"POINT (9.732888472000070 52.379319365000072)",Unfall 2686 (2021) Kat:3, Licht: 0,2686,3,6,2,05,09,6,,0,0,1,0,0
"POINT (9.589566977000061 52.418899280000062)",Unfall 2687 (2021) Kat:3, Licht: 0,2687,3,2,6,05,09,4,,0,0,1,1,0
"POINT (9.594490887000063 52.421006543000033)",Unfall 2688 (2021) Kat:3, Licht: 0,2688,3,6,2,05,17,1,,0,0,1,0,0
"POINT (9.804653065000025 52.303506572000060)",Unfall 2689 (2021) Kat:3, Licht: 0,2689,3,3,5,04,15,6,,0,0,1,0,0
"POINT (9.717004456000041 52.337274997000065)",Unfall 2690 (2021) Kat:3, Licht: 0,2690,3,3,5,04,12,7,,0,0,1,0,0
"POINT (9.757352177000030 52.362564937000059)",Unfall 2691 (2021) Kat:3, Licht: 0,2691,3,3,0,05,09,3,,0,1,0,0,0
"POINT (9.709226239000031 52.417849230000058)",Unfall 2692 (2021) Kat:3, Licht: 0,2692,3,7,0,05,13,3,,0,1,0,0,0
"POINT (9.698881430000029 52.341547573000071)",Unfall 2693 (2021) Kat:3, Licht: 0,2693,3,3,5,05,15,2,,0,0,1,0,1
"POINT (9.681484047000026 52.416167346000066)",Unfall 2694 (2021) Kat:3, Licht: 0,2694,3,2,5,04,08,4,,0,0,1,0,0
"POINT (9.462972295000043 52.353505216000030)",Unfall 2695 (2021) Kat:3, Licht: 0,2695,3,3,5,06,15,6,,0,1,0,0,0
"POINT (9.698691833000055 52.396404444000041)",Unfall 2696 (2021) Kat:3, Licht: 0,2696,3,1,1,06,15,4,,0,0,1,0,0
"POINT (9.734357657000032 52.376676512000074)",Unfall 2697 (2021) Kat:3, Licht: 0,2697,3,1,0,05,11,6,,0,1,0,0,0
"POINT (9.717378718000077 52.349959298000044)",Unfall 2698 (2021) Kat:3, Licht: 1,2698,3,5,1,04,05,4,,1,1,1,0,0
"POINT (9.739957114000049 52.366862203000039)",Unfall 2699 (2021) Kat:3, Licht: 0,2699,3,4,6,05,19,1,,0,1,0,1,0
"POINT (9.751586906000057 52.374517339000079)",Unfall 2700 (2021) Kat:3, Licht: 0,2700,3,6,2,06,16,3,,0,0,1,0,0
"POINT (9.790347962000055 52.410775347000026)",Unfall 2701 (2021) Kat:3, Licht: 0,2701,3,6,4,04,16,3,,0,1,0,0,0
"POINT (9.722592989000077 52.385120722000067)",Unfall 2702 (2021) Kat:3, Licht: 0,2702,3,4,6,06,19,7,,0,0,1,1,0
"POINT (9.720762039000022 52.342148996000049)",Unfall 2703 (2021) Kat:3, Licht: 0,2703,3,7,0,06,12,2,,0,1,0,0,0
"POINT (9.469160338000052 52.305976760000078)",Unfall 2704 (2021) Kat:3, Licht: 0,2704,3,3,5,06,18,3,,0,1,0,0,0
"POINT (9.772098062000055 52.417345264000062)",Unfall 2705 (2021) Kat:2, Licht: 0,2705,2,7,0,06,14,5,,0,1,0,1,0
"POINT (9.813497438000070 52.389709138000057)",Unfall 2706 (2021) Kat:3, Licht: 0,2706,3,4,6,06,17,4,,0,0,0,1,0
"POINT (9.743850594000037 52.371108439000068)",Unfall 2707 (2021) Kat:3, Licht: 0,2707,3,2,5,06,13,1,,0,1,1,0,0
"POINT (9.720017091000045 52.388595363000036)",Unfall 2708 (2021) Kat:3, Licht: 0,2708,3,5,1,06,19,5,,0,1,1,0,0
"POINT (9.728255473000047 52.389861534000033)",Unfall 2709 (2021) Kat:3, Licht: 0,2709,3,6,0,06,06,6,,0,0,1,0,0
"POINT (9.734180608000031 52.374713086000042)",Unfall 2710 (2021) Kat:3, Licht: 0,2710,3,2,6,07,13,5,,0,0,1,1,0
"POINT (9.772212927000055 52.406359235000082)",Unfall 2711 (2021) Kat:3, Licht: 0,2711,3,1,0,06,12,3,,0,1,0,0,0
"POINT (10.204750165000064 52.465712829000040)",Unfall 2712 (2021) Kat:3, Licht: 0,2712,3,3,5,06,16,1,,0,0,1,0,1
"POINT (9.805263076000074 52.412316703000045)",Unfall 2713 (2021) Kat:3, Licht: 0,2713,3,2,5,06,10,7,,0,1,1,0,0
"POINT (9.724177526000062 52.346556218000046)",Unfall 2714 (2021) Kat:3, Licht: 0,2714,3,7,6,06,13,3,,0,0,1,1,0
"POINT (9.771314354000026 52.338718815000050)",Unfall 2715 (2021) Kat:3, Licht: 0,2715,3,7,0,06,13,4,,0,1,1,0,0
"POINT (9.730477332000021 52.383338067000068)",Unfall 2716 (2021) Kat:3, Licht: 2,2716,3,1,1,06,02,1,,2,0,1,0,0
"POINT (9.479185410000071 52.425435730000061)",Unfall 2717 (2021) Kat:3, Licht: 0,2717,3,7,0,06,11,5,,0,0,0,0,0
"POINT (9.688899484000046 52.401439927000069)",Unfall 2718 (2021) Kat:3, Licht: 0,2718,3,7,1,06,10,2,,0,1,1,0,0
"POINT (10.000055643000053 52.438534585000070)",Unfall 2719 (2021) Kat:3, Licht: 2,2719,3,5,1,06,22,6,,2,1,1,0,0
"POINT (9.746555142000034 52.392556264000063)",Unfall 2720 (2021) Kat:3, Licht: 0,2720,3,2,5,07,17,5,,0,1,1,0,0
"POINT (9.742305627000064 52.369013779000056)",Unfall 2721 (2021) Kat:3, Licht: 2,2721,3,1,0,06,03,1,,2,1,0,0,0
"POINT (9.595890185000030 52.433149087000061)",Unfall 2722 (2021) Kat:3, Licht: 0,2722,3,3,5,06,07,3,,0,1,1,0,0
"POINT (9.734988089000069 52.380366918000050)",Unfall 2723 (2021) Kat:3, Licht: 0,2723,3,6,2,06,17,7,,0,1,0,0,0
"POINT (9.745201955000027 52.394288440000082)",Unfall 2724 (2021) Kat:3, Licht: 0,2724,3,3,5,06,15,3,,0,0,1,0,0
"POINT (9.690289762000077 52.346843393000029)",Unfall 2725 (2021) Kat:3, Licht: 0,2725,3,3,5,06,19,2,,0,0,1,0,1
"POINT (9.742994100000033 52.450914752000074)",Unfall 2726 (2021) Kat:3, Licht: 0,2726,3,2,4,06,19,3,,0,0,1,0,0
"POINT (9.594402959000035 52.411233416000073)",Unfall 2727 (2021) Kat:3, Licht: 0,2727,3,1,9,06,14,7,,0,1,0,0,0
"POINT (9.722566713000049 52.417243027000040)",Unfall 2728 (2021) Kat:3, Licht: 0,2728,3,1,0,06,14,2,,0,1,0,0,0
"POINT (9.674153928000067 52.168282377000082)",Unfall 2729 (2021) Kat:3, Licht: 0,2729,3,7,2,06,08,4,,0,0,1,0,0
"POINT (9.668916566000064 52.400477487000046)",Unfall 2730 (2021) Kat:3, Licht: 0,2730,3,6,6,06,18,2,,0,1,0,1,0
"POINT (9.708723978000023 52.375439581000080)",Unfall 2731 (2021) Kat:3, Licht: 0,2731,3,6,4,06,20,6,,0,1,1,0,0
"POINT (9.722578880000071 52.377290739000046)",Unfall 2732 (2021) Kat:3, Licht: 0,2732,3,6,4,06,16,3,,0,1,1,0,0
"POINT (9.769938294000042 52.341712390000055)",Unfall 2733 (2021) Kat:3, Licht: 0,2733,3,5,1,06,12,7,,0,1,1,0,0
"POINT (9.745262855000021 52.359200283000064)",Unfall 2734 (2021) Kat:3, Licht: 0,2734,3,1,0,06,20,4,,0,1,0,0,0
"POINT (9.690837500000043 52.403511504000051)",Unfall 2735 (2021) Kat:3, Licht: 0,2735,3,2,6,06,17,3,,0,0,1,1,0
"POINT (9.855797530000075 52.394577137000056)",Unfall 2736 (2021) Kat:3, Licht: 0,2736,3,2,5,06,07,3,,0,1,1,0,0
"POINT (9.757430087000046 52.521407503000034)",Unfall 2737 (2021) Kat:3, Licht: 0,2737,3,1,8,06,15,6,,0,1,0,0,0
"POINT (9.756490522000036 52.342747448000068)",Unfall 2738 (2021) Kat:3, Licht: 0,2738,3,3,5,06,18,4,,0,1,1,0,0
"POINT (9.750783190000050 52.390163045000065)",Unfall 2739 (2021) Kat:3, Licht: 0,2739,3,6,4,06,18,1,,0,1,1,0,0
"POINT (9.730944512000065 52.395014422000031)",Unfall 2740 (2021) Kat:3, Licht: 0,2740,3,2,5,06,18,6,,0,1,1,0,0
"POINT (9.781018472000028 52.398303935000058)",Unfall 2741 (2021) Kat:3, Licht: 0,2741,3,5,8,06,11,1,,0,1,1,0,0
"POINT (9.585744983000041 52.422364747000074)",Unfall 2742 (2021) Kat:3, Licht: 0,2742,3,7,0,06,10,3,,0,1,0,0,0
"POINT (9.610401310000043 52.416232276000073)",Unfall 2743 (2021) Kat:3, Licht: 0,2743,3,4,6,06,15,4,,0,0,1,1,0
"POINT (9.699609540000040 52.355976758000054)",Unfall 2744 (2021) Kat:3, Licht: 0,2744,3,6,2,06,12,5,,0,0,1,0,0
"POINT (9.451565847000040 52.412385918000041)",Unfall 2745 (2021) Kat:3, Licht: 0,2745,3,2,5,06,16,3,,0,1,0,0,0
"POINT (9.731706398000028 52.375472853000076)",Unfall 2746 (2021) Kat:3, Licht: 0,2746,3,1,0,07,14,5,,0,1,0,0,0
"POINT (9.981509448000054 52.370310969000059)",Unfall 2747 (2021) Kat:3, Licht: 0,2747,3,7,9,06,20,7,,0,0,1,0,0
"POINT (9.744233091000069 52.373327130000064)",Unfall 2748 (2021) Kat:3, Licht: 0,2748,3,1,0,06,10,6,,0,1,0,0,0
"POINT (9.704667314000062 52.351902322000058)",Unfall 2749 (2021) Kat:3, Licht: 0,2749,3,3,5,06,16,2,,0,1,1,0,0
"POINT (9.704809378000050 52.374373455000068)",Unfall 2750 (2021) Kat:3, Licht: 0,2750,3,1,0,06,11,2,,0,1,0,0,0
"POINT (9.803482532000032 52.401690773000041)",Unfall 2751 (2021) Kat:2, Licht: 0,2751,2,2,4,06,07,3,,0,1,1,0,0
"POINT (9.668747653000025 52.345032090000075)",Unfall 2752 (2021) Kat:3, Licht: 0,2752,3,6,2,06,18,5,,0,1,1,0,0
"POINT (9.692573647000074 52.396582235000039)",Unfall 2753 (2021) Kat:3, Licht: 0,2753,3,2,5,06,06,5,,0,0,1,0,0
"POINT (9.365491213000041 52.460457967000082)",Unfall 2754 (2021) Kat:3, Licht: 0,2754,3,6,0,06,14,7,,0,0,1,1,0
"POINT (9.763533611000071 52.420497781000051)",Unfall 2755 (2021) Kat:3, Licht: 0,2755,3,4,6,06,18,6,,0,0,1,1,0
"POINT (9.666283831000044 52.415482299000075)",Unfall 2756 (2021) Kat:2, Licht: 0,2756,2,3,5,06,05,5,,0,0,1,0,1
"POINT (9.739833846000067 52.383085360000052)",Unfall 2757 (2021) Kat:3, Licht: 1,2757,3,3,5,06,20,4,,1,1,1,0,0
"POINT (9.839050664000069 52.496013008000034)",Unfall 2758 (2021) Kat:3, Licht: 0,2758,3,6,6,06,13,7,,0,1,0,1,0
"POINT (9.717078438000044 52.337347069000032)",Unfall 2759 (2021) Kat:3, Licht: 0,2759,3,3,5,06,18,3,,0,1,1,0,0
"POINT (9.781061994000027 52.403912769000044)",Unfall 2760 (2021) Kat:3, Licht: 0,2760,3,3,5,06,18,1,,0,1,1,0,0
"POINT (9.727515565000033 52.350141228000041)",Unfall 2761 (2021) Kat:3, Licht: 0,2761,3,2,3,06,08,4,,0,1,0,0,0
"POINT (9.609919720000050 52.425400463000074)",Unfall 2762 (2021) Kat:3, Licht: 0,2762,3,1,9,06,20,1,,0,0,1,0,0
"POINT (9.857168176000073 52.503326726000068)",Unfall 2763 (2021) Kat:3, Licht: 0,2763,3,7,0,06,17,3,,0,1,0,0,0
"POINT (9.591191514000059 52.418628827000077)",Unfall 2764 (2021) Kat:2, Licht: 0,2764,2,6,6,06,19,3,,0,0,0,1,0
"POINT (9.849261986000045 52.562611377000053)",Unfall 2765 (2021) Kat:3, Licht: 0,2765,3,3,5,06,17,4,,0,1,1,0,0
"POINT (9.582550792000063 52.447503052000059)",Unfall 2766 (2021) Kat:3, Licht: 0,2766,3,3,5,06,07,6,,0,1,1,0,0
"POINT (9.812306124000031 52.348451427000043)",Unfall 2767 (2021) Kat:3, Licht: 0,2767,3,3,5,06,08,2,,0,0,1,1,0
"POINT (9.732458062000035 52.550546639000061)",Unfall 2768 (2021) Kat:3, Licht: 0,2768,3,7,6,06,16,3,,0,0,1,1,0
"POINT (9.721766346000038 52.425958491000074)",Unfall 2769 (2021) Kat:3, Licht: 0,2769,3,2,5,06,15,5,,0,1,1,0,0
"POINT (9.737086589000057 52.375987687000077)",Unfall 2770 (2021) Kat:3, Licht: 0,2770,3,1,0,06,14,2,,0,1,1,0,0
"POINT (9.976713292000056 52.378448995000042)",Unfall 2771 (2021) Kat:3, Licht: 0,2771,3,3,5,06,07,4,,0,1,1,0,0
"POINT (9.757374692000042 52.364061859000060)",Unfall 2772 (2021) Kat:3, Licht: 0,2772,3,6,0,06,09,5,,0,1,0,0,0
"POINT (9.680732171000045 52.416120208000052)",Unfall 2773 (2021) Kat:3, Licht: 0,2773,3,3,5,06,15,3,,0,1,1,0,0
"POINT (9.683688198000027 52.408820703000060)",Unfall 2774 (2021) Kat:3, Licht: 0,2774,3,3,5,06,15,2,,0,0,1,0,0
"POINT (9.793185791000042 52.326562679000062)",Unfall 2775 (2021) Kat:2, Licht: 0,2775,2,2,5,06,16,5,,0,1,1,0,0
"POINT (9.745150007000063 52.380869727000061)",Unfall 2776 (2021) Kat:3, Licht: 2,2776,3,1,0,06,01,7,,2,1,0,0,0
"POINT (9.684515624000028 52.395956310000031)",Unfall 2777 (2021) Kat:3, Licht: 0,2777,3,6,2,06,18,5,,0,0,1,0,0
"POINT (9.746475957000030 52.316270959000065)",Unfall 2778 (2021) Kat:2, Licht: 0,2778,2,7,0,06,16,1,,0,1,0,0,0
"POINT (9.728518464000047 52.342393154000035)",Unfall 2779 (2021) Kat:3, Licht: 0,2779,3,2,5,06,11,2,,0,1,1,0,0
"POINT (9.731349054000077 52.375115919000052)",Unfall 2780 (2021) Kat:2, Licht: 0,2780,2,1,0,06,20,1,,0,0,0,0,0
"POINT (9.740837632000023 52.360831189000066)",Unfall 2781 (2021) Kat:3, Licht: 0,2781,3,6,3,06,19,1,,0,0,1,0,0
"POINT (9.718516153000053 52.357537699000034)",Unfall 2782 (2021) Kat:3, Licht: 2,2782,3,5,1,06,22,3,,2,1,1,0,0
"POINT (9.663846855000031 52.415407469000058)",Unfall 2783 (2021) Kat:3, Licht: 0,2783,3,6,2,06,07,2,,0,0,1,0,0
"POINT (9.705428476000066 52.374151875000052)",Unfall 2784 (2021) Kat:3, Licht: 0,2784,3,7,0,06,09,2,,0,1,0,0,0
"POINT (9.466587155000070 52.504786186000047)",Unfall 2785 (2021) Kat:3, Licht: 0,2785,3,7,0,06,13,4,,0,1,0,0,0
"POINT (9.781693187000030 52.415602286000080)",Unfall 2786 (2021) Kat:3, Licht: 0,2786,3,2,5,06,17,6,,0,0,1,0,1
"POINT (9.858926000000054 52.496265806000054)",Unfall 2787 (2021) Kat:3, Licht: 0,2787,3,2,4,06,16,3,,0,0,1,0,0
"POINT (9.823011506000057 52.400516820000064)",Unfall 2788 (2021) Kat:3, Licht: 0,2788,3,3,5,06,16,4,,0,1,1,0,0
"POINT (9.732684236000068 52.388688458000047)",Unfall 2789 (2021) Kat:3, Licht: 0,2789,3,2,5,06,17,3,,0,1,1,0,0
"POINT (9.606259389000058 52.431761639000058)",Unfall 2790 (2021) Kat:3, Licht: 1,2790,3,7,0,06,06,6,,1,1,0,0,0
"POINT (9.732715837000057 52.379250361000061)",Unfall 2791 (2021) Kat:3, Licht: 0,2791,3,2,0,06,16,2,,0,1,1,0,0
"POINT (9.687821121000070 52.344219717000044)",Unfall 2792 (2021) Kat:3, Licht: 2,2792,3,7,0,06,02,3,,2,0,1,0,0
"POINT (9.706154620000063 52.375358887000061)",Unfall 2793 (2021) Kat:3, Licht: 0,2793,3,4,6,07,08,5,,0,1,0,1,0
"POINT (9.431535856000039 52.432082911000066)",Unfall 2794 (2021) Kat:3, Licht: 0,2794,3,3,5,06,15,7,,0,1,0,0,0
"POINT (9.775323815000036 52.400342331000047)",Unfall 2795 (2021) Kat:3, Licht: 0,2795,3,3,5,06,15,7,,0,1,1,0,0
"POINT (9.736189934000038 52.384171390000063)",Unfall 2796 (2021) Kat:3, Licht: 0,2796,3,2,5,06,16,4,,0,1,0,0,0
"POINT (9.483122509000054 52.292253973000072)",Unfall 2797 (2021) Kat:3, Licht: 0,2797,3,7,0,06,15,4,,0,1,0,0,0
"POINT (9.753408224000054 52.382282432000068)",Unfall 2798 (2021) Kat:3, Licht: 0,2798,3,2,5,06,16,1,,0,1,1,0,0
"POINT (9.725000536000039 52.373087924000060)",Unfall 2799 (2021) Kat:2, Licht: 0,2799,2,5,2,06,17,3,,0,1,1,0,0
"POINT (9.669950726000025 52.370444723000048)",Unfall 2800 (2021) Kat:3, Licht: 0,2800,3,3,5,06,08,4,,0,1,1,0,0
"POINT (9.666225515000065 52.355555359000050)",Unfall 2801 (2021) Kat:3, Licht: 0,2801,3,3,5,06,18,6,,0,1,1,0,0
"POINT (9.767445290000069 52.358026845000040)",Unfall 2802 (2021) Kat:3, Licht: 0,2802,3,2,6,06,15,5,,0,0,1,1,0
"POINT (9.727343667000071 52.565461819000063)",Unfall 2803 (2021) Kat:3, Licht: 0,2803,3,6,4,06,12,6,,0,0,1,0,0
"POINT (9.784667838000075 52.353420091000032)",Unfall 2804 (2021) Kat:3, Licht: 0,2804,3,3,5,06,05,7,,0,1,1,0,0
"POINT (9.716007327000057 52.378289705000043)",Unfall 2805 (2021) Kat:3, Licht: 0,2805,3,1,0,06,12,3,,0,1,0,0,0
"POINT (9.734098336000045 52.376681678000068)",Unfall 2806 (2021) Kat:3, Licht: 0,2806,3,1,8,06,17,2,,0,1,0,0,0
"POINT (9.768822535000027 52.377978615000075)",Unfall 2807 (2021) Kat:3, Licht: 0,2807,3,3,5,06,18,5,,0,1,1,0,0