WKT,Name,OBJECTID,UKATEGORIE,UTYP1,UART,UMONAT,USTUNDE,UWOCHENTAG,STRZUSTAND,ULICHTVERH,ISTRAD,ISTPKW,ISTFUSS,ISTKRAD
"POINT (9.552195541000060 52.214768395000078)",Unfall 3193 (2021) Kat:3, Licht: 0,3193,3,3,5,08,17,2,,0,1,1,0,0
"POINT (9.693834852000066 52.324456345000044)",Unfall 3194 (2021) Kat:3, Licht: 0,3194,3,3,5,09,16,4,,0,1,1,0,0
"POINT (9.790286755000068 52.408338998000033)",Unfall 3195 (2021) Kat:3, Licht: 0,3195,3,6,2,09,13,6,,0,0,1,0,0
"POINT (9.709254181000063 52.360212225000055)",Unfall 3196 (2021) Kat:3, Licht: 0,3196,3,2,5,08,13,3,,0,1,1,0,0
"POINT (9.692486234000057 52.396737641000072)",Unfall 3197 (2021) Kat:3, Licht: 0,3197,3,2,5,09,07,4,,0,1,1,0,0
"POINT (9.753549654000039 52.376506914000061)",Unfall 3198 (2021) Kat:3, Licht: 0,3198,3,3,5,08,16,2,,0,1,0,0,0
"POINT (9.748159040000075 52.391099109000038)",Unfall 3199 (2021) Kat:3, Licht: 2,3199,3,2,5,09,22,6,,2,1,1,0,0
"POINT (9.562208828000053 52.421465269000066)",Unfall 3200 (2021) Kat:3, Licht: 0,3200,3,3,5,08,16,6,,0,1,1,0,0
"POINT (9.597032030000037 52.417213637000032)",Unfall 3201 (2021) Kat:3, Licht: 0,3201,3,4,6,08,15,5,,0,0,1,1,0
"POINT (9.751925808000067 52.394962760000055)",Unfall 3202 (2021) Kat:3, Licht: 0,3202,3,3,0,09,17,3,,0,1,1,0,0
"POINT (9.693700617000047 52.343072961000075)",Unfall 3203 (2021) Kat:3, Licht: 2,3203,3,6,2,08,21,1,,2,0,1,0,0
"POINT (9.679378820000068 52.381206938000048)",Unfall 3204 (2021) Kat:3, Licht: 0,3204,3,7,0,08,15,4,,0,1,0,0,0
"POINT (9.757059944000048 52.364223428000059)",Unfall 3205 (2021) Kat:3, Licht: 0,3205,3,2,5,08,13,4,,0,1,1,0,0
"POINT (9.772013936000064 52.364919316000055)",Unfall 3206 (2021) Kat:3, Licht: 0,3206,3,2,3,09,11,5,,0,1,1,0,0
"POINT (9.728412888000037 52.377894304000051)",Unfall 3207 (2021) Kat:3, Licht: 0,3207,3,6,0,08,16,3,,0,1,0,0,0
"POINT (9.744841543000064 52.377285571000073)",Unfall 3208 (2021) Kat:3, Licht: 0,3208,3,5,1,09,15,3,,0,1,1,0,0
"POINT (9.737803746000054 52.383873080000058)",Unfall 3209 (2021) Kat:3, Licht: 2,3209,3,1,0,08,23,2,,2,1,0,0,0
"POINT (9.820098400000063 52.331217924000043)",Unfall 3210 (2021) Kat:2, Licht: 1,3210,2,7,0,08,20,2,,1,1,0,0,0
"POINT (9.593915735000053 52.421093397000050)",Unfall 3211 (2021) Kat:2, Licht: 0,3211,2,3,5,08,09,4,,0,1,0,0,0
"POINT (9.719890779000025 52.366556448000040)",Unfall 3212 (2021) Kat:3, Licht: 0,3212,3,7,6,08,14,5,,0,0,1,1,0
"POINT (9.744399950000059 52.370731069000044)",Unfall 3213 (2021) Kat:3, Licht: 0,3213,3,3,5,08,10,6,,0,1,1,0,0
"POINT (9.724470327000063 52.383821809000040)",Unfall 3214 (2021) Kat:3, Licht: 2,3214,3,5,1,09,22,4,,2,1,1,0,0
"POINT (9.762420164000048 52.396885702000077)",Unfall 3215 (2021) Kat:3, Licht: 0,3215,3,3,5,08,07,1,,0,1,1,0,0
"POINT (10.023280142000033 52.450451511000040)",Unfall 3216 (2021) Kat:3, Licht: 0,3216,3,1,0,08,18,3,,0,1,0,0,0
"POINT (9.702039267000032 52.328930004000028)",Unfall 3217 (2021) Kat:2, Licht: 1,3217,2,1,0,08,08,7,,1,1,0,0,0
"POINT (9.672099812000056 52.171205164000071)",Unfall 3218 (2021) Kat:3, Licht: 0,3218,3,3,5,09,09,1,,0,1,1,0,0
"POINT (9.766859739000040 52.382343789000060)",Unfall 3219 (2021) Kat:3, Licht: 0,3219,3,2,5,08,08,4,,0,0,1,0,0
"POINT (9.739943300000050 52.428420141000061)",Unfall 3220 (2021) Kat:3, Licht: 0,3220,3,1,0,08,12,3,,0,1,0,0,0
"POINT (9.816143163000049 52.407878883000080)",Unfall 3221 (2021) Kat:3, Licht: 0,3221,3,2,2,09,17,3,,0,1,1,0,0
"POINT (9.732054073000029 52.374316745000044)",Unfall 3222 (2021) Kat:3, Licht: 0,3222,3,2,2,08,17,6,,0,0,1,0,1
"POINT (9.701630316000035 52.408707863000075)",Unfall 3223 (2021) Kat:3, Licht: 0,3223,3,3,5,08,19,4,,0,0,1,0,0
"POINT (9.789610101000051 52.397063130000049)",Unfall 3224 (2021) Kat:3, Licht: 0,3224,3,7,0,08,13,7,,0,0,1,0,0
"POINT (9.720247600000050 52.375316191000081)",Unfall 3225 (2021) Kat:3, Licht: 0,3225,3,5,0,08,14,2,,0,1,0,0,0
"POINT (9.694289803000061 52.403471146000072)",Unfall 3226 (2021) Kat:3, Licht: 0,3226,3,3,5,09,17,7,,0,0,1,0,0
"POINT (9.764902340000049 52.417775732000052)",Unfall 3227 (2021) Kat:3, Licht: 0,3227,3,2,2,09,18,4,,0,0,1,0,0
"POINT (9.475174035000066 52.303932162000081)",Unfall 3228 (2021) Kat:3, Licht: 0,3228,3,7,0,09,10,3,,0,0,1,0,0
"POINT (9.970661421000045 52.376231510000082)",Unfall 3229 (2021) Kat:3, Licht: 0,3229,3,3,5,08,12,7,,0,0,1,0,0
"POINT (9.738496055000041 52.382220847000042)",Unfall 3230 (2021) Kat:3, Licht: 0,3230,3,1,0,08,16,4,,0,1,0,0,0
"POINT (9.683045573000072 52.346754945000043)",Unfall 3231 (2021) Kat:3, Licht: 0,3231,3,1,0,08,15,6,,0,1,0,0,0
"POINT (9.692241980000063 52.387422832000027)",Unfall 3232 (2021) Kat:3, Licht: 0,3232,3,1,0,08,08,1,,0,1,0,0,0
"POINT (9.803111207000029 52.396498752000070)",Unfall 3233 (2021) Kat:3, Licht: 2,3233,3,2,4,09,19,4,,2,0,1,0,0
"POINT (9.677947257000028 52.345995416000051)",Unfall 3234 (2021) Kat:3, Licht: 0,3234,3,2,3,08,13,6,,0,1,0,0,0
"POINT (9.700099751000039 52.328889623000066)",Unfall 3235 (2021) Kat:3, Licht: 0,3235,3,3,5,08,17,5,,0,1,1,0,0
"POINT (9.714367488000050 52.369180616000051)",Unfall 3236 (2021) Kat:3, Licht: 0,3236,3,3,0,08,17,5,,0,1,0,0,0
"POINT (9.761266541000055 52.333895424000048)",Unfall 3237 (2021) Kat:3, Licht: 0,3237,3,7,5,09,11,6,,0,0,1,0,0
"POINT (9.776370560000032 52.416548761000058)",Unfall 3238 (2021) Kat:3, Licht: 0,3238,3,7,1,08,11,2,,0,0,1,0,0
"POINT (9.769337425000060 52.338239728000076)",Unfall 3239 (2021) Kat:3, Licht: 0,3239,3,4,6,08,10,4,,0,0,1,1,0
"POINT (9.466081730000042 52.504245585000035)",Unfall 3240 (2021) Kat:3, Licht: 0,3240,3,6,2,09,16,2,,0,0,1,0,0
"POINT (9.711797455000067 52.399449192000077)",Unfall 3241 (2021) Kat:3, Licht: 0,3241,3,7,0,08,07,3,,0,1,0,0,0
"POINT (9.602082920000043 52.437895940000033)",Unfall 3242 (2021) Kat:3, Licht: 0,3242,3,3,5,08,12,6,,0,0,1,0,0
"POINT (9.605574279000052 52.307785601000035)",Unfall 3243 (2021) Kat:3, Licht: 0,3243,3,7,0,09,17,4,,0,1,0,0,0
"POINT (9.708176483000045 52.367221199000028)",Unfall 3244 (2021) Kat:3, Licht: 2,3244,3,1,0,08,01,2,,2,1,0,0,0
"POINT (9.835239533000049 52.429337158000067)",Unfall 3245 (2021) Kat:3, Licht: 0,3245,3,5,4,08,07,6,,0,1,1,0,0
"POINT (9.733728707000068 52.379823187000056)",Unfall 3246 (2021) Kat:3, Licht: 0,3246,3,3,5,08,20,3,,0,0,1,0,0
"POINT (9.753588200000024 52.363296375000061)",Unfall 3247 (2021) Kat:3, Licht: 0,3247,3,3,5,08,15,5,,0,0,1,0,0
"POINT (9.699306964000073 52.415893709000045)",Unfall 3248 (2021) Kat:3, Licht: 0,3248,3,6,2,09,19,6,,0,0,1,0,0
"POINT (9.759252449000030 52.369908147000046)",Unfall 3249 (2021) Kat:3, Licht: 0,3249,3,3,5,08,06,2,,0,1,1,0,0
"POINT (9.736798512000064 52.364428647000068)",Unfall 3250 (2021) Kat:3, Licht: 0,3250,3,2,5,09,16,1,,0,1,0,0,0
"POINT (9.769827194000072 52.336313051000047)",Unfall 3251 (2021) Kat:3, Licht: 0,3251,3,3,5,08,12,3,,0,1,1,0,0
"POINT (9.821992334000072 52.400293837000049)",Unfall 3252 (2021) Kat:3, Licht: 0,3252,3,3,5,08,17,5,,0,1,1,0,0
"POINT (9.780668337000066 52.328496953000069)",Unfall 3253 (2021) Kat:3, Licht: 0,3253,3,2,3,09,16,3,,0,1,1,0,0
"POINT (9.694668090000050 52.405924542000037)",Unfall 3254 (2021) Kat:3, Licht: 1,3254,3,7,7,08,06,4,,1,1,0,0,0
"POINT (9.815617324000073 52.395885384000053)",Unfall 3255 (2021) Kat:3, Licht: 0,3255,3,2,3,08,14,2,,0,1,1,0,0
"POINT (9.774270507000040 52.335665086000063)",Unfall 3256 (2021) Kat:3, Licht: 0,3256,3,2,5,08,18,3,,0,0,1,0,0
"POINT (9.735469856000066 52.384526897000057)",Unfall 3257 (2021) Kat:3, Licht: 0,3257,3,3,0,08,12,6,,0,1,1,0,0
"POINT (9.780998324000052 52.398298531000080)",Unfall 3258 (2021) Kat:3, Licht: 0,3258,3,3,5,08,16,6,,0,1,1,0,0
"POINT (9.623070807000033 52.431565293000062)",Unfall 3259 (2021) Kat:3, Licht: 0,3259,3,2,3,08,20,1,,0,0,1,0,0
"POINT (9.736322183000027 52.306810480000081)",Unfall 3260 (2021) Kat:3, Licht: 0,3260,3,2,5,08,13,2,,0,1,1,0,0
"POINT (9.799701923000043 52.336071297000046)",Unfall 3261 (2021) Kat:3, Licht: 0,3261,3,1,0,08,16,6,,0,1,0,0,0
"POINT (9.505767628000058 52.299225841000066)",Unfall 3262 (2021) Kat:3, Licht: 0,3262,3,6,4,08,16,7,,0,0,1,0,0
"POINT (9.754103738000026 52.361437524000053)",Unfall 3263 (2021) Kat:3, Licht: 1,3263,3,7,0,08,21,4,,1,1,0,0,0
"POINT (9.730069964000052 52.391875471000048)",Unfall 3264 (2021) Kat:3, Licht: 2,3264,3,3,5,08,21,6,,2,1,1,0,0
"POINT (9.743968851000034 52.371187311000028)",Unfall 3265 (2021) Kat:3, Licht: 0,3265,3,1,0,08,17,3,,0,1,0,0,0
"POINT (9.734173723000026 52.374514657000077)",Unfall 3266 (2021) Kat:3, Licht: 2,3266,3,2,6,08,00,3,,2,0,1,1,0
"POINT (9.733165557000063 52.354068064000046)",Unfall 3267 (2021) Kat:2, Licht: 0,3267,2,1,3,08,16,4,,0,1,1,0,0
"POINT (9.750022377000050 52.376530002000038)",Unfall 3268 (2021) Kat:3, Licht: 0,3268,3,1,0,08,13,5,,0,0,0,0,1
"POINT (9.685667649000038 52.392419408000080)",Unfall 3269 (2021) Kat:3, Licht: 0,3269,3,6,4,08,15,6,,0,0,1,0,0
"POINT (9.699313211000060 52.462759868000035)",Unfall 3270 (2021) Kat:3, Licht: 0,3270,3,7,6,08,17,3,,0,0,1,1,0
"POINT (9.805149390000054 52.411356719000082)",Unfall 3271 (2021) Kat:3, Licht: 0,3271,3,4,6,09,14,2,,0,0,1,1,0
"POINT (9.738878857000032 52.438164310000047)",Unfall 3272 (2021) Kat:3, Licht: 0,3272,3,3,5,08,17,4,,0,1,1,0,0
"POINT (9.767345652000074 52.443473611000059)",Unfall 3273 (2021) Kat:3, Licht: 0,3273,3,7,7,08,20,5,,0,1,0,1,0
"POINT (9.731574353000042 52.374838702000034)",Unfall 3274 (2021) Kat:3, Licht: 0,3274,3,6,6,08,16,4,,0,0,1,1,0
"POINT (9.741169005000074 52.375393308000071)",Unfall 3275 (2021) Kat:3, Licht: 0,3275,3,7,0,08,14,6,,0,1,0,0,0
"POINT (9.755017748000057 52.384843256000067)",Unfall 3276 (2021) Kat:3, Licht: 0,3276,3,3,5,08,17,1,,0,1,1,0,0
"POINT (9.604262799000026 52.310840382000038)",Unfall 3277 (2021) Kat:2, Licht: 0,3277,2,7,0,08,12,2,,0,1,0,0,0
"POINT (9.787362204000033 52.407029070000078)",Unfall 3278 (2021) Kat:3, Licht: 0,3278,3,5,0,08,11,3,,0,1,1,0,0
"POINT (9.597102915000050 52.397986000000060)",Unfall 3279 (2021) Kat:3, Licht: 0,3279,3,7,0,09,12,1,,0,1,0,0,0
"POINT (9.730636716000049 52.374886291000053)",Unfall 3280 (2021) Kat:3, Licht: 0,3280,3,7,3,08,12,4,,0,0,1,0,0
"POINT (10.163102981000065 52.478292432000046)",Unfall 3281 (2021) Kat:3, Licht: 0,3281,3,7,0,08,13,6,,0,1,0,0,0
"POINT (9.850379804000056 52.397181800000055)",Unfall 3282 (2021) Kat:3, Licht: 0,3282,3,1,0,08,17,1,,0,1,0,0,0
"POINT (9.757291768000073 52.270105468000054)",Unfall 3283 (2021) Kat:3, Licht: 0,3283,3,3,5,08,10,2,,0,0,1,0,0
"POINT (9.754007040000033 52.378887398000074)",Unfall 3284 (2021) Kat:3, Licht: 0,3284,3,6,6,08,11,6,,0,1,0,1,0
"POINT (9.782541914000035 52.373272101000055)",Unfall 3285 (2021) Kat:3, Licht: 0,3285,3,3,5,08,13,1,,0,1,0,0,0
"POINT (9.673022218000028 52.367854451000028)",Unfall 3286 (2021) Kat:3, Licht: 0,3286,3,6,4,08,09,6,,0,0,1,0,1
"POINT (9.674293903000034 52.397489581000059)",Unfall 3287 (2021) Kat:3, Licht: 0,3287,3,6,4,09,18,4,,0,1,0,0,0
"POINT (9.810075249000022 52.376472246000048)",Unfall 3288 (2021) Kat:3, Licht: 0,3288,3,7,0,09,07,2,,0,1,0,0,0
"POINT (9.689782586000035 52.350188802000048)",Unfall 3289 (2021) Kat:3, Licht: 0,3289,3,6,2,08,12,6,,0,0,1,0,0
"POINT (9.654622388000064 52.413094875000070)",Unfall 3290 (2021) Kat:3, Licht: 0,3290,3,5,0,08,18,2,,0,1,0,0,0
"POINT (9.719752157000073 52.366613117000043)",Unfall 3291 (2021) Kat:3, Licht: 0,3291,3,5,3,08,10,6,,0,1,1,0,0
"POINT (9.764907431000040 52.417777970000031)",Unfall 3292 (2021) Kat:3, Licht: 0,3292,3,5,1,08,10,6,,0,0,1,0,0
"POINT (9.716763624000066 52.370282120000070)",Unfall 3293 (2021) Kat:3, Licht: 2,3293,3,7,1,08,22,2,,2,1,1,0,0
"POINT (9.736964146000048 52.381363158000056)",Unfall 3294 (2021) Kat:3, Licht: 0,3294,3,6,3,09,14,7,,0,1,1,0,0
"POINT (9.714291603000049 52.408768282000040)",Unfall 3295 (2021) Kat:3, Licht: 0,3295,3,5,2,08,16,5,,0,1,1,0,0
"POINT (9.471256480000022 52.505117236000046)",Unfall 3296 (2021) Kat:3, Licht: 0,3296,3,6,4,08,18,6,,0,1,1,0,0
"POINT (9.808495616000073 52.332135004000065)",Unfall 3297 (2021) Kat:3, Licht: 2,3297,3,1,0,08,23,6,,2,0,0,0,1
"POINT (9.791577967000023 52.403270537000026)",Unfall 3298 (2021) Kat:3, Licht: 0,3298,3,6,2,09,13,6,,0,0,1,0,0
"POINT (9.735551105000070 52.375167929000042)",Unfall 3299 (2021) Kat:3, Licht: 0,3299,3,3,5,08,08,4,,0,1,0,0,0
"POINT (9.449493606000033 52.417227968000077)",Unfall 3300 (2021) Kat:3, Licht: 0,3300,3,7,3,08,11,7,,0,1,0,0,0
"POINT (9.722936528000048 52.368934800000034)",Unfall 3301 (2021) Kat:2, Licht: 0,3301,2,3,5,08,09,3,,0,1,0,0,0
"POINT (9.609583307000037 52.409257552000042)",Unfall 3302 (2021) Kat:3, Licht: 0,3302,3,5,1,09,17,6,,0,0,1,1,0
"POINT (9.744102134000059 52.369674769000028)",Unfall 3303 (2021) Kat:3, Licht: 0,3303,3,2,5,08,18,4,,0,1,1,0,0
"POINT (9.740056046000063 52.302058103000036)",Unfall 3304 (2021) Kat:3, Licht: 0,3304,3,2,5,08,16,3,,0,1,1,0,0
"POINT (9.444993446000069 52.506700640000076)",Unfall 3305 (2021) Kat:3, Licht: 0,3305,3,7,0,08,10,3,,0,1,0,0,0
"POINT (9.733726725000054 52.362140918000080)",Unfall 3306 (2021) Kat:3, Licht: 0,3306,3,3,5,08,19,3,,0,1,1,0,0
"POINT (9.735009169000023 52.387095339000041)",Unfall 3307 (2021) Kat:3, Licht: 2,3307,3,4,6,08,23,3,,2,0,1,1,0
"POINT (9.827860091000048 52.384842567000078)",Unfall 3308 (2021) Kat:3, Licht: 0,3308,3,6,2,08,13,5,,0,0,1,0,0
"POINT (9.740255886000057 52.440523799000061)",Unfall 3309 (2021) Kat:3, Licht: 2,3309,3,7,8,08,21,2,,2,1,0,0,0
"POINT (9.802428987000042 52.474264490000053)",Unfall 3310 (2021) Kat:3, Licht: 2,3310,3,1,0,08,21,6,,2,1,0,0,0
"POINT (9.617332391000048 52.443240188000061)",Unfall 3311 (2021) Kat:3, Licht: 0,3311,3,3,5,08,11,2,,0,1,1,0,0
"POINT (9.490824312000029 52.307841876000055)",Unfall 3312 (2021) Kat:3, Licht: 0,3312,3,3,5,09,12,4,,0,0,1,0,0
"POINT (9.791037508000045 52.396875733000059)",Unfall 3313 (2021) Kat:3, Licht: 0,3313,3,6,2,08,18,6,,0,0,1,0,0
"POINT (9.478111132000038 52.307227459000046)",Unfall 3314 (2021) Kat:3, Licht: 0,3314,3,5,1,09,15,5,,0,1,1,0,0
"POINT (9.736395752000021 52.478793563000067)",Unfall 3315 (2021) Kat:3, Licht: 0,3315,3,7,0,08,18,5,,0,1,0,0,0
"POINT (9.693486401000030 52.392196677000072)",Unfall 3316 (2021) Kat:3, Licht: 0,3316,3,3,5,09,14,4,,0,1,1,0,0
"POINT (9.712202066000032 52.382383216000051)",Unfall 3317 (2021) Kat:3, Licht: 2,3317,3,1,0,08,02,6,,2,1,0,0,0
"POINT (9.831851478000033 52.428896198000075)",Unfall 3318 (2021) Kat:3, Licht: 0,3318,3,5,1,08,14,4,,0,1,1,0,0
"POINT (9.742417006000039 52.430532407000044)",Unfall 3319 (2021) Kat:3, Licht: 0,3319,3,3,5,08,17,7,,0,0,1,0,0
"POINT (9.973245494000025 52.376379331000066)",Unfall 3320 (2021) Kat:3, Licht: 2,3320,3,7,0,08,00,7,,2,1,0,0,0
"POINT (9.652113475000021 52.369730188000062)",Unfall 3321 (2021) Kat:3, Licht: 0,3321,3,3,0,08,17,3,,0,1,1,0,0
"POINT (9.790638448000038 52.358375857000055)",Unfall 3322 (2021) Kat:3, Licht: 0,3322,3,7,0,08,16,4,,0,1,0,0,0
"POINT (9.796305896000035 52.404508081000074)",Unfall 3323 (2021) Kat:3, Licht: 0,3323,3,3,5,08,12,5,,0,1,1,0,0
"POINT (9.787084998000068 52.401669858000048)",Unfall 3324 (2021) Kat:3, Licht: 2,3324,3,3,5,08,22,4,,2,0,1,0,0
"POINT (9.731508600000041 52.393752989000063)",Unfall 3325 (2021) Kat:3, Licht: 0,3325,3,1,0,08,17,1,,0,1,0,0,0
"POINT (9.739486068000076 52.369941599000072)",Unfall 3326 (2021) Kat:2, Licht: 0,3326,2,5,1,08,18,6,,0,1,1,0,0
"POINT (9.796808234000025 52.343986245000053)",Unfall 3327 (2021) Kat:3, Licht: 0,3327,3,5,4,08,07,6,,0,1,0,0,0
"POINT (9.721643573000051 52.387336237000056)",Unfall 3328 (2021) Kat:3, Licht: 0,3328,3,4,6,09,15,3,,0,0,1,1,0
"POINT (9.716697530000033 52.372827856000072)",Unfall 3329 (2021) Kat:3, Licht: 0,3329,3,6,2,09,18,6,,0,0,1,0,0
"POINT (9.760445674000039 52.369519780000076)",Unfall 3330 (2021) Kat:3, Licht: 0,3330,3,3,5,08,09,3,,0,1,0,0,0
"POINT (9.710991652000075 52.367254247000062)",Unfall 3331 (2021) Kat:3, Licht: 0,3331,3,1,0,08,16,4,,0,1,1,0,0
"POINT (9.696981438000023 52.339679486000080)",Unfall 3332 (2021) Kat:3, Licht: 0,3332,3,1,0,08,14,7,,0,1,0,0,0
"POINT (9.767192910000063 52.337675972000056)",Unfall 3333 (2021) Kat:3, Licht: 1,3333,3,3,5,08,20,2,,1,1,1,0,0
"POINT (9.746761016000050 52.392628864000073)",Unfall 3334 (2021) Kat:3, Licht: 0,3334,3,2,5,09,15,1,,0,0,1,0,0
"POINT (9.807905177000066 52.389185475000033)",Unfall 3335 (2021) Kat:3, Licht: 0,3335,3,3,5,09,17,4,,0,1,1,0,0
"POINT (9.683131660000072 52.413480086000050)",Unfall 3336 (2021) Kat:3, Licht: 0,3336,3,3,5,09,09,5,,0,1,1,0,0
"POINT (9.714381182000068 52.376981394000040)",Unfall 3337 (2021) Kat:3, Licht: 2,3337,3,7,0,08,00,6,,2,1,0,0,0
"POINT (9.819449582000061 52.429301462000069)",Unfall 3338 (2021) Kat:3, Licht: 1,3338,3,2,5,09,19,3,,1,0,1,0,0
"POINT (9.724123067000050 52.319008551000081)",Unfall 3339 (2021) Kat:3, Licht: 0,3339,3,5,1,08,09,2,,0,1,1,0,0
"POINT (9.779237759000068 52.312976406000075)",Unfall 3340 (2021) Kat:3, Licht: 0,3340,3,7,0,08,19,6,,0,1,0,0,0
"POINT (9.766990074000034 52.357892659000072)",Unfall 3341 (2021) Kat:3, Licht: 2,3341,3,1,0,08,22,4,,2,0,0,0,0
"POINT (10.121548701000052 52.360967277000043)",Unfall 3342 (2021) Kat:3, Licht: 0,3342,3,3,5,08,16,1,,0,1,1,0,0
"POINT (9.655283144000066 52.348345839000046)",Unfall 3343 (2021) Kat:3, Licht: 0,3343,3,3,0,08,12,2,,0,1,1,0,0
"POINT (9.727655869000046 52.374612487000036)",Unfall 3344 (2021) Kat:3, Licht: 2,3344,3,2,5,08,22,7,,2,1,1,0,0
"POINT (9.726981097000021 52.326547683000058)",Unfall 3345 (2021) Kat:3, Licht: 0,3345,3,1,0,08,15,3,,0,1,0,0,0
"POINT (9.792996397000024 52.333634442000061)",Unfall 3346 (2021) Kat:3, Licht: 0,3346,3,3,5,08,13,3,,0,1,1,0,0
"POINT (9.746898491000024 52.387133497000036)",Unfall 3347 (2021) Kat:3, Licht: 0,3347,3,5,1,08,19,5,,0,1,1,0,0
"POINT (9.741812505000041 52.398501030000034)",Unfall 3348 (2021) Kat:3, Licht: 0,3348,3,3,0,08,18,5,,0,1,0,0,0
"POINT (9.741460123000024 52.371146198000076)",Unfall 3349 (2021) Kat:2, Licht: 0,3349,2,2,4,09,17,2,,0,0,1,0,1
"POINT (9.707184621000067 52.373611133000054)",Unfall 3350 (2021) Kat:3, Licht: 2,3350,3,3,5,09,21,2,,2,1,1,0,0
"POINT (9.648751902000072 52.427052556000035)",Unfall 3351 (2021) Kat:3, Licht: 1,3351,3,7,7,08,20,4,,1,1,0,0,0
"POINT (9.354914548000067 52.454950020000069)",Unfall 3352 (2021) Kat:3, Licht: 0,3352,3,1,0,09,18,6,,0,1,0,0,0
"POINT (9.757474851000040 52.363932646000080)",Unfall 3353 (2021) Kat:3, Licht: 0,3353,3,7,0,08,20,7,,0,1,0,0,0
"POINT (9.732791456000029 52.437793357000032)",Unfall 3354 (2021) Kat:3, Licht: 0,3354,3,7,1,09,17,5,,0,1,1,0,0
"POINT (9.809166768000068 52.395272485000078)",Unfall 3355 (2021) Kat:3, Licht: 0,3355,3,1,0,08,14,5,,0,1,0,0,0
"POINT (9.710560823000037 52.360381840000059)",Unfall 3356 (2021) Kat:3, Licht: 0,3356,3,6,2,08,07,6,,0,0,1,0,0
"POINT (9.766787670000042 52.367178866000074)",Unfall 3357 (2021) Kat:3, Licht: 1,3357,3,2,5,09,06,6,,1,1,1,0,0
"POINT (9.464047140000048 52.303626942000051)",Unfall 3358 (2021) Kat:3, Licht: 0,3358,3,7,0,08,17,3,,0,0,0,0,0
"POINT (9.812150897000038 52.387037685000053)",Unfall 3359 (2021) Kat:3, Licht: 0,3359,3,3,5,08,14,4,,0,0,1,0,0
"POINT (9.632948423000073 52.397509049000064)",Unfall 3360 (2021) Kat:3, Licht: 0,3360,3,3,5,08,13,4,,0,1,1,0,0
"POINT (9.754747472000076 52.434850730000051)",Unfall 3361 (2021) Kat:2, Licht: 0,3361,2,2,5,08,11,7,,0,0,1,0,0
"POINT (9.692589943000030 52.409497448000081)",Unfall 3362 (2021) Kat:2, Licht: 2,3362,2,3,0,08,05,3,,2,0,0,0,1
"POINT (9.705104930000061 52.407288047000065)",Unfall 3363 (2021) Kat:3, Licht: 0,3363,3,3,5,08,12,7,,0,0,1,0,1
"POINT (9.684420051000075 52.377204596000070)",Unfall 3364 (2021) Kat:3, Licht: 0,3364,3,1,0,08,17,3,,0,1,0,0,0
"POINT (9.723013695000077 52.349829436000050)",Unfall 3365 (2021) Kat:3, Licht: 0,3365,3,6,2,08,14,6,,0,0,1,0,1
"POINT (9.690091092000046 52.346072680000077)",Unfall 3366 (2021) Kat:3, Licht: 0,3366,3,6,2,09,14,7,,0,0,1,0,1
"POINT (9.843686013000024 52.271166582000035)",Unfall 3367 (2021) Kat:3, Licht: 0,3367,3,3,5,08,18,2,,0,1,1,0,0
"POINT (9.792071136000061 52.396738610000057)",Unfall 3368 (2021) Kat:3, Licht: 0,3368,3,7,0,09,13,2,,0,1,1,0,0
"POINT (9.744648356000027 52.374403092000080)",Unfall 3369 (2021) Kat:3, Licht: 2,3369,3,2,5,09,19,7,,2,1,1,0,0
"POINT (9.707438729000046 52.401490052000042)",Unfall 3370 (2021) Kat:2, Licht: 2,3370,2,1,0,09,03,7,,2,0,0,0,0
"POINT (9.729764276000026 52.398358308000070)",Unfall 3371 (2021) Kat:2, Licht: 0,3371,2,3,5,10,15,2,,0,1,0,0,0
"POINT (9.734859316000041 52.399294612000062)",Unfall 3372 (2021) Kat:3, Licht: 0,3372,3,7,0,09,13,7,,0,1,0,0,0
"POINT (9.722769066000069 52.397555903000068)",Unfall 3373 (2021) Kat:3, Licht: 0,3373,3,1,0,09,16,2,,0,1,0,0,0
"POINT (9.712554109000052 52.360801003000063)",Unfall 3374 (2021) Kat:3, Licht: 0,3374,3,6,3,10,13,6,,0,0,1,0,0
"POINT (9.745775558000048 52.378952905000062)",Unfall 3375 (2021) Kat:3, Licht: 0,3375,3,3,5,10,13,1,,0,1,1,0,0
"POINT (9.665874523000070 52.409620171000029)",Unfall 3376 (2021) Kat:3, Licht: 0,3376,3,7,1,10,09,5,,0,0,1,0,0
"POINT (9.598489682000036 52.426466385000026)",Unfall 3377 (2021) Kat:3, Licht: 0,3377,3,6,2,10,15,6,,0,0,1,0,0
"POINT (9.763014641000041 52.356782634000069)",Unfall 3378 (2021) Kat:3, Licht: 0,3378,3,5,1,10,15,4,,0,1,1,0,0
"POINT (9.753429946000040 52.378341244000069)",Unfall 3379 (2021) Kat:3, Licht: 0,3379,3,3,5,09,11,6,,0,1,1,0,0
"POINT (9.676980759000060 52.346550675000060)",Unfall 3380 (2021) Kat:3, Licht: 0,3380,3,7,0,09,08,5,,0,1,0,0,0
"POINT (9.809547053000074 52.403871654000056)",Unfall 3381 (2021) Kat:3, Licht: 0,3381,3,3,5,10,13,3,,0,1,1,0,0
"POINT (9.730983754000022 52.378491502000031)",Unfall 3382 (2021) Kat:3, Licht: 0,3382,3,6,2,10,06,6,,0,0,1,0,0
"POINT (9.672354914000039 52.355884001000049)",Unfall 3383 (2021) Kat:3, Licht: 0,3383,3,7,0,10,17,3,,0,0,1,0,0
"POINT (9.754615624000053 52.389678272000026)",Unfall 3384 (2021) Kat:3, Licht: 0,3384,3,2,5,09,16,6,,0,1,1,0,0