WKT,Name,OBJECTID,UKATEGORIE,UTYP1,UART,UMONAT,USTUNDE,UWOCHENTAG,STRZUSTAND,ULICHTVERH,ISTRAD,ISTPKW,ISTFUSS,ISTKRAD
"POINT (9.781136193000066 52.401952423000068)",Unfall 3385 (2021) Kat:3, Licht: 0,3385,3,4,6,09,17,3,,0,0,1,1,0
"POINT (9.597501888000068 52.420739159000050)",Unfall 3386 (2021) Kat:3, Licht: 0,3386,3,2,5,09,17,4,,0,0,1,0,1
"POINT (9.619648113000039 52.430077994000044)",Unfall 3387 (2021) Kat:3, Licht: 0,3387,3,3,5,10,09,2,,0,1,1,0,0
"POINT (9.761193303000027 52.358856197000080)",Unfall 3388 (2021) Kat:3, Licht: 0,3388,3,7,0,10,10,7,,0,0,0,0,0
"POINT (9.654725859000052 52.447971557000074)",Unfall 3389 (2021) Kat:3, Licht: 2,3389,3,3,5,09,22,6,,2,0,1,0,0
"POINT (9.793875718000038 52.358623850000072)",Unfall 3390 (2021) Kat:3, Licht: 0,3390,3,7,0,09,16,3,,0,0,0,0,0
"POINT (9.728471490000061 52.378148560000056)",Unfall 3391 (2021) Kat:3, Licht: 2,3391,3,5,1,09,04,1,,2,0,1,0,0
"POINT (9.728300817000047 52.358976215000041)",Unfall 3392 (2021) Kat:3, Licht: 0,3392,3,3,5,09,18,4,,0,1,1,0,0
"POINT (9.695847408000077 52.439489023000078)",Unfall 3393 (2021) Kat:3, Licht: 0,3393,3,3,5,09,15,5,,0,0,1,0,0
"POINT (9.763558113000045 52.368974308000077)",Unfall 3394 (2021) Kat:3, Licht: 0,3394,3,2,2,10,17,4,,0,0,1,0,0
"POINT (10.114345500000070 52.354499826000051)",Unfall 3395 (2021) Kat:3, Licht: 0,3395,3,2,4,09,10,6,,0,1,1,0,0
"POINT (9.715381542000046 52.377274196000030)",Unfall 3396 (2021) Kat:3, Licht: 0,3396,3,7,0,09,08,4,,0,1,0,0,0
"POINT (9.799548720000075 52.392239722000056)",Unfall 3397 (2021) Kat:3, Licht: 2,3397,3,6,2,09,20,1,,2,0,1,0,0
"POINT (9.738777921000064 52.420982427000069)",Unfall 3398 (2021) Kat:3, Licht: 0,3398,3,3,5,09,14,2,,0,0,1,0,1
"POINT (9.749623570000040 52.383863894000058)",Unfall 3399 (2021) Kat:3, Licht: 0,3399,3,3,5,09,13,7,,0,1,1,0,0
"POINT (9.745376258000022 52.392146019000052)",Unfall 3400 (2021) Kat:3, Licht: 0,3400,3,3,5,10,08,3,,0,1,1,0,0
"POINT (9.631085842000061 52.414139703000046)",Unfall 3401 (2021) Kat:3, Licht: 0,3401,3,3,5,09,15,3,,0,1,1,0,0
"POINT (9.695023469000034 52.392222152000045)",Unfall 3402 (2021) Kat:3, Licht: 0,3402,3,6,2,10,13,5,,0,0,1,0,0
"POINT (9.717939331000025 52.364603369000065)",Unfall 3403 (2021) Kat:3, Licht: 2,3403,3,2,0,09,19,3,,2,1,0,0,0
"POINT (9.664949028000024 52.340331565000042)",Unfall 3404 (2021) Kat:3, Licht: 0,3404,3,6,0,09,09,6,,0,0,1,0,0
"POINT (9.753597228000046 52.381530330000032)",Unfall 3405 (2021) Kat:3, Licht: 0,3405,3,2,6,10,11,6,,0,0,0,1,0
"POINT (9.752079509000055 52.374581512000077)",Unfall 3406 (2021) Kat:3, Licht: 0,3406,3,1,0,09,09,2,,0,1,0,0,0
"POINT (9.800558080000030 52.335203764000028)",Unfall 3407 (2021) Kat:2, Licht: 0,3407,2,2,5,09,17,4,,0,1,1,0,0
"POINT (9.712891026000023 52.371573802000057)",Unfall 3408 (2021) Kat:3, Licht: 2,3408,3,7,0,10,23,6,,2,1,0,0,0
"POINT (9.759822454000073 52.417736356000034)",Unfall 3409 (2021) Kat:3, Licht: 0,3409,3,5,1,09,14,4,,0,1,1,0,0
"POINT (9.828798940000070 52.344496961000061)",Unfall 3410 (2021) Kat:3, Licht: 0,3410,3,3,5,09,17,3,,0,1,1,0,0
"POINT (9.751398564000056 52.391615290000061)",Unfall 3411 (2021) Kat:3, Licht: 0,3411,3,5,1,09,08,3,,0,1,1,0,0
"POINT (9.693319232000022 52.394135855000059)",Unfall 3412 (2021) Kat:3, Licht: 0,3412,3,6,2,09,16,4,,0,0,1,0,0
"POINT (9.716092647000039 52.392575590000035)",Unfall 3413 (2021) Kat:3, Licht: 0,3413,3,6,2,09,19,6,,0,0,1,0,0
"POINT (9.677230272000031 52.395940415000041)",Unfall 3414 (2021) Kat:3, Licht: 0,3414,3,3,5,09,17,3,,0,0,1,0,1
"POINT (9.371802978000062 52.453947471000049)",Unfall 3415 (2021) Kat:3, Licht: 0,3415,3,3,5,10,08,2,,0,1,1,0,0
"POINT (9.750585504000071 52.388522597000076)",Unfall 3416 (2021) Kat:3, Licht: 0,3416,3,3,0,10,15,6,,0,1,1,0,0
"POINT (9.742740439000045 52.390851484000052)",Unfall 3417 (2021) Kat:3, Licht: 1,3417,3,2,4,10,20,7,,1,1,0,0,0
"POINT (9.548047038000050 52.210410862000060)",Unfall 3418 (2021) Kat:3, Licht: 0,3418,3,2,0,10,09,3,,0,0,1,0,0
"POINT (9.736402940000062 52.442109291000065)",Unfall 3419 (2021) Kat:3, Licht: 0,3419,3,2,5,09,12,3,,0,0,1,0,1
"POINT (9.755969152000034 52.360510682000040)",Unfall 3420 (2021) Kat:3, Licht: 0,3420,3,2,5,09,15,5,,0,1,1,0,0
"POINT (9.778543122000031 52.339454263000050)",Unfall 3421 (2021) Kat:2, Licht: 0,3421,2,1,0,09,15,1,,0,0,0,0,0
"POINT (9.735545725000065 52.370391202000064)",Unfall 3422 (2021) Kat:3, Licht: 0,3422,3,5,1,10,16,6,,0,1,1,0,0
"POINT (9.734985261000077 52.405132452000032)",Unfall 3423 (2021) Kat:3, Licht: 0,3423,3,5,5,09,09,4,,0,0,1,0,0
"POINT (9.720743646000074 52.346599623000031)",Unfall 3424 (2021) Kat:3, Licht: 0,3424,3,3,0,10,13,7,,0,1,1,0,0
"POINT (9.738835437000034 52.363307483000028)",Unfall 3425 (2021) Kat:3, Licht: 0,3425,3,2,2,09,18,5,,0,0,0,0,1
"POINT (9.597254782000050 52.315746137000076)",Unfall 3426 (2021) Kat:3, Licht: 0,3426,3,5,1,09,07,4,,0,1,1,0,0
"POINT (9.589817985000025 52.426696984000046)",Unfall 3427 (2021) Kat:3, Licht: 0,3427,3,7,5,09,12,1,,0,0,1,0,0
"POINT (9.638514423000061 52.395285572000034)",Unfall 3428 (2021) Kat:3, Licht: 0,3428,3,3,6,09,07,3,,0,0,1,1,0
"POINT (9.739149450000070 52.404453381000053)",Unfall 3429 (2021) Kat:3, Licht: 0,3429,3,1,0,09,17,2,,0,0,0,0,0
"POINT (9.746130350000044 52.385376881000070)",Unfall 3430 (2021) Kat:2, Licht: 0,3430,2,5,0,09,16,3,,0,1,1,0,0
"POINT (9.757479246000059 52.341085602000078)",Unfall 3431 (2021) Kat:3, Licht: 0,3431,3,6,2,09,15,5,,0,0,1,0,0
"POINT (9.708741533000023 52.370609779000063)",Unfall 3432 (2021) Kat:3, Licht: 0,3432,3,3,5,10,14,4,,0,0,1,0,0
"POINT (9.690413535000062 52.447677092000049)",Unfall 3433 (2021) Kat:3, Licht: 0,3433,3,6,4,09,08,6,,0,0,0,0,0
"POINT (9.953607522000027 52.386155936000080)",Unfall 3434 (2021) Kat:3, Licht: 0,3434,3,4,6,09,18,5,,0,0,1,1,0
"POINT (9.739758960000074 52.432640182000057)",Unfall 3435 (2021) Kat:3, Licht: 0,3435,3,3,4,10,07,3,,0,1,1,0,0
"POINT (9.717045871000039 52.337279357000057)",Unfall 3436 (2021) Kat:3, Licht: 2,3436,3,2,4,09,20,1,,2,0,1,0,0
"POINT (9.828527958000052 52.361081229000035)",Unfall 3437 (2021) Kat:3, Licht: 0,3437,3,7,0,09,11,6,,0,1,1,0,0
"POINT (9.746062627000072 52.379734202000066)",Unfall 3438 (2021) Kat:3, Licht: 0,3438,3,7,0,09,10,2,,0,0,1,0,0
"POINT (9.732585957000026 52.393603208000059)",Unfall 3439 (2021) Kat:3, Licht: 0,3439,3,5,1,09,14,7,,0,1,1,0,0
"POINT (9.716606058000025 52.403203740000038)",Unfall 3440 (2021) Kat:3, Licht: 0,3440,3,3,5,10,13,2,,0,0,1,0,0
"POINT (9.606880937000028 52.435978799000054)",Unfall 3441 (2021) Kat:3, Licht: 0,3441,3,3,5,10,14,2,,0,0,1,0,0
"POINT (9.734897361000037 52.442425573000037)",Unfall 3442 (2021) Kat:3, Licht: 0,3442,3,3,5,09,13,6,,0,1,1,0,0
"POINT (9.775469611000062 52.363351493000039)",Unfall 3443 (2021) Kat:3, Licht: 0,3443,3,1,0,10,07,4,,0,1,0,0,0
"POINT (9.751089044000025 52.375550716000078)",Unfall 3444 (2021) Kat:3, Licht: 0,3444,3,6,0,09,14,1,,0,1,0,0,0
"POINT (9.698745392000035 52.438785016000054)",Unfall 3445 (2021) Kat:3, Licht: 0,3445,3,3,5,09,08,3,,0,0,1,0,0
"POINT (9.762236081000026 52.392747729000064)",Unfall 3446 (2021) Kat:3, Licht: 0,3446,3,4,6,09,15,4,,0,0,1,1,0
"POINT (9.749110035000058 52.390154637000080)",Unfall 3447 (2021) Kat:3, Licht: 0,3447,3,2,0,09,13,5,,0,1,0,0,0
"POINT (9.820682828000031 52.351175551000040)",Unfall 3448 (2021) Kat:3, Licht: 2,3448,3,7,8,09,23,3,,2,1,0,0,0
"POINT (9.754995223000037 52.367402324000068)",Unfall 3449 (2021) Kat:3, Licht: 0,3449,3,3,5,10,14,5,,0,0,1,0,0
"POINT (9.972566741000037 52.377068394000048)",Unfall 3450 (2021) Kat:3, Licht: 0,3450,3,6,3,10,12,7,,0,1,1,0,0
"POINT (9.603772732000039 52.419595952000066)",Unfall 3451 (2021) Kat:3, Licht: 0,3451,3,3,5,09,15,1,,0,0,1,0,0
"POINT (9.825364783000055 52.360743746000026)",Unfall 3452 (2021) Kat:3, Licht: 0,3452,3,4,6,10,10,2,,0,0,1,1,0
"POINT (9.773357284000042 52.417111154000054)",Unfall 3453 (2021) Kat:2, Licht: 0,3453,2,4,6,10,08,4,,0,0,0,1,0
"POINT (9.834516281000049 52.339683719000050)",Unfall 3454 (2021) Kat:3, Licht: 0,3454,3,3,5,09,13,1,,0,0,1,0,1
"POINT (9.671270618000051 52.399227207000081)",Unfall 3455 (2021) Kat:3, Licht: 0,3455,3,4,6,10,15,3,,0,1,0,1,0
"POINT (9.746955875000026 52.387736324000059)",Unfall 3456 (2021) Kat:3, Licht: 0,3456,3,5,1,09,11,6,,0,1,1,0,0
"POINT (9.718602246000046 52.380917597000064)",Unfall 3457 (2021) Kat:3, Licht: 0,3457,3,3,5,09,07,3,,0,0,1,0,0
"POINT (9.735056203000056 52.375277806000042)",Unfall 3458 (2021) Kat:3, Licht: 2,3458,3,1,0,09,19,3,,2,1,0,0,0
"POINT (9.749995577000050 52.363929702000064)",Unfall 3459 (2021) Kat:3, Licht: 0,3459,3,5,1,10,15,6,,0,1,1,0,0
"POINT (10.014153681000039 52.443880841000066)",Unfall 3460 (2021) Kat:2, Licht: 0,3460,2,3,5,09,08,6,,0,1,1,0,0
"POINT (9.790286755000068 52.408338998000033)",Unfall 3461 (2021) Kat:3, Licht: 0,3461,3,2,2,10,16,2,,0,1,0,0,0
"POINT (9.760390211000072 52.259518521000075)",Unfall 3462 (2021) Kat:3, Licht: 2,3462,3,5,1,09,19,6,,2,1,1,0,0
"POINT (9.728194587000075 52.368135921000032)",Unfall 3463 (2021) Kat:3, Licht: 0,3463,3,3,5,09,15,4,,0,1,1,0,0
"POINT (9.835188774000073 52.429408810000041)",Unfall 3464 (2021) Kat:3, Licht: 0,3464,3,3,5,09,15,5,,0,1,1,0,0
"POINT (9.725575260000028 52.386229131000050)",Unfall 3465 (2021) Kat:3, Licht: 0,3465,3,3,5,09,13,3,,0,0,1,0,0
"POINT (9.820775663000063 52.388307516000054)",Unfall 3466 (2021) Kat:3, Licht: 0,3466,3,2,5,09,16,5,,0,1,1,0,0
"POINT (9.733343885000068 52.375574615000062)",Unfall 3467 (2021) Kat:3, Licht: 2,3467,3,7,0,09,21,6,,2,1,0,0,0
"POINT (9.589718615000038 52.418816187000061)",Unfall 3468 (2021) Kat:3, Licht: 2,3468,3,3,5,09,05,3,,2,0,1,0,0
"POINT (9.729227910000077 52.390736868000033)",Unfall 3469 (2021) Kat:2, Licht: 1,3469,2,2,0,10,07,5,,1,1,1,0,0
"POINT (9.730401023000070 52.382195025000044)",Unfall 3470 (2021) Kat:3, Licht: 1,3470,3,3,5,09,19,5,,1,1,1,0,0
"POINT (9.685856704000059 52.396082815000057)",Unfall 3471 (2021) Kat:3, Licht: 2,3471,3,4,6,09,00,7,,2,1,0,1,0
"POINT (9.720002205000071 52.375110073000030)",Unfall 3472 (2021) Kat:3, Licht: 0,3472,3,3,5,09,18,6,,0,0,1,0,1
"POINT (9.458571071000051 52.504825139000047)",Unfall 3473 (2021) Kat:3, Licht: 0,3473,3,7,6,09,12,7,,0,1,0,1,0
"POINT (9.484803423000074 52.465413932000047)",Unfall 3474 (2021) Kat:3, Licht: 0,3474,3,5,2,10,12,6,,0,0,1,0,0
"POINT (9.736801569000022 52.306061472000067)",Unfall 3475 (2021) Kat:3, Licht: 0,3475,3,3,5,10,11,3,,0,0,1,0,0
"POINT (9.610922477000031 52.441068709000035)",Unfall 3476 (2021) Kat:3, Licht: 0,3476,3,7,0,09,13,3,,0,1,0,0,0
"POINT (9.745891589000053 52.478417965000062)",Unfall 3477 (2021) Kat:3, Licht: 1,3477,3,1,8,10,19,6,,1,0,1,0,0
"POINT (9.799701923000043 52.336071297000046)",Unfall 3478 (2021) Kat:3, Licht: 0,3478,3,1,0,09,15,7,,0,1,0,0,0
"POINT (9.857085388000030 52.367080123000051)",Unfall 3479 (2021) Kat:3, Licht: 1,3479,3,1,4,09,19,4,,1,0,1,0,0
"POINT (9.821884120000050 52.410292653000056)",Unfall 3480 (2021) Kat:2, Licht: 0,3480,2,3,5,10,08,4,,0,1,1,0,0
"POINT (9.626545691000047 52.316941711000027)",Unfall 3481 (2021) Kat:2, Licht: 0,3481,2,1,8,09,17,1,,0,1,0,0,0
"POINT (9.653603854000039 52.411931890000062)",Unfall 3482 (2021) Kat:3, Licht: 0,3482,3,1,0,09,08,6,,0,1,0,0,0
"POINT (9.807300574000067 52.372353881000038)",Unfall 3483 (2021) Kat:3, Licht: 0,3483,3,1,0,09,12,4,,0,1,0,0,0
"POINT (10.120291770000051 52.361089927000080)",Unfall 3484 (2021) Kat:3, Licht: 0,3484,3,6,3,09,16,1,,0,0,1,0,0
"POINT (9.707019796000054 52.370152968000070)",Unfall 3485 (2021) Kat:2, Licht: 0,3485,2,3,5,09,11,2,,0,1,0,0,0
"POINT (9.958242655000049 52.365215768000041)",Unfall 3486 (2021) Kat:3, Licht: 0,3486,3,3,5,10,07,6,,0,0,1,0,1
"POINT (9.709969543000057 52.367268364000040)",Unfall 3487 (2021) Kat:2, Licht: 0,3487,2,1,0,09,17,1,,0,1,0,0,0
"POINT (9.744329966000066 52.392732743000067)",Unfall 3488 (2021) Kat:3, Licht: 0,3488,3,1,0,09,14,7,,0,1,0,0,0
"POINT (9.768423180000070 52.396641770000031)",Unfall 3489 (2021) Kat:3, Licht: 0,3489,3,1,0,09,15,2,,0,0,0,0,0
"POINT (9.712651093000034 52.372546720000059)",Unfall 3490 (2021) Kat:3, Licht: 0,3490,3,6,0,09,15,3,,0,1,1,0,0
"POINT (9.732860944000038 52.376727554000070)",Unfall 3491 (2021) Kat:3, Licht: 0,3491,3,2,5,09,15,4,,0,1,1,0,0
"POINT (9.728325351000024 52.425768298000037)",Unfall 3492 (2021) Kat:3, Licht: 0,3492,3,5,1,10,18,6,,0,0,1,0,1
"POINT (9.454813721000050 52.499548415000049)",Unfall 3493 (2021) Kat:3, Licht: 2,3493,3,7,9,10,20,4,,2,0,0,0,0
"POINT (9.747703935000061 52.395260371000063)",Unfall 3494 (2021) Kat:3, Licht: 0,3494,3,2,5,09,15,7,,0,1,1,0,0
"POINT (9.721190599000067 52.397568075000038)",Unfall 3495 (2021) Kat:3, Licht: 2,3495,3,6,2,09,20,1,,2,1,1,0,0
"POINT (9.732715837000057 52.379250361000061)",Unfall 3496 (2021) Kat:3, Licht: 0,3496,3,3,0,09,12,5,,0,1,1,0,0
"POINT (9.592815820000055 52.421945805000064)",Unfall 3497 (2021) Kat:3, Licht: 0,3497,3,7,0,10,07,6,,0,1,1,0,0
"POINT (9.732232900000042 52.375400006000064)",Unfall 3498 (2021) Kat:3, Licht: 0,3498,3,1,0,10,13,3,,0,1,0,0,0
"POINT (9.414296605000061 52.328880444000049)",Unfall 3499 (2021) Kat:3, Licht: 0,3499,3,5,1,09,11,3,,0,0,1,0,1
"POINT (9.851733016000026 52.495008598000027)",Unfall 3500 (2021) Kat:3, Licht: 0,3500,3,2,6,09,14,2,,0,0,1,1,0
"POINT (9.671199777000027 52.402651442000035)",Unfall 3501 (2021) Kat:3, Licht: 0,3501,3,3,5,09,10,2,,0,1,1,0,0
"POINT (9.747653677000073 52.392699999000058)",Unfall 3502 (2021) Kat:3, Licht: 0,3502,3,5,1,09,11,4,,0,1,1,0,0
"POINT (10.014452873000039 52.420392770000035)",Unfall 3503 (2021) Kat:2, Licht: 2,3503,2,1,0,09,20,5,,2,0,0,0,1
"POINT (9.676699367000026 52.396404460000042)",Unfall 3504 (2021) Kat:2, Licht: 0,3504,2,7,0,09,15,5,,0,1,0,0,0
"POINT (9.472986134000053 52.301274141000079)",Unfall 3505 (2021) Kat:3, Licht: 0,3505,3,6,6,09,13,7,,0,0,0,1,0
"POINT (9.730745594000041 52.374921703000041)",Unfall 3506 (2021) Kat:3, Licht: 0,3506,3,2,5,10,18,6,,0,0,1,0,0
"POINT (9.495051476000071 52.285463790000051)",Unfall 3507 (2021) Kat:2, Licht: 0,3507,2,1,0,09,17,6,,0,1,0,0,0
"POINT (9.731767074000061 52.344769537000047)",Unfall 3508 (2021) Kat:3, Licht: 0,3508,3,1,0,09,15,5,,0,1,0,0,0
"POINT (9.680740940000021 52.416057792000061)",Unfall 3509 (2021) Kat:3, Licht: 0,3509,3,3,5,10,17,4,,0,1,1,0,0
"POINT (10.007624366000073 52.446587673000067)",Unfall 3510 (2021) Kat:3, Licht: 0,3510,3,2,5,09,11,3,,0,1,1,0,0
"POINT (9.716193886000042 52.372565283000029)",Unfall 3511 (2021) Kat:3, Licht: 2,3511,3,1,0,09,22,6,,2,1,0,0,0
"POINT (9.635143498000048 52.416365769000038)",Unfall 3512 (2021) Kat:3, Licht: 2,3512,3,2,4,09,05,6,,2,0,1,0,0
"POINT (9.588923191000049 52.418074636000028)",Unfall 3513 (2021) Kat:3, Licht: 0,3513,3,7,0,09,14,5,,0,1,0,0,0
"POINT (9.730567673000053 52.378510380000080)",Unfall 3514 (2021) Kat:3, Licht: 0,3514,3,7,0,09,12,5,,0,1,0,0,0
"POINT (9.719132977000072 52.317555966000043)",Unfall 3515 (2021) Kat:3, Licht: 0,3515,3,5,1,10,11,7,,0,0,1,0,1
"POINT (9.735564265000050 52.372335977000034)",Unfall 3516 (2021) Kat:3, Licht: 0,3516,3,3,5,09,08,3,,0,1,0,0,0
"POINT (9.487119642000039 52.304574344000059)",Unfall 3517 (2021) Kat:3, Licht: 0,3517,3,3,5,09,17,2,,0,0,1,0,0
"POINT (9.745137169000031 52.384707002000027)",Unfall 3518 (2021) Kat:3, Licht: 0,3518,3,1,0,09,10,5,,0,1,0,0,0
"POINT (9.729955621000045 52.378415625000059)",Unfall 3519 (2021) Kat:3, Licht: 0,3519,3,3,5,09,13,6,,0,1,1,0,0
"POINT (9.701132563000044 52.366421207000030)",Unfall 3520 (2021) Kat:3, Licht: 0,3520,3,1,0,10,11,1,,0,1,0,0,0
"POINT (9.724352571000054 52.373015623000072)",Unfall 3521 (2021) Kat:3, Licht: 0,3521,3,5,1,09,14,1,,0,1,1,0,0
"POINT (9.753011814000047 52.377749414000050)",Unfall 3522 (2021) Kat:3, Licht: 0,3522,3,5,1,10,14,6,,0,1,1,0,0
"POINT (9.714070849000052 52.383758444000080)",Unfall 3523 (2021) Kat:3, Licht: 2,3523,3,5,1,09,22,3,,2,0,1,0,0
"POINT (9.723396719000050 52.387243947000059)",Unfall 3524 (2021) Kat:3, Licht: 1,3524,3,2,2,09,19,3,,1,1,1,0,0
"POINT (9.737729101000070 52.374689499000056)",Unfall 3525 (2021) Kat:3, Licht: 0,3525,3,7,6,09,17,2,,0,1,0,1,0
"POINT (9.754259057000070 52.355435336000028)",Unfall 3526 (2021) Kat:3, Licht: 0,3526,3,2,4,10,16,2,,0,1,1,0,0
"POINT (9.715639112000076 52.372277022000048)",Unfall 3527 (2021) Kat:3, Licht: 2,3527,3,7,0,09,00,1,,2,1,0,0,0
"POINT (9.732494290000034 52.445526786000073)",Unfall 3528 (2021) Kat:3, Licht: 0,3528,3,5,0,09,15,3,,0,0,1,0,1
"POINT (9.746611238000071 52.375282887000026)",Unfall 3529 (2021) Kat:3, Licht: 0,3529,3,5,2,09,17,5,,0,0,1,0,0
"POINT (9.708221734000062 52.367148731000043)",Unfall 3530 (2021) Kat:3, Licht: 2,3530,3,7,0,10,20,3,,2,1,1,0,0
"POINT (9.733672983000076 52.432254139000065)",Unfall 3531 (2021) Kat:3, Licht: 0,3531,3,1,0,09,10,2,,0,0,1,0,0
"POINT (9.462396062000039 52.467547914000079)",Unfall 3532 (2021) Kat:3, Licht: 0,3532,3,3,5,09,07,4,,0,0,0,0,1
"POINT (9.558617936000076 52.209782074000032)",Unfall 3533 (2021) Kat:2, Licht: 0,3533,2,2,6,09,13,6,,0,0,1,1,0
"POINT (9.666304717000060 52.447858932000031)",Unfall 3534 (2021) Kat:3, Licht: 0,3534,3,5,1,09,17,3,,0,1,1,0,0
"POINT (9.702723930000047 52.339935326000045)",Unfall 3535 (2021) Kat:3, Licht: 0,3535,3,1,0,09,11,4,,0,1,0,0,0
"POINT (9.684516916000064 52.393329770000037)",Unfall 3536 (2021) Kat:3, Licht: 2,3536,3,3,0,09,05,2,,2,1,0,0,0
"POINT (9.702004669000075 52.366561642000079)",Unfall 3537 (2021) Kat:2, Licht: 0,3537,2,6,4,09,18,5,,0,1,0,0,0
"POINT (10.210541848000048 52.463005784000075)",Unfall 3538 (2021) Kat:3, Licht: 0,3538,3,3,5,09,15,6,,0,0,1,0,0
"POINT (9.760497061000024 52.358991142000036)",Unfall 3539 (2021) Kat:3, Licht: 0,3539,3,4,6,10,17,2,,0,1,0,1,0
"POINT (9.662955233000048 52.402770560000079)",Unfall 3540 (2021) Kat:2, Licht: 1,3540,2,1,0,09,19,6,,1,0,0,0,0
"POINT (9.979844820000039 52.378433568000048)",Unfall 3541 (2021) Kat:3, Licht: 0,3541,3,1,0,09,17,4,,0,0,0,0,1
"POINT (9.773420376000047 52.410339349000026)",Unfall 3542 (2021) Kat:3, Licht: 0,3542,3,2,5,10,16,6,,0,0,1,0,0
"POINT (9.753950540000062 52.395512643000075)",Unfall 3543 (2021) Kat:3, Licht: 0,3543,3,2,2,10,09,6,,0,0,1,0,0
"POINT (9.714464520000035 52.366006803000062)",Unfall 3544 (2021) Kat:3, Licht: 0,3544,3,1,0,09,10,4,,0,0,0,0,0
"POINT (9.745657660000063 52.378734810000026)",Unfall 3545 (2021) Kat:3, Licht: 2,3545,3,2,4,10,21,2,,2,1,1,0,0
"POINT (9.845367839000062 52.390215248000061)",Unfall 3546 (2021) Kat:3, Licht: 0,3546,3,7,2,10,14,6,,0,1,1,0,0
"POINT (9.735703591000060 52.376811111000052)",Unfall 3547 (2021) Kat:3, Licht: 2,3547,3,1,0,09,03,7,,2,0,0,0,0
"POINT (9.775149558000066 52.363700830000028)",Unfall 3548 (2021) Kat:3, Licht: 0,3548,3,2,5,09,12,3,,0,1,1,0,0
"POINT (9.735063131000061 52.376631880000048)",Unfall 3549 (2021) Kat:3, Licht: 0,3549,3,2,5,09,18,5,,0,1,1,0,0
"POINT (9.861801747000072 52.389810587000056)",Unfall 3550 (2021) Kat:3, Licht: 0,3550,3,1,0,09,17,7,,0,0,0,0,0
"POINT (9.762756636000063 52.410252059000072)",Unfall 3551 (2021) Kat:3, Licht: 0,3551,3,2,5,09,14,1,,0,0,1,0,1
"POINT (9.731509767000034 52.372887698000056)",Unfall 3552 (2021) Kat:3, Licht: 2,3552,3,6,4,09,19,5,,2,1,1,0,0
"POINT (9.676900264000039 52.396316804000037)",Unfall 3553 (2021) Kat:3, Licht: 2,3553,3,7,6,09,00,6,,2,0,1,1,0
"POINT (9.752518192000025 52.362873111000056)",Unfall 3554 (2021) Kat:2, Licht: 0,3554,2,3,5,09,14,2,,0,1,1,0,0
"POINT (10.202727702000061 52.464041983000072)",Unfall 3555 (2021) Kat:3, Licht: 0,3555,3,3,5,10,10,6,,0,1,1,0,0
"POINT (9.693333287000030 52.392356500000062)",Unfall 3556 (2021) Kat:3, Licht: 0,3556,3,3,5,09,09,5,,0,1,1,0,0
"POINT (9.750830689000054 52.375425318000055)",Unfall 3557 (2021) Kat:3, Licht: 1,3557,3,2,2,10,18,6,,1,0,1,0,0
"POINT (9.418383225000071 52.445774058000040)",Unfall 3558 (2021) Kat:3, Licht: 0,3558,3,7,6,09,08,2,,0,0,1,1,0
"POINT (9.716025352000031 52.378319681000050)",Unfall 3559 (2021) Kat:2, Licht: 2,3559,2,1,9,09,20,5,,2,1,0,0,0
"POINT (9.765849945000070 52.382610764000049)",Unfall 3560 (2021) Kat:3, Licht: 0,3560,3,3,5,09,17,4,,0,1,0,0,0
"POINT (9.756627409000032 52.340734202000078)",Unfall 3561 (2021) Kat:3, Licht: 0,3561,3,2,5,10,07,5,,0,1,0,0,0
"POINT (9.724600637000037 52.318619998000031)",Unfall 3562 (2021) Kat:3, Licht: 2,3562,3,3,5,09,00,1,,2,0,1,0,0
"POINT (9.746646935000058 52.373880666000048)",Unfall 3563 (2021) Kat:3, Licht: 1,3563,3,6,3,09,18,6,,1,1,1,0,0
"POINT (9.724878457000045 52.339360879000026)",Unfall 3564 (2021) Kat:3, Licht: 0,3564,3,5,1,09,09,4,,0,1,1,0,0
"POINT (9.748079978000021 52.395219805000067)",Unfall 3565 (2021) Kat:3, Licht: 2,3565,3,6,2,10,20,3,,2,0,1,0,0
"POINT (9.708290232000024 52.365058786000077)",Unfall 3566 (2021) Kat:3, Licht: 0,3566,3,7,6,09,13,6,,0,0,0,1,0
"POINT (9.690261870000029 52.418352887000026)",Unfall 3567 (2021) Kat:3, Licht: 0,3567,3,2,5,10,14,6,,0,1,1,0,0
"POINT (9.814186830000040 52.331771690000039)",Unfall 3568 (2021) Kat:3, Licht: 1,3568,3,1,0,09,19,7,,1,1,0,0,0
"POINT (9.761783199000035 52.341992243000050)",Unfall 3569 (2021) Kat:3, Licht: 0,3569,3,3,5,09,13,4,,0,1,1,0,0
"POINT (9.854147769000065 52.391092973000070)",Unfall 3570 (2021) Kat:3, Licht: 0,3570,3,4,6,10,12,6,,0,0,1,1,0
"POINT (9.772013936000064 52.364919316000055)",Unfall 3571 (2021) Kat:3, Licht: 0,3571,3,1,0,09,08,2,,0,0,0,0,1
"POINT (9.700847612000075 52.366373896000027)",Unfall 3572 (2021) Kat:2, Licht: 0,3572,2,4,6,09,16,4,,0,0,0,1,0
"POINT (9.725587372000064 52.375832564000063)",Unfall 3573 (2021) Kat:3, Licht: 0,3573,3,3,5,10,11,5,,0,1,1,0,0
"POINT (9.704376895000053 52.344122015000039)",Unfall 3574 (2021) Kat:3, Licht: 0,3574,3,6,4,09,15,4,,0,0,1,0,1
"POINT (9.739748500000076 52.453717160000053)",Unfall 3575 (2021) Kat:3, Licht: 0,3575,3,7,1,10,13,2,,0,0,1,0,0
"POINT (9.790302225000062 52.395873856000037)",Unfall 3576 (2021) Kat:3, Licht: 0,3576,3,1,0,09,14,5,,0,1,1,0,0
"POINT (9.739406267000049 52.376794538000070)",Unfall 3577 (2021) Kat:3, Licht: 2,3577,3,1,0,10,02,4,,2,0,0,0,0