WKT,Name,OBJECTID,UKATEGORIE,UTYP1,UART,UMONAT,USTUNDE,UWOCHENTAG,STRZUSTAND,ULICHTVERH,ISTRAD,ISTPKW,ISTFUSS,ISTKRAD
"POINT (9.754581445000042 52.522327552000036)",Unfall 3578 (2021) Kat:2, Licht: 0,3578,2,3,5,10,11,6,,0,1,1,0,0
"POINT (9.733881565000047 52.456865460000074)",Unfall 3579 (2021) Kat:3, Licht: 0,3579,3,3,5,10,16,6,,0,1,1,0,0
"POINT (9.721548188000043 52.379379264000079)",Unfall 3580 (2021) Kat:3, Licht: 0,3580,3,7,1,10,14,2,,0,1,1,0,0
"POINT (9.717534756000020 52.351578035000045)",Unfall 3581 (2021) Kat:3, Licht: 0,3581,3,3,5,11,15,4,,0,0,1,0,0
"POINT (9.610266625000065 52.415787516000080)",Unfall 3582 (2021) Kat:3, Licht: 0,3582,3,6,2,10,14,3,,0,0,1,0,0
"POINT (9.707855134000056 52.367886042000066)",Unfall 3583 (2021) Kat:3, Licht: 2,3583,3,5,1,11,19,3,,2,1,1,0,0
"POINT (9.746196922000024 52.375298780000037)",Unfall 3584 (2021) Kat:2, Licht: 2,3584,2,1,0,10,02,1,,2,0,0,0,0
"POINT (9.544695299000068 52.213250672000072)",Unfall 3585 (2021) Kat:3, Licht: 0,3585,3,6,4,11,13,4,,0,1,1,0,0
"POINT (9.730194169000072 52.435636888000033)",Unfall 3586 (2021) Kat:2, Licht: 2,3586,2,5,1,10,03,1,,2,0,1,0,0
"POINT (9.733721119000052 52.399725883000031)",Unfall 3587 (2021) Kat:3, Licht: 1,3587,3,3,5,10,07,2,,1,1,1,0,0
"POINT (9.741142566000065 52.378037924000068)",Unfall 3588 (2021) Kat:3, Licht: 0,3588,3,4,0,10,15,2,,0,1,0,1,0
"POINT (9.672768270000063 52.355990821000034)",Unfall 3589 (2021) Kat:3, Licht: 0,3589,3,7,0,10,09,5,,0,1,0,0,0
"POINT (9.726956680000058 52.375795766000067)",Unfall 3590 (2021) Kat:3, Licht: 0,3590,3,3,5,10,12,6,,0,1,1,0,0
"POINT (9.816471292000074 52.291429489000052)",Unfall 3591 (2021) Kat:3, Licht: 0,3591,3,7,0,10,09,2,,0,1,0,0,0
"POINT (9.742427621000047 52.358737721000068)",Unfall 3592 (2021) Kat:3, Licht: 0,3592,3,3,5,11,09,5,,0,0,1,0,0
"POINT (9.814767978000077 52.307781148000061)",Unfall 3593 (2021) Kat:3, Licht: 0,3593,3,3,5,11,14,4,,0,1,1,0,0
"POINT (9.655195378000030 52.317864155000052)",Unfall 3594 (2021) Kat:3, Licht: 2,3594,3,6,6,10,18,3,,2,0,1,1,0
"POINT (9.699915212000064 52.391575287000080)",Unfall 3595 (2021) Kat:3, Licht: 0,3595,3,4,6,11,10,4,,0,0,1,1,0
"POINT (9.756112999000038 52.352935003000027)",Unfall 3596 (2021) Kat:3, Licht: 0,3596,3,7,0,10,12,7,,0,1,0,0,0
"POINT (9.820838742000035 52.283858115000044)",Unfall 3597 (2021) Kat:3, Licht: 0,3597,3,7,0,10,17,2,,0,1,0,0,0
"POINT (9.716168501000027 52.388213809000035)",Unfall 3598 (2021) Kat:3, Licht: 0,3598,3,7,0,10,11,4,,0,1,1,0,0
"POINT (9.721674583000038 52.378960171000074)",Unfall 3599 (2021) Kat:3, Licht: 0,3599,3,6,2,10,13,6,,0,0,1,0,0
"POINT (9.736250547000054 52.383995829000071)",Unfall 3600 (2021) Kat:3, Licht: 0,3600,3,4,6,10,17,7,,0,1,0,1,0
"POINT (9.718772751000074 52.365386110000031)",Unfall 3601 (2021) Kat:2, Licht: 2,3601,2,7,0,10,03,5,,2,1,0,0,0
"POINT (9.685589661000051 52.411062372000060)",Unfall 3602 (2021) Kat:3, Licht: 0,3602,3,4,6,10,17,3,,0,0,1,1,0
"POINT (9.303858807000040 52.490674178000063)",Unfall 3603 (2021) Kat:2, Licht: 0,3603,2,3,5,11,13,3,,0,1,1,0,0
"POINT (9.444800173000033 52.418562864000080)",Unfall 3604 (2021) Kat:3, Licht: 0,3604,3,7,9,11,08,2,,0,0,0,1,0
"POINT (10.000711026000033 52.445704412000055)",Unfall 3605 (2021) Kat:3, Licht: 1,3605,3,6,2,11,16,2,,1,0,1,0,0
"POINT (9.774360206000040 52.363855515000068)",Unfall 3606 (2021) Kat:3, Licht: 0,3606,3,6,2,10,08,5,,0,0,1,0,0
"POINT (9.742077361000042 52.369025002000058)",Unfall 3607 (2021) Kat:3, Licht: 2,3607,3,1,0,11,04,7,,2,0,0,0,0
"POINT (9.710495522000031 52.341982311000038)",Unfall 3608 (2021) Kat:3, Licht: 0,3608,3,4,6,10,15,5,,0,0,0,1,0
"POINT (9.711223348000033 52.372177913000030)",Unfall 3609 (2021) Kat:2, Licht: 1,3609,2,1,0,11,07,7,,1,1,0,0,0
"POINT (9.734992990000023 52.380369434000045)",Unfall 3610 (2021) Kat:3, Licht: 0,3610,3,2,2,11,12,6,,0,1,1,0,0
"POINT (9.716146278000053 52.362312218000056)",Unfall 3611 (2021) Kat:3, Licht: 1,3611,3,2,6,10,17,1,,1,0,1,1,0
"POINT (9.655249977000040 52.339739548000068)",Unfall 3612 (2021) Kat:3, Licht: 2,3612,3,6,8,10,19,4,,2,0,1,0,0
"POINT (9.765994414000033 52.337307200000055)",Unfall 3613 (2021) Kat:3, Licht: 0,3613,3,7,0,10,16,6,,0,1,0,0,0
"POINT (9.857045431000074 52.366871736000064)",Unfall 3614 (2021) Kat:3, Licht: 0,3614,3,1,8,10,16,2,,0,0,1,0,0
"POINT (9.719302458000072 52.374488143000065)",Unfall 3615 (2021) Kat:3, Licht: 0,3615,3,3,5,11,07,4,,0,1,1,0,0
"POINT (9.978966293000042 52.376789820000056)",Unfall 3616 (2021) Kat:3, Licht: 0,3616,3,3,5,10,11,2,,0,1,1,0,0
"POINT (9.592828890000021 52.424758298000029)",Unfall 3617 (2021) Kat:3, Licht: 0,3617,3,2,5,11,11,6,,0,1,1,0,0
"POINT (9.741727724000043 52.398598960000072)",Unfall 3618 (2021) Kat:3, Licht: 0,3618,3,3,0,11,09,6,,0,1,0,0,0
"POINT (9.800935473000038 52.352554951000059)",Unfall 3619 (2021) Kat:3, Licht: 0,3619,3,1,0,10,08,4,,0,1,0,0,0
"POINT (9.459885643000064 52.397373130000062)",Unfall 3620 (2021) Kat:3, Licht: 0,3620,3,7,9,10,11,6,,0,0,1,0,0
"POINT (9.848273955000025 52.494606382000029)",Unfall 3621 (2021) Kat:3, Licht: 2,3621,3,3,5,11,05,3,,2,0,1,0,0
"POINT (9.663193271000068 52.317399426000065)",Unfall 3622 (2021) Kat:3, Licht: 0,3622,3,7,6,10,09,2,,0,0,1,1,0
"POINT (9.831829254000070 52.424168239000039)",Unfall 3623 (2021) Kat:3, Licht: 0,3623,3,3,5,10,12,4,,0,1,1,0,0
"POINT (9.773884553000073 52.400750610000046)",Unfall 3624 (2021) Kat:3, Licht: 0,3624,3,3,5,11,11,2,,0,0,1,0,0
"POINT (9.706019688000026 52.390463023000052)",Unfall 3625 (2021) Kat:3, Licht: 0,3625,3,4,6,10,10,2,,0,0,1,1,0
"POINT (9.723955098000033 52.437362955000026)",Unfall 3626 (2021) Kat:3, Licht: 0,3626,3,7,1,11,16,2,,0,0,1,0,0
"POINT (9.737381521000032 52.371971875000042)",Unfall 3627 (2021) Kat:3, Licht: 1,3627,3,5,1,10,18,4,,1,0,1,0,0
"POINT (9.821174523000025 52.418703158000028)",Unfall 3628 (2021) Kat:3, Licht: 0,3628,3,3,5,11,16,3,,0,1,1,0,0
"POINT (9.773366569000075 52.400402079000060)",Unfall 3629 (2021) Kat:3, Licht: 0,3629,3,3,5,11,13,3,,0,1,1,0,0
"POINT (9.726715360000071 52.384022995000066)",Unfall 3630 (2021) Kat:3, Licht: 2,3630,3,3,5,11,19,4,,2,0,1,0,0
"POINT (9.791786864000073 52.403170782000075)",Unfall 3631 (2021) Kat:3, Licht: 0,3631,3,2,3,10,16,3,,0,1,1,0,0
"POINT (9.728374476000056 52.377883522000047)",Unfall 3632 (2021) Kat:3, Licht: 2,3632,3,2,5,10,19,7,,2,0,1,0,0
"POINT (9.758924073000060 52.366541174000076)",Unfall 3633 (2021) Kat:3, Licht: 0,3633,3,3,0,10,08,6,,0,1,1,0,0
"POINT (9.841450437000049 52.421040245000029)",Unfall 3634 (2021) Kat:3, Licht: 0,3634,3,4,0,11,14,5,,0,0,1,1,0
"POINT (9.742165240000077 52.438600000000065)",Unfall 3635 (2021) Kat:3, Licht: 0,3635,3,3,5,10,09,2,,0,1,1,0,0
"POINT (9.743008319000069 52.396659943000031)",Unfall 3636 (2021) Kat:2, Licht: 2,3636,2,3,5,10,00,7,,2,1,1,0,0
"POINT (9.850952618000065 52.412779578000027)",Unfall 3637 (2021) Kat:3, Licht: 1,3637,3,1,9,10,06,2,,1,0,1,0,0
"POINT (9.781567536000068 52.420019009000043)",Unfall 3638 (2021) Kat:3, Licht: 0,3638,3,3,5,11,08,6,,0,0,1,0,0
"POINT (9.647805310000024 52.370124646000079)",Unfall 3639 (2021) Kat:3, Licht: 2,3639,3,3,5,10,19,2,,2,1,1,0,0
"POINT (9.740990687000021 52.366172164000034)",Unfall 3640 (2021) Kat:3, Licht: 2,3640,3,7,0,11,19,5,,2,0,0,0,0
"POINT (9.678181723000023 52.395676554000033)",Unfall 3641 (2021) Kat:3, Licht: 0,3641,3,2,5,11,10,4,,0,0,1,0,0
"POINT (9.733686446000036 52.379654246000030)",Unfall 3642 (2021) Kat:3, Licht: 2,3642,3,2,5,10,00,7,,2,0,1,0,0
"POINT (9.739685455000028 52.383250095000051)",Unfall 3643 (2021) Kat:3, Licht: 0,3643,3,5,1,10,15,3,,0,0,1,0,0
"POINT (9.730526491000035 52.391260925000040)",Unfall 3644 (2021) Kat:3, Licht: 0,3644,3,2,5,11,15,6,,0,0,1,0,0
"POINT (9.722981854000068 52.372599332000050)",Unfall 3645 (2021) Kat:3, Licht: 0,3645,3,5,3,10,10,6,,0,1,1,0,0
"POINT (9.817151277000050 52.355456562000029)",Unfall 3646 (2021) Kat:3, Licht: 2,3646,3,7,1,10,04,6,,2,1,0,0,0
"POINT (9.725375916000075 52.380387996000081)",Unfall 3647 (2021) Kat:3, Licht: 0,3647,3,6,2,11,10,6,,0,0,1,0,1
"POINT (9.458150626000076 52.507704791000037)",Unfall 3648 (2021) Kat:3, Licht: 0,3648,3,3,5,10,16,6,,0,1,1,0,0
"POINT (9.744895939000060 52.324886478000053)",Unfall 3649 (2021) Kat:3, Licht: 1,3649,3,3,5,10,07,3,,1,1,1,0,0
"POINT (9.755127126000048 52.344513250000034)",Unfall 3650 (2021) Kat:3, Licht: 2,3650,3,7,0,10,03,1,,2,1,0,0,0
"POINT (9.472860853000043 52.427192877000039)",Unfall 3651 (2021) Kat:3, Licht: 0,3651,3,4,6,11,08,3,,0,1,0,1,0
"POINT (9.744846583000026 52.372506519000069)",Unfall 3652 (2021) Kat:3, Licht: 0,3652,3,2,5,10,13,4,,0,1,1,0,0
"POINT (9.781265305000034 52.406608059000064)",Unfall 3653 (2021) Kat:3, Licht: 0,3653,3,7,6,11,13,3,,0,0,0,1,0
"POINT (10.099969156000043 52.385431926000081)",Unfall 3654 (2021) Kat:2, Licht: 0,3654,2,1,0,10,14,6,,0,1,0,0,0
"POINT (9.733810386000073 52.384690844000033)",Unfall 3655 (2021) Kat:3, Licht: 2,3655,3,6,2,11,17,1,,2,0,1,0,0
"POINT (9.737089829000070 52.375996527000041)",Unfall 3656 (2021) Kat:3, Licht: 0,3656,3,2,5,10,15,6,,0,1,1,0,0
"POINT (9.708196402000056 52.367179988000032)",Unfall 3657 (2021) Kat:3, Licht: 0,3657,3,3,5,10,09,2,,0,0,0,0,1
"POINT (9.742708434000065 52.439712142000076)",Unfall 3658 (2021) Kat:3, Licht: 0,3658,3,1,0,10,08,3,,0,0,0,0,0
"POINT (9.750587417000077 52.375561260000040)",Unfall 3659 (2021) Kat:3, Licht: 2,3659,3,6,2,11,23,7,,2,0,1,0,1
"POINT (9.553334175000032 52.212007576000076)",Unfall 3660 (2021) Kat:3, Licht: 0,3660,3,3,5,11,07,3,,0,1,1,0,0
"POINT (9.736014021000074 52.385717782000029)",Unfall 3661 (2021) Kat:3, Licht: 0,3661,3,3,5,10,12,3,,0,1,1,0,0
"POINT (9.810503193000045 52.354808827000056)",Unfall 3662 (2021) Kat:3, Licht: 0,3662,3,1,0,11,11,6,,0,1,0,0,0
"POINT (9.772863973000028 52.361326840000061)",Unfall 3663 (2021) Kat:3, Licht: 0,3663,3,6,2,10,15,1,,0,0,1,0,0
"POINT (9.754187320000028 52.410280333000060)",Unfall 3664 (2021) Kat:3, Licht: 2,3664,3,3,5,11,15,5,,2,0,1,0,0
"POINT (9.729695739000022 52.355514907000043)",Unfall 3665 (2021) Kat:3, Licht: 2,3665,3,3,5,11,20,2,,2,1,1,0,0
"POINT (9.819445961000042 52.429410705000066)",Unfall 3666 (2021) Kat:3, Licht: 0,3666,3,3,5,10,16,2,,0,0,1,0,0
"POINT (9.730723298000044 52.337761988000068)",Unfall 3667 (2021) Kat:3, Licht: 0,3667,3,7,0,10,17,2,,0,1,0,0,0
"POINT (9.714271852000024 52.343711791000032)",Unfall 3668 (2021) Kat:3, Licht: 0,3668,3,7,0,11,11,2,,0,1,0,0,0
"POINT (9.821166114000050 52.283467790000032)",Unfall 3669 (2021) Kat:3, Licht: 0,3669,3,7,0,10,14,7,,0,1,0,0,0
"POINT (9.833736908000049 52.275680429000033)",Unfall 3670 (2021) Kat:3, Licht: 2,3670,3,1,0,10,18,7,,2,0,0,0,1
"POINT (9.857081493000067 52.366785200000038)",Unfall 3671 (2021) Kat:3, Licht: 0,3671,3,4,6,11,13,5,,0,0,1,1,0
"POINT (9.711093211000048 52.431728547000034)",Unfall 3672 (2021) Kat:3, Licht: 0,3672,3,1,0,10,12,7,,0,0,0,0,1
"POINT (9.663736611000047 52.383879274000037)",Unfall 3673 (2021) Kat:3, Licht: 0,3673,3,7,0,10,16,4,,0,1,0,0,0
"POINT (9.749802930000044 52.366794557000048)",Unfall 3674 (2021) Kat:3, Licht: 2,3674,3,1,0,11,00,7,,2,0,0,0,0
"POINT (9.458169624000050 52.503222468000047)",Unfall 3675 (2021) Kat:2, Licht: 0,3675,2,7,0,11,11,3,,0,1,0,0,0
"POINT (9.748699642000076 52.396831029000055)",Unfall 3676 (2021) Kat:3, Licht: 0,3676,3,6,4,10,17,7,,0,1,0,0,0
"POINT (9.765231525000047 52.342765482000061)",Unfall 3677 (2021) Kat:3, Licht: 2,3677,3,2,5,11,23,5,,2,1,1,0,0
"POINT (9.734865256000035 52.380266186000028)",Unfall 3678 (2021) Kat:3, Licht: 0,3678,3,3,5,11,15,2,,0,0,1,0,0
"POINT (9.737575347000075 52.388115610000057)",Unfall 3679 (2021) Kat:3, Licht: 0,3679,3,5,1,11,13,4,,0,1,1,0,0
"POINT (9.602434742000071 52.421208249000074)",Unfall 3680 (2021) Kat:2, Licht: 0,3680,2,4,6,11,14,6,,0,0,1,1,0
"POINT (9.460792097000024 52.500760134000075)",Unfall 3681 (2021) Kat:3, Licht: 0,3681,3,7,0,10,10,1,,0,1,0,0,0
"POINT (9.763909927000043 52.397265183000059)",Unfall 3682 (2021) Kat:3, Licht: 0,3682,3,3,5,11,15,4,,0,0,1,0,0
"POINT (9.494151359000057 52.420590857000036)",Unfall 3683 (2021) Kat:3, Licht: 1,3683,3,6,2,10,07,3,,1,0,1,0,0
"POINT (9.760413670000048 52.369532846000027)",Unfall 3684 (2021) Kat:3, Licht: 0,3684,3,4,6,10,17,7,,0,1,0,1,0
"POINT (9.854273589000059 52.391410696000037)",Unfall 3685 (2021) Kat:3, Licht: 0,3685,3,6,4,11,07,4,,0,1,0,1,0
"POINT (9.762958354000034 52.356821254000067)",Unfall 3686 (2021) Kat:3, Licht: 0,3686,3,2,5,11,11,3,,0,1,1,0,0
"POINT (9.604159990000028 52.416789201000029)",Unfall 3687 (2021) Kat:3, Licht: 0,3687,3,7,2,10,14,2,,0,0,1,0,1
"POINT (9.689229952000062 52.332844265000062)",Unfall 3688 (2021) Kat:3, Licht: 1,3688,3,7,6,10,07,6,,1,0,1,1,0
"POINT (9.738773490000028 52.363362723000080)",Unfall 3689 (2021) Kat:2, Licht: 2,3689,2,2,5,11,17,4,,2,1,1,0,0
"POINT (9.747899246000031 52.378284335000046)",Unfall 3690 (2021) Kat:3, Licht: 2,3690,3,6,2,11,17,2,,2,0,1,0,0
"POINT (9.873381288000076 52.356650885000079)",Unfall 3691 (2021) Kat:3, Licht: 0,3691,3,3,5,10,17,3,,0,0,1,0,0
"POINT (9.755032711000069 52.258021112000051)",Unfall 3692 (2021) Kat:3, Licht: 0,3692,3,6,4,11,13,3,,0,1,0,0,0
"POINT (9.692364696000027 52.397376906000034)",Unfall 3693 (2021) Kat:3, Licht: 0,3693,3,5,1,10,10,5,,0,0,1,0,0
"POINT (9.770822120000048 52.264608664000036)",Unfall 3694 (2021) Kat:3, Licht: 2,3694,3,4,6,11,17,6,,2,0,1,1,0
"POINT (9.980592338000065 52.374904032000074)",Unfall 3695 (2021) Kat:3, Licht: 2,3695,3,1,8,11,21,5,,2,1,1,0,0
"POINT (9.750872069000025 52.410537810000051)",Unfall 3696 (2021) Kat:3, Licht: 2,3696,3,6,2,11,18,5,,2,0,1,0,0
"POINT (10.004163572000039 52.445813446000045)",Unfall 3697 (2021) Kat:3, Licht: 2,3697,3,1,5,10,20,2,,2,1,1,0,0
"POINT (9.990288240000041 52.446839684000054)",Unfall 3698 (2021) Kat:3, Licht: 0,3698,3,6,3,10,14,6,,0,1,1,0,0
"POINT (9.726370014000054 52.377290071000061)",Unfall 3699 (2021) Kat:3, Licht: 0,3699,3,6,2,10,14,6,,0,0,1,0,0
"POINT (9.725208142000042 52.371472656000037)",Unfall 3700 (2021) Kat:2, Licht: 2,3700,2,3,6,10,05,7,,2,0,0,1,0
"POINT (9.825483367000061 52.295498879000036)",Unfall 3701 (2021) Kat:3, Licht: 0,3701,3,2,5,11,10,2,,0,0,1,0,0
"POINT (9.821060476000071 52.347428170000057)",Unfall 3702 (2021) Kat:3, Licht: 0,3702,3,5,1,10,12,2,,0,1,1,0,0
"POINT (9.869114548000027 52.367807251000045)",Unfall 3703 (2021) Kat:3, Licht: 2,3703,3,3,5,10,06,4,,2,0,1,0,0
"POINT (9.710330356000043 52.360233530000073)",Unfall 3704 (2021) Kat:3, Licht: 0,3704,3,2,5,10,16,2,,0,1,1,0,0
"POINT (9.320397221000064 52.490518828000063)",Unfall 3705 (2021) Kat:3, Licht: 0,3705,3,6,4,10,17,1,,0,0,1,0,0
"POINT (9.734034942000051 52.550835347000032)",Unfall 3706 (2021) Kat:3, Licht: 0,3706,3,2,0,11,14,3,,0,1,1,0,0
"POINT (9.836070490000054 52.341690836000055)",Unfall 3707 (2021) Kat:2, Licht: 1,3707,2,4,6,10,18,2,,1,0,0,1,0
"POINT (9.734750636000058 52.376694403000045)",Unfall 3708 (2021) Kat:3, Licht: 0,3708,3,1,0,10,10,3,,0,1,0,0,0
"POINT (10.094902161000050 52.485431232000053)",Unfall 3709 (2021) Kat:3, Licht: 2,3709,3,2,2,10,19,2,,2,1,1,0,0
"POINT (9.762646891000031 52.415986000000032)",Unfall 3710 (2021) Kat:3, Licht: 0,3710,3,2,3,11,14,2,,0,1,1,0,0
"POINT (9.709194449000051 52.341836342000079)",Unfall 3711 (2021) Kat:3, Licht: 1,3711,3,2,4,11,16,4,,1,1,1,0,0
"POINT (9.731651972000066 52.406128564000028)",Unfall 3712 (2021) Kat:3, Licht: 0,3712,3,7,0,10,12,5,,0,0,1,0,0
"POINT (9.693896706000032 52.400986174000082)",Unfall 3713 (2021) Kat:3, Licht: 0,3713,3,3,5,10,13,6,,0,0,1,0,0
"POINT (9.792881089000048 52.374765448000062)",Unfall 3714 (2021) Kat:3, Licht: 0,3714,3,7,0,11,13,2,,0,1,0,0,0
"POINT (9.456605842000045 52.504786177000028)",Unfall 3715 (2021) Kat:3, Licht: 0,3715,3,7,2,10,15,5,,0,0,0,0,0
"POINT (9.495190710000031 52.305421433000049)",Unfall 3716 (2021) Kat:3, Licht: 0,3716,3,1,0,10,17,7,,0,1,0,0,0
"POINT (10.091984800000034 52.390198524000027)",Unfall 3717 (2021) Kat:3, Licht: 0,3717,3,3,0,11,12,2,,0,1,1,0,0
"POINT (9.730126822000045 52.361778420000064)",Unfall 3718 (2021) Kat:3, Licht: 1,3718,3,6,2,10,17,5,,1,0,1,0,0
"POINT (9.722396314000036 52.388273460000050)",Unfall 3719 (2021) Kat:3, Licht: 0,3719,3,3,5,11,09,3,,0,1,1,0,0
"POINT (9.747727657000041 52.387464958000066)",Unfall 3720 (2021) Kat:3, Licht: 0,3720,3,5,3,10,14,6,,0,1,1,0,0
"POINT (10.005422692000025 52.452375050000057)",Unfall 3721 (2021) Kat:3, Licht: 0,3721,3,1,5,10,10,2,,0,0,1,0,0
"POINT (9.759212846000025 52.361675808000030)",Unfall 3722 (2021) Kat:3, Licht: 1,3722,3,1,0,11,07,5,,1,1,0,0,0
"POINT (9.759616781000034 52.335207381000032)",Unfall 3723 (2021) Kat:3, Licht: 2,3723,3,2,4,11,18,2,,2,1,1,0,0
"POINT (9.723177553000028 52.368859794000059)",Unfall 3724 (2021) Kat:3, Licht: 2,3724,3,3,5,11,18,4,,2,0,1,0,0
"POINT (9.775255557000037 52.411748042000056)",Unfall 3725 (2021) Kat:3, Licht: 0,3725,3,3,5,11,12,4,,0,0,1,0,0
"POINT (9.718723399000055 52.369426982000050)",Unfall 3726 (2021) Kat:2, Licht: 2,3726,2,1,0,10,22,7,,2,0,0,0,0
"POINT (9.728573256000061 52.378057001000059)",Unfall 3727 (2021) Kat:3, Licht: 0,3727,3,3,0,11,09,3,,0,1,1,0,0
"POINT (9.966816085000062 52.367371245000072)",Unfall 3728 (2021) Kat:3, Licht: 0,3728,3,7,1,10,17,1,,0,0,1,0,0
"POINT (9.705572470000050 52.374102007000033)",Unfall 3729 (2021) Kat:3, Licht: 0,3729,3,7,0,11,13,6,,0,1,0,0,0
"POINT (9.734016713000074 52.384523956000066)",Unfall 3730 (2021) Kat:3, Licht: 0,3730,3,6,3,10,15,2,,0,0,1,0,0
"POINT (9.793320662000042 52.403440393000039)",Unfall 3731 (2021) Kat:2, Licht: 0,3731,2,7,7,11,11,3,,0,1,0,0,0
"POINT (9.722115005000035 52.353040229000044)",Unfall 3732 (2021) Kat:3, Licht: 0,3732,3,1,0,10,15,6,,0,1,0,0,0
"POINT (9.763328145000060 52.401578853000046)",Unfall 3733 (2021) Kat:3, Licht: 0,3733,3,3,5,11,16,4,,0,1,1,0,0
"POINT (9.776287172000025 52.401800265000077)",Unfall 3734 (2021) Kat:3, Licht: 0,3734,3,3,5,10,17,3,,0,1,1,0,0
"POINT (9.725294224000038 52.339527314000065)",Unfall 3735 (2021) Kat:3, Licht: 0,3735,3,2,4,10,17,5,,0,0,1,0,0
"POINT (9.585071198000037 52.422372927000026)",Unfall 3736 (2021) Kat:3, Licht: 2,3736,3,1,0,11,16,7,,2,1,0,0,0
"POINT (9.689212026000064 52.377127894000068)",Unfall 3737 (2021) Kat:3, Licht: 0,3737,3,7,0,10,16,5,,0,1,0,0,0
"POINT (9.738955935000035 52.377050531000066)",Unfall 3738 (2021) Kat:3, Licht: 0,3738,3,7,0,11,10,3,,0,1,0,0,0
"POINT (9.747791777000032 52.437571497000079)",Unfall 3739 (2021) Kat:3, Licht: 0,3739,3,3,5,10,16,3,,0,1,0,0,0
"POINT (9.748699642000076 52.396831029000055)",Unfall 3740 (2021) Kat:3, Licht: 0,3740,3,2,4,11,13,6,,0,1,1,0,0
"POINT (9.767704619000028 52.410338032000027)",Unfall 3741 (2021) Kat:3, Licht: 0,3741,3,2,5,10,09,4,,0,1,1,0,0
"POINT (9.736553054000069 52.474133637000079)",Unfall 3742 (2021) Kat:3, Licht: 0,3742,3,6,3,10,17,4,,0,1,0,0,0
"POINT (9.738119417000064 52.381817467000076)",Unfall 3743 (2021) Kat:3, Licht: 0,3743,3,2,5,10,10,4,,0,1,1,0,0
"POINT (9.744043899000076 52.372236922000070)",Unfall 3744 (2021) Kat:3, Licht: 0,3744,3,7,0,11,08,2,,0,1,0,0,0
"POINT (9.597505946000069 52.420738387000029)",Unfall 3745 (2021) Kat:3, Licht: 1,3745,3,2,0,10,17,6,,1,1,1,1,0
"POINT (9.803080493000039 52.396584819000054)",Unfall 3746 (2021) Kat:2, Licht: 0,3746,2,3,5,11,07,4,,0,1,0,0,0
"POINT (9.730024961000026 52.375020946000063)",Unfall 3747 (2021) Kat:3, Licht: 2,3747,3,2,3,11,18,7,,2,0,1,0,0
"POINT (9.858745404000047 52.361074812000027)",Unfall 3748 (2021) Kat:3, Licht: 1,3748,3,4,6,11,16,3,,1,0,1,1,0
"POINT (9.714990623000062 52.361993553000048)",Unfall 3749 (2021) Kat:3, Licht: 0,3749,3,6,2,10,11,6,,0,0,1,0,0
"POINT (9.724766838000050 52.384793006000052)",Unfall 3750 (2021) Kat:3, Licht: 0,3750,3,2,2,10,16,7,,0,1,1,0,0
"POINT (9.723258445000056 52.394848878000062)",Unfall 3751 (2021) Kat:3, Licht: 2,3751,3,4,6,11,18,7,,2,0,1,1,0
"POINT (9.804891780000048 52.410074773000076)",Unfall 3752 (2021) Kat:3, Licht: 0,3752,3,3,5,10,12,5,,0,1,1,0,0
"POINT (9.433270304000075 52.423940869000035)",Unfall 3753 (2021) Kat:3, Licht: 2,3753,3,3,5,11,20,3,,2,1,1,0,0
"POINT (9.487119803000041 52.304593419000071)",Unfall 3754 (2021) Kat:3, Licht: 0,3754,3,2,5,10,14,6,,0,0,1,0,0
"POINT (9.971094354000059 52.364843655000072)",Unfall 3755 (2021) Kat:3, Licht: 0,3755,3,2,6,11,07,6,,0,0,1,1,0
"POINT (9.707304238000063 52.373743886000057)",Unfall 3756 (2021) Kat:3, Licht: 0,3756,3,7,1,10,09,1,,0,1,1,0,0
"POINT (9.869284909000044 52.509674928000038)",Unfall 3757 (2021) Kat:3, Licht: 0,3757,3,3,5,10,15,4,,0,1,1,0,0
"POINT (9.717944779000049 52.362631987000043)",Unfall 3758 (2021) Kat:3, Licht: 2,3758,3,7,1,10,02,6,,2,1,1,0,0
"POINT (9.720422231000043 52.397374079000031)",Unfall 3759 (2021) Kat:3, Licht: 0,3759,3,3,5,10,14,2,,0,0,1,0,0
"POINT (9.785864253000057 52.397997572000065)",Unfall 3760 (2021) Kat:3, Licht: 0,3760,3,3,5,11,12,2,,0,0,1,0,0
"POINT (9.821095892000073 52.346951114000035)",Unfall 3761 (2021) Kat:3, Licht: 2,3761,3,1,0,10,18,5,,2,0,0,0,1
"POINT (9.718304920000037 52.373394064000081)",Unfall 3762 (2021) Kat:2, Licht: 0,3762,2,1,0,10,15,5,,0,1,0,0,0
"POINT (9.766501407000021 52.357752945000072)",Unfall 3763 (2021) Kat:3, Licht: 0,3763,3,6,2,10,16,2,,0,0,1,0,0
"POINT (9.977686560000052 52.375334188000068)",Unfall 3764 (2021) Kat:3, Licht: 0,3764,3,3,5,10,15,4,,0,1,1,0,0
"POINT (9.735983547000046 52.441154863000065)",Unfall 3765 (2021) Kat:3, Licht: 0,3765,3,3,5,10,14,3,,0,1,1,0,0
"POINT (9.735930166000060 52.441060780000043)",Unfall 3766 (2021) Kat:3, Licht: 2,3766,3,1,8,10,03,7,,2,0,1,0,0
"POINT (9.720429187000036 52.391419597000038)",Unfall 3767 (2021) Kat:3, Licht: 0,3767,3,1,0,11,09,5,,0,1,0,0,0
"POINT (9.487055548000058 52.304549371000064)",Unfall 3768 (2021) Kat:3, Licht: 0,3768,3,3,5,11,13,2,,0,1,1,0,0
"POINT (9.412698516000034 52.432288506000077)",Unfall 3769 (2021) Kat:3, Licht: 0,3769,3,2,3,10,18,1,,0,1,0,0,0