WKT,Name,OBJECTID,UKATEGORIE,UTYP1,UART,UMONAT,USTUNDE,UWOCHENTAG,STRZUSTAND,ULICHTVERH,ISTRAD,ISTPKW,ISTFUSS,ISTKRAD
"POINT (9.620100291000028 52.439725011000064)",Unfall 3770 (2021) Kat:2, Licht: 2,3770,2,7,9,11,04,6,,2,0,1,0,0
"POINT (9.638838960000044 52.443273478000037)",Unfall 3771 (2021) Kat:2, Licht: 0,3771,2,6,3,10,08,2,,0,1,1,0,0
"POINT (9.773341984000069 52.350848411000072)",Unfall 3772 (2021) Kat:2, Licht: 0,3772,2,7,0,10,11,1,,0,1,0,0,0
"POINT (9.815605221000055 52.395883880000042)",Unfall 3773 (2021) Kat:3, Licht: 1,3773,3,3,5,11,16,5,,1,0,1,0,0
"POINT (9.728256166000051 52.374263579000058)",Unfall 3774 (2021) Kat:3, Licht: 0,3774,3,2,5,10,16,3,,0,1,1,0,0
"POINT (9.626682620000054 52.394940435000080)",Unfall 3775 (2021) Kat:3, Licht: 1,3775,3,5,3,11,16,3,,1,1,1,0,0
"POINT (9.736856546000070 52.376726479000070)",Unfall 3776 (2021) Kat:3, Licht: 0,3776,3,4,6,11,15,2,,0,0,1,1,0
"POINT (9.728070683000055 52.395579084000076)",Unfall 3777 (2021) Kat:3, Licht: 0,3777,3,3,5,10,15,7,,0,0,1,0,1
"POINT (9.739756185000033 52.369471468000029)",Unfall 3778 (2021) Kat:3, Licht: 2,3778,3,6,2,10,22,3,,2,0,1,0,0
"POINT (9.750369628000044 52.380097370000044)",Unfall 3779 (2021) Kat:3, Licht: 0,3779,3,5,1,11,13,4,,0,1,0,0,0
"POINT (9.737660770000048 52.387778446000027)",Unfall 3780 (2021) Kat:3, Licht: 0,3780,3,4,6,10,11,6,,0,0,1,1,0
"POINT (9.734902650000038 52.370129624000072)",Unfall 3781 (2021) Kat:3, Licht: 2,3781,3,3,5,10,23,5,,2,0,1,0,0
"POINT (9.743328113000075 52.357565543000078)",Unfall 3782 (2021) Kat:3, Licht: 0,3782,3,7,8,10,12,1,,0,0,1,0,0
"POINT (9.781593173000033 52.415577842000062)",Unfall 3783 (2021) Kat:3, Licht: 2,3783,3,2,4,11,18,2,,2,0,1,0,0
"POINT (9.825611050000020 52.378683818000070)",Unfall 3784 (2021) Kat:3, Licht: 0,3784,3,5,0,11,10,5,,0,1,1,0,0
"POINT (9.735922643000038 52.441047521000030)",Unfall 3785 (2021) Kat:3, Licht: 0,3785,3,6,2,10,16,3,,0,0,1,0,0
"POINT (9.714579952000065 52.371142273000032)",Unfall 3786 (2021) Kat:3, Licht: 0,3786,3,6,4,10,14,5,,0,1,0,0,0
"POINT (9.762926993000065 52.407951151000077)",Unfall 3787 (2021) Kat:3, Licht: 0,3787,3,3,0,10,11,3,,0,0,1,0,1
"POINT (9.724745860000041 52.368426767000074)",Unfall 3788 (2021) Kat:3, Licht: 0,3788,3,2,5,10,16,5,,0,1,1,0,0
"POINT (9.611736224000026 52.446951863000038)",Unfall 3789 (2021) Kat:3, Licht: 2,3789,3,3,5,11,06,3,,2,1,1,0,0
"POINT (9.781032598000024 52.403912861000038)",Unfall 3790 (2021) Kat:2, Licht: 2,3790,2,3,5,10,05,4,,2,1,1,0,0
"POINT (9.728917804000048 52.394008814000074)",Unfall 3791 (2021) Kat:3, Licht: 2,3791,3,4,6,11,17,5,,2,0,1,1,0
"POINT (9.747209296000051 52.373688358000038)",Unfall 3792 (2021) Kat:3, Licht: 2,3792,3,2,5,11,17,5,,2,1,1,0,0
"POINT (9.694527864000065 52.353069797000046)",Unfall 3793 (2021) Kat:3, Licht: 0,3793,3,6,2,10,16,4,,0,0,1,0,0
"POINT (9.586094366000054 52.585712521000062)",Unfall 3794 (2021) Kat:3, Licht: 0,3794,3,7,0,10,15,4,,0,1,0,0,0
"POINT (9.859713785000054 52.396289427000056)",Unfall 3795 (2021) Kat:3, Licht: 0,3795,3,3,5,10,13,6,,0,0,1,0,0
"POINT (9.469474699000045 52.299935439000080)",Unfall 3796 (2021) Kat:3, Licht: 0,3796,3,1,0,10,11,6,,0,0,0,0,0
"POINT (9.733283618000030 52.392267567000033)",Unfall 3797 (2021) Kat:3, Licht: 1,3797,3,3,5,11,07,2,,1,0,1,0,0
"POINT (9.702749108000035 52.372091720000071)",Unfall 3798 (2021) Kat:3, Licht: 1,3798,3,3,5,10,07,2,,1,1,1,0,0
"POINT (9.733810386000073 52.384690844000033)",Unfall 3799 (2021) Kat:3, Licht: 0,3799,3,2,5,10,10,4,,0,1,1,0,0
"POINT (9.797315122000043 52.351866366000081)",Unfall 3800 (2021) Kat:3, Licht: 0,3800,3,6,2,10,16,4,,0,0,1,0,0
"POINT (9.704798337000057 52.374376972000050)",Unfall 3801 (2021) Kat:3, Licht: 2,3801,3,6,2,10,20,4,,2,0,1,0,0
"POINT (9.710908042000028 52.359325055000056)",Unfall 3802 (2021) Kat:3, Licht: 0,3802,3,3,5,10,10,1,,0,0,1,0,0
"POINT (9.708590516000072 52.401110202000041)",Unfall 3803 (2021) Kat:3, Licht: 1,3803,3,1,0,11,07,5,,1,0,0,0,0
"POINT (9.711091100000033 52.371045105000064)",Unfall 3804 (2021) Kat:3, Licht: 0,3804,3,4,6,11,08,5,,0,1,0,1,0
"POINT (9.809664707000024 52.404869836000046)",Unfall 3805 (2021) Kat:3, Licht: 0,3805,3,4,6,10,17,4,,0,0,1,1,0
"POINT (9.839038070000072 52.357723218000046)",Unfall 3806 (2021) Kat:3, Licht: 2,3806,3,7,0,10,05,1,,2,1,0,0,0
"POINT (9.742592801000058 52.365063058000032)",Unfall 3807 (2021) Kat:2, Licht: 0,3807,2,4,6,12,11,5,,0,1,0,1,0
"POINT (10.198835832000043 52.463713415000029)",Unfall 3808 (2021) Kat:3, Licht: 0,3808,3,7,0,11,10,1,,0,1,0,0,0
"POINT (10.026571723000075 52.451876751000043)",Unfall 3809 (2021) Kat:3, Licht: 0,3809,3,6,2,11,13,6,,0,0,1,0,0
"POINT (9.810255468000037 52.309954922000031)",Unfall 3810 (2021) Kat:3, Licht: 2,3810,3,6,2,12,20,4,,2,0,1,0,0
"POINT (9.980597617000058 52.374942942000075)",Unfall 3811 (2021) Kat:3, Licht: 2,3811,3,2,5,12,08,5,,2,1,1,0,0
"POINT (9.760492582000040 52.360032776000082)",Unfall 3812 (2021) Kat:3, Licht: 2,3812,3,3,5,12,19,1,,2,1,1,0,0
"POINT (9.677953291000051 52.395615787000054)",Unfall 3813 (2021) Kat:3, Licht: 2,3813,3,2,5,11,17,7,,2,0,1,0,0
"POINT (9.760551961000033 52.369476867000060)",Unfall 3814 (2021) Kat:3, Licht: 0,3814,3,4,0,12,12,3,,0,0,1,1,0
"POINT (9.757274594000023 52.354240553000068)",Unfall 3815 (2021) Kat:3, Licht: 0,3815,3,7,0,11,10,7,,0,1,0,0,0
"POINT (9.722601542000064 52.397539388000041)",Unfall 3816 (2021) Kat:3, Licht: 0,3816,3,3,5,12,13,4,,0,1,0,0,1
"POINT (9.730618178000043 52.378526255000054)",Unfall 3817 (2021) Kat:3, Licht: 2,3817,3,2,6,12,18,7,,2,0,1,1,0
"POINT (9.750246601000072 52.380273513000077)",Unfall 3818 (2021) Kat:3, Licht: 0,3818,3,2,4,12,09,7,,0,1,0,0,0
"POINT (9.735217048000038 52.387084127000037)",Unfall 3819 (2021) Kat:3, Licht: 2,3819,3,4,6,11,07,3,,2,0,1,1,0
"POINT (9.704025979000050 52.366864792000058)",Unfall 3820 (2021) Kat:3, Licht: 0,3820,3,7,0,12,15,3,,0,1,0,0,0
"POINT (9.724316453000029 52.346157385000026)",Unfall 3821 (2021) Kat:3, Licht: 0,3821,3,7,0,11,15,3,,0,1,0,0,0
"POINT (9.716015252000034 52.378112085000055)",Unfall 3822 (2021) Kat:3, Licht: 0,3822,3,6,1,11,09,2,,0,1,1,0,0
"POINT (9.762827059000074 52.410286872000029)",Unfall 3823 (2021) Kat:3, Licht: 0,3823,3,2,4,12,14,1,,0,1,1,0,0
"POINT (9.422456456000077 52.425018222000062)",Unfall 3824 (2021) Kat:3, Licht: 2,3824,3,5,1,11,17,5,,2,0,1,0,0
"POINT (10.202740183000060 52.464332906000038)",Unfall 3825 (2021) Kat:3, Licht: 0,3825,3,7,6,11,13,7,,0,0,1,1,0
"POINT (9.782812960000058 52.400666467000065)",Unfall 3826 (2021) Kat:2, Licht: 0,3826,2,4,6,11,13,3,,0,0,0,1,0
"POINT (9.745061449000048 52.480441934000055)",Unfall 3827 (2021) Kat:3, Licht: 2,3827,3,2,6,11,07,5,,2,0,1,1,0
"POINT (9.591925497000034 52.421661886000038)",Unfall 3828 (2021) Kat:3, Licht: 0,3828,3,3,5,12,09,4,,0,1,1,0,0
"POINT (10.007312187000025 52.415625784000042)",Unfall 3829 (2021) Kat:3, Licht: 0,3829,3,2,6,12,11,7,,0,0,1,1,0
"POINT (9.721416849000036 52.379125708000061)",Unfall 3830 (2021) Kat:3, Licht: 0,3830,3,2,2,11,08,3,,0,0,1,0,0
"POINT (9.669826837000073 52.370401547000029)",Unfall 3831 (2021) Kat:3, Licht: 0,3831,3,3,5,11,10,3,,0,0,1,0,0
"POINT (9.747043919000021 52.411183134000055)",Unfall 3832 (2021) Kat:3, Licht: 0,3832,3,6,2,11,08,2,,0,0,1,0,0
"POINT (9.741926752000040 52.378562967000050)",Unfall 3833 (2021) Kat:3, Licht: 2,3833,3,2,0,11,01,1,,2,0,1,0,0
"POINT (9.731980710000073 52.374338696000052)",Unfall 3834 (2021) Kat:3, Licht: 2,3834,3,2,2,12,23,2,,2,1,1,0,0
"POINT (9.669438628000023 52.371011707000036)",Unfall 3835 (2021) Kat:3, Licht: 2,3835,3,7,8,12,20,1,,2,0,1,0,0
"POINT (9.742453399000055 52.375361070000054)",Unfall 3836 (2021) Kat:3, Licht: 0,3836,3,7,0,12,10,4,,0,1,0,0,0
"POINT (10.003296244000069 52.448298818000069)",Unfall 3837 (2021) Kat:3, Licht: 2,3837,3,2,5,11,17,6,,2,0,1,0,0
"POINT (9.740393701000073 52.392909154000051)",Unfall 3838 (2021) Kat:3, Licht: 2,3838,3,2,4,12,19,1,,2,1,1,0,0
"POINT (9.693055468000068 52.365173862000063)",Unfall 3839 (2021) Kat:3, Licht: 0,3839,3,2,5,11,11,3,,0,1,1,0,0
"POINT (9.739104857000029 52.376122930000065)",Unfall 3840 (2021) Kat:3, Licht: 0,3840,3,7,6,12,09,5,,0,1,0,1,0
"POINT (9.803346214000044 52.401045617000079)",Unfall 3841 (2021) Kat:3, Licht: 0,3841,3,4,6,11,07,6,,0,1,0,1,0
"POINT (9.707915617000026 52.367161706000047)",Unfall 3842 (2021) Kat:3, Licht: 0,3842,3,4,0,11,16,2,,0,1,0,1,0
"POINT (9.752359570000067 52.395026437000070)",Unfall 3843 (2021) Kat:3, Licht: 0,3843,3,7,0,11,09,2,,0,1,0,0,0
"POINT (9.835563744000069 52.433841878000067)",Unfall 3844 (2021) Kat:3, Licht: 2,3844,3,1,9,11,22,7,,2,0,1,0,0
"POINT (9.604212438000047 52.417502523000053)",Unfall 3845 (2021) Kat:2, Licht: 0,3845,2,5,1,12,11,2,,0,1,1,0,0
"POINT (9.716211079000061 52.377794071000039)",Unfall 3846 (2021) Kat:3, Licht: 2,3846,3,1,0,12,19,4,,2,1,0,0,0
"POINT (9.725430231000075 52.376996413000029)",Unfall 3847 (2021) Kat:3, Licht: 0,3847,3,6,2,11,13,7,,0,0,1,0,0
"POINT (9.973989486000050 52.383681045000060)",Unfall 3848 (2021) Kat:3, Licht: 2,3848,3,3,5,11,19,4,,2,1,1,0,0
"POINT (9.742099337000070 52.378481434000037)",Unfall 3849 (2021) Kat:1, Licht: 2,3849,1,2,6,11,05,6,,2,0,0,1,0
"POINT (9.594726852000065 52.314488234000066)",Unfall 3850 (2021) Kat:3, Licht: 0,3850,3,3,5,12,10,7,,0,1,1,0,0
"POINT (9.431276629000024 52.418206904000044)",Unfall 3851 (2021) Kat:3, Licht: 0,3851,3,3,5,11,10,2,,0,0,1,0,0
"POINT (9.752073466000070 52.410455859000081)",Unfall 3852 (2021) Kat:2, Licht: 0,3852,2,3,5,12,14,1,,0,1,1,0,0
"POINT (9.568275186000051 52.211859482000079)",Unfall 3853 (2021) Kat:3, Licht: 2,3853,3,2,6,11,19,6,,2,0,1,1,0
"POINT (9.973177239000051 52.373411728000065)",Unfall 3854 (2021) Kat:3, Licht: 0,3854,3,3,5,12,10,6,,0,0,0,0,1
"POINT (9.603316069000073 52.446684002000040)",Unfall 3855 (2021) Kat:3, Licht: 2,3855,3,6,4,12,07,3,,2,1,0,0,0
"POINT (9.753515486000026 52.441529742000057)",Unfall 3856 (2021) Kat:3, Licht: 1,3856,3,3,5,11,08,2,,1,1,1,0,0
"POINT (9.758081018000041 52.396078350000039)",Unfall 3857 (2021) Kat:3, Licht: 0,3857,3,2,5,11,13,5,,0,1,1,0,0
"POINT (9.744455772000038 52.380808070000057)",Unfall 3858 (2021) Kat:3, Licht: 2,3858,3,2,5,12,18,4,,2,1,1,0,0
"POINT (9.727957731000060 52.375924087000044)",Unfall 3859 (2021) Kat:3, Licht: 0,3859,3,5,1,11,12,3,,0,1,1,0,0
"POINT (9.818582885000069 52.313354528000048)",Unfall 3860 (2021) Kat:3, Licht: 0,3860,3,3,5,12,14,2,,0,0,1,0,0
"POINT (9.760964455000021 52.394475772000078)",Unfall 3861 (2021) Kat:3, Licht: 2,3861,3,1,0,12,04,3,,2,0,0,0,0
"POINT (9.728236364000054 52.389847436000082)",Unfall 3862 (2021) Kat:3, Licht: 0,3862,3,6,2,11,14,1,,0,1,1,0,0
"POINT (9.414186584000049 52.430528461000051)",Unfall 3863 (2021) Kat:2, Licht: 2,3863,2,3,5,11,17,6,,2,0,1,0,0
"POINT (9.718285109000021 52.331518819000053)",Unfall 3864 (2021) Kat:3, Licht: 0,3864,3,2,5,12,11,2,,0,1,1,0,0
"POINT (9.781696690000047 52.400383346000069)",Unfall 3865 (2021) Kat:3, Licht: 2,3865,3,4,6,12,07,4,,2,0,0,1,0
"POINT (9.593989485000066 52.399598445000038)",Unfall 3866 (2021) Kat:3, Licht: 0,3866,3,6,0,11,13,3,,0,0,1,0,1
"POINT (9.744488969000031 52.377197721000073)",Unfall 3867 (2021) Kat:3, Licht: 0,3867,3,2,6,12,08,2,,0,0,1,1,0
"POINT (9.711045407000029 52.439798064000058)",Unfall 3868 (2021) Kat:3, Licht: 2,3868,3,7,8,11,04,2,,2,1,0,0,0
"POINT (9.442794348000064 52.424016907000066)",Unfall 3869 (2021) Kat:3, Licht: 0,3869,3,3,5,11,13,2,,0,1,0,0,0
"POINT (9.729815619000021 52.398275231000071)",Unfall 3870 (2021) Kat:3, Licht: 0,3870,3,2,3,12,15,4,,0,1,0,0,0
"POINT (9.728554979000023 52.377934186000061)",Unfall 3871 (2021) Kat:3, Licht: 2,3871,3,6,2,11,20,7,,2,0,1,0,0
"POINT (10.011927197000034 52.447400486000049)",Unfall 3872 (2021) Kat:3, Licht: 2,3872,3,5,1,11,21,2,,2,0,1,0,0
"POINT (9.694502672000056 52.365397169000062)",Unfall 3873 (2021) Kat:3, Licht: 0,3873,3,7,0,12,15,3,,0,0,0,0,1
"POINT (9.724769760000072 52.384787535000044)",Unfall 3874 (2021) Kat:3, Licht: 2,3874,3,2,5,11,19,1,,2,0,1,0,0
"POINT (9.783092393000061 52.415523680000035)",Unfall 3875 (2021) Kat:3, Licht: 2,3875,3,3,0,12,19,5,,2,0,1,0,0
"POINT (9.448482044000059 52.499159331000044)",Unfall 3876 (2021) Kat:3, Licht: 0,3876,3,2,5,11,12,6,,0,1,0,0,0
"POINT (9.763158784000041 52.416978097000026)",Unfall 3877 (2021) Kat:3, Licht: 2,3877,3,3,5,11,16,5,,2,0,1,0,0
"POINT (9.725579656000036 52.354756404000057)",Unfall 3878 (2021) Kat:2, Licht: 0,3878,2,1,0,12,15,5,,0,0,1,0,1
"POINT (9.818622311000070 52.391862747000062)",Unfall 3879 (2021) Kat:3, Licht: 2,3879,3,7,5,12,18,7,,2,1,1,0,0
"POINT (9.810277264000035 52.301144223000051)",Unfall 3880 (2021) Kat:3, Licht: 2,3880,3,5,1,11,19,6,,2,0,1,0,0
"POINT (9.554944098000021 52.208866362000037)",Unfall 3881 (2021) Kat:3, Licht: 2,3881,3,7,0,11,17,3,,2,1,0,0,0
"POINT (9.655082387000050 52.348344154000074)",Unfall 3882 (2021) Kat:3, Licht: 2,3882,3,3,5,12,18,7,,2,0,1,0,0
"POINT (9.723504576000039 52.371912518000045)",Unfall 3883 (2021) Kat:3, Licht: 2,3883,3,6,2,11,16,3,,2,0,1,0,0
"POINT (9.734355189000041 52.376719797000078)",Unfall 3884 (2021) Kat:3, Licht: 0,3884,3,1,0,11,14,6,,0,1,0,0,0
"POINT (9.805020985000056 52.399648114000058)",Unfall 3885 (2021) Kat:3, Licht: 0,3885,3,6,4,11,13,3,,0,1,0,0,0
"POINT (9.587630535000073 52.416872369000032)",Unfall 3886 (2021) Kat:3, Licht: 2,3886,3,7,0,12,06,2,,2,1,0,0,0
"POINT (9.998933102000024 52.366886711000063)",Unfall 3887 (2021) Kat:3, Licht: 1,3887,3,1,0,12,07,2,,1,1,0,0,0
"POINT (9.667967586000032 52.334065273000078)",Unfall 3888 (2021) Kat:3, Licht: 0,3888,3,1,0,11,15,7,,0,1,0,0,0
"POINT (9.739580955000065 52.389403539000057)",Unfall 3889 (2021) Kat:3, Licht: 2,3889,3,1,0,12,19,1,,2,1,0,0,0
"POINT (9.751532073000021 52.371509113000059)",Unfall 3890 (2021) Kat:3, Licht: 0,3890,3,6,2,12,13,6,,0,0,1,0,0
"POINT (9.717298118000031 52.347450569000046)",Unfall 3891 (2021) Kat:3, Licht: 2,3891,3,6,2,12,19,3,,2,0,1,0,0
"POINT (9.767660996000075 52.396434271000032)",Unfall 3892 (2021) Kat:3, Licht: 2,3892,3,6,2,12,16,5,,2,0,1,0,0
"POINT (9.738081563000037 52.381846038000049)",Unfall 3893 (2021) Kat:3, Licht: 0,3893,3,2,5,12,10,4,,0,1,1,0,0
"POINT (9.980834823000066 52.375921997000034)",Unfall 3894 (2021) Kat:3, Licht: 0,3894,3,3,5,12,10,6,,0,0,1,0,1
"POINT (9.761375895000072 52.265157597000041)",Unfall 3895 (2021) Kat:3, Licht: 0,3895,3,1,0,12,09,4,,0,1,0,0,0
"POINT (9.970213138000076 52.382408948000034)",Unfall 3896 (2021) Kat:3, Licht: 2,3896,3,7,0,12,07,4,,2,1,0,0,0
"POINT (9.737535341000068 52.369714873000078)",Unfall 3897 (2021) Kat:3, Licht: 0,3897,3,7,6,11,12,4,,0,0,0,1,0
"POINT (9.689390271000036 52.344939577000048)",Unfall 3898 (2021) Kat:3, Licht: 2,3898,3,4,6,12,18,3,,2,0,1,1,0
"POINT (9.734648630000038 52.380621108000071)",Unfall 3899 (2021) Kat:2, Licht: 0,3899,2,3,5,12,12,6,,0,1,1,0,0
"POINT (9.711971505000065 52.368418181000038)",Unfall 3900 (2021) Kat:3, Licht: 0,3900,3,3,5,11,14,7,,0,1,1,0,0
"POINT (9.744552120000037 52.367374716000029)",Unfall 3901 (2021) Kat:3, Licht: 0,3901,3,3,5,12,16,5,,0,1,1,0,0
"POINT (9.669691107000062 52.365523616000075)",Unfall 3902 (2021) Kat:3, Licht: 0,3902,3,6,2,11,14,2,,0,0,1,0,0
"POINT (9.855659956000068 52.492697586000077)",Unfall 3903 (2021) Kat:3, Licht: 0,3903,3,3,5,12,12,4,,0,0,1,0,0
"POINT (9.739849577000030 52.447505723000063)",Unfall 3904 (2021) Kat:3, Licht: 0,3904,3,4,6,12,14,7,,0,0,1,1,0
"POINT (9.763349324000046 52.395219124000050)",Unfall 3905 (2021) Kat:3, Licht: 0,3905,3,7,6,12,15,3,,0,0,1,1,0
"POINT (9.724990092000041 52.397729879000053)",Unfall 3906 (2021) Kat:3, Licht: 2,3906,3,7,0,11,20,7,,2,1,0,0,0
"POINT (9.713676027000076 52.372179149000033)",Unfall 3907 (2021) Kat:3, Licht: 2,3907,3,4,6,12,19,7,,2,1,0,1,0
"POINT (9.753382649000059 52.390264267000077)",Unfall 3908 (2021) Kat:3, Licht: 0,3908,3,2,2,11,14,4,,0,0,1,0,0
"POINT (9.743058505000022 52.379672941000081)",Unfall 3909 (2021) Kat:3, Licht: 0,3909,3,6,6,11,13,3,,0,1,0,1,0
"POINT (9.810398485000064 52.310071097000048)",Unfall 3910 (2021) Kat:3, Licht: 2,3910,3,3,5,12,21,7,,2,0,1,0,0
"POINT (9.741350431000058 52.371406137000065)",Unfall 3911 (2021) Kat:3, Licht: 0,3911,3,2,6,11,12,3,,0,0,0,1,0
"POINT (9.750590430000045 52.375318373000027)",Unfall 3912 (2021) Kat:3, Licht: 1,3912,3,1,0,11,15,2,,1,1,0,0,0
"POINT (9.763355446000048 52.342447981000078)",Unfall 3913 (2021) Kat:3, Licht: 0,3913,3,6,2,11,07,5,,0,0,1,0,0
"POINT (9.743776572000058 52.371111796000037)",Unfall 3914 (2021) Kat:2, Licht: 0,3914,2,3,5,11,10,3,,0,1,1,0,0
"POINT (9.794443665000074 52.411388554000041)",Unfall 3915 (2021) Kat:3, Licht: 1,3915,3,2,0,11,08,3,,1,1,0,0,0
"POINT (9.592313875000059 52.421338018000029)",Unfall 3916 (2021) Kat:3, Licht: 0,3916,3,2,5,12,10,5,,0,1,1,0,0
"POINT (9.460448609000025 52.502584580000075)",Unfall 3917 (2021) Kat:3, Licht: 0,3917,3,1,0,12,12,4,,0,1,0,0,0
"POINT (9.737300392000066 52.375696789000074)",Unfall 3918 (2021) Kat:3, Licht: 2,3918,3,1,0,12,19,2,,2,0,0,0,1
"POINT (9.556788413000049 52.214723722000031)",Unfall 3919 (2021) Kat:2, Licht: 2,3919,2,3,5,11,19,5,,2,1,1,0,0
"POINT (9.749046084000042 52.377793041000075)",Unfall 3920 (2021) Kat:3, Licht: 0,3920,3,3,5,11,14,3,,0,1,1,0,0
"POINT (9.850306479000039 52.362427009000044)",Unfall 3921 (2021) Kat:3, Licht: 0,3921,3,5,1,11,14,3,,0,0,1,0,0
"POINT (9.431343238000068 52.416505446000031)",Unfall 3922 (2021) Kat:3, Licht: 0,3922,3,4,6,12,07,6,,0,0,1,1,0
"POINT (9.734033621000037 52.381259083000032)",Unfall 3923 (2021) Kat:3, Licht: 2,3923,3,2,4,12,16,1,,2,1,1,0,0
"POINT (9.688020867000034 52.396288569000035)",Unfall 3924 (2021) Kat:3, Licht: 2,3924,3,3,5,12,16,6,,2,0,1,0,0
"POINT (9.669386443000064 52.400005225000029)",Unfall 3925 (2021) Kat:3, Licht: 0,3925,3,3,5,12,11,4,,0,1,1,0,0
"POINT (9.646725689000050 52.414629669000078)",Unfall 3926 (2021) Kat:3, Licht: 0,3926,3,6,2,12,15,4,,0,0,1,0,0
"POINT (9.731135042000062 52.378689523000048)",Unfall 3927 (2021) Kat:3, Licht: 2,3927,3,2,2,12,02,1,,2,0,1,0,0
"POINT (9.692860090000067 52.368574396000042)",Unfall 3928 (2021) Kat:3, Licht: 2,3928,3,1,1,12,18,4,,2,0,1,0,0
"POINT (9.723456315000021 52.371508619000053)",Unfall 3929 (2021) Kat:2, Licht: 2,3929,2,7,0,11,04,7,,2,0,0,0,0
"POINT (9.609624808000035 52.409338533000039)",Unfall 3930 (2021) Kat:3, Licht: 2,3930,3,2,5,11,21,5,,2,0,1,0,1
"POINT (10.015837294000050 52.440597731000082)",Unfall 3931 (2021) Kat:3, Licht: 2,3931,3,3,5,12,18,3,,2,0,1,0,0
"POINT (9.816553274000057 52.390383780000036)",Unfall 3932 (2021) Kat:3, Licht: 1,3932,3,1,0,11,07,6,,1,1,0,0,0
"POINT (9.602659594000045 52.426222972000062)",Unfall 3933 (2021) Kat:3, Licht: 0,3933,3,6,2,12,11,6,,0,0,1,0,0
"POINT (9.749383780000073 52.400349873000039)",Unfall 3934 (2021) Kat:3, Licht: 2,3934,3,3,5,11,06,3,,2,1,0,0,0
"POINT (9.779425468000056 52.397855936000042)",Unfall 3935 (2021) Kat:3, Licht: 2,3935,3,6,2,12,16,5,,2,0,1,0,0
"POINT (9.653471660000037 52.415523788000030)",Unfall 3936 (2021) Kat:3, Licht: 0,3936,3,6,3,11,09,2,,0,0,1,0,0
"POINT (9.740559400000052 52.379106344000036)",Unfall 3937 (2021) Kat:3, Licht: 0,3937,3,7,0,12,07,3,,0,0,1,0,0
"POINT (9.643398061000028 52.415211840000040)",Unfall 3938 (2021) Kat:3, Licht: 2,3938,3,6,2,12,18,5,,2,0,1,0,0
"POINT (9.823569214000031 52.303710991000059)",Unfall 3939 (2021) Kat:3, Licht: 2,3939,3,1,0,12,03,7,,2,0,0,0,0
"POINT (9.738635304000070 52.437303698000051)",Unfall 3940 (2021) Kat:3, Licht: 1,3940,3,6,6,11,17,4,,1,0,1,1,0
"POINT (9.681411577000063 52.416215387000079)",Unfall 3941 (2021) Kat:3, Licht: 0,3941,3,2,5,12,16,6,,0,1,1,0,0
"POINT (9.729815619000021 52.398275231000071)",Unfall 3942 (2021) Kat:3, Licht: 2,3942,3,4,6,11,22,3,,2,0,1,1,0
"POINT (9.701966969000068 52.375165125000080)",Unfall 3943 (2021) Kat:3, Licht: 0,3943,3,3,5,11,10,7,,0,1,1,0,0
"POINT (9.607832273000042 52.409789437000029)",Unfall 3944 (2021) Kat:3, Licht: 0,3944,3,7,0,11,12,2,,0,1,0,0,0
"POINT (9.663733712000067 52.382895639000026)",Unfall 3945 (2021) Kat:3, Licht: 2,3945,3,3,5,12,20,7,,2,0,1,0,0
"POINT (9.695205321000060 52.407491279000055)",Unfall 3946 (2021) Kat:3, Licht: 2,3946,3,3,5,12,19,7,,2,0,1,0,0
"POINT (9.819132376000027 52.399903042000062)",Unfall 3947 (2021) Kat:3, Licht: 0,3947,3,3,5,11,15,2,,0,1,1,0,0
"POINT (9.817623182000034 52.392817140000034)",Unfall 3948 (2021) Kat:3, Licht: 0,3948,3,3,5,11,15,4,,0,1,1,0,0
"POINT (9.797702278000031 52.476442442000064)",Unfall 3949 (2021) Kat:3, Licht: 0,3949,3,3,5,12,08,5,,0,1,1,0,0
"POINT (9.749964637000062 52.376262538000049)",Unfall 3950 (2021) Kat:3, Licht: 1,3950,3,2,5,11,07,5,,1,1,1,0,0
"POINT (9.635071616000062 52.416273902000057)",Unfall 3951 (2021) Kat:3, Licht: 0,3951,3,7,8,12,11,3,,0,0,1,0,0
"POINT (9.624169915000039 52.270922576000032)",Unfall 3952 (2021) Kat:2, Licht: 0,3952,2,7,0,11,13,7,,0,0,1,0,0
"POINT (9.750755125000069 52.385813121000069)",Unfall 3953 (2021) Kat:3, Licht: 2,3953,3,6,2,12,16,7,,2,0,1,0,0
"POINT (9.793199796000067 52.414942978000056)",Unfall 3954 (2021) Kat:3, Licht: 0,3954,3,6,2,12,14,2,,0,0,1,0,0
"POINT (9.751883618000022 52.371986991000028)",Unfall 3955 (2021) Kat:3, Licht: 2,3955,3,6,2,12,19,4,,2,0,1,0,0
"POINT (9.832589068000061 52.382398956000031)",Unfall 3956 (2021) Kat:3, Licht: 1,3956,3,3,5,11,06,3,,1,0,1,0,0
"POINT (9.732715837000057 52.379250361000061)",Unfall 3957 (2021) Kat:3, Licht: 2,3957,3,3,5,12,18,3,,2,0,1,0,0
"POINT (9.761255243000051 52.361036823000063)",Unfall 3958 (2021) Kat:3, Licht: 0,3958,3,2,5,12,08,4,,0,0,1,0,0
"POINT (9.716469697000036 52.388598802000047)",Unfall 3959 (2021) Kat:3, Licht: 0,3959,3,4,6,12,14,6,,0,1,0,1,0
"POINT (9.694093778000024 52.342964285000050)",Unfall 3960 (2021) Kat:3, Licht: 0,3960,3,4,6,12,13,4,,0,0,1,1,0
"POINT (9.745660935000046 52.378734226000063)",Unfall 3961 (2021) Kat:2, Licht: 0,3961,2,3,5,12,11,4,,0,1,0,0,0