WKT,Name,OBJECTID,UKATEGORIE,UTYP1,UART,UMONAT,USTUNDE,UWOCHENTAG,STRZUSTAND,ULICHTVERH,ISTRAD,ISTPKW,ISTFUSS,ISTKRAD
"POINT (9.702974889000075 52.374873160000050)",Unfall 3962 (2021) Kat:3, Licht: 2,3962,3,1,1,12,20,7,,2,1,1,0,0
"POINT (9.710186363000048 52.372517739000045)",Unfall 3963 (2021) Kat:3, Licht: 0,3963,3,3,5,12,15,4,,0,1,0,0,0
"POINT (9.799475597000026 52.479745910000076)",Unfall 3964 (2021) Kat:3, Licht: 1,3964,3,2,6,11,06,3,,1,0,1,1,0
"POINT (9.453980522000052 52.427017104000072)",Unfall 3965 (2021) Kat:3, Licht: 0,3965,3,7,0,11,15,2,,0,1,0,0,0
"POINT (9.806981611000026 52.399280624000028)",Unfall 3966 (2021) Kat:3, Licht: 0,3966,3,2,2,12,12,2,,0,0,1,0,0
"POINT (9.705896478000057 52.373989603000041)",Unfall 3967 (2021) Kat:3, Licht: 0,3967,3,7,0,12,11,6,,0,1,0,0,0
"POINT (9.735269115000051 52.380396076000068)",Unfall 3968 (2021) Kat:3, Licht: 2,3968,3,6,2,11,17,6,,2,0,1,0,0
"POINT (9.975408857000048 52.378156016000048)",Unfall 3969 (2021) Kat:3, Licht: 0,3969,3,7,1,12,10,7,,0,1,1,0,0
"POINT (9.669308541000021 52.351730524000061)",Unfall 3970 (2021) Kat:3, Licht: 2,3970,3,3,5,11,19,5,,2,0,1,0,0
"POINT (9.691591832000029 52.329550562000065)",Unfall 3971 (2021) Kat:3, Licht: 0,3971,3,2,5,11,12,4,,0,1,1,0,0
"POINT (9.709335935000070 52.375995978000049)",Unfall 3972 (2021) Kat:3, Licht: 1,3972,3,3,5,11,15,3,,1,1,1,0,0
"POINT (9.552176433000056 52.214777027000082)",Unfall 3973 (2021) Kat:3, Licht: 0,3973,3,3,5,12,13,4,,0,0,1,0,0
"POINT (9.733359513000039 52.543677494000065)",Unfall 3974 (2021) Kat:2, Licht: 1,3974,2,1,0,12,08,6,,1,1,0,0,0
"POINT (9.849096943000063 52.494705937000049)",Unfall 3975 (2021) Kat:3, Licht: 0,3975,3,7,6,12,10,4,,0,0,1,1,0
"POINT (9.703586273000042 52.374712251000062)",Unfall 3976 (2021) Kat:2, Licht: 0,3976,2,5,1,12,09,3,,0,1,1,0,0
"POINT (9.781261503000053 52.404810513000029)",Unfall 3977 (2021) Kat:3, Licht: 1,3977,3,3,5,12,07,2,,1,1,1,0,0
"POINT (9.739458989000070 52.376677652000069)",Unfall 3978 (2021) Kat:3, Licht: 0,3978,3,7,0,12,12,5,,0,0,0,0,0
"POINT (9.858926000000054 52.496265806000054)",Unfall 3979 (2021) Kat:3, Licht: 1,3979,3,2,6,12,16,2,,1,0,1,1,0
"POINT (9.765755291000062 52.419308673000046)",Unfall 3980 (2021) Kat:3, Licht: 1,3980,3,2,6,12,08,4,,1,0,1,1,0
"POINT (9.357165567000038 52.453389337000033)",Unfall 3981 (2021) Kat:2, Licht: 0,3981,2,7,0,12,10,7,,0,1,0,0,0
"POINT (9.490925719000074 52.289957768000079)",Unfall 3982 (2021) Kat:3, Licht: 2,3982,3,1,0,12,21,5,,2,1,0,0,0
"POINT (9.725605380000047 52.436491347000072)",Unfall 3983 (2021) Kat:3, Licht: 2,3983,3,2,0,12,06,3,,2,1,1,0,0
"POINT (9.755229203000056 52.391348403000052)",Unfall 3984 (2021) Kat:3, Licht: 2,3984,3,3,5,12,20,4,,2,0,1,0,0
"POINT (9.755182051000077 52.344089028000042)",Unfall 3985 (2021) Kat:3, Licht: 1,3985,3,2,5,12,14,3,,1,1,1,0,0
"POINT (9.854141393000077 52.391071125000053)",Unfall 3986 (2021) Kat:3, Licht: 0,3986,3,4,6,12,13,3,,0,1,0,1,0
"POINT (9.757763676000025 52.451371654000070)",Unfall 3987 (2021) Kat:2, Licht: 0,3987,2,7,0,12,12,2,,0,1,0,0,0
"POINT (9.740108531000033 52.440549530000055)",Unfall 3988 (2021) Kat:3, Licht: 0,3988,3,3,0,12,12,5,,0,0,1,0,0
"POINT (9.749462613000048 52.411775440000042)",Unfall 3989 (2021) Kat:3, Licht: 2,3989,3,1,0,12,07,5,,2,1,0,0,0
"POINT (9.797674454000060 52.334266290000073)",Unfall 3990 (2021) Kat:3, Licht: 0,3990,3,3,5,12,08,4,,0,0,1,0,0
"POINT (9.756408738000061 52.390666566000050)",Unfall 3991 (2021) Kat:3, Licht: 0,3991,3,4,6,12,08,4,,0,0,1,1,0
"POINT (9.731831583000030 52.374522192000029)",Unfall 3992 (2021) Kat:2, Licht: 2,3992,2,7,6,11,19,7,,2,0,1,1,0
"POINT (9.591801594000060 52.422167432000037)",Unfall 3993 (2021) Kat:3, Licht: 2,3993,3,7,6,12,17,7,,2,0,1,1,0
"POINT (9.754989717000058 52.384812118000070)",Unfall 3994 (2021) Kat:3, Licht: 2,3994,3,3,5,12,07,3,,2,0,1,0,0
"POINT (9.743805808000047 52.371110470000076)",Unfall 3995 (2021) Kat:3, Licht: 2,3995,3,2,3,12,16,4,,2,1,1,0,0
"POINT (9.762591994000047 52.410287745000062)",Unfall 3996 (2021) Kat:2, Licht: 0,3996,2,2,6,11,08,4,,0,0,1,1,0
"POINT (9.751866102000065 52.421057051000048)",Unfall 3997 (2021) Kat:3, Licht: 2,3997,3,6,2,12,17,4,,2,0,1,0,0
"POINT (9.789488997000035 52.424944694000033)",Unfall 3998 (2021) Kat:3, Licht: 2,3998,3,4,6,12,07,3,,2,0,1,1,0
"POINT (9.634462940000049 52.441422723000073)",Unfall 3999 (2021) Kat:3, Licht: 2,3999,3,6,2,11,19,6,,2,1,0,0,0
"POINT (9.752188510000053 52.463784327000042)",Unfall 4000 (2021) Kat:2, Licht: 1,4000,2,2,6,12,17,6,,1,0,1,1,0
"POINT (9.744228459000055 52.373300432000065)",Unfall 4001 (2021) Kat:3, Licht: 0,4001,3,1,0,12,10,6,,0,1,0,0,0
"POINT (9.692636840000034 52.324966352000047)",Unfall 4002 (2021) Kat:3, Licht: 0,4002,3,6,6,12,16,3,,0,0,1,0,0
"POINT (9.781089700000052 52.399980146000075)",Unfall 4003 (2021) Kat:3, Licht: 2,4003,3,3,5,12,19,7,,2,0,1,0,0
"POINT (9.704791859000068 52.374379036000050)",Unfall 4004 (2021) Kat:3, Licht: 0,4004,3,7,0,12,10,4,,0,1,0,0,0
"POINT (9.977233936000061 52.376800886000069)",Unfall 4005 (2021) Kat:2, Licht: 0,4005,2,2,6,12,14,3,,0,0,1,1,0
"POINT (9.781589895000025 52.415515928000048)",Unfall 4006 (2021) Kat:3, Licht: 2,4006,3,2,0,12,07,5,,2,1,0,0,0
"POINT (9.753336816000058 52.376615957000070)",Unfall 4007 (2021) Kat:2, Licht: 1,4007,2,4,6,11,16,5,,1,1,0,1,0
"POINT (9.759197578000055 52.361695844000053)",Unfall 4008 (2021) Kat:3, Licht: 0,4008,3,2,6,12,09,2,,0,0,1,1,0
"POINT (9.588145769000050 52.446760509000057)",Unfall 4009 (2021) Kat:3, Licht: 0,4009,3,5,1,12,12,3,,0,0,1,0,0
"POINT (9.902794433000054 52.445515021000062)",Unfall 4010 (2021) Kat:3, Licht: 0,4010,3,3,5,12,07,3,,0,0,1,0,0
"POINT (9.809528816000068 52.348774982000066)",Unfall 4011 (2021) Kat:3, Licht: 0,4011,3,3,5,12,10,5,,0,1,1,0,0
"POINT (9.762106368000047 52.366228021000040)",Unfall 4012 (2021) Kat:3, Licht: 1,4012,3,3,5,11,16,5,,1,0,1,0,0
"POINT (9.733810386000073 52.384690844000033)",Unfall 4013 (2021) Kat:3, Licht: 2,4013,3,2,4,11,16,6,,2,0,1,0,0
"POINT (9.604072047000045 52.437953844000049)",Unfall 4014 (2021) Kat:2, Licht: 0,4014,2,2,5,12,09,2,,0,1,1,0,0
"POINT (9.788995118000059 52.330529289000026)",Unfall 4015 (2021) Kat:3, Licht: 0,4015,3,1,9,11,10,7,,0,1,0,0,0
"POINT (9.741758453000045 52.372655088000045)",Unfall 4016 (2021) Kat:3, Licht: 0,4016,3,7,0,12,11,4,,0,0,0,0,0
"POINT (9.792431761000046 52.399916741000027)",Unfall 4017 (2021) Kat:3, Licht: 2,4017,3,2,5,12,18,3,,2,0,1,0,1
"POINT (9.682710647000022 52.394011512000077)",Unfall 4018 (2021) Kat:3, Licht: 2,4018,3,5,1,12,21,6,,2,0,1,0,0
"POINT (9.748754719000033 52.374469930000032)",Unfall 4019 (2021) Kat:3, Licht: 0,4019,3,2,0,11,10,5,,0,1,1,0,0
"POINT (9.819803603000025 52.421229274000041)",Unfall 4020 (2021) Kat:2, Licht: 0,4020,2,1,0,12,14,7,,0,1,0,0,0
"POINT (9.836433316000068 52.342126431000054)",Unfall 4021 (2021) Kat:2, Licht: 2,4021,2,7,6,11,22,4,,2,0,0,1,0
"POINT (9.854351735000023 52.438802254000052)",Unfall 4022 (2021) Kat:3, Licht: 1,4022,3,7,3,11,08,6,,1,1,0,0,1
"POINT (9.687695014000042 52.345957239000029)",Unfall 4023 (2021) Kat:3, Licht: 2,4023,3,5,3,12,17,2,,2,1,1,0,0
"POINT (9.749696383000071 52.449115456000072)",Unfall 4024 (2021) Kat:3, Licht: 2,4024,3,4,6,11,21,3,,2,0,1,1,0
"POINT (9.699069993000023 52.437069400000041)",Unfall 4025 (2021) Kat:3, Licht: 2,4025,3,7,1,11,17,7,,2,0,1,0,0
"POINT (9.747754371000042 52.385498960000064)",Unfall 4026 (2021) Kat:3, Licht: 0,4026,3,5,3,11,12,6,,0,1,1,0,0
"POINT (9.790286755000068 52.408338998000033)",Unfall 4027 (2021) Kat:3, Licht: 0,4027,3,2,3,11,08,3,,0,0,1,0,0
"POINT (9.430666547000044 52.419125317000066)",Unfall 4028 (2021) Kat:3, Licht: 0,4028,3,7,0,11,16,1,,0,0,0,0,0
"POINT (9.748661313000071 52.377719299000034)",Unfall 4029 (2021) Kat:3, Licht: 2,4029,3,6,2,11,02,1,,2,0,1,0,0
"POINT (9.689193348000060 52.402054521000082)",Unfall 4030 (2021) Kat:3, Licht: 1,4030,3,3,5,12,16,1,,1,0,1,0,1
"POINT (9.736920573000077 52.381337813000073)",Unfall 4031 (2021) Kat:3, Licht: 2,4031,3,7,0,11,20,3,,2,1,1,0,0
"POINT (9.733705146000034 52.379848488000050)",Unfall 4032 (2021) Kat:2, Licht: 2,4032,2,3,5,12,20,7,,2,1,1,0,0
"POINT (9.733669044000067 52.399183176000065)",Unfall 4033 (2021) Kat:3, Licht: 0,4033,3,3,2,12,12,6,,0,1,0,0,0
"POINT (9.688507300000026 52.433652129000052)",Unfall 4034 (2021) Kat:2, Licht: 2,4034,2,1,0,12,20,6,,2,1,0,0,0
"POINT (9.610669723000058 52.411355514000036)",Unfall 4035 (2021) Kat:3, Licht: 0,4035,3,7,0,12,15,3,,0,1,0,0,0
"POINT (9.758678214000042 52.362385352000047)",Unfall 4036 (2021) Kat:3, Licht: 1,4036,3,2,6,12,16,5,,1,0,1,1,0
"POINT (9.728815525000073 52.364810457000033)",Unfall 4037 (2021) Kat:3, Licht: 0,4037,3,3,0,11,13,2,,0,0,1,0,1
"POINT (9.801128220000066 52.333959441000047)",Unfall 4038 (2021) Kat:3, Licht: 0,4038,3,1,0,11,12,1,,0,0,0,0,0
"POINT (9.765043221000042 52.453285286000039)",Unfall 4039 (2021) Kat:3, Licht: 2,4039,3,3,5,12,17,4,,2,1,1,0,0
"POINT (9.801789624000037 52.416696151000053)",Unfall 4040 (2021) Kat:2, Licht: 0,4040,2,1,0,11,14,1,,0,1,0,0,0
"POINT (10.116944633000060 52.354242428000077)",Unfall 4041 (2021) Kat:3, Licht: 0,4041,3,3,5,12,13,4,,0,1,0,0,0
"POINT (9.706210906000024 52.374760330000072)",Unfall 4042 (2021) Kat:3, Licht: 0,4042,3,3,5,11,15,2,,0,1,0,0,0
"POINT (9.804374972000062 52.359784509000065)",Unfall 4043 (2021) Kat:3, Licht: 0,4043,3,3,5,12,14,2,,0,1,1,0,0
"POINT (9.739908318000062 52.369161775000066)",Unfall 4044 (2021) Kat:3, Licht: 2,4044,3,1,0,12,20,5,,2,1,0,0,0
"POINT (9.710010256000032 52.367272335000052)",Unfall 4045 (2021) Kat:3, Licht: 2,4045,3,7,0,12,19,2,,2,1,0,0,0
"POINT (9.671624218000034 52.383569788000045)",Unfall 4046 (2021) Kat:3, Licht: 0,4046,3,3,5,12,11,6,,0,0,1,0,0
"POINT (9.812678874000028 52.306143236000082)",Unfall 4047 (2021) Kat:3, Licht: 2,4047,3,2,6,12,16,4,,2,0,1,1,0
"POINT (9.697322822000046 52.355805931000077)",Unfall 4048 (2021) Kat:2, Licht: 0,4048,2,7,0,12,10,3,,0,1,0,0,0
"POINT (9.725292727000067 52.386843637000027)",Unfall 4049 (2021) Kat:3, Licht: 1,4049,3,5,1,12,16,2,,1,0,1,0,0
"POINT (9.737717788000054 52.374643511000045)",Unfall 4050 (2021) Kat:3, Licht: 2,4050,3,1,0,12,07,2,,2,1,0,0,0
"POINT (9.587529132000043 52.417158280000081)",Unfall 4051 (2021) Kat:3, Licht: 1,4051,3,7,6,12,16,5,,1,0,1,1,0
"POINT (9.759752606000063 52.340851213000064)",Unfall 4052 (2021) Kat:3, Licht: 0,4052,3,7,0,12,08,2,,0,1,0,0,0
"POINT (9.695780034000052 52.372375562000059)",Unfall 4053 (2021) Kat:3, Licht: 2,4053,3,2,6,12,17,5,,2,0,1,1,0
"POINT (9.746429669000065 52.383617437000055)",Unfall 4054 (2021) Kat:2, Licht: 2,4054,2,2,6,12,21,5,,2,1,0,1,0
"POINT (9.751550961000021 52.373040996000043)",Unfall 4055 (2021) Kat:2, Licht: 2,4055,2,4,6,12,23,4,,2,0,1,1,0
"POINT (9.742441289000055 52.378319887000032)",Unfall 4056 (2021) Kat:3, Licht: 2,4056,3,7,0,12,17,6,,2,0,0,0,0
"POINT (9.456635311000070 52.504810669000051)",Unfall 4057 (2021) Kat:3, Licht: 0,4057,3,6,4,12,11,5,,0,1,0,0,1
"POINT (9.733450543000060 52.398957533000043)",Unfall 4058 (2021) Kat:3, Licht: 2,4058,3,4,6,12,16,3,,2,0,1,1,0
"POINT (9.847445991000029 52.484757516000059)",Unfall 4059 (2021) Kat:3, Licht: 1,4059,3,1,8,12,16,5,,1,0,1,0,0
"POINT (9.748519383000030 52.393704952000064)",Unfall 4060 (2021) Kat:3, Licht: 2,4060,3,7,0,12,06,2,,2,1,0,0,0
"POINT (9.793178831000034 52.326556461000052)",Unfall 4061 (2021) Kat:3, Licht: 0,4061,3,6,4,12,14,5,,0,0,1,0,0
"POINT (9.743244358000027 52.374975525000082)",Unfall 4062 (2021) Kat:3, Licht: 0,4062,3,5,0,12,11,6,,0,1,1,0,0
"POINT (9.710716464000029 52.386552949000077)",Unfall 4063 (2021) Kat:3, Licht: 2,4063,3,7,0,12,20,4,,2,1,0,0,0
"POINT (9.769730902000049 52.365753837000057)",Unfall 4064 (2021) Kat:3, Licht: 0,4064,3,6,3,12,14,4,,0,0,1,0,0
"POINT (9.674836055000071 52.167348780000054)",Unfall 4065 (2021) Kat:3, Licht: 0,4065,3,3,0,12,14,4,,0,0,0,0,1
"POINT (9.745527975000073 52.395270102000040)",Unfall 4066 (2021) Kat:3, Licht: 0,4066,3,6,0,12,14,6,,0,0,1,0,0
"POINT (9.714710013000058 52.342511228000035)",Unfall 4067 (2021) Kat:3, Licht: 2,4067,3,4,6,12,18,4,,2,1,0,1,0
"POINT (9.728300817000047 52.358976215000041)",Unfall 4068 (2021) Kat:3, Licht: 0,4068,3,3,5,12,13,4,,0,1,1,0,0
"POINT (9.655164107000076 52.348365675000082)",Unfall 4069 (2021) Kat:3, Licht: 2,4069,3,3,5,12,17,3,,2,0,1,0,0
"POINT (9.753517243000033 52.380226921000030)",Unfall 4070 (2021) Kat:3, Licht: 0,4070,3,1,0,12,08,2,,0,1,0,0,0
"POINT (9.740181185000040 52.412225452000030)",Unfall 4071 (2021) Kat:2, Licht: 2,4071,2,4,6,12,16,3,,2,0,1,1,0
"POINT (9.467437180000047 52.301985236000064)",Unfall 4072 (2021) Kat:3, Licht: 0,4072,3,7,0,12,14,4,,0,1,0,0,0
"POINT (9.763988603000030 52.363002313000038)",Unfall 4073 (2021) Kat:3, Licht: 2,4073,3,6,0,12,07,2,,2,1,0,0,0
"POINT (9.560837441000047 52.281358269000066)",Unfall 4074 (2021) Kat:3, Licht: 1,4074,3,7,0,01,16,7,,1,1,0,0,0
"POINT (9.761296131000051 52.389172722000069)",Unfall 4075 (2021) Kat:3, Licht: 0,4075,3,1,0,01,15,2,,0,1,0,0,0
"POINT (9.800579909000021 52.374025596000081)",Unfall 4076 (2021) Kat:3, Licht: 0,4076,3,6,4,01,13,4,,0,1,0,0,0
"POINT (9.760595341000055 52.400323984000067)",Unfall 4077 (2021) Kat:3, Licht: 0,4077,3,1,0,01,08,4,,0,1,0,0,0
"POINT (9.720256894000045 52.369970978000026)",Unfall 4078 (2021) Kat:3, Licht: 0,4078,3,7,0,01,08,4,,0,1,0,0,0
"POINT (9.709198494000077 52.401244470000051)",Unfall 4079 (2021) Kat:3, Licht: 2,4079,3,1,0,01,06,4,,2,1,0,0,0
"POINT (9.815889892000030 52.347378895000077)",Unfall 4080 (2021) Kat:3, Licht: 2,4080,3,6,6,02,00,5,,2,1,0,1,0
"POINT (9.792654572000060 52.408987074000038)",Unfall 4081 (2021) Kat:3, Licht: 0,4081,3,1,0,02,11,2,,0,1,0,0,0
"POINT (9.713454326000033 52.376432986000054)",Unfall 4082 (2021) Kat:3, Licht: 0,4082,3,7,0,02,07,3,,0,1,0,0,0
"POINT (9.639696781000055 52.310674063000079)",Unfall 4083 (2021) Kat:3, Licht: 0,4083,3,7,0,02,16,6,,0,1,0,0,0
"POINT (9.941742572000067 52.318739671000060)",Unfall 4084 (2021) Kat:2, Licht: 0,4084,2,7,0,02,15,7,,0,1,0,0,0
"POINT (9.684608857000057 52.317939102000082)",Unfall 4085 (2021) Kat:3, Licht: 0,4085,3,7,0,02,16,1,,0,1,0,0,0
"POINT (9.766820320000022 52.382222991000049)",Unfall 4086 (2021) Kat:3, Licht: 0,4086,3,7,0,02,09,4,,0,1,0,0,0
"POINT (9.464614160000053 52.437157635000062)",Unfall 4087 (2021) Kat:3, Licht: 0,4087,3,7,0,02,09,6,,0,1,0,1,0
"POINT (9.746696736000047 52.392831047000072)",Unfall 4088 (2021) Kat:3, Licht: 0,4088,3,7,0,02,16,1,,0,1,0,0,0
"POINT (9.435953555000026 52.428899634000061)",Unfall 4089 (2021) Kat:3, Licht: 0,4089,3,4,6,03,17,3,,0,1,0,1,0
"POINT (9.798924429000067 52.259788254000057)",Unfall 4090 (2021) Kat:2, Licht: 0,4090,2,1,8,03,12,4,,0,1,0,0,0
"POINT (9.756133284000043 52.365447758000073)",Unfall 4091 (2021) Kat:3, Licht: 0,4091,3,3,5,03,09,4,,0,1,1,0,0
"POINT (9.762402137000038 52.392400723000037)",Unfall 4092 (2021) Kat:3, Licht: 0,4092,3,7,0,03,10,6,,0,1,0,0,0
"POINT (9.719390956000041 52.345777592000047)",Unfall 4093 (2021) Kat:2, Licht: 0,4093,2,6,6,03,09,7,,0,1,0,1,0
"POINT (9.709919897000077 52.378950906000057)",Unfall 4094 (2021) Kat:3, Licht: 2,4094,3,7,7,03,00,1,,2,1,0,0,0
"POINT (9.778086137000059 52.354845717000046)",Unfall 4095 (2021) Kat:2, Licht: 0,4095,2,1,0,03,16,3,,0,1,0,0,0
"POINT (9.581385381000075 52.457502835000071)",Unfall 4096 (2021) Kat:3, Licht: 0,4096,3,3,5,03,17,6,,0,1,1,0,0
"POINT (9.914315090000059 52.439482265000038)",Unfall 4097 (2021) Kat:2, Licht: 0,4097,2,7,0,03,16,7,,0,1,0,0,0
"POINT (9.765518300000053 52.393677820000050)",Unfall 4098 (2021) Kat:2, Licht: 2,4098,2,1,9,03,01,1,,2,1,0,0,0
"POINT (9.742650921000063 52.398585551000053)",Unfall 4099 (2021) Kat:3, Licht: 0,4099,3,6,6,03,18,4,,0,1,0,1,0
"POINT (9.815562152000041 52.402884157000074)",Unfall 4100 (2021) Kat:3, Licht: 0,4100,3,6,4,03,07,4,,0,1,0,0,0
"POINT (9.729865106000034 52.379550738000034)",Unfall 4101 (2021) Kat:3, Licht: 0,4101,3,7,0,04,18,7,,0,1,0,0,0
"POINT (9.745254385000067 52.349106717000041)",Unfall 4102 (2021) Kat:3, Licht: 0,4102,3,6,2,04,14,1,,0,1,0,0,0
"POINT (9.709980829000074 52.379061907000050)",Unfall 4103 (2021) Kat:3, Licht: 0,4103,3,4,6,04,16,2,,0,1,0,1,0
"POINT (9.702238803000057 52.320365845000026)",Unfall 4104 (2021) Kat:3, Licht: 0,4104,3,4,6,04,12,1,,0,1,0,1,0
"POINT (9.711546591000058 52.384580453000069)",Unfall 4105 (2021) Kat:3, Licht: 0,4105,3,2,5,04,16,6,,0,1,0,0,0
"POINT (9.751863129000071 52.342216813000050)",Unfall 4106 (2021) Kat:3, Licht: 0,4106,3,6,6,04,18,6,,0,1,0,1,0
"POINT (9.729320735000044 52.351486907000037)",Unfall 4107 (2021) Kat:2, Licht: 0,4107,2,1,0,04,16,4,,0,1,0,0,0
"POINT (9.750808840000047 52.348258022000039)",Unfall 4108 (2021) Kat:2, Licht: 0,4108,2,7,0,04,14,4,,0,1,0,0,0
"POINT (9.755448355000055 52.337640332000035)",Unfall 4109 (2021) Kat:3, Licht: 2,4109,3,1,0,04,21,4,,2,1,0,0,0
"POINT (9.748963717000038 52.390468243000043)",Unfall 4110 (2021) Kat:3, Licht: 0,4110,3,1,0,04,09,5,,0,1,0,0,0
"POINT (9.816998329000057 52.403991831000042)",Unfall 4111 (2021) Kat:3, Licht: 0,4111,3,7,0,05,18,1,,0,1,0,0,0
"POINT (9.784849099000041 52.358786451000071)",Unfall 4112 (2021) Kat:2, Licht: 0,4112,2,6,2,05,14,1,,0,1,0,0,0
"POINT (9.773407325000051 52.496903549000081)",Unfall 4113 (2021) Kat:3, Licht: 0,4113,3,1,0,05,14,1,,0,1,0,0,0
"POINT (10.006674031000045 52.442709373000071)",Unfall 4114 (2021) Kat:3, Licht: 0,4114,3,6,2,05,17,5,,0,1,0,0,0
"POINT (9.745145622000052 52.394077788000061)",Unfall 4115 (2021) Kat:3, Licht: 1,4115,3,2,5,05,21,1,,1,1,1,0,0
"POINT (9.746723489000033 52.488997604000076)",Unfall 4116 (2021) Kat:3, Licht: 0,4116,3,7,0,05,16,5,,0,1,0,0,0
"POINT (9.715850655000054 52.381617999000071)",Unfall 4117 (2021) Kat:3, Licht: 0,4117,3,6,4,05,20,6,,0,1,0,0,0
"POINT (9.710545633000038 52.377523310000072)",Unfall 4118 (2021) Kat:3, Licht: 0,4118,3,6,0,05,11,1,,0,1,0,0,0
"POINT (9.781834569000068 52.356922073000078)",Unfall 4119 (2021) Kat:1, Licht: 0,4119,1,7,0,05,17,2,,0,1,0,0,0
"POINT (9.712079235000033 52.384801327000048)",Unfall 4120 (2021) Kat:3, Licht: 0,4120,3,4,4,05,14,2,,0,1,0,1,0
"POINT (9.810678448000033 52.369162717000052)",Unfall 4121 (2021) Kat:2, Licht: 0,4121,2,3,5,05,13,6,,0,1,0,0,0
"POINT (9.765205342000058 52.323062804000074)",Unfall 4122 (2021) Kat:2, Licht: 0,4122,2,1,0,05,13,1,,0,1,0,0,0
"POINT (9.744547066000052 52.345511163000026)",Unfall 4123 (2021) Kat:3, Licht: 0,4123,3,1,0,05,15,2,,0,1,0,0,0
"POINT (9.736372876000075 52.351288074000081)",Unfall 4124 (2021) Kat:3, Licht: 0,4124,3,7,7,05,18,2,,0,1,0,1,0
"POINT (9.808238751000033 52.345762250000064)",Unfall 4125 (2021) Kat:3, Licht: 0,4125,3,7,0,06,11,3,,0,1,0,0,0
"POINT (9.761972312000069 52.387304097000026)",Unfall 4126 (2021) Kat:3, Licht: 0,4126,3,6,2,06,19,4,,0,1,0,0,0
"POINT (9.606315176000066 52.431625879000080)",Unfall 4127 (2021) Kat:3, Licht: 0,4127,3,7,7,06,19,6,,0,1,0,0,0
"POINT (9.799705048000021 52.365992909000056)",Unfall 4128 (2021) Kat:3, Licht: 0,4128,3,7,0,06,12,6,,0,1,0,0,0
"POINT (9.720306700000037 52.400880727000072)",Unfall 4129 (2021) Kat:3, Licht: 0,4129,3,2,5,06,19,1,,0,1,0,0,0
"POINT (9.820333706000042 52.400018542000055)",Unfall 4130 (2021) Kat:3, Licht: 0,4130,3,1,0,06,16,1,,0,1,0,0,0
"POINT (10.206284144000051 52.474136201000078)",Unfall 4131 (2021) Kat:3, Licht: 0,4131,3,6,4,06,16,3,,0,1,1,0,0
"POINT (9.696970352000051 52.238568047000058)",Unfall 4132 (2021) Kat:2, Licht: 0,4132,2,1,0,06,17,4,,0,1,0,0,0
"POINT (9.786120501000028 52.384920625000063)",Unfall 4133 (2021) Kat:3, Licht: 0,4133,3,1,0,06,18,4,,0,1,0,0,0
"POINT (9.777370419000022 52.373143740000046)",Unfall 4134 (2021) Kat:3, Licht: 0,4134,3,3,5,06,13,5,,0,1,0,0,0
"POINT (9.774336982000023 52.359907758000077)",Unfall 4135 (2021) Kat:3, Licht: 0,4135,3,2,0,06,17,5,,0,1,0,0,0
"POINT (9.731025756000065 52.356306065000069)",Unfall 4136 (2021) Kat:2, Licht: 0,4136,2,7,0,06,17,6,,0,1,0,0,1
"POINT (9.717016220000062 52.373307107000073)",Unfall 4137 (2021) Kat:3, Licht: 2,4137,3,3,5,06,23,6,,2,1,0,0,0
"POINT (9.700267165000071 52.321651088000067)",Unfall 4138 (2021) Kat:2, Licht: 0,4138,2,6,4,06,14,2,,0,1,0,0,0
"POINT (9.436619552000025 52.498313348000067)",Unfall 4139 (2021) Kat:3, Licht: 0,4139,3,7,0,06,11,2,,0,1,0,0,0
"POINT (9.731395644000031 52.378647860000058)",Unfall 4140 (2021) Kat:3, Licht: 0,4140,3,1,8,06,16,5,,0,1,0,0,0
"POINT (9.734612556000059 52.367156160000036)",Unfall 4141 (2021) Kat:3, Licht: 0,4141,3,1,0,06,12,5,,0,1,0,0,0
"POINT (9.714423742000065 52.376221321000060)",Unfall 4142 (2021) Kat:3, Licht: 2,4142,3,6,3,06,21,6,,2,1,0,0,0
"POINT (10.001864152000053 52.440916446000074)",Unfall 4143 (2021) Kat:3, Licht: 0,4143,3,7,7,06,17,1,,0,1,0,1,0
"POINT (9.727737051000076 52.380717589000028)",Unfall 4144 (2021) Kat:3, Licht: 0,4144,3,7,0,06,18,1,,0,1,0,0,0
"POINT (9.816757596000059 52.284059852000041)",Unfall 4145 (2021) Kat:3, Licht: 0,4145,3,7,0,06,20,4,,0,1,0,0,0
"POINT (9.425874448000059 52.406809932000044)",Unfall 4146 (2021) Kat:3, Licht: 0,4146,3,7,0,06,11,7,,0,1,0,1,0
"POINT (9.740077063000058 52.361525270000072)",Unfall 4147 (2021) Kat:3, Licht: 2,4147,3,6,4,06,01,7,,2,1,0,0,0
"POINT (9.715702559000022 52.382311929000082)",Unfall 4148 (2021) Kat:3, Licht: 0,4148,3,1,0,06,17,7,,0,1,0,0,0
"POINT (9.739676073000055 52.407395171000076)",Unfall 4149 (2021) Kat:3, Licht: 0,4149,3,1,0,06,09,1,,0,1,0,0,0
"POINT (9.721713260000058 52.366556062000029)",Unfall 4150 (2021) Kat:3, Licht: 1,4150,3,6,6,06,19,4,,1,1,0,1,0
"POINT (9.774919247000071 52.380861399000082)",Unfall 4151 (2021) Kat:3, Licht: 0,4151,3,1,0,07,13,1,,0,1,0,0,0
"POINT (9.711233481000022 52.375752690000070)",Unfall 4152 (2021) Kat:3, Licht: 2,4152,3,6,6,07,01,1,,2,1,0,1,0
"POINT (9.839764632000026 52.503213708000033)",Unfall 4153 (2021) Kat:2, Licht: 2,4153,2,7,0,07,23,5,,2,1,0,0,0
"POINT (9.961910870000054 52.389306060000081)",Unfall 4154 (2021) Kat:3, Licht: 0,4154,3,1,0,07,19,7,,0,1,0,0,0