WKT,Name,OBJECTID,UKATEGORIE,UTYP1,UART,UMONAT,USTUNDE,UWOCHENTAG,STRZUSTAND,ULICHTVERH,ISTRAD,ISTPKW,ISTFUSS,ISTKRAD
"POINT (9.708810194000023 52.378163584000049)",Unfall 4155 (2021) Kat:3, Licht: 0,4155,3,3,9,07,14,7,,0,1,0,0,0
"POINT (9.851760647000049 52.424708742000064)",Unfall 4156 (2021) Kat:3, Licht: 0,4156,3,7,0,07,20,3,,0,1,0,0,0
"POINT (9.734986406000075 52.390327082000056)",Unfall 4157 (2021) Kat:2, Licht: 0,4157,2,1,0,07,16,3,,0,1,0,0,0
"POINT (9.711323885000070 52.380740051000032)",Unfall 4158 (2021) Kat:3, Licht: 0,4158,3,6,4,07,17,3,,0,1,0,0,0
"POINT (9.812364835000039 52.373023723000074)",Unfall 4159 (2021) Kat:3, Licht: 0,4159,3,7,0,07,09,5,,0,1,0,0,0
"POINT (9.798616949000063 52.373907180000060)",Unfall 4160 (2021) Kat:2, Licht: 0,4160,2,6,0,07,17,1,,0,1,0,0,0
"POINT (9.459876809000036 52.295106225000040)",Unfall 4161 (2021) Kat:3, Licht: 0,4161,3,7,0,07,16,1,,0,1,0,0,0
"POINT (9.866775728000050 52.336261587000081)",Unfall 4162 (2021) Kat:2, Licht: 0,4162,2,6,3,07,16,1,,0,1,0,0,0
"POINT (9.760127446000070 52.360321662000047)",Unfall 4163 (2021) Kat:3, Licht: 0,4163,3,6,4,07,16,1,,0,1,0,0,0
"POINT (9.320002969000029 52.442865915000027)",Unfall 4164 (2021) Kat:2, Licht: 0,4164,2,7,0,07,18,5,,0,1,0,0,0
"POINT (9.683063062000031 52.347749109000063)",Unfall 4165 (2021) Kat:3, Licht: 0,4165,3,6,4,07,16,5,,0,1,0,0,0
"POINT (9.738892887000077 52.356254439000054)",Unfall 4166 (2021) Kat:3, Licht: 0,4166,3,1,8,07,15,7,,0,1,0,0,0
"POINT (9.788636439000072 52.373365656000033)",Unfall 4167 (2021) Kat:3, Licht: 0,4167,3,7,0,07,17,1,,0,1,0,0,0
"POINT (9.851349671000037 52.349330334000058)",Unfall 4168 (2021) Kat:3, Licht: 0,4168,3,1,8,07,17,2,,0,1,0,0,0
"POINT (9.714106510000022 52.376662655000075)",Unfall 4169 (2021) Kat:3, Licht: 0,4169,3,3,5,07,11,2,,0,1,0,0,0
"POINT (9.745417537000037 52.350747529000046)",Unfall 4170 (2021) Kat:3, Licht: 1,4170,3,1,0,07,21,7,,1,1,0,0,0
"POINT (9.916845056000057 52.306416818000059)",Unfall 4171 (2021) Kat:3, Licht: 0,4171,3,6,4,08,12,3,,0,1,0,0,0
"POINT (9.743968853000069 52.446469013000069)",Unfall 4172 (2021) Kat:3, Licht: 0,4172,3,3,5,08,14,5,,0,1,0,0,0
"POINT (9.649804708000033 52.386855562000051)",Unfall 4173 (2021) Kat:3, Licht: 0,4173,3,6,6,08,17,7,,0,1,0,1,0
"POINT (9.697744815000021 52.377727482000068)",Unfall 4174 (2021) Kat:3, Licht: 0,4174,3,7,0,08,10,4,,0,1,0,0,0
"POINT (9.822475270000041 52.304960220000055)",Unfall 4175 (2021) Kat:2, Licht: 0,4175,2,3,5,08,13,4,,0,1,0,0,0
"POINT (9.731042723000030 52.356546323000032)",Unfall 4176 (2021) Kat:3, Licht: 0,4176,3,1,0,08,15,6,,0,1,0,0,0
"POINT (9.842889509000031 52.344818057000055)",Unfall 4177 (2021) Kat:2, Licht: 0,4177,2,7,0,08,14,3,,0,1,0,1,0
"POINT (9.715597551000030 52.382079439000051)",Unfall 4178 (2021) Kat:3, Licht: 0,4178,3,2,5,08,18,3,,0,1,0,0,0
"POINT (9.394078457000035 52.454323979000037)",Unfall 4179 (2021) Kat:2, Licht: 0,4179,2,7,0,08,12,4,,0,1,0,0,0
"POINT (9.738906220000047 52.355742231000079)",Unfall 4180 (2021) Kat:2, Licht: 0,4180,2,7,7,08,07,5,,0,1,0,0,0
"POINT (9.720243695000022 52.391447062000054)",Unfall 4181 (2021) Kat:3, Licht: 2,4181,3,1,0,08,05,7,,2,1,0,0,0
"POINT (9.717507485000056 52.372927665000077)",Unfall 4182 (2021) Kat:3, Licht: 0,4182,3,1,0,09,12,4,,0,1,0,0,0
"POINT (9.764583572000049 52.349155518000032)",Unfall 4183 (2021) Kat:3, Licht: 0,4183,3,4,6,09,15,6,,0,1,0,1,0
"POINT (9.764351602000033 52.306791006000026)",Unfall 4184 (2021) Kat:3, Licht: 0,4184,3,7,7,09,17,1,,0,1,0,0,0
"POINT (9.606854545000033 52.417888500000061)",Unfall 4185 (2021) Kat:3, Licht: 0,4185,3,7,6,09,17,2,,0,1,0,1,0
"POINT (9.727605917000062 52.359871802000043)",Unfall 4186 (2021) Kat:3, Licht: 0,4186,3,1,0,09,15,4,,0,1,0,0,0
"POINT (9.786734362000061 52.388514252000050)",Unfall 4187 (2021) Kat:3, Licht: 0,4187,3,1,0,09,09,4,,0,1,0,0,0
"POINT (9.739740750000067 52.353557779000027)",Unfall 4188 (2021) Kat:2, Licht: 0,4188,2,3,5,09,11,5,,0,1,0,0,0
"POINT (9.597489697000071 52.410372119000044)",Unfall 4189 (2021) Kat:3, Licht: 0,4189,3,7,7,09,15,5,,0,1,0,0,0
"POINT (9.713454326000033 52.376432986000054)",Unfall 4190 (2021) Kat:3, Licht: 2,4190,3,1,0,09,20,1,,2,1,0,0,0
"POINT (9.808026509000058 52.410515946000032)",Unfall 4191 (2021) Kat:3, Licht: 0,4191,3,5,3,09,08,5,,0,1,1,0,0
"POINT (9.935224402000074 52.513635875000034)",Unfall 4192 (2021) Kat:3, Licht: 0,4192,3,2,0,09,17,3,,0,1,1,0,0
"POINT (9.806310815000074 52.287997374000042)",Unfall 4193 (2021) Kat:3, Licht: 0,4193,3,6,4,09,13,4,,0,1,0,0,1
"POINT (9.804018301000042 52.405277547000026)",Unfall 4194 (2021) Kat:3, Licht: 0,4194,3,6,4,09,14,6,,0,1,0,0,1
"POINT (9.694732678000037 52.377044268000077)",Unfall 4195 (2021) Kat:3, Licht: 0,4195,3,3,5,09,12,1,,0,1,0,0,0
"POINT (9.693162764000022 52.359697962000041)",Unfall 4196 (2021) Kat:3, Licht: 0,4196,3,6,4,09,09,4,,0,1,0,0,0
"POINT (9.337373814000046 52.388024075000033)",Unfall 4197 (2021) Kat:2, Licht: 0,4197,2,6,3,10,17,6,,0,1,0,0,0
"POINT (9.753479427000059 52.370007446000045)",Unfall 4198 (2021) Kat:3, Licht: 0,4198,3,2,3,10,12,6,,0,1,1,0,0
"POINT (9.966968193000071 52.375407289000066)",Unfall 4199 (2021) Kat:3, Licht: 2,4199,3,7,0,10,00,7,,2,1,0,0,0
"POINT (9.793926368000029 52.406502337000063)",Unfall 4200 (2021) Kat:3, Licht: 0,4200,3,7,0,10,16,7,,0,1,0,0,0
"POINT (9.767277936000028 52.351579774000072)",Unfall 4201 (2021) Kat:3, Licht: 0,4201,3,7,0,10,12,7,,0,1,0,0,0
"POINT (9.673259931000075 52.409952357000066)",Unfall 4202 (2021) Kat:3, Licht: 0,4202,3,7,0,10,08,2,,0,1,0,0,0
"POINT (9.714638727000022 52.375922317000061)",Unfall 4203 (2021) Kat:3, Licht: 0,4203,3,6,4,10,15,2,,0,1,0,0,0
"POINT (9.734526536000033 52.362092328000074)",Unfall 4204 (2021) Kat:3, Licht: 2,4204,3,7,0,10,23,7,,2,1,0,0,0
"POINT (9.760626293000030 52.426604954000027)",Unfall 4205 (2021) Kat:3, Licht: 0,4205,3,1,4,10,15,1,,0,1,0,0,0
"POINT (9.428197557000033 52.424988840000026)",Unfall 4206 (2021) Kat:3, Licht: 0,4206,3,1,0,10,12,3,,0,1,0,0,0
"POINT (9.759975298000029 52.387716545000046)",Unfall 4207 (2021) Kat:3, Licht: 0,4207,3,1,0,10,09,6,,0,1,0,0,0
"POINT (9.729000524000071 52.355894130000081)",Unfall 4208 (2021) Kat:3, Licht: 0,4208,3,6,6,10,13,2,,0,1,0,1,0
"POINT (9.715544306000027 52.361587940000049)",Unfall 4209 (2021) Kat:3, Licht: 0,4209,3,3,5,10,10,3,,0,1,1,0,0
"POINT (9.690022113000055 52.379997181000078)",Unfall 4210 (2021) Kat:2, Licht: 2,4210,2,7,0,10,01,5,,2,1,0,0,0
"POINT (9.428624932000048 52.425095383000041)",Unfall 4211 (2021) Kat:2, Licht: 0,4211,2,1,0,10,11,3,,0,1,0,0,0
"POINT (9.754461633000062 52.405226124000080)",Unfall 4212 (2021) Kat:3, Licht: 0,4212,3,3,5,10,14,5,,0,1,0,0,0
"POINT (9.855236485000034 52.369252123000081)",Unfall 4213 (2021) Kat:2, Licht: 0,4213,2,7,0,10,13,5,,0,1,0,0,0
"POINT (9.800411693000058 52.405655673000069)",Unfall 4214 (2021) Kat:3, Licht: 2,4214,3,7,0,11,17,2,,2,1,0,0,0
"POINT (9.782735608000053 52.374227984000072)",Unfall 4215 (2021) Kat:3, Licht: 0,4215,3,1,0,11,07,4,,0,1,0,0,0
"POINT (9.675114514000029 52.161219788000039)",Unfall 4216 (2021) Kat:3, Licht: 0,4216,3,7,0,11,15,2,,0,1,0,1,0
"POINT (9.520542748000025 52.287520508000057)",Unfall 4217 (2021) Kat:3, Licht: 0,4217,3,7,0,11,13,5,,0,1,0,1,0
"POINT (9.791627214000073 52.484014341000034)",Unfall 4218 (2021) Kat:2, Licht: 0,4218,2,7,0,11,15,1,,0,1,0,0,0
"POINT (9.788425200000063 52.373353559000066)",Unfall 4219 (2021) Kat:3, Licht: 0,4219,3,6,6,12,15,3,,0,1,0,1,0
"POINT (9.827591858000062 52.409686623000027)",Unfall 4220 (2021) Kat:2, Licht: 2,4220,2,7,0,12,16,6,,2,1,0,0,0
"POINT (9.430454031000068 52.471741667000060)",Unfall 4221 (2021) Kat:3, Licht: 0,4221,3,1,0,12,11,1,,0,1,0,0,0
"POINT (9.651241171000040 52.420272059000098)",Unfall 7704 (2022) Kat:3, Licht: 1,7704,3,6,2,01,15,3,,1,0,1,0,0
"POINT (9.457034174000061 52.501283151000102)",Unfall 7724 (2022) Kat:3, Licht: 0,7724,3,3,5,01,12,6,,0,0,1,0,0
"POINT (9.863606109000051 52.473528872000003)",Unfall 7731 (2022) Kat:3, Licht: 2,7731,3,1,4,01,19,5,,2,0,1,0,0
"POINT (9.574224201000050 52.282128092000100)",Unfall 7733 (2022) Kat:3, Licht: 2,7733,3,6,2,01,08,3,,2,0,1,0,0
"POINT (9.735625964000061 52.396082032000002)",Unfall 7741 (2022) Kat:2, Licht: 2,7741,2,3,5,01,19,5,,2,1,1,0,0
"POINT (9.862489974000029 52.421697648000098)",Unfall 7750 (2022) Kat:3, Licht: 0,7750,3,6,2,01,13,7,,0,0,1,0,0
"POINT (9.819529493000060 52.310298027999998)",Unfall 7759 (2022) Kat:3, Licht: 2,7759,3,6,2,01,17,3,,2,0,1,0,0
"POINT (10.013260521000101 52.443625723000103)",Unfall 7760 (2022) Kat:3, Licht: 0,7760,3,3,5,01,12,4,,0,1,1,0,0
"POINT (9.734201756000060 52.438588642000099)",Unfall 7773 (2022) Kat:3, Licht: 0,7773,3,2,3,01,14,6,,0,1,1,0,0
"POINT (9.563376193000069 52.421897711000000)",Unfall 7783 (2022) Kat:2, Licht: 2,7783,2,6,2,01,22,2,,2,0,1,0,0
"POINT (9.826687492000080 52.362247802000098)",Unfall 7784 (2022) Kat:3, Licht: 0,7784,3,1,0,01,09,3,,0,0,0,0,1
"POINT (9.523201882000020 52.461256157000001)",Unfall 7789 (2022) Kat:3, Licht: 0,7789,3,1,0,01,11,6,,0,0,0,0,1
"POINT (9.588093627000029 52.184423320000100)",Unfall 7810 (2022) Kat:3, Licht: 2,7810,3,7,8,01,06,2,,2,0,1,0,0
"POINT (9.789847441000060 52.556288705999997)",Unfall 7813 (2022) Kat:3, Licht: 0,7813,3,6,2,01,14,6,,0,0,1,0,0
"POINT (9.901396772000060 52.396837721000097)",Unfall 7834 (2022) Kat:3, Licht: 0,7834,3,6,2,01,13,6,,0,0,1,0,0
"POINT (9.815313039000049 52.319342261000003)",Unfall 7844 (2022) Kat:3, Licht: 0,7844,3,6,2,02,16,6,,0,0,1,0,0
"POINT (9.670964109000071 52.377152158999998)",Unfall 7863 (2022) Kat:3, Licht: 1,7863,3,3,5,01,07,5,,1,1,1,0,0
"POINT (9.726263143000040 52.388449948000101)",Unfall 7868 (2022) Kat:3, Licht: 1,7868,3,6,2,01,15,5,,1,0,1,0,0
"POINT (9.743306642000050 52.368208137000103)",Unfall 7871 (2022) Kat:3, Licht: 2,7871,3,6,2,01,16,5,,2,0,1,0,0
"POINT (9.774439857000059 52.343111728000103)",Unfall 7880 (2022) Kat:3, Licht: 0,7880,3,6,2,01,16,6,,0,0,1,0,0
"POINT (9.624429970000049 52.280768481999999)",Unfall 7881 (2022) Kat:3, Licht: 2,7881,3,1,8,01,21,4,,2,0,1,0,0
"POINT (9.785447486000070 52.200324131000102)",Unfall 7904 (2022) Kat:3, Licht: 2,7904,3,3,5,01,07,4,,2,0,1,0,0
"POINT (9.935575604000061 52.369155197000097)",Unfall 7909 (2022) Kat:2, Licht: 2,7909,2,7,8,01,05,2,,2,0,1,0,0
"POINT (9.663075951000049 52.384734647000101)",Unfall 7910 (2022) Kat:3, Licht: 0,7910,3,6,2,01,14,6,,0,0,1,0,0
"POINT (9.506284664000081 52.289513599000003)",Unfall 7913 (2022) Kat:3, Licht: 0,7913,3,6,2,01,12,3,,0,0,1,0,0
"POINT (9.565557839000061 52.599793327000000)",Unfall 7929 (2022) Kat:3, Licht: 0,7929,3,6,2,01,12,2,,0,0,1,0,0
"POINT (9.586659066000040 52.436349929000102)",Unfall 7932 (2022) Kat:3, Licht: 0,7932,3,6,2,02,16,6,,0,0,1,0,0
"POINT (9.701051872000050 52.371106437999998)",Unfall 7951 (2022) Kat:3, Licht: 1,7951,3,6,2,01,07,5,,1,0,1,0,0
"POINT (9.775426490000029 52.371303744999999)",Unfall 7952 (2022) Kat:3, Licht: 2,7952,3,1,9,01,06,1,,2,0,1,0,0
"POINT (9.720129558000050 52.344256911000102)",Unfall 7963 (2022) Kat:3, Licht: 2,7963,3,6,2,01,17,2,,2,0,1,0,0
"POINT (9.866424397000060 52.341333674000097)",Unfall 7967 (2022) Kat:2, Licht: 2,7967,2,5,1,01,01,6,,2,0,1,0,0
"POINT (9.749164033000060 52.361865258000101)",Unfall 7976 (2022) Kat:3, Licht: 0,7976,3,6,2,01,11,2,,0,0,1,0,0
"POINT (9.797173190000020 52.414278815000003)",Unfall 8010 (2022) Kat:3, Licht: 2,8010,3,2,4,01,17,2,,2,1,1,0,0
"POINT (9.665783374000060 52.357710541000102)",Unfall 8053 (2022) Kat:3, Licht: 2,8053,3,3,5,01,17,6,,2,0,1,0,0
"POINT (9.802321684000050 52.340764529000097)",Unfall 8062 (2022) Kat:3, Licht: 0,8062,3,6,2,01,12,2,,0,0,1,0,0
"POINT (9.661387089000071 52.376961152000000)",Unfall 8065 (2022) Kat:3, Licht: 2,8065,3,3,5,02,19,6,,2,0,1,0,0
"POINT (9.600118142000040 52.288033138000102)",Unfall 8071 (2022) Kat:3, Licht: 2,8071,3,1,9,01,23,6,,2,0,1,0,0
"POINT (9.681335428000070 52.380864186000103)",Unfall 8077 (2022) Kat:3, Licht: 2,8077,3,7,0,01,17,4,,2,0,1,0,0
"POINT (9.650168897000070 52.393480298999997)",Unfall 8094 (2022) Kat:3, Licht: 0,8094,3,2,4,01,16,2,,0,0,1,0,0
"POINT (9.794545283000049 52.274091987000098)",Unfall 8106 (2022) Kat:3, Licht: 0,8106,3,6,2,02,16,5,,0,0,1,0,0
"POINT (9.863630867000040 52.330239474999999)",Unfall 8145 (2022) Kat:1, Licht: 0,8145,1,6,2,02,15,3,,0,0,1,0,0
"POINT (9.462779722000050 52.346113862999999)",Unfall 8151 (2022) Kat:2, Licht: 2,8151,2,1,9,02,22,6,,2,0,1,0,0
"POINT (10.133859740000000 52.459257854000001)",Unfall 8166 (2022) Kat:3, Licht: 2,8166,3,3,5,01,17,3,,2,0,1,0,0
"POINT (9.613534932000050 52.392190351000103)",Unfall 8183 (2022) Kat:2, Licht: 0,8183,2,3,5,01,12,2,,0,0,1,0,0
"POINT (9.855928589000030 52.388908048000097)",Unfall 8195 (2022) Kat:3, Licht: 2,8195,3,3,5,01,17,3,,2,1,1,0,0
"POINT (9.630096771000071 52.501563540000099)",Unfall 8209 (2022) Kat:3, Licht: 2,8209,3,3,5,02,06,3,,2,1,1,0,0
"POINT (9.781180524000041 52.324732589000099)",Unfall 8210 (2022) Kat:3, Licht: 2,8210,3,3,5,02,16,4,,2,0,1,0,0
"POINT (9.719366979000030 52.346575582000099)",Unfall 8212 (2022) Kat:3, Licht: 2,8212,3,2,2,01,06,2,,2,0,1,0,0
"POINT (10.183834434000101 52.465356796000002)",Unfall 8213 (2022) Kat:3, Licht: 0,8213,3,1,8,01,11,7,,0,0,1,0,0
"POINT (9.607675707000061 52.446783955999997)",Unfall 8223 (2022) Kat:3, Licht: 2,8223,3,2,5,01,17,5,,2,0,1,0,0
"POINT (9.456287737000030 52.426382717000102)",Unfall 8225 (2022) Kat:3, Licht: 2,8225,3,6,2,02,05,2,,2,0,1,0,0
"POINT (9.725023126000050 52.521559781000100)",Unfall 8239 (2022) Kat:3, Licht: 2,8239,3,1,8,01,21,5,,2,0,1,0,0
"POINT (9.643554026000061 52.438696949000096)",Unfall 8248 (2022) Kat:3, Licht: 1,8248,3,3,5,01,07,3,,1,0,1,0,0
"POINT (9.608404139000070 52.444787411999997)",Unfall 8249 (2022) Kat:2, Licht: 2,8249,2,5,1,01,20,4,,2,0,1,0,0
"POINT (9.784836811000050 52.320805215000100)",Unfall 8255 (2022) Kat:3, Licht: 0,8255,3,2,5,01,13,4,,0,0,1,0,0
"POINT (9.672799918000070 52.348796432000000)",Unfall 8274 (2022) Kat:3, Licht: 2,8274,3,1,8,01,20,2,,2,0,1,0,0
"POINT (9.833692194000040 52.398465768999998)",Unfall 8278 (2022) Kat:3, Licht: 0,8278,3,3,5,01,15,5,,0,1,1,0,0
"POINT (10.145420081000101 52.361788418000103)",Unfall 8297 (2022) Kat:2, Licht: 2,8297,2,7,9,01,02,6,,2,0,0,0,0
"POINT (9.786429901000080 52.389002718000000)",Unfall 8306 (2022) Kat:3, Licht: 1,8306,3,6,2,01,16,3,,1,0,1,0,0
"POINT (9.822494158000040 52.309002292999999)",Unfall 8308 (2022) Kat:3, Licht: 2,8308,3,1,9,01,16,2,,2,0,1,0,0
"POINT (9.722519213000060 52.378455273999997)",Unfall 8317 (2022) Kat:3, Licht: 2,8317,3,6,2,01,17,2,,2,0,1,0,0
"POINT (9.943637020000040 52.391988794000000)",Unfall 8326 (2022) Kat:3, Licht: 0,8326,3,6,8,01,15,1,,0,0,1,0,0
"POINT (9.738511207000039 52.437827374000101)",Unfall 8327 (2022) Kat:3, Licht: 0,8327,3,6,2,01,10,7,,0,0,1,0,0
"POINT (9.709404684000051 52.169006011000100)",Unfall 8342 (2022) Kat:3, Licht: 0,8342,3,3,5,01,12,6,,0,0,1,0,0
"POINT (9.999593839000060 52.387256724000103)",Unfall 8348 (2022) Kat:2, Licht: 0,8348,2,7,6,01,10,2,,0,0,0,1,0
"POINT (9.734087082000030 52.412242680000098)",Unfall 8350 (2022) Kat:3, Licht: 0,8350,3,3,5,02,09,6,,0,0,1,0,0
"POINT (9.695549590000040 52.419928856000098)",Unfall 8355 (2022) Kat:3, Licht: 2,8355,3,4,6,01,16,4,,2,0,1,1,0
"POINT (9.696884146000061 52.378999538000102)",Unfall 8363 (2022) Kat:3, Licht: 0,8363,3,6,2,01,14,7,,0,0,1,0,0
"POINT (10.014737274000000 52.383705706000100)",Unfall 8364 (2022) Kat:2, Licht: 1,8364,2,6,2,01,08,6,,1,0,1,0,0
"POINT (9.668766076000050 52.312776022000001)",Unfall 8369 (2022) Kat:3, Licht: 2,8369,3,2,5,01,18,3,,2,0,1,0,0
"POINT (9.766457453000040 52.572240467000000)",Unfall 8379 (2022) Kat:3, Licht: 0,8379,3,7,0,01,10,5,,0,1,0,0,0
"POINT (9.864683901000030 52.404637654000098)",Unfall 8391 (2022) Kat:3, Licht: 0,8391,3,6,2,01,13,6,,0,0,1,0,0
"POINT (9.728627931000061 52.381707970999997)",Unfall 8401 (2022) Kat:3, Licht: 0,8401,3,6,3,01,10,3,,0,0,1,0,0
"POINT (9.532669971000081 52.465319833000102)",Unfall 8427 (2022) Kat:3, Licht: 2,8427,3,2,4,02,07,3,,2,0,1,0,0
"POINT (9.579822693000040 52.334852349000101)",Unfall 8428 (2022) Kat:3, Licht: 2,8428,3,7,9,02,17,4,,2,0,1,0,0
"POINT (9.725730503000021 52.546917612000101)",Unfall 8465 (2022) Kat:3, Licht: 0,8465,3,2,5,01,15,2,,0,1,1,0,0
"POINT (9.469095506000031 52.504500346999997)",Unfall 8489 (2022) Kat:3, Licht: 0,8489,3,6,2,01,16,2,,0,0,1,0,0
"POINT (9.849240734000031 52.479544932000103)",Unfall 8501 (2022) Kat:3, Licht: 0,8501,3,6,3,02,16,5,,0,0,1,0,0
"POINT (9.872485246000050 52.310670758000100)",Unfall 8504 (2022) Kat:3, Licht: 2,8504,3,2,4,01,07,3,,2,0,1,0,0
"POINT (9.697768614000040 52.377118981000102)",Unfall 8508 (2022) Kat:3, Licht: 2,8508,3,6,2,01,06,2,,2,0,1,0,0
"POINT (9.624899566000069 52.279267735000097)",Unfall 8512 (2022) Kat:3, Licht: 2,8512,3,7,9,01,04,5,,2,0,0,0,0
"POINT (9.779781102000070 52.366402642000097)",Unfall 8521 (2022) Kat:3, Licht: 2,8521,3,6,2,01,21,2,,2,0,1,0,0
"POINT (9.718868315000069 52.333469133999998)",Unfall 8522 (2022) Kat:3, Licht: 2,8522,3,3,5,01,18,1,,2,0,1,0,0
"POINT (9.617852692000040 52.428918988000099)",Unfall 8528 (2022) Kat:3, Licht: 0,8528,3,6,3,01,15,4,,0,0,1,0,0
"POINT (9.472585734000059 52.505878917000103)",Unfall 8536 (2022) Kat:3, Licht: 2,8536,3,3,5,01,07,4,,2,0,1,0,0
"POINT (9.865002134000060 52.363187812000000)",Unfall 8538 (2022) Kat:3, Licht: 2,8538,3,1,9,01,02,7,,2,0,1,0,0
"POINT (9.885443878000050 52.429018305000099)",Unfall 8539 (2022) Kat:3, Licht: 2,8539,3,1,9,01,19,3,,2,0,1,0,0
"POINT (9.733848714000031 52.545817313999997)",Unfall 8576 (2022) Kat:2, Licht: 0,8576,2,1,0,01,11,5,,0,1,0,0,0
"POINT (9.585015069000059 52.285680331999998)",Unfall 8577 (2022) Kat:2, Licht: 2,8577,2,7,0,01,22,7,,2,1,0,0,0
"POINT (9.476290856000050 52.503735617000103)",Unfall 8578 (2022) Kat:3, Licht: 0,8578,3,2,2,01,14,6,,0,0,1,0,0
"POINT (9.605181017000060 52.637197626999999)",Unfall 8583 (2022) Kat:3, Licht: 0,8583,3,6,4,01,10,6,,0,0,1,0,0
"POINT (9.725740617000040 52.546895955000103)",Unfall 8603 (2022) Kat:3, Licht: 2,8603,3,2,5,01,18,5,,2,0,1,0,0
"POINT (9.794902510000041 52.350167332000098)",Unfall 8640 (2022) Kat:3, Licht: 1,8640,3,1,9,01,07,2,,1,0,1,0,0
"POINT (9.846726603000040 52.413168134999999)",Unfall 8647 (2022) Kat:3, Licht: 2,8647,3,3,5,01,06,3,,2,0,1,0,0
"POINT (9.518999576000059 52.341077681000101)",Unfall 8657 (2022) Kat:2, Licht: 0,8657,2,7,8,02,12,3,,0,0,1,0,0
"POINT (9.734119105000049 52.369071241000000)",Unfall 8658 (2022) Kat:3, Licht: 2,8658,3,3,5,02,22,3,,2,1,1,0,0
"POINT (9.474255122000050 52.420582782000103)",Unfall 8668 (2022) Kat:2, Licht: 0,8668,2,7,0,01,12,4,,0,0,1,0,0
"POINT (9.732030936000060 52.427105048000001)",Unfall 8680 (2022) Kat:3, Licht: 0,8680,3,6,2,01,08,2,,0,0,1,0,0
"POINT (9.713010998000071 52.362282821000100)",Unfall 8689 (2022) Kat:3, Licht: 1,8689,3,6,2,01,08,2,,1,0,1,0,0
"POINT (9.515235646000059 52.280160802000097)",Unfall 8695 (2022) Kat:3, Licht: 2,8695,3,3,5,01,06,7,,2,0,1,0,0
"POINT (9.728946592000060 52.372879617000102)",Unfall 8702 (2022) Kat:3, Licht: 2,8702,3,3,5,01,17,3,,2,1,1,0,0
"POINT (9.727489428000069 52.374798988000101)",Unfall 8703 (2022) Kat:3, Licht: 0,8703,3,6,2,02,14,6,,0,0,1,0,0
"POINT (9.734337625000020 52.468780040000098)",Unfall 8706 (2022) Kat:2, Licht: 0,8706,2,3,5,01,12,6,,0,0,1,0,1
"POINT (9.722341324000070 52.378490683000102)",Unfall 8712 (2022) Kat:3, Licht: 2,8712,3,2,5,01,19,5,,2,0,1,0,0
"POINT (9.872474015000019 52.310668964000101)",Unfall 8728 (2022) Kat:3, Licht: 2,8728,3,2,4,01,17,5,,2,0,1,0,0
"POINT (9.722525612000030 52.358331464000102)",Unfall 8735 (2022) Kat:3, Licht: 0,8735,3,1,0,01,16,2,,0,1,0,0,0
"POINT (9.921494314000030 52.351126596000000)",Unfall 8739 (2022) Kat:3, Licht: 0,8739,3,6,2,01,15,6,,0,0,1,0,0
"POINT (9.781259992000059 52.428166315000098)",Unfall 8742 (2022) Kat:3, Licht: 2,8742,3,6,2,01,05,6,,2,0,1,0,0
"POINT (10.008868581000099 52.514975860000000)",Unfall 8745 (2022) Kat:3, Licht: 2,8745,3,6,2,02,07,3,,2,0,1,0,0
"POINT (9.976935283000049 52.372617112999997)",Unfall 8770 (2022) Kat:3, Licht: 0,8770,3,1,0,01,12,7,,0,0,0,0,1
"POINT (9.431224939000060 52.423156875000103)",Unfall 8780 (2022) Kat:3, Licht: 0,8780,3,2,4,01,16,2,,0,1,1,0,0
"POINT (9.726730235000050 52.375765742000098)",Unfall 8781 (2022) Kat:3, Licht: 2,8781,3,3,5,01,17,3,,2,1,1,0,0
"POINT (10.034668797000100 52.469001169000101)",Unfall 8792 (2022) Kat:2, Licht: 0,8792,2,1,4,01,14,5,,0,0,1,0,0
"POINT (9.331616554000050 52.529433370000000)",Unfall 8794 (2022) Kat:3, Licht: 2,8794,3,1,8,01,06,3,,2,0,0,0,0
"POINT (9.433868261000040 52.422091867000098)",Unfall 8807 (2022) Kat:3, Licht: 0,8807,3,3,5,02,14,3,,0,1,1,0,0
"POINT (9.847301839000069 52.274185115000101)",Unfall 8815 (2022) Kat:2, Licht: 0,8815,2,3,5,01,13,5,,0,0,1,0,0
"POINT (9.959168026000039 52.317731351000099)",Unfall 8819 (2022) Kat:3, Licht: 2,8819,3,6,4,02,22,7,,2,0,1,0,0
"POINT (9.779194636000060 52.371334741000098)",Unfall 8827 (2022) Kat:3, Licht: 0,8827,3,6,3,01,12,6,,0,0,1,0,0
"POINT (9.621648807000041 52.325904335000097)",Unfall 8879 (2022) Kat:1, Licht: 2,8879,1,1,9,01,23,3,,2,0,1,0,0
"POINT (10.080956007000101 52.517984331000001)",Unfall 8890 (2022) Kat:2, Licht: 2,8890,2,1,8,01,21,7,,2,0,0,0,0
"POINT (9.690453010000059 52.442328910000100)",Unfall 8896 (2022) Kat:3, Licht: 2,8896,3,7,7,02,06,4,,2,1,0,0,0
"POINT (9.901705156000050 52.353452912000101)",Unfall 8899 (2022) Kat:3, Licht: 0,8899,3,6,4,01,15,1,,0,0,1,0,0
"POINT (9.398608973000020 52.594871790000099)",Unfall 8906 (2022) Kat:2, Licht: 0,8906,2,6,4,01,15,4,,0,0,1,0,0
"POINT (9.866970593000080 52.361710951000099)",Unfall 8907 (2022) Kat:3, Licht: 0,8907,3,6,4,01,14,4,,0,0,1,0,0
"POINT (9.878592819000060 52.435228490999997)",Unfall 8911 (2022) Kat:3, Licht: 2,8911,3,3,5,02,07,2,,2,0,1,0,0