WKT,Name,OBJECTID,UKATEGORIE,UTYP1,UART,UMONAT,USTUNDE,UWOCHENTAG,STRZUSTAND,ULICHTVERH,ISTRAD,ISTPKW,ISTFUSS,ISTKRAD
"POINT (9.647833786000040 52.302857710000097)",Unfall 8937 (2022) Kat:3, Licht: 2,8937,3,7,1,01,07,4,,2,0,1,0,0
"POINT (9.785487366000041 52.200723844999999)",Unfall 8938 (2022) Kat:3, Licht: 2,8938,3,1,9,01,17,1,,2,0,1,0,0
"POINT (10.118847724000000 52.363330218000002)",Unfall 8983 (2022) Kat:2, Licht: 2,8983,2,7,9,02,18,3,,2,0,1,0,0
"POINT (9.665538222000070 52.332791583000102)",Unfall 8992 (2022) Kat:3, Licht: 2,8992,3,1,8,01,06,6,,2,0,1,0,0
"POINT (9.597930971000039 52.394693793999998)",Unfall 9011 (2022) Kat:3, Licht: 2,9011,3,7,0,01,23,7,,2,0,0,0,0
"POINT (9.427530597000040 52.428749387000003)",Unfall 9017 (2022) Kat:2, Licht: 0,9017,2,3,5,01,10,5,,0,1,1,0,0
"POINT (9.519677618000060 52.414702518000098)",Unfall 9028 (2022) Kat:3, Licht: 2,9028,3,6,3,01,21,6,,2,0,1,0,0
"POINT (9.789335239000019 52.317122368000099)",Unfall 9033 (2022) Kat:3, Licht: 0,9033,3,6,2,01,15,3,,0,0,1,0,0
"POINT (10.183497392000000 52.465281919000098)",Unfall 9038 (2022) Kat:3, Licht: 2,9038,3,2,2,01,18,5,,2,0,1,0,0
"POINT (9.733196913000031 52.419157751999997)",Unfall 9051 (2022) Kat:3, Licht: 2,9051,3,3,5,01,18,5,,2,0,1,0,0
"POINT (9.732192720000061 52.383021558000102)",Unfall 9075 (2022) Kat:3, Licht: 1,9075,3,6,2,01,16,7,,1,0,1,0,0
"POINT (10.114352429000100 52.349016103000103)",Unfall 9081 (2022) Kat:2, Licht: 2,9081,2,1,0,01,20,2,,2,1,0,0,0
"POINT (9.744142394000050 52.367962208000101)",Unfall 9100 (2022) Kat:3, Licht: 0,9100,3,6,2,01,09,5,,0,0,1,0,0
"POINT (9.634566736000069 52.247044188000103)",Unfall 9105 (2022) Kat:3, Licht: 0,9105,3,3,3,01,16,5,,0,0,1,0,0
"POINT (9.733757223000049 52.384550868000098)",Unfall 9117 (2022) Kat:3, Licht: 0,9117,3,6,2,01,14,6,,0,0,1,0,0
"POINT (9.885606466000070 52.360101831000101)",Unfall 9121 (2022) Kat:3, Licht: 2,9121,3,1,9,02,20,3,,2,0,1,0,0
"POINT (9.731752673000070 52.336252684000002)",Unfall 9123 (2022) Kat:3, Licht: 0,9123,3,7,0,01,12,2,,0,0,0,0,1
"POINT (9.728615517000041 52.381703930000100)",Unfall 9124 (2022) Kat:3, Licht: 2,9124,3,5,1,01,16,4,,2,0,1,0,0
"POINT (9.341395727000080 52.554796457000101)",Unfall 9133 (2022) Kat:3, Licht: 2,9133,3,1,9,01,06,5,,2,0,1,0,0
"POINT (10.116403641000000 52.363573541999997)",Unfall 9164 (2022) Kat:3, Licht: 0,9164,3,6,2,01,07,4,,0,0,1,0,0
"POINT (9.678043551000030 52.170837825000000)",Unfall 9179 (2022) Kat:2, Licht: 1,9179,2,6,6,01,17,2,,1,0,1,1,0
"POINT (9.912880287000061 52.339371397000001)",Unfall 9215 (2022) Kat:3, Licht: 0,9215,3,1,8,01,15,1,,0,0,1,0,0
"POINT (9.795821257000060 52.415085847999997)",Unfall 9237 (2022) Kat:3, Licht: 0,9237,3,7,0,01,15,5,,0,1,0,0,0
"POINT (9.841291713000031 52.491184438000097)",Unfall 9238 (2022) Kat:3, Licht: 0,9238,3,2,4,01,16,2,,0,0,1,0,0
"POINT (9.751208523000059 52.359209356000100)",Unfall 9251 (2022) Kat:3, Licht: 0,9251,3,2,5,01,13,1,,0,0,1,0,0
"POINT (9.634772468000049 52.418424538000103)",Unfall 9252 (2022) Kat:3, Licht: 2,9252,3,6,3,01,23,7,,2,0,1,0,0
"POINT (9.545060683000029 52.310343939000099)",Unfall 9255 (2022) Kat:3, Licht: 0,9255,3,1,8,02,15,5,,0,0,1,0,0
"POINT (9.945419369000041 52.333388033000098)",Unfall 9267 (2022) Kat:3, Licht: 0,9267,3,6,2,01,08,2,,0,0,1,0,0
"POINT (9.743386509000061 52.368305060000097)",Unfall 9278 (2022) Kat:3, Licht: 0,9278,3,6,2,02,15,5,,0,0,1,0,0
"POINT (9.800119344000050 52.406528995000002)",Unfall 9289 (2022) Kat:3, Licht: 0,9289,3,4,6,01,12,5,,0,0,1,1,0
"POINT (9.606102621000050 52.315531125000099)",Unfall 9291 (2022) Kat:3, Licht: 2,9291,3,2,6,01,18,7,,2,0,1,1,0
"POINT (9.697764207000031 52.377123144000102)",Unfall 9297 (2022) Kat:3, Licht: 0,9297,3,6,2,01,10,7,,0,0,1,0,0
"POINT (9.800536131000060 52.274771579000102)",Unfall 9307 (2022) Kat:3, Licht: 0,9307,3,6,4,01,11,6,,0,0,1,0,0
"POINT (9.465251772000039 52.411176826000002)",Unfall 9332 (2022) Kat:3, Licht: 0,9332,3,3,5,01,12,2,,0,0,0,0,0
"POINT (9.648801041000070 52.349899796999999)",Unfall 9355 (2022) Kat:3, Licht: 0,9355,3,6,3,01,09,6,,0,0,1,0,0
"POINT (9.699236715000040 52.347225885999997)",Unfall 9364 (2022) Kat:2, Licht: 2,9364,2,1,9,01,21,2,,2,0,1,0,0
"POINT (9.573495336000059 52.640860046999997)",Unfall 9365 (2022) Kat:2, Licht: 0,9365,2,2,2,01,11,6,,0,0,1,0,0
"POINT (9.662456362000061 52.384983959000103)",Unfall 9371 (2022) Kat:3, Licht: 0,9371,3,7,0,01,09,5,,0,1,0,0,0
"POINT (9.871960187000070 52.502359679000101)",Unfall 9373 (2022) Kat:3, Licht: 2,9373,3,1,9,02,23,2,,2,0,1,0,0
"POINT (9.765922214000060 52.341093458000003)",Unfall 9375 (2022) Kat:2, Licht: 1,9375,2,4,6,01,08,4,,1,0,0,1,0
"POINT (9.572422104000051 52.446002183000097)",Unfall 9378 (2022) Kat:3, Licht: 1,9378,3,6,2,01,16,5,,1,0,1,0,0
"POINT (9.431255786000071 52.543528211000101)",Unfall 9383 (2022) Kat:2, Licht: 2,9383,2,2,3,02,06,3,,2,1,1,0,0
"POINT (9.771781291000019 52.342960258000097)",Unfall 9390 (2022) Kat:3, Licht: 0,9390,3,6,2,01,12,2,,0,0,1,0,0
"POINT (9.781834303000039 52.424893606000097)",Unfall 9394 (2022) Kat:3, Licht: 0,9394,3,3,5,01,11,4,,0,0,1,0,0
"POINT (9.765583397000061 52.341843023000102)",Unfall 9395 (2022) Kat:3, Licht: 2,9395,3,3,5,01,17,4,,2,1,1,0,0
"POINT (9.611336702000070 52.431429142000098)",Unfall 9399 (2022) Kat:3, Licht: 1,9399,3,6,2,02,07,2,,1,0,1,0,0
"POINT (9.401668457000030 52.454353899000097)",Unfall 9421 (2022) Kat:3, Licht: 2,9421,3,2,4,01,05,3,,2,0,1,0,0
"POINT (9.780293397000040 52.571887013999998)",Unfall 9422 (2022) Kat:3, Licht: 0,9422,3,3,5,01,13,2,,0,0,1,0,0
"POINT (9.757477777000080 52.370234339000000)",Unfall 9447 (2022) Kat:3, Licht: 0,9447,3,6,2,02,09,2,,0,0,1,0,0
"POINT (9.707069277000070 52.410540092000097)",Unfall 9455 (2022) Kat:2, Licht: 0,9455,2,7,9,01,14,2,,0,0,1,0,0
"POINT (9.575438897000030 52.270154978999997)",Unfall 9477 (2022) Kat:3, Licht: 0,9477,3,3,5,01,14,5,,0,0,1,0,0
"POINT (9.794843302000061 52.394837612000103)",Unfall 9478 (2022) Kat:3, Licht: 0,9478,3,6,2,01,15,1,,0,0,1,0,0
"POINT (9.515775489000021 52.294654997000102)",Unfall 9486 (2022) Kat:3, Licht: 0,9486,3,7,0,01,15,6,,0,0,1,0,0
"POINT (9.716488801000031 52.346249617000097)",Unfall 9510 (2022) Kat:3, Licht: 0,9510,3,6,2,01,11,3,,0,0,1,0,0
"POINT (9.612249774000080 52.259522292000000)",Unfall 9528 (2022) Kat:3, Licht: 1,9528,3,7,8,01,16,5,,1,0,1,0,0
"POINT (9.727964298000069 52.500980173000102)",Unfall 9542 (2022) Kat:2, Licht: 2,9542,2,6,4,02,19,6,,2,0,1,0,0
"POINT (9.731875741000071 52.369456752000097)",Unfall 9567 (2022) Kat:3, Licht: 0,9567,3,6,3,01,11,3,,0,0,1,0,0
"POINT (9.589430812000050 52.397022327000101)",Unfall 9585 (2022) Kat:2, Licht: 2,9585,2,2,6,01,06,4,,2,0,1,1,0
"POINT (9.743377583000040 52.368279422000100)",Unfall 9587 (2022) Kat:3, Licht: 0,9587,3,3,5,01,13,1,,0,0,1,0,0
"POINT (9.645460199000070 52.423281490000100)",Unfall 9596 (2022) Kat:3, Licht: 0,9596,3,3,5,02,14,2,,0,0,1,0,0
"POINT (9.538828739000049 52.461668756999998)",Unfall 9618 (2022) Kat:2, Licht: 0,9618,2,3,5,02,14,4,,0,0,1,0,0
"POINT (9.540822712000020 52.309045533000102)",Unfall 9620 (2022) Kat:3, Licht: 0,9620,3,6,2,02,11,5,,0,1,1,0,0
"POINT (9.649929193000050 52.394033971000098)",Unfall 9630 (2022) Kat:3, Licht: 2,9630,3,3,5,03,05,6,,2,0,1,0,0
"POINT (9.452422625000050 52.445183899000000)",Unfall 9646 (2022) Kat:2, Licht: 0,9646,2,1,4,02,16,2,,0,0,1,0,0
"POINT (9.798055177000039 52.412998762000001)",Unfall 9648 (2022) Kat:3, Licht: 0,9648,3,4,6,02,15,4,,0,0,1,1,0
"POINT (9.783512584000050 52.323263508000103)",Unfall 9649 (2022) Kat:3, Licht: 0,9649,3,2,5,03,16,6,,0,1,0,0,0
"POINT (9.775022211000019 52.371280721000097)",Unfall 9652 (2022) Kat:3, Licht: 0,9652,3,6,2,02,14,6,,0,0,1,0,0
"POINT (9.696389239000039 52.420321770000001)",Unfall 9658 (2022) Kat:2, Licht: 2,9658,2,1,8,02,04,6,,2,0,1,0,0
"POINT (9.617124658000019 52.377936904000101)",Unfall 9671 (2022) Kat:3, Licht: 0,9671,3,4,6,03,09,4,,0,0,1,1,0
"POINT (9.607524554000070 52.392782812000100)",Unfall 9672 (2022) Kat:3, Licht: 0,9672,3,6,6,03,15,7,,0,1,0,1,0
"POINT (9.780639504000019 52.269981631000100)",Unfall 9709 (2022) Kat:3, Licht: 0,9709,3,6,2,02,10,5,,0,0,1,0,0
"POINT (9.808546677000040 52.337124373999998)",Unfall 9713 (2022) Kat:3, Licht: 0,9713,3,6,2,02,13,1,,0,0,1,0,0
"POINT (9.728530699000030 52.373477518000101)",Unfall 9714 (2022) Kat:3, Licht: 0,9714,3,2,2,02,11,4,,0,0,1,0,0
"POINT (9.901463327000039 52.396998244000002)",Unfall 9722 (2022) Kat:3, Licht: 0,9722,3,6,2,02,10,4,,0,0,0,0,0
"POINT (9.815132301000061 52.484190910000102)",Unfall 9724 (2022) Kat:3, Licht: 0,9724,3,2,3,03,14,5,,0,0,1,0,0
"POINT (9.713241657000030 52.400155154000103)",Unfall 9734 (2022) Kat:3, Licht: 2,9734,3,3,5,02,19,5,,2,1,1,0,0
"POINT (9.457070922000071 52.505740393000103)",Unfall 9743 (2022) Kat:3, Licht: 0,9743,3,3,5,03,17,4,,0,1,1,0,0
"POINT (9.965941041000059 52.315604318000098)",Unfall 9745 (2022) Kat:2, Licht: 1,9745,2,2,6,02,17,5,,1,0,1,1,0
"POINT (9.467265493000070 52.422697082000099)",Unfall 9749 (2022) Kat:3, Licht: 0,9749,3,3,5,02,08,4,,0,0,1,0,0
"POINT (9.643723268000031 52.335533071999997)",Unfall 9750 (2022) Kat:3, Licht: 0,9750,3,6,2,02,14,2,,0,0,1,0,0
"POINT (9.797305053000059 52.414045839000003)",Unfall 9752 (2022) Kat:3, Licht: 0,9752,3,1,0,02,09,7,,0,0,0,0,1
"POINT (9.593494910000061 52.411565290000098)",Unfall 9753 (2022) Kat:3, Licht: 1,9753,3,7,8,02,07,5,,1,1,0,0,0
"POINT (9.722598090000080 52.378412922000102)",Unfall 9766 (2022) Kat:3, Licht: 0,9766,3,6,2,03,14,2,,0,0,1,0,0
"POINT (9.829278610000070 52.360915519000102)",Unfall 9769 (2022) Kat:3, Licht: 2,9769,3,7,1,03,20,4,,2,0,1,0,0
"POINT (9.665057963000040 52.338980783000103)",Unfall 9780 (2022) Kat:3, Licht: 0,9780,3,2,6,03,13,6,,0,0,1,1,0
"POINT (9.618053934000050 52.421442252000098)",Unfall 9784 (2022) Kat:3, Licht: 0,9784,3,7,1,03,08,2,,0,0,0,0,0
"POINT (9.727004156000021 52.489258945000103)",Unfall 9788 (2022) Kat:3, Licht: 0,9788,3,3,5,03,12,7,,0,0,1,0,0
"POINT (10.024155986000000 52.381539308000100)",Unfall 9803 (2022) Kat:3, Licht: 0,9803,3,6,3,03,15,4,,0,0,1,0,0
"POINT (9.461389665000070 52.451046227000099)",Unfall 9815 (2022) Kat:2, Licht: 0,9815,2,1,9,02,13,7,,0,0,1,0,0
"POINT (9.997725014000030 52.452347230000001)",Unfall 9817 (2022) Kat:2, Licht: 0,9817,2,1,1,03,12,4,,0,0,1,0,1
"POINT (9.487267090000049 52.564707537000103)",Unfall 9820 (2022) Kat:3, Licht: 2,9820,3,5,1,02,18,4,,2,0,1,0,0
"POINT (9.575786403000050 52.418910701000101)",Unfall 9827 (2022) Kat:3, Licht: 0,9827,3,6,2,02,13,1,,0,0,1,0,0
"POINT (10.083029966000000 52.366106903000102)",Unfall 9829 (2022) Kat:3, Licht: 0,9829,3,6,2,02,15,4,,0,0,0,0,0
"POINT (9.515716935000061 52.278609937000098)",Unfall 9832 (2022) Kat:3, Licht: 0,9832,3,6,2,02,07,5,,0,0,1,0,0
"POINT (9.718868315000069 52.333469133999998)",Unfall 9849 (2022) Kat:2, Licht: 2,9849,2,3,5,02,06,6,,2,0,1,0,0
"POINT (9.697133554000059 52.341653932000000)",Unfall 9851 (2022) Kat:3, Licht: 0,9851,3,2,5,03,11,2,,0,1,1,0,0
"POINT (9.859187065000070 52.491570031999998)",Unfall 9856 (2022) Kat:3, Licht: 0,9856,3,2,5,03,11,5,,0,1,1,0,0
"POINT (9.823951199000019 52.339579699000097)",Unfall 9859 (2022) Kat:3, Licht: 0,9859,3,6,2,03,12,4,,0,0,1,0,0
"POINT (9.534658953000079 52.424564046000100)",Unfall 9860 (2022) Kat:2, Licht: 0,9860,2,6,4,02,16,6,,0,0,1,0,0
"POINT (9.803958028000070 52.338616277000000)",Unfall 9863 (2022) Kat:3, Licht: 2,9863,3,6,2,02,18,5,,2,0,1,0,0
"POINT (9.801911160000030 52.406819050000102)",Unfall 9877 (2022) Kat:3, Licht: 0,9877,3,6,2,02,16,2,,0,0,1,0,1
"POINT (9.640259867000051 52.294913549000100)",Unfall 9880 (2022) Kat:3, Licht: 0,9880,3,1,8,03,10,5,,0,1,0,0,0
"POINT (9.764223248000061 52.261546992000000)",Unfall 9890 (2022) Kat:3, Licht: 0,9890,3,6,2,02,08,2,,0,0,1,0,0
"POINT (9.733922159000031 52.438529389000102)",Unfall 9891 (2022) Kat:3, Licht: 0,9891,3,2,2,02,11,7,,0,0,1,0,0
"POINT (9.739417586000060 52.485600361000103)",Unfall 9897 (2022) Kat:3, Licht: 0,9897,3,3,0,02,16,3,,0,0,1,0,0
"POINT (9.800073136000041 52.406701976000100)",Unfall 9907 (2022) Kat:3, Licht: 0,9907,3,6,6,03,09,4,,0,1,0,1,0
"POINT (9.764929025000070 52.342623102000097)",Unfall 9908 (2022) Kat:3, Licht: 2,9908,3,6,6,03,22,6,,2,0,1,0,0
"POINT (9.352330637000019 52.412472219999998)",Unfall 9919 (2022) Kat:3, Licht: 0,9919,3,3,5,03,14,3,,0,0,1,0,0
"POINT (9.590555184000040 52.423714029000102)",Unfall 9931 (2022) Kat:3, Licht: 0,9931,3,7,8,02,11,5,,0,0,0,0,0
"POINT (9.743617701000060 52.457244801999998)",Unfall 9938 (2022) Kat:3, Licht: 0,9938,3,5,1,02,15,7,,0,0,1,0,0
"POINT (9.748278244000060 52.339309718000003)",Unfall 9941 (2022) Kat:3, Licht: 2,9941,3,6,2,02,06,5,,2,0,1,0,0
"POINT (9.888666558000070 52.295912552000097)",Unfall 9944 (2022) Kat:3, Licht: 0,9944,3,6,2,02,12,2,,0,0,0,0,0
"POINT (9.746806340000029 52.365006611000098)",Unfall 9945 (2022) Kat:3, Licht: 0,9945,3,2,3,02,09,4,,0,1,1,0,0
"POINT (9.666852680000030 52.339208065000001)",Unfall 9952 (2022) Kat:3, Licht: 2,9952,3,2,6,03,19,7,,2,0,1,1,0
"POINT (9.640282006000060 52.444109991000097)",Unfall 9955 (2022) Kat:3, Licht: 0,9955,3,3,5,02,15,6,,0,0,1,0,0
"POINT (9.802034832000061 52.274632213000103)",Unfall 9961 (2022) Kat:3, Licht: 0,9961,3,6,8,03,07,5,,0,0,1,0,0
"POINT (9.467274613000029 52.332869612000103)",Unfall 9966 (2022) Kat:3, Licht: 0,9966,3,3,5,02,09,3,,0,0,1,0,0
"POINT (9.791552194000079 52.454243387000098)",Unfall 9992 (2022) Kat:3, Licht: 0,9992,3,4,6,03,17,5,,0,0,1,1,0
"POINT (9.457890525000041 52.305822673000101)",Unfall 9994 (2022) Kat:3, Licht: 2,9994,3,5,1,02,03,2,,2,0,1,0,0
"POINT (9.439094227000060 52.504467231000000)",Unfall 9997 (2022) Kat:2, Licht: 2,9997,2,7,0,02,18,2,,2,1,0,0,0
"POINT (9.928528414000031 52.367576163000102)",Unfall 10005 (2022) Kat:3, Licht: 2,10005,3,1,8,02,20,7,,2,0,1,0,0
"POINT (9.845881102000019 52.445963994000103)",Unfall 10014 (2022) Kat:3, Licht: 0,10014,3,6,4,03,17,3,,0,0,0,0,0
"POINT (10.085794134000000 52.365973903000103)",Unfall 10018 (2022) Kat:2, Licht: 1,10018,2,6,2,03,05,4,,1,0,1,0,0
"POINT (9.716266147000059 52.428688766000100)",Unfall 10019 (2022) Kat:3, Licht: 0,10019,3,6,2,03,08,3,,0,0,1,0,0
"POINT (9.898208242000070 52.455644587999998)",Unfall 10031 (2022) Kat:3, Licht: 0,10031,3,3,5,03,11,7,,0,0,1,0,0
"POINT (9.467339900000070 52.332879243000001)",Unfall 10037 (2022) Kat:3, Licht: 0,10037,3,3,5,03,13,4,,0,0,1,0,0
"POINT (9.441039340000030 52.423278535000101)",Unfall 10100 (2022) Kat:3, Licht: 0,10100,3,6,2,02,16,7,,0,0,1,0,0
"POINT (9.740229005000060 52.301955731000099)",Unfall 10102 (2022) Kat:3, Licht: 0,10102,3,2,5,02,16,1,,0,1,1,0,0
"POINT (9.794761202000069 52.350216365000101)",Unfall 10106 (2022) Kat:3, Licht: 2,10106,3,6,2,02,19,4,,2,0,1,0,0
"POINT (9.859713060000050 52.406907034000000)",Unfall 10107 (2022) Kat:2, Licht: 0,10107,2,6,2,02,08,2,,0,0,1,0,0
"POINT (9.473388245000020 52.505329621000001)",Unfall 10109 (2022) Kat:3, Licht: 0,10109,3,6,4,02,15,7,,0,0,1,0,0
"POINT (9.842740779000049 52.485700644000097)",Unfall 10110 (2022) Kat:3, Licht: 0,10110,3,6,3,02,16,5,,0,0,1,0,0
"POINT (9.495502000000039 52.419949834000100)",Unfall 10117 (2022) Kat:3, Licht: 0,10117,3,3,5,02,08,2,,0,0,1,0,0
"POINT (9.496390735000031 52.401578959000098)",Unfall 10126 (2022) Kat:3, Licht: 0,10126,3,6,2,02,13,6,,0,0,1,0,0
"POINT (9.601110918000071 52.434852822000003)",Unfall 10127 (2022) Kat:3, Licht: 0,10127,3,6,2,03,15,4,,0,0,1,0,0
"POINT (9.776777601000051 52.332906278000102)",Unfall 10138 (2022) Kat:3, Licht: 2,10138,3,6,2,02,20,5,,2,0,1,0,0
"POINT (9.404294820000080 52.426469578000102)",Unfall 10143 (2022) Kat:3, Licht: 2,10143,3,2,2,02,05,6,,2,0,1,0,0
"POINT (9.551143509000040 52.362584744000102)",Unfall 10171 (2022) Kat:3, Licht: 1,10171,3,6,2,02,07,4,,1,0,1,0,0
"POINT (9.686973697000040 52.391928948999997)",Unfall 10172 (2022) Kat:3, Licht: 0,10172,3,6,2,02,16,4,,0,0,1,0,0
"POINT (9.745743183000060 52.209474098999998)",Unfall 10185 (2022) Kat:3, Licht: 0,10185,3,2,5,02,14,3,,0,0,1,0,0
"POINT (9.661383968000051 52.386231510000101)",Unfall 10190 (2022) Kat:3, Licht: 1,10190,3,6,4,02,17,3,,1,1,0,0,0
"POINT (9.698740299000059 52.442456958999998)",Unfall 10197 (2022) Kat:1, Licht: 0,10197,1,7,0,03,15,5,,0,0,1,0,0
"POINT (9.766336979000069 52.306886806000101)",Unfall 10207 (2022) Kat:3, Licht: 1,10207,3,1,9,03,18,6,,1,0,0,0,1
"POINT (9.838662569000061 52.335090360999999)",Unfall 10209 (2022) Kat:3, Licht: 0,10209,3,5,1,02,17,6,,0,0,1,0,0
"POINT (9.731190926000069 52.370456133000097)",Unfall 10212 (2022) Kat:3, Licht: 0,10212,3,6,3,03,15,1,,0,0,1,0,0
"POINT (9.609853536000060 52.422063489999999)",Unfall 10220 (2022) Kat:3, Licht: 0,10220,3,6,2,03,13,6,,0,0,1,0,1
"POINT (9.971028982000060 52.386877628000001)",Unfall 10221 (2022) Kat:3, Licht: 2,10221,3,2,4,02,18,2,,2,1,1,0,0
"POINT (9.611665960000041 52.436519250000103)",Unfall 10226 (2022) Kat:3, Licht: 0,10226,3,6,2,03,12,7,,0,0,1,0,0
"POINT (9.732770125000060 52.369087385999997)",Unfall 10243 (2022) Kat:3, Licht: 0,10243,3,2,3,03,08,4,,0,0,1,0,0
"POINT (10.202217798000000 52.463257824000003)",Unfall 10261 (2022) Kat:3, Licht: 2,10261,3,7,0,03,19,2,,2,0,1,0,0
"POINT (9.749513240000059 52.339539233000004)",Unfall 10265 (2022) Kat:3, Licht: 0,10265,3,6,2,02,17,5,,0,0,1,0,0
"POINT (9.881390656000059 52.435601251999998)",Unfall 10266 (2022) Kat:3, Licht: 0,10266,3,6,2,03,06,5,,0,0,1,0,0
"POINT (9.762410143000070 52.336427966000002)",Unfall 10273 (2022) Kat:3, Licht: 2,10273,3,1,0,02,22,5,,2,1,0,0,0
"POINT (9.833706633000080 52.398459896000098)",Unfall 10290 (2022) Kat:2, Licht: 1,10290,2,6,2,02,17,2,,1,0,1,0,0
"POINT (9.814574951000051 52.351111545000002)",Unfall 10291 (2022) Kat:3, Licht: 0,10291,3,6,3,03,10,5,,0,0,1,0,0
"POINT (10.007510763000001 52.415541202000000)",Unfall 10293 (2022) Kat:2, Licht: 0,10293,2,1,8,02,16,5,,0,0,1,0,0
"POINT (10.069075579000099 52.450100773000003)",Unfall 10296 (2022) Kat:3, Licht: 0,10296,3,6,2,02,15,4,,0,0,1,0,0
"POINT (9.780663491000039 52.270009614999999)",Unfall 10299 (2022) Kat:3, Licht: 0,10299,3,6,2,03,13,1,,0,0,1,0,0
"POINT (9.657794039000070 52.356976412000101)",Unfall 10300 (2022) Kat:2, Licht: 2,10300,2,7,0,03,18,7,,2,1,0,0,0
"POINT (9.865095408000061 52.447056350000103)",Unfall 10301 (2022) Kat:3, Licht: 0,10301,3,6,2,02,08,1,,0,0,1,0,0
"POINT (9.539544329000019 52.422787767999999)",Unfall 10311 (2022) Kat:3, Licht: 0,10311,3,3,5,03,14,7,,0,1,1,0,0
"POINT (9.429575970000030 52.427079906000102)",Unfall 10313 (2022) Kat:3, Licht: 0,10313,3,7,6,02,11,6,,0,0,1,1,0
"POINT (9.743021396000071 52.547430227000099)",Unfall 10315 (2022) Kat:3, Licht: 0,10315,3,7,0,03,18,3,,0,1,1,0,0
"POINT (9.467957684000050 52.424476248000097)",Unfall 10317 (2022) Kat:3, Licht: 2,10317,3,3,5,03,20,4,,2,0,1,0,0
"POINT (9.558170286000060 52.197182618000099)",Unfall 10319 (2022) Kat:3, Licht: 2,10319,3,2,5,02,19,5,,2,0,1,0,0
"POINT (9.466609381000071 52.332755653000000)",Unfall 10326 (2022) Kat:3, Licht: 0,10326,3,6,2,02,11,7,,0,0,1,0,0
"POINT (9.506132915000020 52.407340206000100)",Unfall 10333 (2022) Kat:3, Licht: 0,10333,3,7,7,03,16,1,,0,0,1,0,0
"POINT (9.635491463000051 52.245232780999999)",Unfall 10337 (2022) Kat:3, Licht: 0,10337,3,2,5,02,10,1,,0,0,1,0,0
"POINT (9.606150198000019 52.313940231000103)",Unfall 10340 (2022) Kat:3, Licht: 0,10340,3,6,2,03,10,2,,0,1,0,0,0
"POINT (9.688951300000040 52.553661468000001)",Unfall 10344 (2022) Kat:3, Licht: 2,10344,3,1,8,03,19,7,,2,0,1,0,0
"POINT (9.686325989000069 52.375014825999997)",Unfall 10357 (2022) Kat:3, Licht: 2,10357,3,6,6,03,18,2,,2,0,0,1,0
"POINT (9.467707634000019 52.423837333999998)",Unfall 10361 (2022) Kat:3, Licht: 0,10361,3,3,5,03,15,4,,0,0,1,0,0
"POINT (9.964746356000029 52.315843977999997)",Unfall 10363 (2022) Kat:3, Licht: 0,10363,3,6,2,02,14,7,,0,0,1,0,0
"POINT (9.891773287000030 52.429365185999998)",Unfall 10372 (2022) Kat:3, Licht: 0,10372,3,1,8,03,09,3,,0,0,0,0,0
"POINT (9.639780908000031 52.422495695000102)",Unfall 10376 (2022) Kat:3, Licht: 0,10376,3,6,2,03,15,4,,0,0,1,0,0
"POINT (9.796350838000020 52.395322212000103)",Unfall 10386 (2022) Kat:3, Licht: 0,10386,3,6,2,02,16,2,,0,0,1,0,0
"POINT (9.975871502000070 52.411317236000102)",Unfall 10397 (2022) Kat:3, Licht: 0,10397,3,6,3,02,12,2,,0,0,1,0,1
"POINT (9.855301607000060 52.537564785000001)",Unfall 10399 (2022) Kat:3, Licht: 0,10399,3,6,2,03,09,6,,0,0,1,0,0
"POINT (9.456889483000049 52.499778858000099)",Unfall 10402 (2022) Kat:2, Licht: 0,10402,2,7,0,02,16,4,,0,1,0,0,0
"POINT (9.439385929000030 52.328906915000097)",Unfall 10405 (2022) Kat:3, Licht: 2,10405,3,7,0,02,19,5,,2,1,0,1,0
"POINT (9.464478638000060 52.349772057999999)",Unfall 10407 (2022) Kat:3, Licht: 0,10407,3,1,0,03,14,7,,0,0,0,0,1
"POINT (9.903905455000030 52.397185063999999)",Unfall 10408 (2022) Kat:3, Licht: 2,10408,3,1,8,02,05,1,,2,0,0,0,0
"POINT (9.611257796000070 52.392048693000000)",Unfall 10421 (2022) Kat:3, Licht: 2,10421,3,2,4,02,18,6,,2,1,1,0,0
"POINT (9.734085049000040 52.387497923000097)",Unfall 10432 (2022) Kat:3, Licht: 2,10432,3,4,6,02,19,2,,2,0,1,1,0
"POINT (9.747781668000069 52.363652969000000)",Unfall 10451 (2022) Kat:3, Licht: 2,10451,3,3,5,02,21,2,,2,1,1,0,0
"POINT (9.474242384000039 52.504021431000098)",Unfall 10482 (2022) Kat:3, Licht: 0,10482,3,4,6,03,14,6,,0,0,1,1,0
"POINT (9.752801164000060 52.357145515000099)",Unfall 10491 (2022) Kat:3, Licht: 0,10491,3,2,3,03,12,2,,0,0,1,0,0
"POINT (9.627276490000041 52.423254203000099)",Unfall 10493 (2022) Kat:3, Licht: 0,10493,3,6,2,03,09,3,,0,0,1,0,0
"POINT (9.615667762000040 52.429957367000000)",Unfall 10500 (2022) Kat:3, Licht: 2,10500,3,6,2,02,05,4,,2,0,1,0,0
"POINT (9.911099939000049 52.357438549999998)",Unfall 10504 (2022) Kat:3, Licht: 0,10504,3,2,4,02,09,6,,0,0,1,0,0
"POINT (9.727238959000029 52.366798701999997)",Unfall 10510 (2022) Kat:3, Licht: 0,10510,3,6,3,03,08,5,,0,0,1,0,0