WKT,Name,OBJECTID,UKATEGORIE,UTYP1,UART,UMONAT,USTUNDE,UWOCHENTAG,STRZUSTAND,ULICHTVERH,ISTRAD,ISTPKW,ISTFUSS,ISTKRAD
"POINT (9.869087648000059 52.360620300000100)",Unfall 11784 (2022) Kat:3, Licht: 0,11784,3,6,2,04,12,2,,0,0,1,0,0
"POINT (9.999190651000051 52.363226382000100)",Unfall 11796 (2022) Kat:3, Licht: 0,11796,3,1,8,05,16,4,,0,0,0,0,1
"POINT (9.602057195000040 52.158088057000001)",Unfall 11798 (2022) Kat:2, Licht: 0,11798,2,3,5,04,13,1,,0,0,1,0,1
"POINT (9.456876027000019 52.499639742000099)",Unfall 11801 (2022) Kat:3, Licht: 0,11801,3,6,0,04,16,5,,0,0,0,0,0
"POINT (9.448531365000060 52.525276881000103)",Unfall 11803 (2022) Kat:3, Licht: 1,11803,3,2,2,04,18,4,,1,0,1,0,0
"POINT (9.506434767000030 52.340542453000097)",Unfall 11808 (2022) Kat:3, Licht: 1,11808,3,1,8,05,21,1,,1,0,1,0,0
"POINT (9.356759994000070 52.447265299000001)",Unfall 11815 (2022) Kat:2, Licht: 0,11815,2,6,2,04,15,3,,0,0,1,0,1
"POINT (9.757603951000020 52.534862384000100)",Unfall 11826 (2022) Kat:3, Licht: 0,11826,3,3,5,04,12,2,,0,0,1,0,0
"POINT (9.827102118000029 52.299642273000103)",Unfall 11838 (2022) Kat:3, Licht: 0,11838,3,6,2,04,17,4,,0,0,1,0,1
"POINT (9.721295560000041 52.360767445000100)",Unfall 11845 (2022) Kat:3, Licht: 2,11845,3,2,3,03,22,4,,2,0,1,0,0
"POINT (9.828380301000040 52.306926515999997)",Unfall 11849 (2022) Kat:3, Licht: 1,11849,3,7,0,04,05,3,,1,0,1,0,0
"POINT (9.838033180000020 52.418624008999998)",Unfall 11855 (2022) Kat:3, Licht: 0,11855,3,6,3,05,07,6,,0,0,1,0,0
"POINT (9.815125585000031 52.303297458000003)",Unfall 11861 (2022) Kat:3, Licht: 0,11861,3,2,5,04,08,4,,0,1,1,0,0
"POINT (9.776165815000070 52.575948998000101)",Unfall 11874 (2022) Kat:3, Licht: 0,11874,3,6,2,04,08,4,,0,0,1,0,0
"POINT (9.520153827000060 52.406931681000103)",Unfall 11881 (2022) Kat:3, Licht: 0,11881,3,6,4,05,13,3,,0,0,1,0,0
"POINT (9.819511855000030 52.310306842999999)",Unfall 11907 (2022) Kat:3, Licht: 0,11907,3,1,8,04,08,6,,0,0,1,0,0
"POINT (9.733379371000069 52.417818403000098)",Unfall 11916 (2022) Kat:3, Licht: 0,11916,3,3,5,04,13,5,,0,1,1,0,0
"POINT (9.628557374000019 52.292483410999999)",Unfall 11928 (2022) Kat:3, Licht: 0,11928,3,2,5,04,16,4,,0,0,1,0,0
"POINT (9.735595508000070 52.403298785000104)",Unfall 11935 (2022) Kat:3, Licht: 0,11935,3,3,0,03,15,4,,0,1,1,0,0
"POINT (10.180316092000099 52.465004553000000)",Unfall 11944 (2022) Kat:3, Licht: 0,11944,3,6,2,03,13,2,,0,0,0,0,0
"POINT (9.413165090000060 52.333048062000003)",Unfall 11948 (2022) Kat:3, Licht: 0,11948,3,6,2,03,15,2,,0,0,1,0,0
"POINT (9.743318658000019 52.369040978999998)",Unfall 11953 (2022) Kat:2, Licht: 0,11953,2,7,3,04,11,7,,0,1,0,0,0
"POINT (9.480440045000019 52.301055565000098)",Unfall 11958 (2022) Kat:2, Licht: 0,11958,2,3,5,03,09,7,,0,0,1,0,0
"POINT (9.723395081000040 52.628581967000102)",Unfall 11959 (2022) Kat:3, Licht: 0,11959,3,6,2,05,12,7,,0,0,1,0,0
"POINT (9.974039702000031 52.372582179000098)",Unfall 11961 (2022) Kat:3, Licht: 0,11961,3,7,6,05,11,7,,0,0,1,1,0
"POINT (9.614591041000040 52.392273973000002)",Unfall 11971 (2022) Kat:3, Licht: 0,11971,3,2,4,05,08,7,,0,1,1,0,0
"POINT (9.454153077000059 52.447055575000000)",Unfall 11977 (2022) Kat:3, Licht: 0,11977,3,6,2,04,13,6,,0,0,1,0,0
"POINT (9.584851817000070 52.389978227000000)",Unfall 11992 (2022) Kat:3, Licht: 0,11992,3,6,2,04,08,6,,0,0,1,0,0
"POINT (9.840887048000070 52.387819506000000)",Unfall 12005 (2022) Kat:3, Licht: 0,12005,3,4,6,05,19,5,,0,0,1,1,0
"POINT (9.691455245000039 52.430134652000000)",Unfall 12010 (2022) Kat:3, Licht: 0,12010,3,6,3,04,15,7,,0,0,1,0,0
"POINT (9.667917370000049 52.342015615999998)",Unfall 12026 (2022) Kat:3, Licht: 0,12026,3,3,5,04,09,4,,0,0,1,0,0
"POINT (9.724983919000071 52.317914028000096)",Unfall 12041 (2022) Kat:3, Licht: 0,12041,3,7,0,05,17,2,,0,1,0,0,0
"POINT (10.028016407000100 52.520551399000098)",Unfall 12048 (2022) Kat:3, Licht: 0,12048,3,1,9,04,17,3,,0,0,1,0,0
"POINT (9.629760493000051 52.421065305000099)",Unfall 12061 (2022) Kat:3, Licht: 0,12061,3,6,2,05,16,6,,0,0,1,0,0
"POINT (9.413092458000049 52.333071932000102)",Unfall 12066 (2022) Kat:2, Licht: 0,12066,2,6,3,04,08,6,,0,1,0,0,0
"POINT (9.699451232000060 52.347352043999997)",Unfall 12067 (2022) Kat:3, Licht: 2,12067,3,2,5,05,01,1,,2,0,1,0,0
"POINT (9.865339305000081 52.338425513000097)",Unfall 12072 (2022) Kat:3, Licht: 0,12072,3,6,2,03,12,2,,0,0,0,0,0
"POINT (9.853501325000019 52.491582205000000)",Unfall 12078 (2022) Kat:3, Licht: 0,12078,3,7,6,04,15,4,,0,0,1,1,0
"POINT (9.871637695000061 52.278660095000099)",Unfall 12083 (2022) Kat:2, Licht: 0,12083,2,7,0,05,09,7,,0,0,1,0,0
"POINT (9.811216463000051 52.528745940000100)",Unfall 12089 (2022) Kat:3, Licht: 0,12089,3,6,2,04,12,2,,0,0,1,0,0
"POINT (9.637252375000060 52.551496043000000)",Unfall 12104 (2022) Kat:2, Licht: 2,12104,2,1,9,04,03,1,,2,0,1,0,0
"POINT (9.773778506000040 52.370993876000099)",Unfall 12112 (2022) Kat:3, Licht: 0,12112,3,6,2,04,16,5,,0,0,1,0,0
"POINT (9.735133852000050 52.403873716000099)",Unfall 12117 (2022) Kat:3, Licht: 0,12117,3,6,2,04,10,6,,0,0,1,0,0
"POINT (9.711361662000060 52.441122260000000)",Unfall 12122 (2022) Kat:2, Licht: 2,12122,2,4,6,04,05,5,,2,0,1,1,0
"POINT (9.732304037000061 52.383139959000097)",Unfall 12124 (2022) Kat:3, Licht: 1,12124,3,6,3,03,18,5,,1,1,0,0,0
"POINT (9.933177415000049 52.393308788000098)",Unfall 12126 (2022) Kat:3, Licht: 0,12126,3,6,2,05,19,3,,0,0,1,0,0
"POINT (9.743166602000031 52.604177896000103)",Unfall 12130 (2022) Kat:3, Licht: 0,12130,3,6,2,04,10,7,,0,0,1,0,0
"POINT (9.611168888000069 52.431820989000101)",Unfall 12137 (2022) Kat:3, Licht: 0,12137,3,6,2,04,14,7,,0,0,1,0,0
"POINT (9.963276297000050 52.441038747000100)",Unfall 12151 (2022) Kat:3, Licht: 2,12151,3,5,1,03,19,7,,2,0,1,0,0
"POINT (9.642332377000059 52.414705751000000)",Unfall 12155 (2022) Kat:3, Licht: 2,12155,3,3,5,04,20,2,,2,0,1,0,0
"POINT (9.643336678000029 52.334900236000102)",Unfall 12166 (2022) Kat:3, Licht: 0,12166,3,6,9,04,14,7,,0,0,0,0,1
"POINT (9.800645776000071 52.544362431000103)",Unfall 12167 (2022) Kat:3, Licht: 2,12167,3,1,8,05,02,1,,2,0,1,0,0
"POINT (9.771410247000061 52.427091893000103)",Unfall 12173 (2022) Kat:3, Licht: 0,12173,3,6,9,04,17,1,,0,0,1,0,0
"POINT (9.810460782000060 52.318370824000098)",Unfall 12176 (2022) Kat:3, Licht: 0,12176,3,2,4,04,11,4,,0,0,1,0,0
"POINT (9.677159397000031 52.359206401999998)",Unfall 12187 (2022) Kat:3, Licht: 0,12187,3,3,5,05,18,6,,0,1,1,0,0
"POINT (9.571012445000060 52.446571517999999)",Unfall 12198 (2022) Kat:3, Licht: 0,12198,3,7,9,03,16,2,,0,0,1,0,0
"POINT (9.431892501000050 52.422453582000102)",Unfall 12201 (2022) Kat:3, Licht: 2,12201,3,3,5,04,22,2,,2,1,1,0,0
"POINT (9.727238959000029 52.366798701999997)",Unfall 12206 (2022) Kat:3, Licht: 0,12206,3,3,5,03,10,5,,0,0,1,0,0
"POINT (9.555458468000040 52.440595517000098)",Unfall 12208 (2022) Kat:3, Licht: 0,12208,3,6,2,03,10,7,,0,0,1,0,0
"POINT (9.675761272000051 52.192101684000100)",Unfall 12215 (2022) Kat:2, Licht: 0,12215,2,1,8,04,13,2,,0,0,0,0,1
"POINT (9.717934702000040 52.440610267000103)",Unfall 12216 (2022) Kat:3, Licht: 0,12216,3,6,2,04,14,3,,0,0,1,0,0
"POINT (9.641570880000071 52.414798400000102)",Unfall 12218 (2022) Kat:3, Licht: 0,12218,3,6,2,04,17,6,,0,0,1,0,0
"POINT (9.973419902000050 52.383844983000103)",Unfall 12219 (2022) Kat:3, Licht: 0,12219,3,1,8,04,07,3,,0,0,1,0,0
"POINT (9.845046208000040 52.360464716000102)",Unfall 12232 (2022) Kat:3, Licht: 0,12232,3,2,5,03,15,3,,0,0,0,0,0
"POINT (9.726766279000060 52.375735156000097)",Unfall 12235 (2022) Kat:3, Licht: 0,12235,3,3,5,05,16,5,,0,1,1,0,0
"POINT (9.731796611000050 52.382916682000001)",Unfall 12239 (2022) Kat:3, Licht: 0,12239,3,6,3,04,18,5,,0,0,1,0,1
"POINT (9.466288242000079 52.454280850000004)",Unfall 12251 (2022) Kat:3, Licht: 1,12251,3,1,8,03,18,6,,1,0,0,0,1
"POINT (9.714673806000061 52.361088397000103)",Unfall 12259 (2022) Kat:3, Licht: 0,12259,3,6,3,05,10,2,,0,0,1,0,0
"POINT (9.848495557000041 52.427746749000100)",Unfall 12262 (2022) Kat:3, Licht: 0,12262,3,6,2,03,17,2,,0,0,1,0,0
"POINT (9.784772259000020 52.320880713000101)",Unfall 12270 (2022) Kat:3, Licht: 0,12270,3,6,2,05,18,4,,0,0,1,0,0
"POINT (9.723967380000030 52.391096957999999)",Unfall 12277 (2022) Kat:3, Licht: 0,12277,3,2,3,05,13,5,,0,1,1,0,0
"POINT (9.513359841000071 52.391602585999998)",Unfall 12301 (2022) Kat:3, Licht: 0,12301,3,3,5,05,15,5,,0,1,1,0,0
"POINT (9.727121379000041 52.381148211000003)",Unfall 12314 (2022) Kat:3, Licht: 0,12314,3,3,5,05,08,2,,0,1,1,0,0
"POINT (9.618445249000050 52.361475890000101)",Unfall 12317 (2022) Kat:3, Licht: 0,12317,3,1,8,04,13,4,,0,0,1,0,0
"POINT (9.650122699000059 52.414741702000100)",Unfall 12318 (2022) Kat:3, Licht: 1,12318,3,6,3,04,05,6,,1,0,1,0,1
"POINT (9.584760351000060 52.390713699000102)",Unfall 12319 (2022) Kat:3, Licht: 0,12319,3,6,4,04,09,7,,0,0,1,0,0
"POINT (9.574439242000039 52.420597719000099)",Unfall 12325 (2022) Kat:3, Licht: 0,12325,3,3,5,03,18,1,,0,0,1,0,0
"POINT (9.997237369000061 52.453071210000097)",Unfall 12330 (2022) Kat:3, Licht: 0,12330,3,1,0,04,09,7,,0,1,0,0,0
"POINT (9.995384594000029 52.443820975000101)",Unfall 12344 (2022) Kat:3, Licht: 0,12344,3,2,3,04,16,3,,0,1,1,0,0
"POINT (9.728016805000040 52.374194271000100)",Unfall 12353 (2022) Kat:3, Licht: 0,12353,3,3,5,05,07,2,,0,0,1,0,0
"POINT (9.664864334000070 52.239731032000101)",Unfall 12390 (2022) Kat:3, Licht: 0,12390,3,3,5,03,11,2,,0,1,1,0,0
"POINT (9.656051316000060 52.238946385000098)",Unfall 12393 (2022) Kat:3, Licht: 0,12393,3,2,4,04,18,1,,0,0,1,0,0
"POINT (9.784316115000021 52.383178905000101)",Unfall 12394 (2022) Kat:3, Licht: 0,12394,3,6,2,04,15,4,,0,0,1,0,0
"POINT (9.730779549000030 52.485742378000097)",Unfall 12421 (2022) Kat:3, Licht: 0,12421,3,7,8,05,07,4,,0,0,1,0,0
"POINT (9.764463666000040 52.342764932000101)",Unfall 12424 (2022) Kat:3, Licht: 0,12424,3,2,5,04,13,2,,0,0,1,0,0
"POINT (9.751213046000030 52.359203551000100)",Unfall 12429 (2022) Kat:3, Licht: 0,12429,3,2,5,03,17,4,,0,1,1,0,0
"POINT (9.644954561000080 52.431552050999997)",Unfall 12434 (2022) Kat:3, Licht: 0,12434,3,6,4,04,16,6,,0,1,0,0,0
"POINT (9.666753222000070 52.339111361999997)",Unfall 12447 (2022) Kat:3, Licht: 2,12447,3,1,8,04,22,5,,2,0,1,0,0
"POINT (9.852022913000040 52.429630342999999)",Unfall 12455 (2022) Kat:3, Licht: 0,12455,3,3,0,04,12,3,,0,1,0,0,0
"POINT (9.833256095000021 52.418909151000001)",Unfall 12460 (2022) Kat:3, Licht: 0,12460,3,6,2,05,12,6,,0,0,1,0,0
"POINT (9.774795317000040 52.332276999999998)",Unfall 12463 (2022) Kat:3, Licht: 2,12463,3,7,8,04,01,1,,2,1,0,0,0
"POINT (9.727190745000030 52.387963055000100)",Unfall 12467 (2022) Kat:3, Licht: 2,12467,3,2,5,03,19,6,,2,0,1,0,0
"POINT (9.564126427000080 52.323118233000102)",Unfall 12469 (2022) Kat:3, Licht: 0,12469,3,6,2,05,16,3,,0,0,1,0,0
"POINT (9.889865139000049 52.422946500000101)",Unfall 12476 (2022) Kat:3, Licht: 0,12476,3,6,2,04,12,6,,0,0,0,0,0
"POINT (9.415664240000069 52.428478317000000)",Unfall 12477 (2022) Kat:3, Licht: 0,12477,3,1,1,05,10,3,,0,0,1,0,0
"POINT (9.758964508000080 52.370320362000001)",Unfall 12485 (2022) Kat:3, Licht: 0,12485,3,3,5,05,08,6,,0,1,1,0,0
"POINT (9.586744146000060 52.416143150000003)",Unfall 12489 (2022) Kat:3, Licht: 0,12489,3,6,2,04,12,3,,0,0,1,0,0
"POINT (9.968902707000041 52.315200406000002)",Unfall 12498 (2022) Kat:3, Licht: 0,12498,3,2,4,05,17,1,,0,0,1,0,0
"POINT (9.717505928000040 52.355667564000001)",Unfall 12505 (2022) Kat:3, Licht: 0,12505,3,3,5,04,15,3,,0,0,1,0,0
"POINT (9.760225341000019 52.347308990999998)",Unfall 12508 (2022) Kat:2, Licht: 2,12508,2,1,8,05,03,1,,2,0,1,0,0
"POINT (9.715111738000081 52.361092796000001)",Unfall 12522 (2022) Kat:3, Licht: 0,12522,3,6,2,05,17,4,,0,0,1,0,0
"POINT (9.723539526000019 52.377899187000097)",Unfall 12526 (2022) Kat:3, Licht: 0,12526,3,2,5,03,15,4,,0,1,0,0,0
"POINT (9.621501888000070 52.392946592999998)",Unfall 12534 (2022) Kat:3, Licht: 0,12534,3,3,0,04,11,7,,0,1,1,0,0
"POINT (9.803622380000039 52.481312957999997)",Unfall 12535 (2022) Kat:3, Licht: 0,12535,3,2,4,04,07,3,,0,1,1,0,0
"POINT (9.722400209000060 52.317309229000003)",Unfall 12538 (2022) Kat:3, Licht: 0,12538,3,6,4,05,13,5,,0,1,0,0,0
"POINT (9.457024069000060 52.501176515000097)",Unfall 12547 (2022) Kat:2, Licht: 0,12547,2,4,6,05,12,7,,0,0,1,1,0
"POINT (9.674327253000060 52.395066615000097)",Unfall 12560 (2022) Kat:3, Licht: 0,12560,3,6,2,04,14,4,,0,0,1,0,0
"POINT (9.702516298000029 52.430292309000002)",Unfall 12561 (2022) Kat:3, Licht: 2,12561,3,6,2,03,20,7,,2,0,1,0,0
"POINT (10.031252052000101 52.386442232000000)",Unfall 12571 (2022) Kat:3, Licht: 0,12571,3,6,2,05,17,3,,0,0,1,0,0
"POINT (9.697733158000061 52.377152479000102)",Unfall 12573 (2022) Kat:3, Licht: 0,12573,3,6,2,04,19,3,,0,0,1,0,0
"POINT (9.589669474000059 52.439030625999997)",Unfall 12584 (2022) Kat:3, Licht: 2,12584,3,3,5,04,00,2,,2,0,1,0,0
"POINT (9.459769472000060 52.305589263000101)",Unfall 12601 (2022) Kat:3, Licht: 2,12601,3,2,2,04,21,6,,2,0,1,0,0
"POINT (9.807126988000050 52.307660541000097)",Unfall 12605 (2022) Kat:3, Licht: 0,12605,3,7,1,05,15,1,,0,0,1,0,0
"POINT (9.817980595000050 52.351586887000103)",Unfall 12621 (2022) Kat:3, Licht: 1,12621,3,6,3,03,17,5,,1,0,1,0,0
"POINT (9.766531678000041 52.290168493000103)",Unfall 12637 (2022) Kat:3, Licht: 0,12637,3,7,0,03,09,2,,0,1,0,0,0
"POINT (9.711782947000071 52.405064479000004)",Unfall 12640 (2022) Kat:3, Licht: 0,12640,3,3,5,05,14,3,,0,1,1,0,0
"POINT (9.744565607000030 52.453350581999999)",Unfall 12643 (2022) Kat:3, Licht: 0,12643,3,6,2,04,16,7,,0,0,1,0,1
"POINT (9.590423508000070 52.438741575000101)",Unfall 12680 (2022) Kat:3, Licht: 0,12680,3,6,2,05,12,5,,0,0,0,0,1
"POINT (9.974916945000070 52.401607946000098)",Unfall 12681 (2022) Kat:3, Licht: 0,12681,3,3,5,03,08,4,,0,0,1,0,0
"POINT (9.680297480000039 52.371920967000101)",Unfall 12682 (2022) Kat:3, Licht: 0,12682,3,6,2,05,08,4,,0,0,1,0,0
"POINT (9.937676443000040 52.392742159000100)",Unfall 12687 (2022) Kat:3, Licht: 0,12687,3,6,2,04,12,4,,0,0,0,0,0
"POINT (9.761357585000040 52.335652021000001)",Unfall 12690 (2022) Kat:3, Licht: 0,12690,3,3,5,04,14,6,,0,1,1,0,0
"POINT (9.677817626000040 52.359328446000099)",Unfall 12692 (2022) Kat:3, Licht: 2,12692,3,3,5,04,19,2,,2,0,1,1,0
"POINT (9.613543523000031 52.568428560000001)",Unfall 12693 (2022) Kat:1, Licht: 2,12693,1,1,8,05,00,1,,2,0,1,0,0
"POINT (9.744772400000040 52.367455776000000)",Unfall 12694 (2022) Kat:3, Licht: 0,12694,3,3,5,05,08,2,,0,1,1,0,0
"POINT (9.456463076000031 52.485671555000103)",Unfall 12696 (2022) Kat:3, Licht: 0,12696,3,7,0,05,20,3,,0,0,1,0,1
"POINT (9.894275669000020 52.460396834000100)",Unfall 12703 (2022) Kat:3, Licht: 2,12703,3,1,9,04,01,7,,2,0,1,0,0
"POINT (9.958094016000080 52.318272885000098)",Unfall 12707 (2022) Kat:2, Licht: 0,12707,2,4,6,05,12,6,,0,0,1,1,0
"POINT (9.730126854000050 52.368690018999999)",Unfall 12709 (2022) Kat:2, Licht: 0,12709,2,3,5,03,13,3,,0,1,1,0,0
"POINT (9.961658500000061 52.455874671000103)",Unfall 12711 (2022) Kat:2, Licht: 1,12711,2,1,8,04,20,3,,1,0,0,0,1
"POINT (9.544569125000070 52.441298630000098)",Unfall 12723 (2022) Kat:3, Licht: 0,12723,3,5,1,05,10,6,,0,1,1,0,0
"POINT (9.730634807000060 52.475538394000097)",Unfall 12730 (2022) Kat:3, Licht: 0,12730,3,5,1,03,16,2,,0,1,1,0,0
"POINT (9.698625703000060 52.347726751000003)",Unfall 12733 (2022) Kat:3, Licht: 0,12733,3,3,5,05,16,3,,0,1,1,0,0
"POINT (9.839464978000020 52.273404707000097)",Unfall 12734 (2022) Kat:3, Licht: 0,12734,3,7,0,03,16,1,,0,1,0,0,0
"POINT (9.846580942000060 52.393191772000101)",Unfall 12742 (2022) Kat:3, Licht: 0,12742,3,5,5,03,12,5,,0,1,1,0,0
"POINT (9.425179900000050 52.504123838000098)",Unfall 12745 (2022) Kat:3, Licht: 0,12745,3,1,0,05,10,7,,0,1,0,0,0
"POINT (9.793862227000030 52.394736318000099)",Unfall 12751 (2022) Kat:3, Licht: 0,12751,3,6,2,04,11,2,,0,0,1,0,1
"POINT (9.495119389000021 52.280763692999997)",Unfall 12752 (2022) Kat:3, Licht: 0,12752,3,2,2,04,18,3,,0,1,1,0,0
"POINT (9.434518718000049 52.421546241999998)",Unfall 12766 (2022) Kat:3, Licht: 0,12766,3,2,5,05,13,6,,0,0,1,0,1
"POINT (9.899254211000031 52.348952675000099)",Unfall 12791 (2022) Kat:3, Licht: 1,12791,3,1,9,04,20,7,,1,1,0,0,0
"POINT (10.139719758000100 52.460914478000099)",Unfall 12811 (2022) Kat:3, Licht: 0,12811,3,6,2,04,16,4,,0,0,1,0,0
"POINT (10.199200389000101 52.464078364999999)",Unfall 12814 (2022) Kat:3, Licht: 0,12814,3,3,5,04,11,6,,0,1,1,0,0
"POINT (9.733429284000071 52.384282250000098)",Unfall 12818 (2022) Kat:3, Licht: 0,12818,3,6,0,05,15,2,,0,1,0,0,0
"POINT (10.026863118000101 52.316664081000098)",Unfall 12821 (2022) Kat:3, Licht: 0,12821,3,3,5,03,07,5,,0,1,1,0,0
"POINT (9.805814002000030 52.408496919000100)",Unfall 12823 (2022) Kat:3, Licht: 0,12823,3,3,5,05,16,3,,0,1,0,0,0
"POINT (9.585167598000060 52.389936622000100)",Unfall 12830 (2022) Kat:3, Licht: 0,12830,3,6,2,05,17,2,,0,0,1,0,0
"POINT (9.734106839000050 52.412124237999997)",Unfall 12831 (2022) Kat:3, Licht: 0,12831,3,3,5,05,09,6,,0,1,1,0,0
"POINT (9.451363620000050 52.517249278000101)",Unfall 12841 (2022) Kat:3, Licht: 0,12841,3,2,2,05,16,4,,0,0,1,0,0
"POINT (10.201896743000100 52.462647452000098)",Unfall 12847 (2022) Kat:3, Licht: 0,12847,3,7,8,05,11,6,,0,1,0,0,0
"POINT (9.717404017000041 52.396145908000101)",Unfall 12858 (2022) Kat:3, Licht: 0,12858,3,6,2,03,10,1,,0,0,1,0,0
"POINT (9.703344603000060 52.416143413999997)",Unfall 12866 (2022) Kat:3, Licht: 0,12866,3,2,2,04,15,7,,0,0,1,0,0
"POINT (10.084954618999999 52.365924097000097)",Unfall 12876 (2022) Kat:2, Licht: 2,12876,2,1,8,04,23,3,,2,0,1,0,0
"POINT (9.603651810000031 52.460128320000102)",Unfall 12895 (2022) Kat:3, Licht: 0,12895,3,7,1,05,13,2,,0,0,1,0,0
"POINT (9.505009682000040 52.556076261999998)",Unfall 12897 (2022) Kat:3, Licht: 0,12897,3,6,2,05,10,4,,0,0,1,0,0
"POINT (9.599971043000039 52.394438052000098)",Unfall 12902 (2022) Kat:3, Licht: 0,12902,3,2,0,04,08,5,,0,1,1,0,0
"POINT (9.745758777000050 52.209364737000001)",Unfall 12904 (2022) Kat:3, Licht: 0,12904,3,3,5,04,15,4,,0,1,1,0,0
"POINT (9.587007944000050 52.211696559000103)",Unfall 12908 (2022) Kat:3, Licht: 0,12908,3,1,9,04,13,1,,0,0,0,0,1
"POINT (9.631788267000051 52.378667982000103)",Unfall 12909 (2022) Kat:3, Licht: 0,12909,3,1,9,05,11,1,,0,1,0,0,0
"POINT (9.681227257000049 52.391416520000099)",Unfall 12915 (2022) Kat:3, Licht: 0,12915,3,6,2,04,15,3,,0,0,1,0,0
"POINT (10.066311561000100 52.449537751999998)",Unfall 12932 (2022) Kat:2, Licht: 0,12932,2,1,8,04,17,7,,0,0,1,0,0
"POINT (9.690453010000059 52.442328910000100)",Unfall 12939 (2022) Kat:3, Licht: 0,12939,3,7,0,05,06,5,,0,0,0,0,1
"POINT (9.356228733000020 52.450973127000097)",Unfall 12941 (2022) Kat:3, Licht: 0,12941,3,7,0,04,20,4,,0,1,0,0,0
"POINT (9.441317243000070 52.311489711000000)",Unfall 12961 (2022) Kat:3, Licht: 0,12961,3,2,2,04,15,4,,0,0,1,0,0
"POINT (9.862783340000020 52.379928732000103)",Unfall 12978 (2022) Kat:3, Licht: 0,12978,3,2,4,03,16,2,,0,0,1,0,0
"POINT (9.768276233000050 52.291073501000000)",Unfall 12998 (2022) Kat:3, Licht: 0,12998,3,6,2,05,16,4,,0,1,1,0,0
"POINT (9.654479453000020 52.319025568000001)",Unfall 13002 (2022) Kat:3, Licht: 0,13002,3,3,5,04,07,6,,0,1,1,0,0
"POINT (9.800809380000031 52.406586450000098)",Unfall 13010 (2022) Kat:3, Licht: 0,13010,3,6,0,05,14,2,,0,0,1,0,0
"POINT (9.640203504000061 52.294887078999999)",Unfall 13024 (2022) Kat:3, Licht: 0,13024,3,3,5,04,14,3,,0,1,1,0,0
"POINT (9.553920588000040 52.421758908000101)",Unfall 13034 (2022) Kat:3, Licht: 2,13034,3,7,2,05,22,1,,2,0,1,0,0
"POINT (9.451313292000069 52.307572415999999)",Unfall 13036 (2022) Kat:3, Licht: 0,13036,3,2,2,03,16,4,,0,0,1,0,0
"POINT (9.512900418000070 52.410994326999997)",Unfall 13037 (2022) Kat:3, Licht: 0,13037,3,6,2,03,10,6,,0,0,1,0,0
"POINT (9.675968233000050 52.381747259000100)",Unfall 13041 (2022) Kat:3, Licht: 0,13041,3,7,7,04,10,3,,0,1,0,0,0
"POINT (9.745756692000040 52.209378033000100)",Unfall 13046 (2022) Kat:3, Licht: 0,13046,3,2,4,05,19,1,,0,0,1,0,0
"POINT (10.014452873000000 52.420392769999999)",Unfall 13069 (2022) Kat:3, Licht: 0,13069,3,7,6,04,12,7,,0,0,1,1,0
"POINT (9.959327835000069 52.317653104999998)",Unfall 13073 (2022) Kat:3, Licht: 0,13073,3,2,4,05,17,5,,0,1,1,0,0
"POINT (9.611470329000040 52.434681511000100)",Unfall 13078 (2022) Kat:2, Licht: 0,13078,2,4,6,04,11,6,,0,0,1,1,0
"POINT (9.442084939000040 52.366290829000000)",Unfall 13095 (2022) Kat:3, Licht: 0,13095,3,6,2,04,12,4,,0,0,0,0,0
"POINT (9.651676538000061 52.417413615000001)",Unfall 13105 (2022) Kat:2, Licht: 0,13105,2,3,5,03,17,5,,0,1,1,0,0
"POINT (9.401221695000061 52.424724727000097)",Unfall 13106 (2022) Kat:3, Licht: 0,13106,3,6,2,03,11,7,,0,0,1,0,0
"POINT (9.663772276000030 52.276717122999997)",Unfall 13111 (2022) Kat:3, Licht: 0,13111,3,7,0,04,17,7,,0,1,0,0,0
"POINT (9.743512009000030 52.457489539000100)",Unfall 13112 (2022) Kat:2, Licht: 0,13112,2,6,3,05,21,1,,0,0,1,0,0
"POINT (9.974792869000050 52.389763633000001)",Unfall 13122 (2022) Kat:3, Licht: 0,13122,3,7,2,04,15,6,,0,0,1,0,0
"POINT (9.605040724000050 52.393408812000096)",Unfall 13132 (2022) Kat:3, Licht: 0,13132,3,3,5,04,11,5,,0,1,1,0,0
"POINT (9.797398687000049 52.346676059000103)",Unfall 13137 (2022) Kat:3, Licht: 0,13137,3,6,3,04,13,6,,0,0,1,0,0
"POINT (9.714840566000021 52.361130489000097)",Unfall 13140 (2022) Kat:3, Licht: 0,13140,3,2,5,05,14,1,,0,0,1,0,0
"POINT (9.666848364000030 52.339201545999998)",Unfall 13142 (2022) Kat:3, Licht: 0,13142,3,2,6,04,08,6,,0,0,1,1,0
"POINT (9.697287028000060 52.341536937999997)",Unfall 13150 (2022) Kat:3, Licht: 0,13150,3,6,2,05,17,6,,0,0,1,0,0
"POINT (9.452741736000061 52.512684760000099)",Unfall 13152 (2022) Kat:3, Licht: 0,13152,3,2,5,03,15,3,,0,0,1,0,0
"POINT (9.388657692000040 52.539030151000098)",Unfall 13154 (2022) Kat:3, Licht: 0,13154,3,1,9,04,19,3,,0,0,1,0,0