WKT,Name,OBJECTID,UKATEGORIE,UTYP1,UART,UMONAT,USTUNDE,UWOCHENTAG,STRZUSTAND,ULICHTVERH,ISTRAD,ISTPKW,ISTFUSS,ISTKRAD
"POINT (9.746261925000059 52.369079752000097)",Unfall 17017 (2022) Kat:3, Licht: 0,17017,3,3,5,08,17,4,,0,0,1,0,0
"POINT (9.709184669000020 52.408085643000000)",Unfall 17018 (2022) Kat:3, Licht: 0,17018,3,1,0,08,09,2,,0,1,0,0,0
"POINT (9.610533865000040 52.421998975000101)",Unfall 17020 (2022) Kat:3, Licht: 0,17020,3,7,3,06,08,3,,0,0,1,0,0
"POINT (9.686793968000069 52.392400748000099)",Unfall 17023 (2022) Kat:3, Licht: 0,17023,3,6,9,07,12,7,,0,0,1,0,0
"POINT (9.743306642000050 52.368208137000103)",Unfall 17024 (2022) Kat:3, Licht: 0,17024,3,2,5,07,15,5,,0,1,1,0,0
"POINT (9.706380045000060 52.365601099000102)",Unfall 17027 (2022) Kat:3, Licht: 2,17027,3,1,8,06,00,1,,2,0,1,0,1
"POINT (9.665264136000079 52.336498777000003)",Unfall 17032 (2022) Kat:3, Licht: 0,17032,3,3,5,06,10,5,,0,0,1,0,0
"POINT (9.934206332000031 52.368868142000103)",Unfall 17043 (2022) Kat:3, Licht: 0,17043,3,6,2,08,14,4,,0,0,1,0,0
"POINT (9.718303708000059 52.394157432999997)",Unfall 17061 (2022) Kat:3, Licht: 0,17061,3,6,2,07,14,3,,0,0,1,0,0
"POINT (9.740781816000039 52.247245587000101)",Unfall 17064 (2022) Kat:2, Licht: 0,17064,2,6,4,07,13,6,,0,0,1,0,0
"POINT (9.962913168000060 52.482493955000102)",Unfall 17069 (2022) Kat:3, Licht: 0,17069,3,7,8,08,09,6,,0,0,1,0,0
"POINT (9.638394714000070 52.396692788999999)",Unfall 17071 (2022) Kat:3, Licht: 0,17071,3,6,2,06,09,2,,0,0,1,0,0
"POINT (9.686589518000060 52.375014586000098)",Unfall 17072 (2022) Kat:3, Licht: 2,17072,3,7,0,06,00,6,,2,1,0,0,0
"POINT (9.537449373000070 52.402232460000100)",Unfall 17076 (2022) Kat:3, Licht: 2,17076,3,6,4,07,03,7,,2,0,1,0,0
"POINT (9.836258950000060 52.489962262000098)",Unfall 17082 (2022) Kat:3, Licht: 0,17082,3,2,5,08,07,5,,0,1,1,0,0
"POINT (9.715710450000071 52.397783822000100)",Unfall 17093 (2022) Kat:3, Licht: 2,17093,3,7,1,08,02,1,,2,0,1,0,0
"POINT (9.668969448000039 52.344958966000000)",Unfall 17104 (2022) Kat:3, Licht: 0,17104,3,2,5,07,11,3,,0,0,1,0,0
"POINT (9.797788259000070 52.539768676000101)",Unfall 17106 (2022) Kat:3, Licht: 0,17106,3,6,2,08,11,7,,0,0,1,0,0
"POINT (9.983172338000029 52.459444681000001)",Unfall 17111 (2022) Kat:3, Licht: 0,17111,3,6,2,07,15,2,,0,0,1,0,0
"POINT (9.737733227000041 52.368225914999996)",Unfall 17115 (2022) Kat:3, Licht: 0,17115,3,6,4,06,16,5,,0,1,0,0,0
"POINT (9.732395349000059 52.383504226000099)",Unfall 17121 (2022) Kat:3, Licht: 0,17121,3,6,2,08,08,3,,0,0,1,0,0
"POINT (9.734084560000040 52.415157259000097)",Unfall 17130 (2022) Kat:3, Licht: 0,17130,3,6,2,07,11,3,,0,0,1,0,0
"POINT (9.722308157000040 52.378456760000098)",Unfall 17137 (2022) Kat:3, Licht: 2,17137,3,6,3,07,23,7,,2,0,1,0,0
"POINT (9.784489136000049 52.358652862000000)",Unfall 17145 (2022) Kat:2, Licht: 0,17145,2,6,2,06,14,6,,0,0,0,0,1
"POINT (9.451960750000071 52.504881120000100)",Unfall 17162 (2022) Kat:3, Licht: 0,17162,3,4,6,07,16,4,,0,1,0,1,0
"POINT (9.629231879000031 52.421906286000102)",Unfall 17178 (2022) Kat:3, Licht: 0,17178,3,6,2,07,16,5,,0,0,1,0,1
"POINT (9.853886688000051 52.565387043000001)",Unfall 17179 (2022) Kat:3, Licht: 0,17179,3,1,0,06,15,6,,0,0,0,0,1
"POINT (9.760917365000070 52.273813148999999)",Unfall 17181 (2022) Kat:3, Licht: 0,17181,3,3,5,07,16,3,,0,1,1,0,0
"POINT (9.419406068000059 52.465463302000003)",Unfall 17183 (2022) Kat:2, Licht: 0,17183,2,3,5,06,15,4,,0,0,1,0,0
"POINT (9.837313614000040 52.396992668000102)",Unfall 17185 (2022) Kat:3, Licht: 0,17185,3,2,5,07,10,7,,0,1,1,0,0
"POINT (9.819301008000020 52.384751794000103)",Unfall 17190 (2022) Kat:3, Licht: 0,17190,3,7,9,05,12,2,,0,0,1,0,0
"POINT (9.608035051000060 52.289993604000102)",Unfall 17192 (2022) Kat:3, Licht: 0,17192,3,3,5,06,10,4,,0,0,1,0,0
"POINT (9.886422786000031 52.312304161999997)",Unfall 17193 (2022) Kat:2, Licht: 0,17193,2,7,9,07,17,3,,0,0,1,0,0
"POINT (9.701776665000070 52.276880101000103)",Unfall 17195 (2022) Kat:3, Licht: 0,17195,3,2,5,08,12,6,,0,0,1,0,0
"POINT (9.734880961000041 52.391369427000001)",Unfall 17211 (2022) Kat:3, Licht: 0,17211,3,4,6,07,20,2,,0,0,1,1,0
"POINT (9.697731006000030 52.377154513000100)",Unfall 17213 (2022) Kat:3, Licht: 0,17213,3,6,2,05,16,4,,0,0,1,0,0
"POINT (9.625245695000050 52.393937503000103)",Unfall 17220 (2022) Kat:3, Licht: 0,17220,3,5,2,06,18,3,,0,0,1,0,1
"POINT (9.727387094000051 52.574665513000099)",Unfall 17225 (2022) Kat:3, Licht: 0,17225,3,7,8,07,20,1,,0,0,0,0,0
"POINT (9.590900180000061 52.399324903000000)",Unfall 17227 (2022) Kat:3, Licht: 0,17227,3,6,8,05,13,1,,0,1,0,0,0
"POINT (9.740218549000080 52.368254867000097)",Unfall 17231 (2022) Kat:3, Licht: 0,17231,3,2,5,05,16,3,,0,1,1,0,0
"POINT (9.665577500000040 52.357681566000103)",Unfall 17233 (2022) Kat:3, Licht: 0,17233,3,3,5,08,13,4,,0,0,1,0,0
"POINT (9.484458327000031 52.303923655000098)",Unfall 17241 (2022) Kat:3, Licht: 0,17241,3,3,5,07,10,6,,0,0,1,0,0
"POINT (9.757896825000049 52.350166828000098)",Unfall 17256 (2022) Kat:3, Licht: 0,17256,3,5,1,06,19,7,,0,1,0,0,0
"POINT (9.420289353000040 52.448206644999999)",Unfall 17260 (2022) Kat:3, Licht: 0,17260,3,7,0,06,07,6,,0,0,0,0,1
"POINT (9.747114178000061 52.364524330000101)",Unfall 17267 (2022) Kat:3, Licht: 0,17267,3,2,5,07,17,4,,0,1,1,0,0
"POINT (9.723867243000029 52.555145485000097)",Unfall 17274 (2022) Kat:3, Licht: 0,17274,3,7,0,05,10,5,,0,1,0,0,0
"POINT (9.748446730000071 52.452713561000103)",Unfall 17286 (2022) Kat:3, Licht: 0,17286,3,7,0,06,18,3,,0,1,0,0,0
"POINT (9.823069016000030 52.285638972000100)",Unfall 17292 (2022) Kat:3, Licht: 0,17292,3,3,5,07,14,3,,0,1,1,0,0
"POINT (9.975395470000020 52.360121409000001)",Unfall 17310 (2022) Kat:3, Licht: 0,17310,3,6,2,06,16,3,,0,0,1,0,0
"POINT (9.735079998000060 52.407234852000002)",Unfall 17312 (2022) Kat:3, Licht: 0,17312,3,6,3,05,13,4,,0,0,1,0,0
"POINT (10.023297513999999 52.355040952000103)",Unfall 17328 (2022) Kat:3, Licht: 0,17328,3,2,2,06,18,4,,0,0,1,0,1
"POINT (9.591171604000071 52.396774288000103)",Unfall 17333 (2022) Kat:3, Licht: 0,17333,3,6,3,08,16,5,,0,1,1,0,0
"POINT (9.609250689000021 52.405877990000100)",Unfall 17337 (2022) Kat:3, Licht: 0,17337,3,2,5,06,18,4,,0,0,1,0,1
"POINT (9.580733675000030 52.418015712000098)",Unfall 17338 (2022) Kat:3, Licht: 0,17338,3,6,2,06,11,4,,0,0,1,0,0
"POINT (9.692987647000050 52.430233182999999)",Unfall 17354 (2022) Kat:3, Licht: 0,17354,3,6,2,06,17,5,,0,0,1,0,0
"POINT (10.127110239000000 52.363436971000098)",Unfall 17355 (2022) Kat:3, Licht: 0,17355,3,7,8,06,17,1,,0,0,0,0,0
"POINT (9.650195964000030 52.393418115000003)",Unfall 17359 (2022) Kat:3, Licht: 0,17359,3,6,4,07,05,6,,0,1,0,0,0
"POINT (9.738872523000049 52.609397403999999)",Unfall 17379 (2022) Kat:3, Licht: 0,17379,3,6,2,06,11,1,,0,0,1,0,0
"POINT (9.577284273000030 52.423261608000097)",Unfall 17381 (2022) Kat:3, Licht: 0,17381,3,1,9,06,06,7,,0,0,1,0,0
"POINT (9.606356116000031 52.313169861000098)",Unfall 17383 (2022) Kat:2, Licht: 0,17383,2,7,0,07,10,2,,0,1,0,0,0
"POINT (9.723536109000070 52.377901094999999)",Unfall 17388 (2022) Kat:3, Licht: 0,17388,3,3,5,07,10,4,,0,1,1,0,0
"POINT (9.743289999000069 52.368193609000102)",Unfall 17394 (2022) Kat:3, Licht: 0,17394,3,2,5,06,10,2,,0,1,1,0,0
"POINT (9.433141034000069 52.422159196000102)",Unfall 17395 (2022) Kat:3, Licht: 0,17395,3,3,5,06,19,5,,0,0,1,0,0
"POINT (9.736082055000050 52.400067585000002)",Unfall 17400 (2022) Kat:3, Licht: 0,17400,3,3,5,07,20,7,,0,1,1,0,0
"POINT (10.012332039000100 52.448273045000100)",Unfall 17407 (2022) Kat:3, Licht: 0,17407,3,1,0,06,10,7,,0,1,0,0,0
"POINT (9.963797406000030 52.316072747000099)",Unfall 17412 (2022) Kat:3, Licht: 0,17412,3,2,0,06,20,7,,0,1,0,0,1
"POINT (9.496794602000019 52.538274398000098)",Unfall 17418 (2022) Kat:3, Licht: 0,17418,3,3,5,08,15,4,,0,0,1,0,0
"POINT (9.928467690000049 52.346816791999998)",Unfall 17427 (2022) Kat:3, Licht: 0,17427,3,3,1,06,12,2,,0,0,1,0,0
"POINT (9.799410626000050 52.409539721999998)",Unfall 17438 (2022) Kat:3, Licht: 0,17438,3,2,5,06,07,5,,0,1,1,0,0
"POINT (9.750080829000069 52.369281613000098)",Unfall 17439 (2022) Kat:3, Licht: 0,17439,3,6,0,06,18,7,,0,1,0,0,0
"POINT (9.732111272000051 52.383372139000102)",Unfall 17443 (2022) Kat:3, Licht: 0,17443,3,2,3,06,12,6,,0,1,1,0,0
"POINT (10.032097093000100 52.523295621000003)",Unfall 17461 (2022) Kat:3, Licht: 0,17461,3,6,2,08,16,1,,0,0,1,0,0
"POINT (9.466290755000051 52.320829947999997)",Unfall 17467 (2022) Kat:3, Licht: 0,17467,3,7,8,07,15,1,,0,0,1,0,0
"POINT (9.724296611000060 52.377472501000099)",Unfall 17473 (2022) Kat:3, Licht: 0,17473,3,1,0,06,14,4,,0,1,0,0,0
"POINT (10.000553260000100 52.461943254000097)",Unfall 17477 (2022) Kat:3, Licht: 0,17477,3,7,4,08,06,3,,0,0,1,0,0
"POINT (9.558988096000061 52.400619505000101)",Unfall 17478 (2022) Kat:3, Licht: 0,17478,3,3,5,08,06,1,,0,0,1,0,0
"POINT (9.734255101000031 52.387041286000098)",Unfall 17483 (2022) Kat:3, Licht: 0,17483,3,6,2,06,20,5,,0,0,1,0,0
"POINT (9.696379806000040 52.420317356000098)",Unfall 17492 (2022) Kat:3, Licht: 0,17492,3,6,6,07,16,4,,0,1,0,1,0
"POINT (9.611460272000039 52.345861362000100)",Unfall 17498 (2022) Kat:3, Licht: 0,17498,3,7,8,06,15,1,,0,0,1,0,0
"POINT (9.713488033000029 52.346482274000003)",Unfall 17499 (2022) Kat:3, Licht: 0,17499,3,6,1,08,13,7,,0,0,1,0,0
"POINT (9.718322326000020 52.346047231999997)",Unfall 17507 (2022) Kat:3, Licht: 0,17507,3,6,2,07,13,7,,0,0,1,0,0
"POINT (9.869399953000030 52.360399754000099)",Unfall 17511 (2022) Kat:3, Licht: 0,17511,3,3,5,07,07,2,,0,0,1,0,0
"POINT (9.976936247000030 52.372592525000101)",Unfall 17516 (2022) Kat:3, Licht: 1,17516,3,3,5,08,20,2,,1,0,1,0,0
"POINT (9.630236580000030 52.263344099999998)",Unfall 17519 (2022) Kat:3, Licht: 0,17519,3,7,0,06,12,4,,0,0,0,0,1
"POINT (9.419553689000050 52.429282822000097)",Unfall 17525 (2022) Kat:3, Licht: 0,17525,3,2,5,08,11,2,,0,1,1,0,0
"POINT (9.800053751000060 52.406790143000102)",Unfall 17527 (2022) Kat:3, Licht: 0,17527,3,4,0,07,16,1,,0,0,0,1,0
"POINT (10.128128014000000 52.363255337000098)",Unfall 17528 (2022) Kat:3, Licht: 2,17528,3,7,8,06,01,1,,2,0,1,0,0
"POINT (9.743250830000020 52.368177480000000)",Unfall 17529 (2022) Kat:2, Licht: 0,17529,2,2,0,06,08,4,,0,1,1,0,0
"POINT (9.731585326000070 52.369548813000101)",Unfall 17532 (2022) Kat:3, Licht: 0,17532,3,6,2,07,05,6,,0,0,1,0,1
"POINT (9.794093807000021 52.552912155000101)",Unfall 17542 (2022) Kat:3, Licht: 0,17542,3,6,2,07,13,6,,0,0,1,0,0
"POINT (9.676964108000050 52.357068164000097)",Unfall 17543 (2022) Kat:3, Licht: 2,17543,3,2,5,07,21,1,,2,0,1,0,0
"POINT (9.707516142000030 52.410023692000003)",Unfall 17548 (2022) Kat:3, Licht: 0,17548,3,2,5,05,17,2,,0,1,0,0,0
"POINT (9.733685357000070 52.369145608000103)",Unfall 17549 (2022) Kat:3, Licht: 0,17549,3,6,2,08,14,5,,0,0,1,0,0
"POINT (9.728345256000070 52.292695676000100)",Unfall 17558 (2022) Kat:3, Licht: 0,17558,3,2,5,08,16,1,,0,0,1,0,0
"POINT (9.827218008000051 52.350950333000100)",Unfall 17559 (2022) Kat:3, Licht: 0,17559,3,3,5,06,12,5,,0,1,1,0,0
"POINT (9.490300671000060 52.316310516999998)",Unfall 17575 (2022) Kat:3, Licht: 0,17575,3,1,8,08,06,3,,0,0,1,0,0
"POINT (9.727250189000070 52.318391933999997)",Unfall 17581 (2022) Kat:3, Licht: 0,17581,3,1,8,06,05,1,,0,1,0,0,0
"POINT (9.722520343000040 52.362505212000002)",Unfall 17588 (2022) Kat:3, Licht: 0,17588,3,3,5,08,16,3,,0,1,0,0,0
"POINT (9.497108958000069 52.274448313999997)",Unfall 17595 (2022) Kat:3, Licht: 0,17595,3,1,8,06,15,6,,0,0,0,0,1
"POINT (9.628437219000030 52.295864141999999)",Unfall 17597 (2022) Kat:3, Licht: 0,17597,3,1,9,07,12,3,,0,0,0,0,1
"POINT (9.450751196000059 52.467358075000000)",Unfall 17598 (2022) Kat:3, Licht: 0,17598,3,1,0,06,14,2,,0,1,0,0,0
"POINT (9.775634244000059 52.269759432999997)",Unfall 17600 (2022) Kat:3, Licht: 2,17600,3,1,0,06,02,7,,2,0,0,0,1
"POINT (10.206502107000100 52.473578948000103)",Unfall 17605 (2022) Kat:3, Licht: 0,17605,3,2,4,07,18,1,,0,0,1,0,0
"POINT (9.723665768000050 52.379397375000103)",Unfall 17606 (2022) Kat:3, Licht: 0,17606,3,7,0,05,09,2,,0,0,1,0,0
"POINT (9.446115381000030 52.330194636999998)",Unfall 17613 (2022) Kat:1, Licht: 0,17613,1,1,1,08,19,5,,0,0,1,0,0
"POINT (9.750059261000050 52.369280429000099)",Unfall 17620 (2022) Kat:3, Licht: 0,17620,3,3,5,06,07,6,,0,1,1,0,0
"POINT (9.767077900000061 52.339753632000097)",Unfall 17621 (2022) Kat:3, Licht: 0,17621,3,5,3,07,18,5,,0,1,1,0,0
"POINT (9.696061074000060 52.380087734000000)",Unfall 17625 (2022) Kat:3, Licht: 0,17625,3,1,9,05,06,7,,0,0,1,0,0
"POINT (9.456937725000049 52.500274601999998)",Unfall 17635 (2022) Kat:3, Licht: 0,17635,3,2,5,06,13,4,,0,1,1,0,0
"POINT (9.904258799000051 52.273666435000102)",Unfall 17649 (2022) Kat:1, Licht: 2,17649,1,1,8,07,22,3,,2,0,1,0,0
"POINT (9.721094861000040 52.337746828000000)",Unfall 17663 (2022) Kat:3, Licht: 0,17663,3,6,3,08,17,6,,0,0,1,0,0
"POINT (9.872464067000070 52.310667375999998)",Unfall 17666 (2022) Kat:3, Licht: 0,17666,3,2,4,08,15,2,,0,0,1,0,0
"POINT (9.770174091000060 52.427028546000003)",Unfall 17671 (2022) Kat:3, Licht: 0,17671,3,6,3,06,08,5,,0,0,1,0,0
"POINT (9.833319790000081 52.338242618000002)",Unfall 17681 (2022) Kat:3, Licht: 0,17681,3,7,0,05,06,4,,0,1,0,0,0
"POINT (9.550691790000030 52.328046933000103)",Unfall 17696 (2022) Kat:3, Licht: 0,17696,3,5,1,05,14,1,,0,1,1,0,0
"POINT (9.910906216000059 52.436178360000000)",Unfall 17699 (2022) Kat:3, Licht: 0,17699,3,6,2,07,17,2,,0,0,1,0,0
"POINT (9.657927193000029 52.167049458000101)",Unfall 17700 (2022) Kat:3, Licht: 0,17700,3,3,5,05,12,3,,0,0,1,0,1
"POINT (10.018640254999999 52.519364804000098)",Unfall 17705 (2022) Kat:3, Licht: 0,17705,3,3,0,06,09,4,,0,1,1,0,0
"POINT (9.646897975000060 52.413553024000102)",Unfall 17726 (2022) Kat:3, Licht: 0,17726,3,6,2,08,16,6,,0,0,1,0,1
"POINT (9.798218690000059 52.412700100999999)",Unfall 17728 (2022) Kat:3, Licht: 0,17728,3,2,5,06,07,6,,0,1,1,0,0
"POINT (9.735245801000080 52.394478487000100)",Unfall 17737 (2022) Kat:2, Licht: 0,17737,2,4,6,05,18,2,,0,0,1,1,0
"POINT (9.829177421000050 52.416803781000098)",Unfall 17741 (2022) Kat:3, Licht: 0,17741,3,3,5,07,18,3,,0,0,1,0,0
"POINT (9.740860714000060 52.299962385000100)",Unfall 17743 (2022) Kat:3, Licht: 0,17743,3,7,0,07,10,5,,0,1,0,0,0
"POINT (9.645990315000059 52.408331884000098)",Unfall 17744 (2022) Kat:1, Licht: 2,17744,1,6,6,05,22,5,,2,0,1,1,0
"POINT (9.839463852000049 52.490419551000102)",Unfall 17748 (2022) Kat:3, Licht: 0,17748,3,6,2,08,18,1,,0,0,1,0,0
"POINT (9.734021774000039 52.387087659000002)",Unfall 17749 (2022) Kat:3, Licht: 0,17749,3,2,5,06,13,5,,0,1,1,0,0
"POINT (9.727407200000069 52.438995471000098)",Unfall 17763 (2022) Kat:3, Licht: 0,17763,3,2,5,06,11,7,,0,1,1,0,0
"POINT (9.719071474000030 52.353154200000098)",Unfall 17768 (2022) Kat:3, Licht: 0,17768,3,1,9,06,18,5,,0,0,1,0,0
"POINT (9.903827612000040 52.444848667000002)",Unfall 17778 (2022) Kat:3, Licht: 0,17778,3,3,5,08,15,3,,0,1,1,0,0
"POINT (9.514255651000040 52.576012210999998)",Unfall 17785 (2022) Kat:3, Licht: 0,17785,3,6,2,06,14,6,,0,0,0,0,1
"POINT (9.719622426000059 52.367756899000000)",Unfall 17786 (2022) Kat:3, Licht: 0,17786,3,6,2,05,14,6,,0,1,0,0,0
"POINT (9.709120994000051 52.614468380000098)",Unfall 17788 (2022) Kat:2, Licht: 2,17788,2,1,8,06,00,2,,2,0,1,0,0
"POINT (9.574057642000071 52.421679472999998)",Unfall 17789 (2022) Kat:3, Licht: 0,17789,3,3,5,06,11,4,,0,1,1,0,0
"POINT (9.923810221000050 52.383330428000100)",Unfall 17791 (2022) Kat:2, Licht: 0,17791,2,3,5,07,19,7,,0,1,1,0,0
"POINT (9.726890492000051 52.381051319999997)",Unfall 17792 (2022) Kat:3, Licht: 0,17792,3,6,2,06,17,5,,0,0,1,0,0
"POINT (9.663491061000061 52.323577229000101)",Unfall 17794 (2022) Kat:3, Licht: 0,17794,3,1,6,07,18,7,,0,1,0,1,0
"POINT (9.792239963000039 52.557599252999999)",Unfall 17798 (2022) Kat:3, Licht: 2,17798,3,7,9,06,22,4,,2,0,1,0,0
"POINT (9.734146546000030 52.387920303999998)",Unfall 17801 (2022) Kat:3, Licht: 0,17801,3,6,3,08,15,6,,0,0,0,0,1
"POINT (9.491863839000080 52.294250456000000)",Unfall 17802 (2022) Kat:3, Licht: 0,17802,3,5,1,06,08,6,,0,0,1,0,0
"POINT (9.697750983000050 52.376348116000003)",Unfall 17815 (2022) Kat:3, Licht: 0,17815,3,6,2,05,12,7,,0,0,1,0,0
"POINT (9.803714349000071 52.407546726000099)",Unfall 17818 (2022) Kat:3, Licht: 0,17818,3,3,5,05,07,4,,0,1,1,0,0
"POINT (9.729872162000049 52.371996223000103)",Unfall 17825 (2022) Kat:3, Licht: 0,17825,3,6,4,06,15,3,,0,1,0,0,0
"POINT (9.964225135000049 52.315956867000097)",Unfall 17827 (2022) Kat:3, Licht: 0,17827,3,3,5,07,12,6,,0,0,1,0,0
"POINT (10.066195912000101 52.394980595000000)",Unfall 17829 (2022) Kat:3, Licht: 0,17829,3,1,0,07,20,6,,0,1,0,0,0
"POINT (9.700176676000069 52.372266488000001)",Unfall 17833 (2022) Kat:3, Licht: 0,17833,3,6,2,07,18,4,,0,0,1,0,0
"POINT (9.717667114000051 52.395903353999998)",Unfall 17835 (2022) Kat:3, Licht: 0,17835,3,1,0,07,14,2,,0,0,0,0,1
"POINT (9.552980260000030 52.203239068000101)",Unfall 17838 (2022) Kat:2, Licht: 0,17838,2,1,8,08,05,4,,0,0,1,0,0
"POINT (9.614064746000050 52.392231639999999)",Unfall 17840 (2022) Kat:3, Licht: 0,17840,3,2,5,06,14,4,,0,0,1,0,0
"POINT (9.714755504000040 52.366586637000097)",Unfall 17842 (2022) Kat:2, Licht: 0,17842,2,2,3,07,10,3,,0,1,0,0,0
"POINT (9.429760754000030 52.426753365000103)",Unfall 17843 (2022) Kat:3, Licht: 0,17843,3,6,2,07,15,4,,0,0,1,0,0
"POINT (9.725000065000071 52.367644571000000)",Unfall 17856 (2022) Kat:3, Licht: 0,17856,3,5,1,05,20,3,,0,0,1,0,0
"POINT (9.936088600000060 52.443922584000099)",Unfall 17862 (2022) Kat:3, Licht: 0,17862,3,1,8,08,08,6,,0,0,1,0,0
"POINT (9.710059814000029 52.346727343000097)",Unfall 17869 (2022) Kat:3, Licht: 0,17869,3,6,2,07,09,7,,0,0,1,0,0
"POINT (9.792943595000050 52.217287747000100)",Unfall 17873 (2022) Kat:2, Licht: 0,17873,2,2,5,06,10,3,,0,1,1,0,0
"POINT (9.735665626000070 52.400832926000099)",Unfall 17887 (2022) Kat:3, Licht: 0,17887,3,6,2,08,13,3,,0,0,1,0,0
"POINT (9.662664577000040 52.341832796000098)",Unfall 17893 (2022) Kat:3, Licht: 0,17893,3,2,5,08,19,6,,0,1,1,0,0
"POINT (9.734199193000050 52.615139540000001)",Unfall 17901 (2022) Kat:3, Licht: 0,17901,3,6,2,08,15,2,,0,0,1,0,0
"POINT (9.859436669000051 52.491502926000102)",Unfall 17921 (2022) Kat:3, Licht: 0,17921,3,3,5,09,08,1,,0,1,1,0,0
"POINT (9.738294800000061 52.427362322000100)",Unfall 17924 (2022) Kat:3, Licht: 2,17924,3,6,9,09,05,5,,2,0,1,0,0
"POINT (9.734176744000020 52.438592552000003)",Unfall 17931 (2022) Kat:3, Licht: 0,17931,3,7,0,08,17,2,,0,0,0,1,0
"POINT (9.614803919000050 52.405645641000000)",Unfall 17933 (2022) Kat:3, Licht: 0,17933,3,4,6,08,12,4,,0,0,1,1,0
"POINT (9.593191740000069 52.287546503999998)",Unfall 17935 (2022) Kat:1, Licht: 0,17935,1,1,9,08,17,3,,0,0,0,0,1
"POINT (9.572384934000070 52.210550016000099)",Unfall 17938 (2022) Kat:3, Licht: 0,17938,3,1,9,08,16,2,,0,0,1,0,0
"POINT (9.799042095000059 52.311973910000098)",Unfall 17963 (2022) Kat:2, Licht: 0,17963,2,7,2,09,12,5,,0,0,1,0,0
"POINT (9.686687467000070 52.329728193000101)",Unfall 17965 (2022) Kat:3, Licht: 0,17965,3,7,8,09,10,2,,0,0,1,0,0
"POINT (9.716044750000041 52.447004547000098)",Unfall 17967 (2022) Kat:3, Licht: 0,17967,3,1,8,08,11,4,,0,0,1,0,0
"POINT (9.734321926000060 52.387546147000101)",Unfall 17968 (2022) Kat:3, Licht: 2,17968,3,7,0,09,01,4,,2,0,0,0,0
"POINT (9.607676028000069 52.432647158000101)",Unfall 17971 (2022) Kat:3, Licht: 2,17971,3,7,0,09,00,1,,2,1,0,0,0
"POINT (9.743182854000050 52.368483191999999)",Unfall 17972 (2022) Kat:3, Licht: 0,17972,3,4,6,08,09,3,,0,0,0,1,0
"POINT (9.606236039000070 52.433037232000103)",Unfall 17984 (2022) Kat:3, Licht: 0,17984,3,2,4,08,14,4,,0,1,1,0,0
"POINT (9.725035031000060 52.317925186000103)",Unfall 17986 (2022) Kat:3, Licht: 0,17986,3,1,0,08,11,3,,0,1,0,0,0
"POINT (9.829350977000050 52.360921494000102)",Unfall 17987 (2022) Kat:2, Licht: 0,17987,2,7,0,08,12,6,,0,1,0,0,0
"POINT (9.793367541000070 52.313530317000101)",Unfall 17998 (2022) Kat:3, Licht: 0,17998,3,7,0,09,16,3,,0,1,0,0,0
"POINT (9.731295001000030 52.382571958000000)",Unfall 18006 (2022) Kat:3, Licht: 0,18006,3,6,2,08,17,2,,0,0,1,0,0
"POINT (9.472072538000081 52.301596224000001)",Unfall 18010 (2022) Kat:2, Licht: 2,18010,2,1,1,08,00,1,,2,1,1,0,0
"POINT (9.836172768000040 52.489942220000003)",Unfall 18012 (2022) Kat:3, Licht: 0,18012,3,3,5,08,07,3,,0,0,1,0,0
"POINT (9.777747449000060 52.371416354000097)",Unfall 18023 (2022) Kat:3, Licht: 0,18023,3,2,5,09,10,5,,0,0,1,0,0
"POINT (9.735829085000031 52.401790318000103)",Unfall 18027 (2022) Kat:3, Licht: 0,18027,3,6,2,09,11,2,,0,0,1,0,0
"POINT (9.771781291000019 52.342960258000097)",Unfall 18031 (2022) Kat:3, Licht: 0,18031,3,6,2,09,18,5,,0,0,1,0,0
"POINT (9.735642083000069 52.402998017000101)",Unfall 18033 (2022) Kat:3, Licht: 0,18033,3,6,3,08,10,1,,0,0,1,0,1
"POINT (9.829692914000081 52.360958993000096)",Unfall 18034 (2022) Kat:3, Licht: 0,18034,3,7,1,09,15,2,,0,1,1,0,0
"POINT (9.668100178000030 52.343764407000002)",Unfall 18037 (2022) Kat:3, Licht: 0,18037,3,3,5,09,06,4,,0,0,0,0,0
"POINT (9.859669433000020 52.457942949000000)",Unfall 18054 (2022) Kat:3, Licht: 0,18054,3,6,3,08,10,2,,0,0,1,0,0
"POINT (9.816807798000070 52.285389490999997)",Unfall 18056 (2022) Kat:3, Licht: 0,18056,3,6,2,08,17,6,,0,0,1,0,0
"POINT (9.756731116000029 52.334279613000000)",Unfall 18060 (2022) Kat:2, Licht: 0,18060,2,6,6,09,18,5,,0,1,0,1,0
"POINT (9.743385271000021 52.603911494999998)",Unfall 18062 (2022) Kat:3, Licht: 0,18062,3,6,2,08,11,1,,0,0,1,0,0
"POINT (9.668782613000079 52.397354823000100)",Unfall 18078 (2022) Kat:3, Licht: 0,18078,3,6,2,08,13,6,,0,0,1,0,0
"POINT (9.719806167000060 52.337109302999998)",Unfall 18089 (2022) Kat:2, Licht: 2,18089,2,6,9,08,22,3,,2,0,1,0,1
"POINT (9.792985298000080 52.393719331000099)",Unfall 18091 (2022) Kat:3, Licht: 0,18091,3,2,3,08,14,7,,0,0,1,0,0