WKT,Name,OBJECTID,UKATEGORIE,UTYP1,UART,UMONAT,USTUNDE,UWOCHENTAG,STRZUSTAND,ULICHTVERH,ISTRAD,ISTPKW,ISTFUSS,ISTKRAD
"POINT (9.903163277000029 52.493391762000002)",Unfall 18094 (2022) Kat:1, Licht: 0,18094,1,1,8,09,16,2,,0,0,1,0,0
"POINT (9.646106773000040 52.405472817000003)",Unfall 18097 (2022) Kat:3, Licht: 0,18097,3,6,2,09,14,5,,0,0,1,0,0
"POINT (9.827184436000040 52.347486566000001)",Unfall 18117 (2022) Kat:3, Licht: 0,18117,3,6,4,08,11,4,,0,1,0,0,0
"POINT (9.841396988000040 52.487152207000101)",Unfall 18121 (2022) Kat:3, Licht: 0,18121,3,6,2,08,11,5,,0,0,1,0,0
"POINT (9.734294989000031 52.411058380999997)",Unfall 18123 (2022) Kat:3, Licht: 0,18123,3,3,5,09,15,5,,0,1,1,0,0
"POINT (9.647284142000050 52.423937526000003)",Unfall 18124 (2022) Kat:3, Licht: 0,18124,3,1,0,08,17,1,,0,0,0,0,1
"POINT (9.824779809000059 52.308076732000103)",Unfall 18126 (2022) Kat:3, Licht: 0,18126,3,6,2,08,08,3,,0,0,1,0,0
"POINT (9.813909516000020 52.365040539000098)",Unfall 18148 (2022) Kat:3, Licht: 0,18148,3,5,0,08,17,2,,0,1,0,0,0
"POINT (9.856034907000041 52.358812903999997)",Unfall 18150 (2022) Kat:3, Licht: 1,18150,3,5,1,09,19,7,,1,1,1,0,0
"POINT (9.730976482000070 52.382497935000103)",Unfall 18152 (2022) Kat:3, Licht: 0,18152,3,6,0,09,16,2,,0,1,0,0,0
"POINT (9.798998730000051 52.411033412000101)",Unfall 18156 (2022) Kat:3, Licht: 0,18156,3,5,1,08,13,3,,0,0,1,0,0
"POINT (9.735151061000071 52.438345402000003)",Unfall 18157 (2022) Kat:3, Licht: 0,18157,3,3,5,08,13,7,,0,1,1,0,0
"POINT (9.841974723000019 52.416187876000002)",Unfall 18158 (2022) Kat:3, Licht: 0,18158,3,3,5,08,18,5,,0,0,1,0,0
"POINT (9.733400448000051 52.437376893000099)",Unfall 18159 (2022) Kat:3, Licht: 1,18159,3,4,6,08,20,2,,1,0,1,1,0
"POINT (9.626704372000059 52.423495572000000)",Unfall 18164 (2022) Kat:3, Licht: 0,18164,3,6,2,09,13,5,,0,0,1,0,0
"POINT (10.077862247000001 52.366818963000100)",Unfall 18166 (2022) Kat:3, Licht: 2,18166,3,6,8,08,21,1,,2,0,1,0,0
"POINT (9.722503356000059 52.378615787000101)",Unfall 18169 (2022) Kat:3, Licht: 0,18169,3,2,5,08,10,4,,0,1,0,0,0
"POINT (9.974053156000020 52.403936655999999)",Unfall 18171 (2022) Kat:3, Licht: 0,18171,3,7,9,08,12,6,,0,0,1,0,0
"POINT (9.837129395000030 52.276910354000101)",Unfall 18178 (2022) Kat:3, Licht: 0,18178,3,7,0,09,11,6,,0,1,0,0,0
"POINT (9.751768775000070 52.594518691000097)",Unfall 18189 (2022) Kat:3, Licht: 0,18189,3,6,2,08,15,5,,0,0,1,0,0
"POINT (10.105454487999999 52.389624634000000)",Unfall 18196 (2022) Kat:2, Licht: 0,18196,2,2,4,08,19,4,,0,0,1,0,0
"POINT (9.643789961000040 52.434713966000103)",Unfall 18202 (2022) Kat:3, Licht: 0,18202,3,2,5,08,07,4,,0,0,1,0,1
"POINT (9.761525909000060 52.370488358000003)",Unfall 18204 (2022) Kat:3, Licht: 0,18204,3,6,2,08,14,3,,0,0,1,0,0
"POINT (10.171053827000000 52.397289974000003)",Unfall 18210 (2022) Kat:2, Licht: 0,18210,2,1,8,09,15,5,,0,0,0,0,1
"POINT (9.746081371000059 52.369072866000103)",Unfall 18216 (2022) Kat:3, Licht: 0,18216,3,6,2,09,09,3,,0,0,1,0,0
"POINT (9.748169106000031 52.598235771000098)",Unfall 18244 (2022) Kat:3, Licht: 0,18244,3,6,2,09,15,6,,0,0,1,0,0
"POINT (9.951728553000070 52.319385308000101)",Unfall 18245 (2022) Kat:3, Licht: 2,18245,3,7,0,08,01,1,,2,1,0,0,0
"POINT (10.034414272999999 52.378594731000099)",Unfall 18250 (2022) Kat:3, Licht: 0,18250,3,6,3,09,11,7,,0,0,1,0,0
"POINT (9.723468691000051 52.377699315000001)",Unfall 18264 (2022) Kat:3, Licht: 0,18264,3,6,2,09,14,2,,0,0,1,0,0
"POINT (9.762839790000040 52.344417382000103)",Unfall 18265 (2022) Kat:3, Licht: 0,18265,3,3,5,08,06,4,,0,1,1,0,0
"POINT (9.761324425000049 52.370475188999997)",Unfall 18267 (2022) Kat:3, Licht: 0,18267,3,7,5,09,17,5,,0,1,1,0,0
"POINT (9.662446295000050 52.357162447000100)",Unfall 18271 (2022) Kat:3, Licht: 0,18271,3,3,5,08,08,4,,0,0,1,0,1
"POINT (9.972640318000060 52.382485504000002)",Unfall 18273 (2022) Kat:2, Licht: 0,18273,2,3,5,08,16,3,,0,0,1,0,0
"POINT (9.603581090000031 52.460500476999997)",Unfall 18279 (2022) Kat:3, Licht: 0,18279,3,2,4,09,13,5,,0,1,1,0,0
"POINT (9.486912593000060 52.305849436000102)",Unfall 18281 (2022) Kat:2, Licht: 0,18281,2,1,9,08,15,1,,0,0,1,0,0
"POINT (9.801126201000050 52.370747942000001)",Unfall 18282 (2022) Kat:3, Licht: 1,18282,3,7,8,09,17,1,,1,0,1,0,0
"POINT (9.582530634000021 52.397125535000001)",Unfall 18295 (2022) Kat:3, Licht: 0,18295,3,7,6,09,16,6,,0,0,0,1,0
"POINT (9.499767662000069 52.571381539000100)",Unfall 18300 (2022) Kat:3, Licht: 0,18300,3,6,2,08,15,4,,0,0,1,0,0
"POINT (9.798254578000069 52.431147938999999)",Unfall 18302 (2022) Kat:3, Licht: 2,18302,3,6,3,09,23,7,,2,0,1,0,0
"POINT (9.491644594000039 52.416048975000102)",Unfall 18311 (2022) Kat:3, Licht: 0,18311,3,6,4,08,09,5,,0,0,1,0,0
"POINT (9.456597541000059 52.494091771999997)",Unfall 18313 (2022) Kat:3, Licht: 0,18313,3,3,5,09,13,2,,0,1,1,0,0
"POINT (9.556208430000030 52.421601990000099)",Unfall 18315 (2022) Kat:3, Licht: 0,18315,3,6,2,09,14,6,,0,0,1,0,0
"POINT (9.800331161000029 52.406145559000002)",Unfall 18326 (2022) Kat:2, Licht: 0,18326,2,3,5,08,07,3,,0,0,1,0,0
"POINT (9.575826452000060 52.431952861000099)",Unfall 18337 (2022) Kat:3, Licht: 2,18337,3,7,0,08,21,7,,2,1,0,0,0
"POINT (9.803368555000080 52.274898518999997)",Unfall 18339 (2022) Kat:3, Licht: 0,18339,3,6,2,09,18,4,,0,1,0,0,0
"POINT (9.712483084000040 52.314572982000101)",Unfall 18345 (2022) Kat:2, Licht: 0,18345,2,1,0,09,15,5,,0,1,0,0,0
"POINT (9.726782768000019 52.375721163999998)",Unfall 18359 (2022) Kat:3, Licht: 0,18359,3,2,5,08,13,2,,0,1,1,0,0
"POINT (9.456927950000020 52.487492519000099)",Unfall 18369 (2022) Kat:3, Licht: 0,18369,3,6,4,09,17,7,,0,1,0,0,0
"POINT (9.448387903000031 52.436861982000003)",Unfall 18377 (2022) Kat:3, Licht: 2,18377,3,1,8,08,22,5,,2,0,0,0,1
"POINT (9.755958581000071 52.352783056000099)",Unfall 18381 (2022) Kat:3, Licht: 0,18381,3,6,2,09,14,6,,0,0,1,0,0
"POINT (9.751362457000029 52.369475454000103)",Unfall 18382 (2022) Kat:3, Licht: 0,18382,3,6,0,09,16,5,,0,1,0,1,0
"POINT (9.483101559000030 52.419066753000003)",Unfall 18389 (2022) Kat:3, Licht: 1,18389,3,6,3,08,20,6,,1,0,1,0,0
"POINT (10.031198307000100 52.427783630000100)",Unfall 18390 (2022) Kat:3, Licht: 0,18390,3,2,0,08,07,4,,0,0,1,0,0
"POINT (9.763278377000059 52.585033394000000)",Unfall 18406 (2022) Kat:3, Licht: 0,18406,3,6,3,09,09,3,,0,0,1,0,0
"POINT (9.891889101000061 52.429420518000001)",Unfall 18423 (2022) Kat:2, Licht: 0,18423,2,1,8,08,20,2,,0,0,1,0,0
"POINT (9.760956843000031 52.346941399000102)",Unfall 18424 (2022) Kat:3, Licht: 0,18424,3,3,5,08,12,6,,0,1,0,0,0
"POINT (9.836764933000040 52.490079925000003)",Unfall 18435 (2022) Kat:3, Licht: 0,18435,3,1,9,09,10,2,,0,1,0,0,0
"POINT (9.546464427000050 52.340309662999999)",Unfall 18437 (2022) Kat:3, Licht: 0,18437,3,6,2,08,06,5,,0,0,1,0,0
"POINT (9.724919993000070 52.380175868999999)",Unfall 18470 (2022) Kat:3, Licht: 0,18470,3,7,0,08,18,2,,0,0,0,0,0
"POINT (9.396100893000041 52.422205179999999)",Unfall 18488 (2022) Kat:3, Licht: 0,18488,3,7,8,08,07,3,,0,0,1,0,0
"POINT (9.714560088000040 52.362108128000003)",Unfall 18495 (2022) Kat:3, Licht: 0,18495,3,2,3,09,09,5,,0,0,1,0,0
"POINT (10.141731641000000 52.378697037000101)",Unfall 18498 (2022) Kat:3, Licht: 0,18498,3,1,8,08,13,3,,0,0,1,0,0
"POINT (9.611269989000050 52.299199797000000)",Unfall 18509 (2022) Kat:3, Licht: 0,18509,3,6,4,08,19,3,,0,1,0,0,0
"POINT (9.697766462000059 52.377121014000103)",Unfall 18515 (2022) Kat:3, Licht: 0,18515,3,6,2,09,10,6,,0,0,1,0,0
"POINT (9.644111376000071 52.423171593000099)",Unfall 18516 (2022) Kat:3, Licht: 0,18516,3,6,2,09,13,5,,0,0,1,0,0
"POINT (9.792041134000041 52.555767711999998)",Unfall 18519 (2022) Kat:3, Licht: 0,18519,3,6,2,09,18,1,,0,0,1,0,0
"POINT (9.666781964000050 52.239315535000102)",Unfall 18524 (2022) Kat:3, Licht: 0,18524,3,2,5,08,12,4,,0,0,1,0,0
"POINT (9.575340123000050 52.418966484000102)",Unfall 18526 (2022) Kat:3, Licht: 1,18526,3,7,0,08,07,3,,1,1,0,0,0
"POINT (9.456099400000030 52.375406097999999)",Unfall 18534 (2022) Kat:2, Licht: 0,18534,2,1,8,08,07,3,,0,0,1,0,0
"POINT (9.702282186000049 52.430305515999997)",Unfall 18539 (2022) Kat:3, Licht: 0,18539,3,6,2,09,09,7,,0,0,1,0,0
"POINT (9.839344063000061 52.422473350000097)",Unfall 18563 (2022) Kat:3, Licht: 0,18563,3,2,5,09,18,5,,0,1,1,0,0
"POINT (9.758117884000059 52.427228395000000)",Unfall 18574 (2022) Kat:3, Licht: 0,18574,3,6,2,08,15,2,,0,0,0,0,0
"POINT (9.744643797000039 52.209189745000103)",Unfall 18575 (2022) Kat:3, Licht: 2,18575,3,1,8,08,21,6,,2,0,1,0,0
"POINT (9.588378962000039 52.397094111000101)",Unfall 18583 (2022) Kat:3, Licht: 0,18583,3,7,1,08,15,1,,0,0,1,0,0
"POINT (9.721178399000051 52.337805907000103)",Unfall 18591 (2022) Kat:3, Licht: 2,18591,3,2,3,08,22,3,,2,0,1,0,1
"POINT (9.715630966000051 52.346328331999999)",Unfall 18626 (2022) Kat:3, Licht: 0,18626,3,6,2,08,15,6,,0,0,1,0,0
"POINT (9.730179866000070 52.368943690000002)",Unfall 18632 (2022) Kat:3, Licht: 0,18632,3,3,5,09,16,6,,0,1,1,0,0
"POINT (9.970105261000070 52.368331052000002)",Unfall 18643 (2022) Kat:3, Licht: 0,18643,3,3,5,08,09,2,,0,1,1,0,0
"POINT (9.735308236000041 52.394793544000002)",Unfall 18645 (2022) Kat:3, Licht: 0,18645,3,2,3,09,16,4,,0,1,1,0,0
"POINT (9.722459111000029 52.378487544000102)",Unfall 18648 (2022) Kat:3, Licht: 0,18648,3,2,5,08,17,6,,0,0,1,0,0
"POINT (9.742624141000020 52.368330174000100)",Unfall 18664 (2022) Kat:3, Licht: 0,18664,3,3,5,09,18,6,,0,1,0,0,1
"POINT (9.443826418000070 52.367630611000003)",Unfall 18667 (2022) Kat:3, Licht: 0,18667,3,6,2,08,13,6,,0,0,1,0,0
"POINT (9.855513540000061 52.306619400999999)",Unfall 18672 (2022) Kat:3, Licht: 0,18672,3,2,2,09,08,7,,0,0,1,0,0
"POINT (10.165247294000000 52.437805205000103)",Unfall 18678 (2022) Kat:3, Licht: 0,18678,3,1,8,08,14,3,,0,0,1,0,0
"POINT (9.768217956000059 52.338731977000101)",Unfall 18682 (2022) Kat:3, Licht: 0,18682,3,7,8,08,09,2,,0,1,0,0,0
"POINT (9.424409724000039 52.429429416000097)",Unfall 18683 (2022) Kat:3, Licht: 0,18683,3,2,5,09,17,2,,0,1,1,0,0
"POINT (9.676143572000059 52.581165811000098)",Unfall 18689 (2022) Kat:2, Licht: 0,18689,2,1,9,09,17,2,,0,0,1,0,0
"POINT (9.514176173000070 52.411928461000102)",Unfall 18690 (2022) Kat:3, Licht: 0,18690,3,6,2,08,11,7,,0,0,1,0,0
"POINT (9.687365669000030 52.378624776999999)",Unfall 18722 (2022) Kat:3, Licht: 0,18722,3,6,4,09,15,2,,0,1,0,0,0
"POINT (9.721498175000020 52.362004292999998)",Unfall 18724 (2022) Kat:3, Licht: 0,18724,3,3,5,08,16,4,,0,1,0,0,0
"POINT (9.738610384000030 52.609354883000002)",Unfall 18725 (2022) Kat:2, Licht: 0,18725,2,6,2,09,13,4,,0,0,1,0,1
"POINT (9.813592204000029 52.317357627000000)",Unfall 18726 (2022) Kat:3, Licht: 0,18726,3,6,3,08,12,3,,0,0,1,0,0
"POINT (9.694821817000051 52.419496657000103)",Unfall 18728 (2022) Kat:3, Licht: 0,18728,3,3,5,08,16,5,,0,1,1,0,0
"POINT (9.734236222000050 52.388478973000097)",Unfall 18736 (2022) Kat:3, Licht: 0,18736,3,6,2,08,11,7,,0,0,1,0,0
"POINT (9.761949958000059 52.345433500000098)",Unfall 18747 (2022) Kat:3, Licht: 0,18747,3,7,5,08,19,7,,0,0,1,0,0
"POINT (9.938904868000069 52.335570280000098)",Unfall 18752 (2022) Kat:3, Licht: 0,18752,3,6,2,09,15,6,,0,0,1,0,0
"POINT (9.708698898000019 52.428545053999997)",Unfall 18758 (2022) Kat:3, Licht: 1,18758,3,7,0,08,19,4,,1,1,0,0,0
"POINT (9.727558927000080 52.508498885999998)",Unfall 18759 (2022) Kat:3, Licht: 0,18759,3,6,2,09,15,3,,0,0,1,0,0
"POINT (9.457175583000041 52.502777501000097)",Unfall 18761 (2022) Kat:3, Licht: 0,18761,3,6,2,08,13,4,,0,0,1,0,0
"POINT (10.005747005000000 52.385987151000101)",Unfall 18777 (2022) Kat:3, Licht: 0,18777,3,6,2,08,17,2,,0,0,1,0,0
"POINT (9.774389579000060 52.371244855000000)",Unfall 18783 (2022) Kat:3, Licht: 0,18783,3,7,3,08,13,3,,0,0,1,0,0
"POINT (9.717298804000050 52.396241531999998)",Unfall 18791 (2022) Kat:3, Licht: 0,18791,3,6,2,08,08,4,,0,0,1,0,0
"POINT (9.639711130000020 52.396799344999998)",Unfall 18795 (2022) Kat:2, Licht: 0,18795,2,7,6,08,12,5,,0,0,1,1,0
"POINT (9.801068027000040 52.429376910000002)",Unfall 18799 (2022) Kat:3, Licht: 0,18799,3,3,5,09,09,5,,0,1,1,0,0
"POINT (9.546035267000040 52.421302187000002)",Unfall 18806 (2022) Kat:3, Licht: 2,18806,3,6,2,08,23,2,,2,0,1,0,0
"POINT (9.591741117000030 52.211147423000099)",Unfall 18816 (2022) Kat:3, Licht: 0,18816,3,3,5,08,13,1,,0,0,1,0,0
"POINT (9.710520128000040 52.431840529000098)",Unfall 18817 (2022) Kat:3, Licht: 0,18817,3,6,2,08,17,6,,0,0,1,0,0
"POINT (9.783421590000049 52.243933540000100)",Unfall 18838 (2022) Kat:3, Licht: 2,18838,3,7,0,08,20,1,,2,0,1,0,0
"POINT (9.629811747000080 52.484796549000102)",Unfall 18847 (2022) Kat:3, Licht: 1,18847,3,1,9,08,20,2,,1,0,1,0,0
"POINT (9.713415170000079 52.361929455000102)",Unfall 18856 (2022) Kat:3, Licht: 0,18856,3,6,2,08,09,4,,0,0,1,0,0
"POINT (9.426682115000061 52.504065008000097)",Unfall 18860 (2022) Kat:3, Licht: 0,18860,3,6,4,09,15,2,,0,1,0,0,0
"POINT (9.745043977000019 52.209242688000103)",Unfall 18861 (2022) Kat:3, Licht: 0,18861,3,6,2,08,11,7,,0,0,1,0,0
"POINT (9.756146052000080 52.352891762000098)",Unfall 18866 (2022) Kat:3, Licht: 2,18866,3,3,5,08,22,5,,2,0,1,0,0
"POINT (9.536594497000070 52.485108071000099)",Unfall 18867 (2022) Kat:3, Licht: 0,18867,3,6,0,09,14,1,,0,1,1,0,0
"POINT (9.672072711000061 52.250996614000002)",Unfall 18870 (2022) Kat:3, Licht: 0,18870,3,6,4,09,16,5,,0,1,0,0,0
"POINT (9.628059751000020 52.408732297000000)",Unfall 18875 (2022) Kat:3, Licht: 0,18875,3,3,5,09,11,3,,0,1,1,0,0
"POINT (9.793309564000030 52.393672152000100)",Unfall 18883 (2022) Kat:3, Licht: 0,18883,3,2,5,08,11,2,,0,0,1,0,0
"POINT (9.528661990000050 52.418492950000001)",Unfall 18889 (2022) Kat:3, Licht: 0,18889,3,6,3,08,06,3,,0,0,1,0,0
"POINT (9.677522311000081 52.305958042999997)",Unfall 18891 (2022) Kat:3, Licht: 0,18891,3,2,5,08,16,4,,0,1,1,0,0
"POINT (9.855502203000070 52.534878736000103)",Unfall 18893 (2022) Kat:2, Licht: 0,18893,2,1,0,09,14,7,,0,1,0,0,0
"POINT (9.732947304000049 52.421033532000102)",Unfall 18904 (2022) Kat:3, Licht: 0,18904,3,6,2,09,11,2,,0,0,1,0,0
"POINT (9.941535865000050 52.413310912999997)",Unfall 18907 (2022) Kat:3, Licht: 0,18907,3,5,1,09,16,5,,0,0,1,0,0
"POINT (9.735150814000059 52.406322144999997)",Unfall 18914 (2022) Kat:3, Licht: 0,18914,3,3,5,08,14,6,,0,1,1,0,0
"POINT (9.778821882000051 52.195371194000103)",Unfall 18920 (2022) Kat:2, Licht: 0,18920,2,7,0,09,18,6,,0,1,0,0,0
"POINT (9.387814671000060 52.457672493000103)",Unfall 18927 (2022) Kat:3, Licht: 0,18927,3,2,5,09,11,4,,0,0,1,0,0
"POINT (9.665654222000059 52.339067085000103)",Unfall 18930 (2022) Kat:3, Licht: 1,18930,3,2,5,09,20,1,,1,0,1,0,0
"POINT (9.991789951000040 52.368325139000000)",Unfall 18931 (2022) Kat:3, Licht: 0,18931,3,2,2,08,10,3,,0,0,1,0,0
"POINT (9.439992383000060 52.417797719000099)",Unfall 18938 (2022) Kat:3, Licht: 0,18938,3,1,0,08,15,6,,0,0,0,0,1
"POINT (9.734551667000060 52.411612124000001)",Unfall 18957 (2022) Kat:3, Licht: 0,18957,3,2,5,08,12,2,,0,1,1,0,0
"POINT (10.001906544000100 52.497139312000101)",Unfall 18959 (2022) Kat:3, Licht: 2,18959,3,1,9,09,04,7,,2,0,1,0,0
"POINT (9.897129062000030 52.378221400000001)",Unfall 18965 (2022) Kat:3, Licht: 0,18965,3,6,3,08,17,3,,0,0,1,0,0
"POINT (9.820477015000050 52.293577276000100)",Unfall 18968 (2022) Kat:3, Licht: 0,18968,3,2,5,08,08,5,,0,0,1,0,0
"POINT (9.775007667000070 52.323356351000001)",Unfall 18975 (2022) Kat:3, Licht: 0,18975,3,1,0,08,10,1,,0,1,0,0,0
"POINT (10.227404968000000 52.476079092000099)",Unfall 18977 (2022) Kat:3, Licht: 0,18977,3,2,2,08,15,7,,0,0,1,0,0
"POINT (9.778508336000071 52.371476375000000)",Unfall 18978 (2022) Kat:3, Licht: 2,18978,3,2,5,08,00,4,,2,0,1,0,0
"POINT (9.573659469000059 52.282777763000098)",Unfall 18979 (2022) Kat:3, Licht: 0,18979,3,6,2,09,09,3,,0,0,1,0,0
"POINT (9.927626620000069 52.320192421000101)",Unfall 18981 (2022) Kat:2, Licht: 0,18981,2,3,5,08,14,4,,0,1,1,0,0
"POINT (9.832878867000030 52.386255945000102)",Unfall 18983 (2022) Kat:2, Licht: 0,18983,2,6,6,08,15,3,,0,1,0,1,0
"POINT (9.765541407000059 52.583731587000003)",Unfall 19001 (2022) Kat:3, Licht: 0,19001,3,6,2,08,11,1,,0,0,1,0,0
"POINT (9.694639618000050 52.419608736000001)",Unfall 19003 (2022) Kat:3, Licht: 1,19003,3,6,2,08,05,3,,1,0,1,0,0
"POINT (9.799474668000069 52.409282953000101)",Unfall 19013 (2022) Kat:3, Licht: 0,19013,3,7,0,09,12,7,,0,1,0,0,0
"POINT (9.650601127000069 52.411080966000000)",Unfall 19018 (2022) Kat:2, Licht: 0,19018,2,6,3,08,14,6,,0,0,1,0,1
"POINT (9.838101700000040 52.387425825999998)",Unfall 19025 (2022) Kat:3, Licht: 0,19025,3,4,6,08,15,4,,0,1,0,1,0
"POINT (9.827288053000069 52.355671970000103)",Unfall 19026 (2022) Kat:3, Licht: 0,19026,3,3,0,08,07,2,,0,0,0,0,0
"POINT (9.706831327000030 52.365678447000100)",Unfall 19028 (2022) Kat:3, Licht: 0,19028,3,1,0,09,13,7,,0,1,0,0,0
"POINT (9.795789888000060 52.415086712000097)",Unfall 19030 (2022) Kat:3, Licht: 0,19030,3,7,5,09,09,2,,0,0,1,0,0
"POINT (9.632986268000019 52.636050510000103)",Unfall 19041 (2022) Kat:3, Licht: 0,19041,3,1,9,09,15,6,,0,0,1,0,0
"POINT (9.768689200000040 52.370716682000101)",Unfall 19042 (2022) Kat:3, Licht: 0,19042,3,6,2,09,18,5,,0,0,1,0,0
"POINT (9.507970928000081 52.340353558000103)",Unfall 19047 (2022) Kat:3, Licht: 0,19047,3,1,0,08,19,4,,0,1,0,0,0
"POINT (9.618575506000070 52.428491005000097)",Unfall 19061 (2022) Kat:3, Licht: 0,19061,3,6,4,08,15,3,,0,1,0,0,0
"POINT (9.498628909000050 52.403061235999999)",Unfall 19079 (2022) Kat:3, Licht: 1,19079,3,6,2,09,05,5,,1,0,1,0,0
"POINT (9.794609935000040 52.274139816999998)",Unfall 19081 (2022) Kat:3, Licht: 0,19081,3,2,2,09,14,2,,0,0,1,0,0
"POINT (9.734778556000039 52.407352161000098)",Unfall 19085 (2022) Kat:3, Licht: 0,19085,3,2,6,08,17,3,,0,0,1,1,0
"POINT (9.612339740000040 52.346459519000099)",Unfall 19087 (2022) Kat:3, Licht: 0,19087,3,1,8,08,12,5,,0,0,0,0,1
"POINT (9.631906868000041 52.394671539999997)",Unfall 19088 (2022) Kat:3, Licht: 0,19088,3,7,0,09,12,1,,0,1,0,0,0
"POINT (9.669113891000050 52.358147578999997)",Unfall 19090 (2022) Kat:3, Licht: 0,19090,3,3,5,09,13,6,,0,1,1,0,0
"POINT (9.743164899000019 52.368276426000101)",Unfall 19093 (2022) Kat:3, Licht: 0,19093,3,3,5,08,09,1,,0,1,1,0,0
"POINT (9.713482093000041 52.361813664000103)",Unfall 19104 (2022) Kat:2, Licht: 0,19104,2,1,9,08,19,3,,0,0,0,0,1
"POINT (9.576196072000069 52.269092489999998)",Unfall 19118 (2022) Kat:2, Licht: 0,19118,2,7,9,08,09,4,,0,0,0,0,0
"POINT (10.080801455000000 52.517916297000099)",Unfall 19128 (2022) Kat:3, Licht: 0,19128,3,1,8,08,15,3,,0,0,0,0,1
"POINT (9.756017190000019 52.590725020999997)",Unfall 19131 (2022) Kat:3, Licht: 0,19131,3,6,2,09,11,7,,0,0,1,0,0
"POINT (9.515870168000051 52.412677857000098)",Unfall 19132 (2022) Kat:3, Licht: 0,19132,3,6,2,08,13,4,,0,0,1,0,0
"POINT (9.950301338000029 52.330881744000102)",Unfall 19133 (2022) Kat:3, Licht: 0,19133,3,1,8,09,13,7,,0,0,0,0,1
"POINT (9.860434326000069 52.517520613000002)",Unfall 19145 (2022) Kat:3, Licht: 0,19145,3,3,5,08,14,4,,0,0,1,0,0
"POINT (9.637269645000060 52.305076513000103)",Unfall 19152 (2022) Kat:1, Licht: 0,19152,1,6,4,09,19,4,,0,0,1,0,0
"POINT (9.531720126000041 52.461720407000001)",Unfall 19158 (2022) Kat:3, Licht: 0,19158,3,3,5,09,07,5,,0,0,1,0,0
"POINT (9.881403649000051 52.435572896000103)",Unfall 19174 (2022) Kat:3, Licht: 0,19174,3,6,2,09,16,6,,0,0,1,0,0
"POINT (9.843144407000070 52.491650444000101)",Unfall 19176 (2022) Kat:2, Licht: 0,19176,2,3,5,08,19,6,,0,0,1,0,1
"POINT (9.428279401000051 52.545793586000102)",Unfall 19190 (2022) Kat:2, Licht: 0,19190,2,4,6,09,16,6,,0,0,0,1,0
"POINT (9.712955851000061 52.366817996000101)",Unfall 19192 (2022) Kat:3, Licht: 2,19192,3,7,0,08,02,6,,2,0,0,0,0
"POINT (9.793224527000060 52.393669377000002)",Unfall 19195 (2022) Kat:3, Licht: 0,19195,3,2,5,08,17,4,,0,0,1,0,0
"POINT (9.615132797000060 52.388789820000099)",Unfall 19218 (2022) Kat:3, Licht: 0,19218,3,6,2,09,15,4,,0,0,1,0,0
"POINT (9.776986622000040 52.575985189999997)",Unfall 19235 (2022) Kat:3, Licht: 1,19235,3,7,0,08,19,2,,1,0,1,0,1
"POINT (9.577727276000079 52.423298745000103)",Unfall 19242 (2022) Kat:3, Licht: 0,19242,3,6,2,08,14,3,,0,0,1,0,0
"POINT (9.877972947000050 52.493581880000100)",Unfall 19246 (2022) Kat:2, Licht: 0,19246,2,1,9,09,14,7,,0,0,1,0,0
"POINT (9.913227049000060 52.358690578999997)",Unfall 19253 (2022) Kat:1, Licht: 2,19253,1,4,6,08,02,3,,2,0,1,1,0
"POINT (9.714921825000030 52.360735406000103)",Unfall 19264 (2022) Kat:2, Licht: 0,19264,2,6,0,08,17,7,,0,0,1,0,1
"POINT (9.381597696000030 52.505229145999998)",Unfall 19273 (2022) Kat:3, Licht: 2,19273,3,1,9,08,02,7,,2,0,1,0,0
"POINT (9.646131381000030 52.404617696999999)",Unfall 19275 (2022) Kat:3, Licht: 1,19275,3,7,0,08,05,2,,1,1,0,0,0
"POINT (9.772485043000071 52.578583064000000)",Unfall 19278 (2022) Kat:3, Licht: 0,19278,3,6,2,09,13,6,,0,0,1,0,0
"POINT (10.060494415000100 52.395033410000103)",Unfall 19283 (2022) Kat:3, Licht: 0,19283,3,3,5,08,10,7,,0,1,1,0,0
"POINT (10.056306396000000 52.403364865000100)",Unfall 19306 (2022) Kat:2, Licht: 0,19306,2,1,9,08,07,1,,0,0,1,0,0
"POINT (9.749830783000050 52.361008040999998)",Unfall 19307 (2022) Kat:3, Licht: 0,19307,3,6,4,08,14,6,,0,0,1,0,1
"POINT (9.733953388000030 52.545857972000100)",Unfall 19308 (2022) Kat:3, Licht: 1,19308,3,7,0,08,20,3,,1,1,0,0,0
"POINT (9.457031451000031 52.501254416000101)",Unfall 19316 (2022) Kat:3, Licht: 0,19316,3,2,5,08,10,4,,0,1,1,0,0
"POINT (9.978659229000071 52.389503803000103)",Unfall 19317 (2022) Kat:3, Licht: 0,19317,3,6,2,09,10,4,,0,0,1,0,0
"POINT (9.924559888000029 52.366178083000101)",Unfall 19324 (2022) Kat:3, Licht: 0,19324,3,3,5,09,14,6,,0,0,1,0,0
"POINT (9.502108298000049 52.427027006000102)",Unfall 19327 (2022) Kat:3, Licht: 0,19327,3,6,4,08,10,1,,0,0,1,0,0
"POINT (9.824935551000070 52.425870168000102)",Unfall 19329 (2022) Kat:2, Licht: 0,19329,2,1,9,08,14,7,,0,0,0,0,1