WKT,Name,OBJECTID,UKATEGORIE,UTYP1,UART,UMONAT,USTUNDE,UWOCHENTAG,STRZUSTAND,ULICHTVERH,ISTRAD,ISTPKW,ISTFUSS,ISTKRAD
"POINT (9.647137624000040 52.413583803000101)",Unfall 19335 (2022) Kat:3, Licht: 0,19335,3,3,5,08,12,3,,0,0,1,0,1
"POINT (9.465060106000070 52.398181721000100)",Unfall 19342 (2022) Kat:3, Licht: 0,19342,3,3,5,08,15,6,,0,0,1,0,0
"POINT (9.941578883000030 52.413334179000103)",Unfall 19343 (2022) Kat:3, Licht: 0,19343,3,7,0,08,16,3,,0,1,0,0,0
"POINT (9.474285410000050 52.389255919999997)",Unfall 19356 (2022) Kat:3, Licht: 0,19356,3,3,0,10,12,1,,0,0,1,0,0
"POINT (9.648909911000031 52.412460023999998)",Unfall 19368 (2022) Kat:3, Licht: 0,19368,3,6,2,09,09,4,,0,0,1,0,0
"POINT (9.880038088000051 52.508811342999998)",Unfall 19376 (2022) Kat:3, Licht: 2,19376,3,2,2,10,21,1,,2,0,1,0,0
"POINT (10.014059790999999 52.472018766000097)",Unfall 19389 (2022) Kat:3, Licht: 1,19389,3,1,8,09,19,5,,1,0,0,0,1
"POINT (9.410603629000040 52.415974955000102)",Unfall 19393 (2022) Kat:3, Licht: 1,19393,3,2,2,10,18,5,,1,0,1,0,0
"POINT (9.843286931000019 52.410781118999999)",Unfall 19398 (2022) Kat:3, Licht: 2,19398,3,6,2,11,17,5,,2,0,1,0,1
"POINT (9.597579663000030 52.388646176000101)",Unfall 19404 (2022) Kat:3, Licht: 1,19404,3,4,6,09,06,4,,1,0,1,1,0
"POINT (9.976942412000030 52.372471337000000)",Unfall 19414 (2022) Kat:3, Licht: 0,19414,3,1,0,09,09,4,,0,0,0,0,1
"POINT (9.805382113000061 52.408160219000102)",Unfall 19424 (2022) Kat:3, Licht: 2,19424,3,3,5,10,00,4,,2,0,1,0,0
"POINT (9.841183709000060 52.282317701000103)",Unfall 19448 (2022) Kat:3, Licht: 0,19448,3,6,2,09,15,6,,0,0,1,0,0
"POINT (9.678832202000020 52.553960046000000)",Unfall 19450 (2022) Kat:3, Licht: 0,19450,3,3,5,10,16,3,,0,1,1,0,0
"POINT (9.856084140000061 52.499332036000098)",Unfall 19462 (2022) Kat:3, Licht: 0,19462,3,3,5,10,17,7,,0,1,1,0,0
"POINT (9.848164051000030 52.494593086000101)",Unfall 19477 (2022) Kat:3, Licht: 0,19477,3,3,5,10,10,7,,0,0,1,0,0
"POINT (9.730590846000039 52.619615635999999)",Unfall 19483 (2022) Kat:3, Licht: 0,19483,3,6,2,10,10,2,,0,0,1,0,0
"POINT (9.848503787000030 52.413048379000003)",Unfall 19487 (2022) Kat:3, Licht: 0,19487,3,6,2,09,15,2,,0,0,1,0,0
"POINT (9.497158330000049 52.483572362000103)",Unfall 19492 (2022) Kat:2, Licht: 0,19492,2,6,2,10,15,6,,0,0,1,0,0
"POINT (9.726951897000051 52.375563098000001)",Unfall 19503 (2022) Kat:3, Licht: 0,19503,3,6,3,09,12,5,,0,0,1,0,0
"POINT (9.743669861000059 52.547447771000101)",Unfall 19504 (2022) Kat:3, Licht: 2,19504,3,4,6,11,17,2,,2,0,1,1,0
"POINT (9.898218053000051 52.303249634000103)",Unfall 19510 (2022) Kat:3, Licht: 2,19510,3,1,9,09,06,3,,2,0,1,0,0
"POINT (9.459205444000080 52.305470812000102)",Unfall 19517 (2022) Kat:3, Licht: 1,19517,3,6,2,10,18,5,,1,0,1,0,0
"POINT (9.669062084000069 52.432123337000100)",Unfall 19528 (2022) Kat:3, Licht: 1,19528,3,6,2,10,17,2,,1,0,1,0,0
"POINT (9.727662446000069 52.420591333000097)",Unfall 19561 (2022) Kat:3, Licht: 2,19561,3,5,5,09,19,5,,2,0,1,0,0
"POINT (9.809052254000051 52.430385759000004)",Unfall 19566 (2022) Kat:3, Licht: 0,19566,3,6,2,09,12,6,,0,0,1,0,0
"POINT (9.513495125000080 52.411332698000102)",Unfall 19574 (2022) Kat:3, Licht: 0,19574,3,6,2,10,15,6,,0,0,1,0,0
"POINT (9.827404372000050 52.355417811000102)",Unfall 19576 (2022) Kat:3, Licht: 0,19576,3,3,5,09,09,3,,0,1,1,0,0
"POINT (9.671865801000020 52.171185814000097)",Unfall 19598 (2022) Kat:3, Licht: 0,19598,3,2,2,09,12,3,,0,0,1,0,0
"POINT (9.435770267000070 52.420372006000001)",Unfall 19610 (2022) Kat:3, Licht: 0,19610,3,7,3,09,12,7,,0,0,1,0,0
"POINT (9.861957179000060 52.370218723000100)",Unfall 19614 (2022) Kat:3, Licht: 0,19614,3,3,5,10,15,2,,0,1,0,0,0
"POINT (9.597154980000029 52.409100129000102)",Unfall 19621 (2022) Kat:3, Licht: 0,19621,3,2,5,10,14,2,,0,0,1,0,1
"POINT (10.178360882000000 52.465082822000099)",Unfall 19622 (2022) Kat:2, Licht: 0,19622,2,7,0,10,14,4,,0,1,0,0,0
"POINT (9.453049409000069 52.510743246000096)",Unfall 19626 (2022) Kat:3, Licht: 0,19626,3,3,5,10,16,4,,0,1,1,0,0
"POINT (9.584468608000069 52.390178882999997)",Unfall 19638 (2022) Kat:2, Licht: 0,19638,2,7,1,10,13,6,,0,0,1,0,0
"POINT (9.859636448000060 52.460267411000103)",Unfall 19654 (2022) Kat:3, Licht: 2,19654,3,6,2,09,20,6,,2,0,1,0,0
"POINT (9.712635561000070 52.401646841000101)",Unfall 19661 (2022) Kat:3, Licht: 0,19661,3,5,1,10,16,1,,0,0,1,0,0
"POINT (9.722448391000061 52.378493300000102)",Unfall 19663 (2022) Kat:3, Licht: 2,19663,3,2,5,11,18,4,,2,0,1,0,0
"POINT (9.686424295000050 52.375021099999998)",Unfall 19665 (2022) Kat:3, Licht: 2,19665,3,1,9,10,22,6,,2,0,1,0,0
"POINT (9.727933612000070 52.374290667000103)",Unfall 19680 (2022) Kat:3, Licht: 0,19680,3,6,2,11,16,6,,0,0,1,0,0
"POINT (9.650180760000071 52.393453045000101)",Unfall 19682 (2022) Kat:2, Licht: 0,19682,2,2,5,10,17,4,,0,1,0,0,0
"POINT (9.647024590000060 52.397253991000099)",Unfall 19693 (2022) Kat:3, Licht: 1,19693,3,2,6,10,06,5,,1,0,1,1,0
"POINT (9.698404989000039 52.347500507000099)",Unfall 19695 (2022) Kat:3, Licht: 2,19695,3,6,2,09,19,3,,2,0,1,0,0
"POINT (9.741922519000070 52.437449888000103)",Unfall 19697 (2022) Kat:3, Licht: 0,19697,3,3,5,09,08,6,,0,1,1,0,0
"POINT (9.779151440000019 52.269859541000102)",Unfall 19698 (2022) Kat:3, Licht: 0,19698,3,6,2,09,15,3,,0,0,1,0,0
"POINT (9.798697016000061 52.431164470000098)",Unfall 19699 (2022) Kat:3, Licht: 0,19699,3,6,2,10,17,2,,0,0,1,0,0
"POINT (9.840316434000041 52.283151653000097)",Unfall 19700 (2022) Kat:2, Licht: 2,19700,2,6,2,11,06,5,,2,0,1,0,0
"POINT (9.732194301000050 52.383023240000099)",Unfall 19702 (2022) Kat:3, Licht: 0,19702,3,6,2,10,12,7,,0,0,1,0,0
"POINT (9.832618019000050 52.386180449000101)",Unfall 19707 (2022) Kat:3, Licht: 0,19707,3,2,5,10,08,4,,0,1,1,0,0
"POINT (9.449097882000050 52.522776475000100)",Unfall 19708 (2022) Kat:3, Licht: 0,19708,3,2,2,09,18,7,,0,0,1,0,0
"POINT (9.640011143000040 52.332965859000097)",Unfall 19710 (2022) Kat:3, Licht: 2,19710,3,3,5,11,19,3,,2,0,1,0,0
"POINT (10.059590681000000 52.536164053999997)",Unfall 19721 (2022) Kat:2, Licht: 1,19721,2,1,4,09,19,2,,1,0,1,0,0
"POINT (10.196820754999999 52.464192238000102)",Unfall 19725 (2022) Kat:3, Licht: 0,19725,3,3,5,10,11,5,,0,1,1,0,0
"POINT (9.690253214000050 52.374774936999998)",Unfall 19731 (2022) Kat:3, Licht: 0,19731,3,2,5,09,15,6,,0,1,0,0,0
"POINT (10.092627853000099 52.482996620000101)",Unfall 19732 (2022) Kat:3, Licht: 2,19732,3,4,6,10,06,6,,2,0,1,1,0
"POINT (9.695126834000060 52.374566780000102)",Unfall 19735 (2022) Kat:3, Licht: 1,19735,3,4,6,10,08,2,,1,0,1,1,0
"POINT (9.887543303000029 52.426558989000100)",Unfall 19754 (2022) Kat:3, Licht: 0,19754,3,1,9,09,12,4,,0,0,1,0,0
"POINT (9.850932969000040 52.412540868000100)",Unfall 19756 (2022) Kat:3, Licht: 2,19756,3,1,9,09,18,7,,2,0,1,0,0
"POINT (10.013882691999999 52.441118250999999)",Unfall 19772 (2022) Kat:3, Licht: 0,19772,3,2,5,11,13,2,,0,1,1,0,0
"POINT (9.883158425000030 52.299523579000002)",Unfall 19776 (2022) Kat:3, Licht: 0,19776,3,6,2,10,12,5,,0,0,1,0,0
"POINT (9.702526321000050 52.422688213000100)",Unfall 19777 (2022) Kat:3, Licht: 0,19777,3,5,1,10,15,1,,0,0,1,0,1
"POINT (9.709135829000051 52.379578500000001)",Unfall 19784 (2022) Kat:3, Licht: 2,19784,3,6,2,11,20,5,,2,0,1,0,0
"POINT (10.031989356000100 52.379282578000101)",Unfall 19785 (2022) Kat:2, Licht: 2,19785,2,6,2,10,00,5,,2,0,0,0,0
"POINT (9.758826737000049 52.370312644000101)",Unfall 19786 (2022) Kat:3, Licht: 0,19786,3,6,2,10,14,7,,0,0,1,0,0
"POINT (9.730190321000070 52.368948259000000)",Unfall 19795 (2022) Kat:3, Licht: 0,19795,3,3,5,11,14,3,,0,1,1,0,0
"POINT (9.723434951000060 52.337243454000003)",Unfall 19802 (2022) Kat:3, Licht: 0,19802,3,1,8,10,11,7,,0,0,1,0,0
"POINT (9.564566869000030 52.323117924000002)",Unfall 19806 (2022) Kat:3, Licht: 0,19806,3,2,5,10,17,7,,0,0,1,0,0
"POINT (9.726782768000019 52.375721163999998)",Unfall 19808 (2022) Kat:3, Licht: 0,19808,3,2,5,09,15,5,,0,1,1,0,0
"POINT (9.727931648000039 52.374592268000100)",Unfall 19812 (2022) Kat:3, Licht: 0,19812,3,6,2,09,12,3,,0,0,1,0,0
"POINT (9.697777631000060 52.377110462000097)",Unfall 19824 (2022) Kat:3, Licht: 0,19824,3,6,2,10,15,4,,0,0,1,0,0
"POINT (9.731779410000060 52.434748245999998)",Unfall 19833 (2022) Kat:3, Licht: 0,19833,3,2,5,10,15,4,,0,1,1,0,0
"POINT (9.603469643000039 52.216991245000003)",Unfall 19835 (2022) Kat:3, Licht: 1,19835,3,6,8,09,18,3,,1,0,1,0,0
"POINT (9.621352879000030 52.421000067000101)",Unfall 19837 (2022) Kat:3, Licht: 0,19837,3,6,2,09,10,3,,0,0,0,0,0
"POINT (9.890458371000021 52.440838415000002)",Unfall 19839 (2022) Kat:3, Licht: 0,19839,3,1,0,09,13,2,,0,0,0,0,1
"POINT (9.856494686000079 52.531371987999997)",Unfall 19849 (2022) Kat:3, Licht: 0,19849,3,1,8,09,09,6,,0,0,1,0,0
"POINT (9.653651519000050 52.171136691000100)",Unfall 19861 (2022) Kat:2, Licht: 0,19861,2,4,6,09,10,5,,0,0,1,1,0
"POINT (10.048647734999999 52.309498263000101)",Unfall 19868 (2022) Kat:2, Licht: 0,19868,2,3,0,10,16,3,,0,1,0,0,0
"POINT (9.846593247000040 52.274180935000103)",Unfall 19875 (2022) Kat:3, Licht: 0,19875,3,3,5,09,11,7,,0,1,1,0,0
"POINT (9.628363642000069 52.292408592000100)",Unfall 19877 (2022) Kat:3, Licht: 0,19877,3,3,5,10,13,3,,0,1,1,0,0
"POINT (9.482183000000020 52.392773331999997)",Unfall 19880 (2022) Kat:3, Licht: 0,19880,3,6,2,10,09,1,,0,0,1,0,0
"POINT (9.713433096000070 52.361899813000001)",Unfall 19898 (2022) Kat:2, Licht: 2,19898,2,6,2,09,05,7,,2,0,1,0,0
"POINT (9.928420459000050 52.347340531000000)",Unfall 19914 (2022) Kat:3, Licht: 0,19914,3,2,2,10,08,2,,0,0,1,0,0
"POINT (9.684655661000020 52.374393189999999)",Unfall 19918 (2022) Kat:3, Licht: 0,19918,3,3,5,09,14,4,,0,1,1,0,0
"POINT (9.797706582000050 52.430955815000097)",Unfall 19919 (2022) Kat:3, Licht: 0,19919,3,6,2,10,14,4,,0,0,1,0,0
"POINT (9.376322505000079 52.455975055000103)",Unfall 19922 (2022) Kat:3, Licht: 2,19922,3,6,3,10,22,1,,2,0,0,0,1
"POINT (9.736471092000039 52.611967968999998)",Unfall 19929 (2022) Kat:3, Licht: 0,19929,3,6,2,10,13,6,,0,0,1,0,0
"POINT (9.508599092000050 52.408546786999999)",Unfall 19961 (2022) Kat:3, Licht: 0,19961,3,6,2,10,08,3,,0,0,1,0,0
"POINT (9.734574471000030 52.614312083000101)",Unfall 19964 (2022) Kat:2, Licht: 0,19964,2,6,2,09,15,6,,0,0,1,0,0
"POINT (9.467903804000059 52.394850497999997)",Unfall 19974 (2022) Kat:3, Licht: 2,19974,3,1,8,10,20,1,,2,0,1,0,0
"POINT (9.875974615000080 52.304725598000097)",Unfall 20012 (2022) Kat:3, Licht: 0,20012,3,7,7,10,08,5,,0,0,0,0,0
"POINT (9.803043527000060 52.339639025000103)",Unfall 20014 (2022) Kat:3, Licht: 2,20014,3,1,8,09,23,3,,2,0,1,0,0
"POINT (9.711922572000050 52.405243777000102)",Unfall 20016 (2022) Kat:3, Licht: 2,20016,3,2,6,09,19,7,,2,0,0,1,0
"POINT (9.745034540000059 52.369035824000001)",Unfall 20021 (2022) Kat:3, Licht: 0,20021,3,2,6,10,11,5,,0,0,1,1,0
"POINT (9.747429064000070 52.216154093000100)",Unfall 20024 (2022) Kat:3, Licht: 0,20024,3,2,2,09,09,2,,0,0,1,0,0
"POINT (9.808398759000060 52.337253853999997)",Unfall 20028 (2022) Kat:3, Licht: 1,20028,3,1,8,09,18,7,,1,0,1,0,0
"POINT (9.788966363000039 52.371957835000003)",Unfall 20030 (2022) Kat:2, Licht: 0,20030,2,4,6,11,13,7,,0,0,1,1,0
"POINT (9.729180658000081 52.491635615000099)",Unfall 20035 (2022) Kat:3, Licht: 0,20035,3,2,4,10,13,2,,0,0,1,0,0
"POINT (9.455607224000060 52.507353190000103)",Unfall 20040 (2022) Kat:3, Licht: 2,20040,3,1,0,10,19,2,,2,1,0,0,0
"POINT (9.712014627000030 52.405138153999999)",Unfall 20066 (2022) Kat:3, Licht: 0,20066,3,2,5,09,15,5,,0,0,1,0,1
"POINT (9.587767082000029 52.414802569000102)",Unfall 20081 (2022) Kat:3, Licht: 0,20081,3,6,2,09,18,3,,0,0,1,0,0
"POINT (9.789733196000039 52.317034452000001)",Unfall 20082 (2022) Kat:3, Licht: 0,20082,3,6,2,10,12,2,,0,0,1,0,0
"POINT (9.712153502000040 52.314497362000097)",Unfall 20091 (2022) Kat:3, Licht: 2,20091,3,7,0,09,01,7,,2,1,0,0,0
"POINT (9.681054826000040 52.275787578000099)",Unfall 20104 (2022) Kat:2, Licht: 0,20104,2,6,4,09,16,2,,0,0,1,0,0
"POINT (9.889006266000020 52.424687661000100)",Unfall 20118 (2022) Kat:3, Licht: 2,20118,3,6,2,10,19,1,,2,0,1,0,0
"POINT (10.130459471000099 52.398144905999999)",Unfall 20123 (2022) Kat:3, Licht: 0,20123,3,3,5,09,11,1,,0,1,0,0,0
"POINT (9.899676664000030 52.396462272000100)",Unfall 20130 (2022) Kat:3, Licht: 2,20130,3,5,0,09,23,5,,2,0,0,0,0
"POINT (9.786653780000050 52.389373436000000)",Unfall 20131 (2022) Kat:3, Licht: 0,20131,3,6,3,10,11,4,,0,0,1,0,0
"POINT (9.780691672000049 52.324512427999998)",Unfall 20133 (2022) Kat:3, Licht: 0,20133,3,1,0,09,11,3,,0,1,0,0,0
"POINT (9.582281973000020 52.389978867000103)",Unfall 20137 (2022) Kat:3, Licht: 0,20137,3,2,2,09,19,2,,0,0,1,0,0
"POINT (9.697649135000059 52.341558100999997)",Unfall 20145 (2022) Kat:3, Licht: 0,20145,3,2,2,10,08,4,,0,0,1,0,0
"POINT (9.636048085000031 52.331605772000003)",Unfall 20146 (2022) Kat:3, Licht: 0,20146,3,3,5,09,15,7,,0,0,1,0,0
"POINT (9.844886267000049 52.303136868000102)",Unfall 20149 (2022) Kat:3, Licht: 0,20149,3,6,3,10,13,2,,0,0,1,0,1
"POINT (9.680421452000081 52.431326834000103)",Unfall 20152 (2022) Kat:3, Licht: 0,20152,3,2,4,10,17,6,,0,1,1,0,0
"POINT (9.663777394000020 52.384452393000103)",Unfall 20153 (2022) Kat:3, Licht: 0,20153,3,2,6,10,07,2,,0,0,1,1,0
"POINT (9.668118038000051 52.343764563000001)",Unfall 20166 (2022) Kat:3, Licht: 2,20166,3,2,5,10,18,6,,2,0,1,0,0
"POINT (9.787038908000060 52.389919939999999)",Unfall 20172 (2022) Kat:3, Licht: 1,20172,3,6,2,11,06,6,,1,0,1,0,0
"POINT (9.646190847000071 52.411574159000097)",Unfall 20174 (2022) Kat:2, Licht: 0,20174,2,3,5,10,13,1,,0,1,1,0,0
"POINT (9.818032542000029 52.405298919000103)",Unfall 20181 (2022) Kat:2, Licht: 2,20181,2,6,3,11,06,6,,2,0,1,0,0
"POINT (10.085644292000000 52.453084255000100)",Unfall 20192 (2022) Kat:3, Licht: 0,20192,3,6,2,09,14,6,,0,0,1,0,0
"POINT (9.982151402000060 52.427205258000100)",Unfall 20195 (2022) Kat:1, Licht: 2,20195,1,1,8,10,20,3,,2,0,1,0,0
"POINT (9.626371881000070 52.408225794000003)",Unfall 20198 (2022) Kat:3, Licht: 0,20198,3,4,6,10,15,1,,0,0,1,1,0
"POINT (9.653223808000060 52.319116307000101)",Unfall 20202 (2022) Kat:3, Licht: 1,20202,3,3,5,09,18,3,,1,1,1,0,0
"POINT (9.731509191000040 52.438671073000101)",Unfall 20217 (2022) Kat:3, Licht: 0,20217,3,3,5,10,12,7,,0,1,1,0,0
"POINT (9.501598066000041 52.333557733000099)",Unfall 20219 (2022) Kat:3, Licht: 0,20219,3,5,4,09,12,5,,0,0,1,0,0
"POINT (9.860150089000060 52.490134671000099)",Unfall 20223 (2022) Kat:3, Licht: 0,20223,3,7,0,10,16,5,,0,1,0,0,0
"POINT (9.682503028000040 52.372417601999999)",Unfall 20236 (2022) Kat:3, Licht: 0,20236,3,1,8,10,13,6,,0,0,0,0,1
"POINT (9.706649812000020 52.429927339000102)",Unfall 20237 (2022) Kat:3, Licht: 0,20237,3,6,3,11,12,7,,0,0,1,0,0
"POINT (9.902875054000051 52.513990191000097)",Unfall 20242 (2022) Kat:2, Licht: 2,20242,2,1,8,10,22,2,,2,0,1,0,0
"POINT (9.734319793000051 52.413229823000101)",Unfall 20244 (2022) Kat:3, Licht: 0,20244,3,6,2,10,09,3,,0,0,1,0,0
"POINT (10.118593910000101 52.457377700000102)",Unfall 20253 (2022) Kat:2, Licht: 0,20253,2,7,0,10,18,3,,0,0,1,0,1
"POINT (9.720749541000030 52.368155693000098)",Unfall 20264 (2022) Kat:3, Licht: 0,20264,3,6,6,09,18,4,,0,0,0,1,1
"POINT (9.511808550000071 52.429802569000103)",Unfall 20270 (2022) Kat:3, Licht: 1,20270,3,3,5,10,06,2,,1,1,1,0,0
"POINT (10.019640727000001 52.384138828000097)",Unfall 20279 (2022) Kat:3, Licht: 1,20279,3,2,4,09,06,5,,1,0,1,0,0
"POINT (9.978476218000029 52.389516460999999)",Unfall 20283 (2022) Kat:3, Licht: 2,20283,3,7,8,10,06,6,,2,0,0,0,0
"POINT (10.013630152000101 52.441484813000002)",Unfall 20310 (2022) Kat:3, Licht: 0,20310,3,6,3,10,15,7,,0,1,1,0,0
"POINT (9.647708425000079 52.412429336999999)",Unfall 20318 (2022) Kat:3, Licht: 0,20318,3,6,2,09,08,3,,0,0,1,0,1
"POINT (9.766004795000070 52.341334316000001)",Unfall 20324 (2022) Kat:3, Licht: 0,20324,3,6,2,09,14,2,,0,0,1,0,0
"POINT (9.799728774000069 52.425149456000000)",Unfall 20327 (2022) Kat:2, Licht: 0,20327,2,7,0,10,11,4,,0,1,0,0,0
"POINT (9.619075183000060 52.406037658999999)",Unfall 20333 (2022) Kat:3, Licht: 2,20333,3,7,0,09,20,5,,2,0,0,0,0
"POINT (9.859907245000040 52.495188745000100)",Unfall 20337 (2022) Kat:3, Licht: 0,20337,3,3,5,10,12,4,,0,1,1,0,0
"POINT (9.672423235000050 52.238783909000098)",Unfall 20347 (2022) Kat:3, Licht: 0,20347,3,3,5,10,12,7,,0,0,1,0,0
"POINT (9.777709017000060 52.574328426000100)",Unfall 20353 (2022) Kat:3, Licht: 0,20353,3,6,2,10,10,6,,0,0,1,0,0
"POINT (9.417980169000030 52.423956707999999)",Unfall 20357 (2022) Kat:3, Licht: 0,20357,3,7,9,09,11,4,,0,0,1,0,0
"POINT (9.661587025000070 52.385900473000000)",Unfall 20367 (2022) Kat:3, Licht: 2,20367,3,7,0,11,20,4,,2,1,0,0,0
"POINT (9.646967465000049 52.413651315000003)",Unfall 20382 (2022) Kat:3, Licht: 0,20382,3,6,2,11,12,5,,0,0,1,0,0
"POINT (9.717479839000021 52.346362775000003)",Unfall 20386 (2022) Kat:3, Licht: 0,20386,3,6,2,10,12,3,,0,0,1,0,0
"POINT (9.574465709000039 52.420521440000101)",Unfall 20394 (2022) Kat:3, Licht: 2,20394,3,6,2,11,07,2,,2,0,1,0,0
"POINT (9.434777671000059 52.421297471000102)",Unfall 20405 (2022) Kat:2, Licht: 0,20405,2,6,2,10,14,2,,0,0,1,0,0
"POINT (9.724857297000030 52.459810861999998)",Unfall 20408 (2022) Kat:3, Licht: 0,20408,3,7,2,10,11,7,,0,0,1,0,0
"POINT (9.714317694000041 52.398870786000003)",Unfall 20416 (2022) Kat:3, Licht: 2,20416,3,1,0,10,23,7,,2,1,0,0,0
"POINT (9.945894987000029 52.333159610999999)",Unfall 20417 (2022) Kat:3, Licht: 0,20417,3,6,2,09,10,3,,0,0,1,0,0
"POINT (9.728035465000060 52.336140245000102)",Unfall 20430 (2022) Kat:3, Licht: 0,20430,3,6,3,09,13,5,,0,0,1,0,0
"POINT (9.627429189000051 52.420964949000101)",Unfall 20436 (2022) Kat:3, Licht: 2,20436,3,6,2,10,21,1,,2,0,1,0,0
"POINT (9.480897072000060 52.391834355000100)",Unfall 20447 (2022) Kat:3, Licht: 0,20447,3,6,2,10,14,1,,0,0,1,0,0
"POINT (10.023624367000000 52.316924186000101)",Unfall 20449 (2022) Kat:3, Licht: 0,20449,3,7,0,10,17,3,,0,1,0,0,0
"POINT (9.746737048000060 52.427313658999999)",Unfall 20460 (2022) Kat:3, Licht: 0,20460,3,6,2,09,07,4,,0,0,1,0,1
"POINT (9.829792910000039 52.339517783000097)",Unfall 20463 (2022) Kat:3, Licht: 0,20463,3,1,0,09,10,3,,0,1,0,0,0
"POINT (10.218081292000001 52.445857410000002)",Unfall 20464 (2022) Kat:3, Licht: 1,20464,3,7,9,10,07,4,,1,0,1,0,0
"POINT (9.647720066000030 52.423799823000103)",Unfall 20471 (2022) Kat:3, Licht: 0,20471,3,6,2,10,06,3,,0,0,1,0,0
"POINT (9.855708360000049 52.431709138000002)",Unfall 20493 (2022) Kat:3, Licht: 0,20493,3,2,4,10,08,3,,0,1,1,0,0
"POINT (10.198506187000000 52.417075338000103)",Unfall 20497 (2022) Kat:3, Licht: 2,20497,3,7,0,10,01,1,,2,1,0,0,0
"POINT (9.669278237000070 52.345773260000001)",Unfall 20508 (2022) Kat:3, Licht: 0,20508,3,3,5,10,17,3,,0,1,1,0,0
"POINT (9.971509820000049 52.341537305000003)",Unfall 20525 (2022) Kat:3, Licht: 0,20525,3,1,8,11,07,2,,0,0,1,0,0
"POINT (9.747269044000060 52.323986998000102)",Unfall 20531 (2022) Kat:3, Licht: 0,20531,3,3,5,09,08,2,,0,1,1,0,0
"POINT (9.446163313000060 52.416736327000102)",Unfall 20543 (2022) Kat:3, Licht: 0,20543,3,4,6,09,11,4,,0,0,1,1,0
"POINT (9.973063936000070 52.315311303999998)",Unfall 20554 (2022) Kat:3, Licht: 0,20554,3,3,5,10,17,4,,0,0,1,0,0
"POINT (9.698486304000030 52.347474431000101)",Unfall 20555 (2022) Kat:3, Licht: 0,20555,3,6,2,10,08,6,,0,0,1,0,0
"POINT (9.705952626000061 52.412220873000102)",Unfall 20570 (2022) Kat:3, Licht: 1,20570,3,6,2,11,16,6,,1,0,1,0,0
"POINT (9.702395840000070 52.430449291000102)",Unfall 20573 (2022) Kat:2, Licht: 2,20573,2,7,8,10,20,2,,2,0,0,0,0
"POINT (9.936623261000021 52.445607134000099)",Unfall 20583 (2022) Kat:3, Licht: 2,20583,3,1,9,09,00,3,,2,0,1,0,0
"POINT (9.669456784000030 52.346223602000101)",Unfall 20587 (2022) Kat:3, Licht: 0,20587,3,6,3,11,15,4,,0,0,1,0,0
"POINT (9.488151243000059 52.308758572000002)",Unfall 20588 (2022) Kat:3, Licht: 0,20588,3,3,5,10,15,4,,0,0,1,0,1
"POINT (9.868960219000030 52.312276688000097)",Unfall 20593 (2022) Kat:2, Licht: 0,20593,2,3,5,09,13,6,,0,0,1,0,0
"POINT (9.480145882000039 52.391074246000102)",Unfall 20599 (2022) Kat:3, Licht: 0,20599,3,6,2,10,16,6,,0,0,0,0,0
"POINT (9.474153885000019 52.503893231000099)",Unfall 20612 (2022) Kat:3, Licht: 0,20612,3,6,2,09,18,6,,0,0,1,0,0
"POINT (9.487567513000039 52.270398826000097)",Unfall 20637 (2022) Kat:3, Licht: 0,20637,3,6,3,09,17,5,,0,0,1,0,1
"POINT (9.643181602000030 52.325133409000003)",Unfall 20638 (2022) Kat:3, Licht: 2,20638,3,6,9,10,21,7,,2,0,1,0,0
"POINT (9.618307790000070 52.428801923999998)",Unfall 20647 (2022) Kat:3, Licht: 1,20647,3,2,4,09,19,2,,1,0,1,0,0
"POINT (9.714482172000031 52.361030426000099)",Unfall 20661 (2022) Kat:3, Licht: 1,20661,3,6,3,10,18,2,,1,0,1,0,0
"POINT (9.697463189000080 52.377246125000099)",Unfall 20669 (2022) Kat:3, Licht: 0,20669,3,6,2,10,16,4,,0,0,1,0,0
"POINT (9.734992564000040 52.393259313999998)",Unfall 20703 (2022) Kat:3, Licht: 0,20703,3,2,5,10,16,3,,0,0,1,0,0
"POINT (10.032020122000100 52.523176277000097)",Unfall 20704 (2022) Kat:3, Licht: 0,20704,3,6,2,09,14,5,,0,0,1,0,0
"POINT (9.707451990000040 52.420142762000097)",Unfall 20705 (2022) Kat:3, Licht: 1,20705,3,7,0,10,05,5,,1,1,0,0,0
"POINT (9.697759801000069 52.377127307000102)",Unfall 20712 (2022) Kat:3, Licht: 2,20712,3,6,2,11,20,5,,2,0,1,0,0
"POINT (9.840397537000060 52.410265866000003)",Unfall 20719 (2022) Kat:3, Licht: 0,20719,3,6,2,10,07,4,,0,0,1,0,0
"POINT (9.357373711000040 52.453428135000102)",Unfall 20726 (2022) Kat:2, Licht: 0,20726,2,7,0,10,11,4,,0,1,0,0,0
"POINT (9.879502443000041 52.311460499000098)",Unfall 20729 (2022) Kat:3, Licht: 1,20729,3,1,9,09,17,1,,1,0,1,0,0
"POINT (9.720952373000051 52.339986333000098)",Unfall 20733 (2022) Kat:3, Licht: 0,20733,3,6,2,09,14,6,,0,0,1,0,0
"POINT (9.799098906000040 52.410753075999999)",Unfall 20738 (2022) Kat:3, Licht: 0,20738,3,3,5,10,14,5,,0,1,1,0,0