WKT,Name,OBJECTID,UKATEGORIE,UTYP1,UART,UMONAT,USTUNDE,UWOCHENTAG,STRZUSTAND,ULICHTVERH,ISTRAD,ISTPKW,ISTFUSS,ISTKRAD
"POINT (9.409132275000051 52.461619128999999)",Unfall 20743 (2022) Kat:3, Licht: 2,20743,3,7,8,09,01,3,,2,0,0,0,1
"POINT (9.800281661000041 52.396368772000102)",Unfall 20752 (2022) Kat:3, Licht: 0,20752,3,6,2,10,15,4,,0,0,1,0,0
"POINT (9.755906091000041 52.352877906000103)",Unfall 20755 (2022) Kat:3, Licht: 0,20755,3,3,5,11,11,3,,0,1,1,0,0
"POINT (9.907680518000060 52.355756916000097)",Unfall 20757 (2022) Kat:3, Licht: 0,20757,3,3,5,09,16,5,,0,0,1,0,0
"POINT (9.735837316000071 52.399509587000097)",Unfall 20760 (2022) Kat:3, Licht: 2,20760,3,6,2,09,20,5,,2,0,1,0,0
"POINT (9.723363666000070 52.440456091999998)",Unfall 20770 (2022) Kat:3, Licht: 2,20770,3,1,0,10,06,5,,2,0,0,0,1
"POINT (9.833008412000030 52.398726152999998)",Unfall 20780 (2022) Kat:3, Licht: 0,20780,3,3,5,10,11,2,,0,1,1,0,0
"POINT (9.449682088000030 52.426191650000099)",Unfall 20788 (2022) Kat:3, Licht: 0,20788,3,3,5,10,18,1,,0,0,1,0,0
"POINT (9.753224689000040 52.369993632000003)",Unfall 20790 (2022) Kat:3, Licht: 0,20790,3,3,5,09,16,3,,0,0,1,0,0
"POINT (9.797045823000079 52.347282249000003)",Unfall 20791 (2022) Kat:3, Licht: 0,20791,3,1,0,09,14,5,,0,0,1,0,0
"POINT (9.652211835000060 52.415860231000103)",Unfall 20795 (2022) Kat:3, Licht: 0,20795,3,3,0,10,15,6,,0,1,1,0,0
"POINT (9.802591090000019 52.317499516000098)",Unfall 20799 (2022) Kat:3, Licht: 0,20799,3,2,2,09,08,6,,0,0,1,0,0
"POINT (9.722107755000019 52.421544267999998)",Unfall 20816 (2022) Kat:3, Licht: 0,20816,3,2,3,09,11,7,,0,1,1,0,0
"POINT (9.587655645000041 52.184781014000102)",Unfall 20825 (2022) Kat:3, Licht: 0,20825,3,1,8,10,11,5,,0,0,1,0,0
"POINT (9.388130027000051 52.432347958000001)",Unfall 20827 (2022) Kat:3, Licht: 0,20827,3,2,4,09,14,3,,0,0,1,0,0
"POINT (9.719787887000050 52.421486238999996)",Unfall 20840 (2022) Kat:3, Licht: 0,20840,3,6,2,09,18,7,,0,0,1,0,0
"POINT (9.650312718000070 52.424366233999997)",Unfall 20843 (2022) Kat:3, Licht: 1,20843,3,6,3,11,06,3,,1,0,1,0,0
"POINT (9.359837694000021 52.454187202000099)",Unfall 20853 (2022) Kat:2, Licht: 0,20853,2,6,2,09,16,3,,0,0,1,1,0
"POINT (9.742721337000029 52.538257789000099)",Unfall 20863 (2022) Kat:3, Licht: 2,20863,3,6,4,09,20,6,,2,0,1,0,0
"POINT (10.027865404000099 52.523299160000100)",Unfall 20864 (2022) Kat:3, Licht: 0,20864,3,3,5,10,14,6,,0,0,1,0,1
"POINT (9.833131532000040 52.421427913999999)",Unfall 20880 (2022) Kat:3, Licht: 0,20880,3,6,3,09,07,4,,0,0,0,0,0
"POINT (9.611012925000070 52.421953163000097)",Unfall 20881 (2022) Kat:3, Licht: 0,20881,3,6,2,10,14,4,,0,0,1,0,0
"POINT (9.800003818000050 52.336158523999998)",Unfall 20882 (2022) Kat:3, Licht: 0,20882,3,6,2,10,10,7,,0,0,1,0,0
"POINT (9.771867763000049 52.370885573000102)",Unfall 20892 (2022) Kat:3, Licht: 2,20892,3,3,5,09,02,1,,2,0,1,0,0
"POINT (9.832777195000061 52.338420879000097)",Unfall 20909 (2022) Kat:3, Licht: 0,20909,3,3,5,10,14,5,,0,1,1,0,0
"POINT (9.735842898000040 52.399466556000000)",Unfall 20919 (2022) Kat:3, Licht: 0,20919,3,6,2,09,13,4,,0,0,1,0,0
"POINT (9.652385120000080 52.409756072000100)",Unfall 20933 (2022) Kat:3, Licht: 2,20933,3,6,2,10,18,7,,2,0,1,0,1
"POINT (9.811790229000049 52.527970396999997)",Unfall 20945 (2022) Kat:3, Licht: 2,20945,3,7,8,09,02,6,,2,0,0,0,0
"POINT (9.734402756000071 52.412597780000098)",Unfall 20949 (2022) Kat:3, Licht: 2,20949,3,6,2,11,17,5,,2,0,1,0,0
"POINT (9.897522565000029 52.444227238000103)",Unfall 20952 (2022) Kat:3, Licht: 0,20952,3,1,0,10,09,1,,0,1,0,0,0
"POINT (9.865562761000040 52.339871600999999)",Unfall 20953 (2022) Kat:2, Licht: 0,20953,2,7,7,09,13,2,,0,0,0,0,1
"POINT (9.675249496000051 52.428825894000099)",Unfall 20955 (2022) Kat:3, Licht: 0,20955,3,6,3,09,17,4,,0,0,1,0,0
"POINT (9.734291903000040 52.475714401000097)",Unfall 20956 (2022) Kat:3, Licht: 1,20956,3,2,2,10,22,4,,1,0,1,0,0
"POINT (9.665451115000049 52.333917006000000)",Unfall 20959 (2022) Kat:3, Licht: 0,20959,3,6,2,11,13,7,,0,0,1,0,0
"POINT (9.607018029000070 52.311493509000101)",Unfall 20964 (2022) Kat:2, Licht: 1,20964,2,3,5,10,05,2,,1,0,1,0,1
"POINT (9.803512396000031 52.397162937000097)",Unfall 20966 (2022) Kat:3, Licht: 0,20966,3,6,2,10,09,4,,0,0,1,0,1
"POINT (9.829463346000070 52.399894608000103)",Unfall 20993 (2022) Kat:3, Licht: 0,20993,3,6,2,09,18,5,,0,0,1,0,0
"POINT (9.862065949000050 52.381001716000100)",Unfall 20997 (2022) Kat:3, Licht: 0,20997,3,2,3,10,08,3,,0,0,1,0,0
"POINT (9.513270625000080 52.412151762000100)",Unfall 21003 (2022) Kat:3, Licht: 0,21003,3,3,5,10,17,5,,0,1,1,0,0
"POINT (9.730899635000069 52.370730992000098)",Unfall 21008 (2022) Kat:3, Licht: 2,21008,3,3,5,09,23,7,,2,1,1,0,0
"POINT (9.838899097000020 52.275580554000001)",Unfall 21010 (2022) Kat:3, Licht: 0,21010,3,3,5,10,10,3,,0,1,1,0,0
"POINT (9.785926997000050 52.565435772999997)",Unfall 21017 (2022) Kat:3, Licht: 0,21017,3,6,2,09,10,5,,0,0,1,0,0
"POINT (9.634109909000070 52.333603104000098)",Unfall 21026 (2022) Kat:3, Licht: 0,21026,3,6,3,09,18,5,,0,0,1,0,1
"POINT (9.566945416000070 52.422204096000002)",Unfall 21029 (2022) Kat:3, Licht: 2,21029,3,6,2,11,20,4,,2,0,1,0,0
"POINT (9.628948212000070 52.210734812000098)",Unfall 21041 (2022) Kat:3, Licht: 0,21041,3,3,5,09,15,7,,0,0,1,0,0
"POINT (9.970890556000031 52.387083941000100)",Unfall 21044 (2022) Kat:3, Licht: 0,21044,3,6,3,11,13,5,,0,0,1,0,0
"POINT (9.745062646000060 52.601528162000101)",Unfall 21064 (2022) Kat:3, Licht: 0,21064,3,6,2,09,18,6,,0,0,0,0,0
"POINT (9.697788517000051 52.376304369000103)",Unfall 21065 (2022) Kat:3, Licht: 0,21065,3,6,1,11,15,2,,0,0,1,0,0
"POINT (9.768414040000041 52.338025652000098)",Unfall 21072 (2022) Kat:3, Licht: 0,21072,3,2,5,09,16,2,,0,1,1,0,0
"POINT (9.720703689000061 52.337691278000101)",Unfall 21082 (2022) Kat:3, Licht: 2,21082,3,1,0,10,05,6,,2,0,0,0,1
"POINT (9.965101779000070 52.373259292999997)",Unfall 21088 (2022) Kat:3, Licht: 1,21088,3,7,0,10,18,1,,1,1,0,0,0
"POINT (9.596022623000071 52.436583736999999)",Unfall 21093 (2022) Kat:3, Licht: 0,21093,3,3,5,10,14,4,,0,1,0,0,0
"POINT (9.928813993000061 52.402819627000000)",Unfall 21112 (2022) Kat:3, Licht: 1,21112,3,7,7,09,19,5,,1,0,0,0,1
"POINT (9.491949616000060 52.399054440999997)",Unfall 21124 (2022) Kat:3, Licht: 0,21124,3,6,2,10,11,6,,0,0,1,0,0
"POINT (9.745755595000050 52.209385032000100)",Unfall 21141 (2022) Kat:3, Licht: 0,21141,3,2,5,10,14,7,,0,0,1,0,0
"POINT (9.677747829000049 52.359092996000101)",Unfall 21144 (2022) Kat:3, Licht: 2,21144,3,6,2,10,05,4,,2,0,1,0,0
"POINT (9.756411762000029 52.427267299000100)",Unfall 21149 (2022) Kat:2, Licht: 0,21149,2,6,2,09,15,2,,0,0,0,0,0
"POINT (9.827780606000029 52.360928015000098)",Unfall 21163 (2022) Kat:3, Licht: 0,21163,3,2,6,10,12,2,,0,0,1,1,0
"POINT (10.116878168000000 52.357592351999998)",Unfall 21164 (2022) Kat:3, Licht: 2,21164,3,3,5,09,05,5,,2,1,1,0,0
"POINT (9.973130639000029 52.372694949000000)",Unfall 21171 (2022) Kat:3, Licht: 0,21171,3,7,0,10,08,4,,0,1,0,0,0
"POINT (9.723250400000040 52.378062080000099)",Unfall 21176 (2022) Kat:3, Licht: 0,21176,3,7,0,10,16,6,,0,0,0,0,1
"POINT (9.578759191000071 52.423431116000103)",Unfall 21185 (2022) Kat:3, Licht: 0,21185,3,7,8,10,13,5,,0,0,1,0,0
"POINT (9.541461431000069 52.422623310000098)",Unfall 21187 (2022) Kat:3, Licht: 2,21187,3,1,8,09,06,2,,2,0,1,0,0
"POINT (9.768614083000051 52.171007359000001)",Unfall 21194 (2022) Kat:3, Licht: 2,21194,3,1,9,10,23,2,,2,0,1,0,0
"POINT (9.969880073000070 52.334813699999998)",Unfall 21197 (2022) Kat:3, Licht: 2,21197,3,6,2,10,06,6,,2,0,1,0,0
"POINT (9.721246849000069 52.368248784000102)",Unfall 21201 (2022) Kat:3, Licht: 2,21201,3,6,2,10,21,6,,2,0,1,0,0
"POINT (9.533301257000060 52.461577229000099)",Unfall 21207 (2022) Kat:3, Licht: 2,21207,3,1,9,10,02,1,,2,0,1,0,0
"POINT (9.570796190000070 52.446658108000101)",Unfall 21220 (2022) Kat:3, Licht: 0,21220,3,2,3,09,17,4,,0,1,0,0,0
"POINT (9.803920835000040 52.336993187000097)",Unfall 21226 (2022) Kat:2, Licht: 2,21226,2,4,6,11,19,6,,2,0,1,1,0
"POINT (9.428321434000051 52.428234074000002)",Unfall 21231 (2022) Kat:3, Licht: 0,21231,3,6,4,09,15,5,,0,1,0,0,0
"POINT (9.885028499000040 52.429477962000099)",Unfall 21233 (2022) Kat:3, Licht: 0,21233,3,1,9,09,09,1,,0,0,0,0,1
"POINT (9.611652392000050 52.436379730000098)",Unfall 21236 (2022) Kat:3, Licht: 0,21236,3,7,6,09,16,6,,0,0,1,1,0
"POINT (10.082919859000100 52.487274388000102)",Unfall 21239 (2022) Kat:3, Licht: 2,21239,3,3,5,10,19,3,,2,1,1,0,0
"POINT (9.977092321000040 52.374654796000101)",Unfall 21247 (2022) Kat:2, Licht: 0,21247,2,1,0,09,17,3,,0,1,0,0,0
"POINT (9.726775731000030 52.544542190000101)",Unfall 21254 (2022) Kat:3, Licht: 0,21254,3,3,5,10,08,3,,0,1,1,0,0
"POINT (9.733577576000069 52.369165485000103)",Unfall 21256 (2022) Kat:3, Licht: 0,21256,3,3,5,10,12,4,,0,1,1,0,0
"POINT (9.521803159000060 52.351264598000100)",Unfall 21257 (2022) Kat:3, Licht: 2,21257,3,1,9,09,01,7,,2,0,1,0,0
"POINT (9.821797858000020 52.339239493000001)",Unfall 21268 (2022) Kat:3, Licht: 2,21268,3,3,5,10,04,5,,2,0,1,0,1
"POINT (9.863663310000049 52.332849683000099)",Unfall 21281 (2022) Kat:3, Licht: 0,21281,3,6,3,10,12,6,,0,0,1,0,0
"POINT (9.420842764000041 52.444729969999997)",Unfall 21286 (2022) Kat:2, Licht: 0,21286,2,3,5,10,18,6,,0,1,1,0,0
"POINT (10.026832527000099 52.316666568000102)",Unfall 21288 (2022) Kat:3, Licht: 0,21288,3,3,5,09,18,4,,0,1,1,0,0
"POINT (9.575286349000070 52.418973205000000)",Unfall 21291 (2022) Kat:3, Licht: 2,21291,3,2,5,10,22,2,,2,0,1,0,0
"POINT (9.650168897000070 52.393480298999997)",Unfall 21297 (2022) Kat:3, Licht: 2,21297,3,2,4,10,19,3,,2,0,0,0,0
"POINT (9.722421781000040 52.378507587999998)",Unfall 21299 (2022) Kat:3, Licht: 0,21299,3,2,5,10,11,3,,0,1,1,0,0
"POINT (9.778512259000021 52.327703925999998)",Unfall 21303 (2022) Kat:3, Licht: 0,21303,3,7,0,10,08,1,,0,1,0,0,0
"POINT (9.751408378000059 52.594862941000002)",Unfall 21307 (2022) Kat:3, Licht: 0,21307,3,6,2,10,10,7,,0,0,1,0,0
"POINT (9.468803717000069 52.463197899000100)",Unfall 21308 (2022) Kat:3, Licht: 0,21308,3,7,8,09,09,3,,0,0,1,0,0
"POINT (9.552084494000040 52.592772525000001)",Unfall 21331 (2022) Kat:3, Licht: 2,21331,3,6,4,11,18,2,,2,1,0,0,0
"POINT (9.631714888000030 52.420161875000097)",Unfall 21340 (2022) Kat:3, Licht: 0,21340,3,6,2,10,13,1,,0,0,1,0,0
"POINT (9.611024076000040 52.431531657999997)",Unfall 21360 (2022) Kat:3, Licht: 0,21360,3,2,5,10,09,7,,0,0,1,0,0
"POINT (9.863329307000070 52.373823547000001)",Unfall 21365 (2022) Kat:3, Licht: 0,21365,3,7,0,09,14,3,,0,0,0,0,1
"POINT (9.734061657000041 52.387337238000001)",Unfall 21366 (2022) Kat:3, Licht: 1,21366,3,6,2,09,19,3,,1,0,1,0,0
"POINT (10.060980648999999 52.371036029999999)",Unfall 21371 (2022) Kat:3, Licht: 2,21371,3,6,3,11,01,5,,2,0,1,0,0
"POINT (9.727649429000049 52.438950932000097)",Unfall 21373 (2022) Kat:3, Licht: 0,21373,3,2,5,10,10,7,,0,1,1,0,0
"POINT (9.723437497000081 52.377715996000099)",Unfall 21375 (2022) Kat:3, Licht: 0,21375,3,3,5,09,15,2,,0,1,1,0,0
"POINT (9.432543162000060 52.422258530000100)",Unfall 21388 (2022) Kat:3, Licht: 0,21388,3,5,0,10,15,4,,0,1,0,0,0
"POINT (9.583823022000050 52.397118861000102)",Unfall 21390 (2022) Kat:3, Licht: 0,21390,3,7,0,09,17,3,,0,0,0,0,0
"POINT (9.463005435000071 52.400616759999998)",Unfall 21392 (2022) Kat:3, Licht: 0,21392,3,5,4,09,11,3,,0,0,1,0,0
"POINT (9.781245740000029 52.326359796000098)",Unfall 21399 (2022) Kat:3, Licht: 0,21399,3,6,2,10,15,7,,0,0,1,0,0
"POINT (9.469895234000029 52.421363231999997)",Unfall 21404 (2022) Kat:3, Licht: 2,21404,3,1,8,09,21,6,,2,0,1,0,0
"POINT (9.796604926000040 52.347797514000000)",Unfall 21420 (2022) Kat:3, Licht: 0,21420,3,6,2,11,07,4,,0,0,1,0,0
"POINT (9.412243974000029 52.333353283000100)",Unfall 21432 (2022) Kat:3, Licht: 2,21432,3,6,3,09,23,1,,2,0,1,0,0
"POINT (9.897910868000050 52.380630846000003)",Unfall 21437 (2022) Kat:3, Licht: 1,21437,3,6,2,10,05,1,,1,0,1,0,0
"POINT (9.697837078000020 52.377065135000102)",Unfall 21438 (2022) Kat:3, Licht: 0,21438,3,6,2,10,12,1,,0,0,1,0,0
"POINT (9.648909911000031 52.412460023999998)",Unfall 21461 (2022) Kat:3, Licht: 2,21461,3,1,9,10,21,7,,2,0,1,0,0
"POINT (9.781456978000049 52.326384108000099)",Unfall 21473 (2022) Kat:3, Licht: 2,21473,3,1,0,10,18,6,,2,0,0,0,0
"POINT (9.726921284000071 52.381064512000101)",Unfall 21479 (2022) Kat:3, Licht: 0,21479,3,6,2,10,15,2,,0,0,1,0,0
"POINT (9.457192315000039 52.505481367000101)",Unfall 21494 (2022) Kat:3, Licht: 2,21494,3,5,1,11,22,5,,2,0,1,0,1
"POINT (9.563585433000069 52.394896156000101)",Unfall 21515 (2022) Kat:2, Licht: 0,21515,2,2,5,09,11,6,,0,0,1,0,1
"POINT (9.697660093000019 52.377221509000002)",Unfall 21521 (2022) Kat:3, Licht: 0,21521,3,6,2,10,11,3,,0,0,1,0,0
"POINT (9.449996388000050 52.504792770000101)",Unfall 21582 (2022) Kat:3, Licht: 0,21582,3,6,2,09,15,2,,0,0,1,0,0
"POINT (9.725211480000040 52.459883134000101)",Unfall 21585 (2022) Kat:3, Licht: 0,21585,3,3,5,10,12,4,,0,0,1,0,0
"POINT (10.198840597000100 52.456792331000003)",Unfall 21598 (2022) Kat:2, Licht: 0,21598,2,1,0,10,17,2,,0,0,0,0,0
"POINT (9.442689195000071 52.504539345000097)",Unfall 21599 (2022) Kat:3, Licht: 0,21599,3,2,5,10,17,4,,0,0,1,0,1
"POINT (9.965913907000070 52.315609310000099)",Unfall 21606 (2022) Kat:3, Licht: 0,21606,3,4,6,10,10,6,,0,0,1,1,0
"POINT (9.757771258000050 52.370253507000001)",Unfall 21624 (2022) Kat:3, Licht: 0,21624,3,5,0,09,14,5,,0,0,1,0,0
"POINT (9.773322093000051 52.343025795000102)",Unfall 21626 (2022) Kat:3, Licht: 1,21626,3,6,2,09,18,1,,1,0,1,0,0
"POINT (9.760728297000069 52.370359123000100)",Unfall 21635 (2022) Kat:3, Licht: 0,21635,3,6,2,09,14,3,,0,0,1,0,0
"POINT (10.273777842000101 52.473791762000097)",Unfall 21639 (2022) Kat:3, Licht: 1,21639,3,6,2,10,19,2,,1,0,1,0,0
"POINT (9.412416919000069 52.333295729000000)",Unfall 21643 (2022) Kat:3, Licht: 2,21643,3,6,2,10,20,2,,2,0,1,0,0
"POINT (9.743604958000050 52.368069583000100)",Unfall 21657 (2022) Kat:3, Licht: 0,21657,3,2,3,09,16,6,,0,1,1,0,0
"POINT (10.016232140000101 52.452539666000099)",Unfall 21663 (2022) Kat:3, Licht: 0,21663,3,3,5,11,10,1,,0,0,1,0,0
"POINT (9.796359244000030 52.312300587999999)",Unfall 21664 (2022) Kat:3, Licht: 2,21664,3,6,1,10,20,1,,2,0,1,0,0
"POINT (9.762966760000040 52.370578025000000)",Unfall 21668 (2022) Kat:3, Licht: 0,21668,3,6,2,09,12,3,,0,0,1,0,0
"POINT (9.667912829000040 52.341998050000001)",Unfall 21672 (2022) Kat:3, Licht: 0,21672,3,3,5,10,18,7,,0,0,1,0,0
"POINT (9.693725737000021 52.420142759999997)",Unfall 21678 (2022) Kat:3, Licht: 0,21678,3,1,8,09,09,1,,0,0,1,0,0
"POINT (9.738876586000060 52.437778397000002)",Unfall 21689 (2022) Kat:3, Licht: 0,21689,3,3,5,10,14,5,,0,1,1,0,0
"POINT (9.351590480000031 52.394582718000002)",Unfall 21690 (2022) Kat:3, Licht: 0,21690,3,6,0,09,12,6,,0,1,0,0,0
"POINT (9.462710633000031 52.331952420000100)",Unfall 21692 (2022) Kat:3, Licht: 0,21692,3,7,0,09,10,2,,0,0,1,0,0
"POINT (9.627945059000069 52.422225118000000)",Unfall 21698 (2022) Kat:3, Licht: 0,21698,3,6,2,09,14,2,,0,0,1,0,0
"POINT (10.101661275000000 52.364333762000101)",Unfall 21701 (2022) Kat:3, Licht: 0,21701,3,6,3,10,16,4,,0,0,1,0,0
"POINT (9.713423568000049 52.361915568000001)",Unfall 21705 (2022) Kat:3, Licht: 0,21705,3,6,2,10,14,2,,0,0,0,0,0
"POINT (9.628460843000029 52.292447246999998)",Unfall 21712 (2022) Kat:3, Licht: 0,21712,3,3,5,10,16,6,,0,0,1,0,0
"POINT (9.722606463000030 52.378408426000099)",Unfall 21718 (2022) Kat:3, Licht: 2,21718,3,6,2,10,20,1,,2,0,1,0,1
"POINT (9.799875901000060 52.407603985999998)",Unfall 21719 (2022) Kat:3, Licht: 2,21719,3,7,0,11,19,4,,2,1,0,0,0
"POINT (9.723442278000050 52.377713440000001)",Unfall 21721 (2022) Kat:2, Licht: 0,21721,2,3,5,10,16,6,,0,1,1,0,0
"POINT (9.539008660000039 52.461727637000102)",Unfall 21731 (2022) Kat:3, Licht: 0,21731,3,3,5,10,13,6,,0,0,1,0,0
"POINT (9.750713034000061 52.595557913999997)",Unfall 21733 (2022) Kat:3, Licht: 0,21733,3,6,2,10,12,7,,0,0,1,0,0
"POINT (9.761901108000069 52.345825066000003)",Unfall 21736 (2022) Kat:3, Licht: 2,21736,3,3,0,11,05,6,,2,0,1,0,1
"POINT (9.837929653000060 52.276004813999997)",Unfall 21745 (2022) Kat:3, Licht: 0,21745,3,7,2,11,14,3,,0,0,1,0,0
"POINT (9.721295560000041 52.360767445000100)",Unfall 21746 (2022) Kat:3, Licht: 0,21746,3,2,5,10,15,3,,0,1,1,0,0
"POINT (9.466143561000020 52.418601856000102)",Unfall 21756 (2022) Kat:2, Licht: 2,21756,2,2,2,09,19,6,,2,0,1,0,1
"POINT (9.813790639000050 52.317625300000003)",Unfall 21771 (2022) Kat:3, Licht: 0,21771,3,1,0,10,08,3,,0,0,0,0,1
"POINT (9.719316482000069 52.421486856000101)",Unfall 21776 (2022) Kat:3, Licht: 0,21776,3,6,2,10,09,4,,0,0,1,0,0
"POINT (9.780964788000061 52.364663829999998)",Unfall 21796 (2022) Kat:3, Licht: 0,21796,3,6,2,09,07,5,,0,0,1,0,0
"POINT (9.806994142000059 52.336221344000101)",Unfall 21803 (2022) Kat:3, Licht: 0,21803,3,6,2,10,08,4,,0,0,1,0,0
"POINT (9.620497482000079 52.211066829000103)",Unfall 21812 (2022) Kat:3, Licht: 0,21812,3,7,0,10,11,4,,0,1,0,0,0
"POINT (9.732003922000050 52.617842523000000)",Unfall 21813 (2022) Kat:3, Licht: 2,21813,3,7,9,10,01,7,,2,0,1,0,0
"POINT (9.430045373000040 52.425861032999997)",Unfall 21829 (2022) Kat:2, Licht: 0,21829,2,6,6,11,14,7,,0,1,0,1,0
"POINT (9.621781126000030 52.426556359000102)",Unfall 21832 (2022) Kat:2, Licht: 0,21832,2,2,3,09,18,5,,0,0,1,0,1
"POINT (9.783604948000059 52.372323145999999)",Unfall 21841 (2022) Kat:3, Licht: 0,21841,3,6,3,09,16,5,,0,0,1,0,1
"POINT (9.789466931000049 52.317001382999997)",Unfall 21859 (2022) Kat:2, Licht: 0,21859,2,7,0,11,12,6,,0,0,1,0,0
"POINT (9.946755472000060 52.288192410000100)",Unfall 21872 (2022) Kat:1, Licht: 2,21872,1,1,9,10,02,7,,2,0,1,0,0
"POINT (9.451910934000070 52.372828358000000)",Unfall 21874 (2022) Kat:3, Licht: 0,21874,3,6,2,09,14,5,,0,0,1,0,0
"POINT (9.542269707000059 52.462265836000000)",Unfall 21880 (2022) Kat:2, Licht: 0,21880,2,3,5,09,13,3,,0,1,1,0,0
"POINT (9.804964921000019 52.337831902000097)",Unfall 21884 (2022) Kat:3, Licht: 0,21884,3,1,8,10,18,7,,0,0,1,0,0
"POINT (9.919517674000080 52.395107901000102)",Unfall 21893 (2022) Kat:3, Licht: 2,21893,3,6,2,11,18,3,,2,0,1,0,0
"POINT (9.568592795000029 52.303628306000100)",Unfall 21901 (2022) Kat:3, Licht: 0,21901,3,1,8,09,15,3,,0,0,1,0,0
"POINT (10.130453060000001 52.398125250000099)",Unfall 21911 (2022) Kat:3, Licht: 2,21911,3,3,5,10,20,3,,2,0,1,0,0
"POINT (9.668964730000029 52.344949356000001)",Unfall 21914 (2022) Kat:3, Licht: 1,21914,3,3,5,09,18,6,,1,0,1,0,0
"POINT (9.466085366000071 52.427716089000100)",Unfall 21918 (2022) Kat:3, Licht: 0,21918,3,5,4,10,12,1,,0,0,1,0,0
"POINT (9.627184115000031 52.423179793000003)",Unfall 21919 (2022) Kat:3, Licht: 0,21919,3,2,6,09,08,4,,0,0,1,1,0
"POINT (10.014929239000001 52.451836718999999)",Unfall 21920 (2022) Kat:3, Licht: 0,21920,3,6,8,10,13,6,,0,1,0,1,0
"POINT (9.452138387000049 52.435614469000001)",Unfall 21932 (2022) Kat:3, Licht: 0,21932,3,6,4,10,15,7,,0,1,0,0,0
"POINT (9.410066046000050 52.333958934000101)",Unfall 21937 (2022) Kat:2, Licht: 1,21937,2,3,5,10,19,1,,1,0,1,0,0
"POINT (9.818011481000040 52.409029412999999)",Unfall 21940 (2022) Kat:3, Licht: 0,21940,3,2,5,09,09,1,,0,0,1,0,0
"POINT (9.587598526000020 52.439863961000100)",Unfall 21956 (2022) Kat:3, Licht: 0,21956,3,6,2,11,09,4,,0,0,1,0,0
"POINT (9.577896441000060 52.423527939000103)",Unfall 21965 (2022) Kat:2, Licht: 2,21965,2,1,9,12,02,1,,2,0,1,0,0
"POINT (9.863378052000030 52.373935498999998)",Unfall 21969 (2022) Kat:3, Licht: 0,21969,3,6,2,11,14,6,,0,0,1,0,0
"POINT (9.775295072000061 52.330375783000100)",Unfall 21971 (2022) Kat:3, Licht: 0,21971,3,2,5,12,11,6,,0,0,1,0,0
"POINT (9.460655080000040 52.309977568000100)",Unfall 21981 (2022) Kat:3, Licht: 1,21981,3,2,2,11,07,5,,1,0,1,0,0
"POINT (9.839265283000030 52.417849003000100)",Unfall 21984 (2022) Kat:3, Licht: 0,21984,3,6,3,12,13,4,,0,0,1,0,0
"POINT (9.779708232000081 52.425593171999999)",Unfall 21987 (2022) Kat:3, Licht: 0,21987,3,7,9,11,10,2,,0,0,1,0,0
"POINT (9.623953537000030 52.291084638000001)",Unfall 22024 (2022) Kat:3, Licht: 0,22024,3,1,8,11,14,6,,0,0,1,0,0
"POINT (9.627911735000049 52.394429172999999)",Unfall 22027 (2022) Kat:3, Licht: 1,22027,3,2,2,11,17,3,,1,0,1,0,0
"POINT (9.583000125000069 52.397126479000100)",Unfall 22038 (2022) Kat:3, Licht: 2,22038,3,6,4,12,07,5,,2,1,0,0,0
"POINT (9.782984090000070 52.259742717999998)",Unfall 22054 (2022) Kat:2, Licht: 0,22054,2,1,8,12,13,2,,0,0,1,0,0
"POINT (9.649057877000081 52.395999285000102)",Unfall 22061 (2022) Kat:2, Licht: 0,22061,2,6,4,11,13,6,,0,0,1,0,0
"POINT (9.732352308000030 52.435298908999997)",Unfall 22063 (2022) Kat:3, Licht: 0,22063,3,6,2,12,15,6,,0,0,1,0,0
"POINT (9.575291895000021 52.418972512000003)",Unfall 22084 (2022) Kat:3, Licht: 0,22084,3,2,5,12,13,6,,0,0,1,0,0
"POINT (9.679348817000060 52.433232742000001)",Unfall 22105 (2022) Kat:3, Licht: 2,22105,3,6,2,11,16,2,,2,0,1,0,0
"POINT (9.689127953000019 52.378087903999997)",Unfall 22107 (2022) Kat:3, Licht: 2,22107,3,1,0,12,18,6,,2,1,0,0,0
"POINT (9.355429044000060 52.452096418000103)",Unfall 22111 (2022) Kat:3, Licht: 1,22111,3,1,0,12,15,2,,1,1,0,0,0
"POINT (9.600373123000050 52.394383120000001)",Unfall 22112 (2022) Kat:3, Licht: 1,22112,3,5,0,11,07,6,,1,1,1,0,0
"POINT (9.730081824000020 52.382195148999998)",Unfall 22115 (2022) Kat:3, Licht: 2,22115,3,2,5,12,19,7,,2,0,1,0,0
"POINT (9.486815379000060 52.560524061000102)",Unfall 22131 (2022) Kat:3, Licht: 0,22131,3,3,5,12,14,3,,0,0,1,0,0
"POINT (9.836435517000041 52.499320112000099)",Unfall 22150 (2022) Kat:3, Licht: 0,22150,3,1,8,11,13,3,,0,1,0,0,0
"POINT (9.733470157000060 52.384482071000001)",Unfall 22153 (2022) Kat:3, Licht: 2,22153,3,6,2,11,17,4,,2,0,1,0,0
"POINT (9.732012494000060 52.429474042999999)",Unfall 22162 (2022) Kat:3, Licht: 2,22162,3,2,5,12,06,5,,2,0,0,0,0