WKT,Name,OBJECTID,UKATEGORIE,UTYP1,UART,UMONAT,USTUNDE,UWOCHENTAG,STRZUSTAND,ULICHTVERH,ISTRAD,ISTPKW,ISTFUSS,ISTKRAD
"POINT (9.773149761000070 52.333116598000103)",Unfall 22172 (2022) Kat:3, Licht: 2,22172,3,3,5,12,19,6,,2,1,1,0,0
"POINT (9.767963758000059 52.298287414000100)",Unfall 22179 (2022) Kat:3, Licht: 0,22179,3,1,0,11,15,3,,0,1,0,0,0
"POINT (9.724997111000050 52.521669420000102)",Unfall 22186 (2022) Kat:3, Licht: 0,22186,3,3,5,12,11,6,,0,0,1,0,0
"POINT (9.554793381000019 52.421409899000103)",Unfall 22190 (2022) Kat:3, Licht: 0,22190,3,6,2,12,12,5,,0,0,1,0,0
"POINT (9.748882068000061 52.362229438999996)",Unfall 22191 (2022) Kat:3, Licht: 0,22191,3,6,3,11,08,3,,0,1,0,0,0
"POINT (9.800165488000060 52.406378489000097)",Unfall 22202 (2022) Kat:3, Licht: 0,22202,3,6,0,12,11,5,,0,1,1,0,0
"POINT (9.941655756000049 52.498850384999997)",Unfall 22207 (2022) Kat:3, Licht: 1,22207,3,3,5,12,16,6,,1,0,1,0,0
"POINT (9.734205240000049 52.369056168000000)",Unfall 22212 (2022) Kat:3, Licht: 2,22212,3,2,5,11,17,6,,2,1,1,0,0
"POINT (9.782554516000060 52.372056493999999)",Unfall 22220 (2022) Kat:3, Licht: 2,22220,3,2,5,12,23,3,,2,1,0,0,0
"POINT (9.627310563000041 52.423230689000000)",Unfall 22231 (2022) Kat:3, Licht: 0,22231,3,6,2,12,13,6,,0,0,1,0,0
"POINT (10.169065775000000 52.415538395000098)",Unfall 22245 (2022) Kat:3, Licht: 2,22245,3,7,8,12,06,3,,2,0,1,0,0
"POINT (9.730384694000071 52.383781892999998)",Unfall 22260 (2022) Kat:2, Licht: 0,22260,2,3,0,11,12,3,,0,0,1,0,1
"POINT (9.983838103000039 52.444599654000100)",Unfall 22261 (2022) Kat:3, Licht: 2,22261,3,7,6,11,18,5,,2,0,1,1,0
"POINT (9.691580992000070 52.376750866000101)",Unfall 22276 (2022) Kat:2, Licht: 2,22276,2,4,6,11,17,3,,2,1,0,1,0
"POINT (9.730199181000049 52.368952132000103)",Unfall 22284 (2022) Kat:3, Licht: 2,22284,3,3,5,12,18,1,,2,1,1,0,0
"POINT (9.764371746000050 52.342871662000100)",Unfall 22289 (2022) Kat:3, Licht: 0,22289,3,2,5,12,09,6,,0,0,1,0,0
"POINT (9.676322326000051 52.393920509000097)",Unfall 22309 (2022) Kat:3, Licht: 0,22309,3,6,2,12,15,7,,0,0,1,0,0
"POINT (9.724180837000061 52.379741213999999)",Unfall 22327 (2022) Kat:3, Licht: 2,22327,3,6,2,11,00,1,,2,0,1,0,0
"POINT (9.815441336000051 52.303414657000097)",Unfall 22338 (2022) Kat:3, Licht: 0,22338,3,4,6,11,07,6,,0,0,0,1,0
"POINT (9.600133531000040 52.319824568999998)",Unfall 22340 (2022) Kat:3, Licht: 2,22340,3,6,2,12,17,4,,2,0,1,0,0
"POINT (9.522213455000040 52.406203327000100)",Unfall 22355 (2022) Kat:3, Licht: 0,22355,3,2,2,11,12,2,,0,0,1,0,0
"POINT (9.821058501000040 52.297557794000099)",Unfall 22359 (2022) Kat:2, Licht: 2,22359,2,6,2,11,06,4,,2,0,1,0,0
"POINT (9.735658621000031 52.396197049000101)",Unfall 22361 (2022) Kat:3, Licht: 2,22361,3,3,5,11,05,4,,2,1,1,0,0
"POINT (9.650726594000050 52.390995960000097)",Unfall 22386 (2022) Kat:2, Licht: 2,22386,2,2,6,11,17,5,,2,0,1,1,0
"POINT (9.924559888000029 52.366178083000101)",Unfall 22389 (2022) Kat:3, Licht: 2,22389,3,2,5,12,17,4,,2,0,1,0,0
"POINT (9.885057466000029 52.466977032999999)",Unfall 22390 (2022) Kat:3, Licht: 0,22390,3,7,0,12,14,3,,0,0,1,0,0
"POINT (9.933397842000030 52.337289533000003)",Unfall 22392 (2022) Kat:3, Licht: 0,22392,3,6,2,11,13,2,,0,0,1,0,0
"POINT (9.936375955000070 52.445531428999999)",Unfall 22398 (2022) Kat:2, Licht: 2,22398,2,2,4,12,16,6,,2,0,1,0,0
"POINT (9.728372211000019 52.374096634000097)",Unfall 22414 (2022) Kat:3, Licht: 0,22414,3,2,5,12,13,2,,0,1,1,0,0
"POINT (9.730306569000049 52.382272721000000)",Unfall 22417 (2022) Kat:3, Licht: 1,22417,3,2,3,12,16,5,,1,1,1,0,0
"POINT (9.720208619000060 52.391725186000002)",Unfall 22418 (2022) Kat:3, Licht: 0,22418,3,6,2,12,16,5,,0,1,0,0,0
"POINT (9.814909642000030 52.303484298999997)",Unfall 22440 (2022) Kat:3, Licht: 0,22440,3,6,2,11,16,3,,0,0,1,0,0
"POINT (9.827878514000080 52.360974419999998)",Unfall 22448 (2022) Kat:3, Licht: 1,22448,3,2,3,12,16,2,,1,1,1,0,0
"POINT (9.512667114000070 52.412294822000000)",Unfall 22460 (2022) Kat:3, Licht: 2,22460,3,7,2,11,17,4,,2,0,1,0,0
"POINT (9.892573145000030 52.429752420000099)",Unfall 22461 (2022) Kat:2, Licht: 2,22461,2,6,2,11,06,6,,2,0,1,0,1
"POINT (9.690575687000029 52.430229799000102)",Unfall 22465 (2022) Kat:3, Licht: 0,22465,3,6,2,11,13,3,,0,0,0,0,0
"POINT (9.456603735000041 52.485771200000002)",Unfall 22469 (2022) Kat:3, Licht: 0,22469,3,1,0,12,09,3,,0,0,0,0,1
"POINT (9.626636982000040 52.267380948000003)",Unfall 22476 (2022) Kat:3, Licht: 2,22476,3,1,8,12,18,5,,2,0,1,0,0
"POINT (9.650043124000041 52.423938834000097)",Unfall 22505 (2022) Kat:3, Licht: 2,22505,3,6,4,12,16,5,,2,1,0,0,0
"POINT (9.726939438000040 52.381072289000002)",Unfall 22513 (2022) Kat:3, Licht: 0,22513,3,3,5,12,10,4,,0,1,1,0,0
"POINT (9.837038128000071 52.490801353999998)",Unfall 22522 (2022) Kat:3, Licht: 0,22522,3,3,0,12,13,6,,0,0,1,0,0
"POINT (9.484082922000029 52.456132147000098)",Unfall 22527 (2022) Kat:2, Licht: 0,22527,2,1,0,11,15,6,,0,0,0,0,1
"POINT (9.718866096000060 52.333486997000101)",Unfall 22537 (2022) Kat:3, Licht: 2,22537,3,3,5,12,19,3,,2,0,1,0,0
"POINT (9.972973547000040 52.315285735000003)",Unfall 22556 (2022) Kat:3, Licht: 0,22556,3,3,5,11,15,3,,0,0,1,0,1
"POINT (9.722534785000050 52.378446912000101)",Unfall 22564 (2022) Kat:3, Licht: 2,22564,3,6,2,12,19,2,,2,0,1,0,0
"POINT (9.735262767000050 52.394560279000103)",Unfall 22567 (2022) Kat:3, Licht: 2,22567,3,6,2,11,16,6,,2,0,1,0,0
"POINT (9.544738355000050 52.462130656000099)",Unfall 22568 (2022) Kat:3, Licht: 1,22568,3,3,5,12,16,5,,1,0,1,0,0
"POINT (9.875098269000031 52.437895322000003)",Unfall 22578 (2022) Kat:3, Licht: 0,22578,3,1,9,11,11,5,,0,0,1,0,0
"POINT (9.779609711000029 52.366628398000003)",Unfall 22584 (2022) Kat:3, Licht: 0,22584,3,6,2,12,14,2,,0,0,1,0,0
"POINT (9.466997094000019 52.395913282999999)",Unfall 22593 (2022) Kat:3, Licht: 0,22593,3,6,2,11,10,3,,0,0,1,0,0
"POINT (9.815394592000080 52.313060839999999)",Unfall 22597 (2022) Kat:2, Licht: 2,22597,2,1,8,12,19,3,,2,0,1,0,0
"POINT (9.884815715000061 52.358858632000100)",Unfall 22610 (2022) Kat:3, Licht: 0,22610,3,6,3,11,08,4,,0,0,1,0,0
"POINT (9.826144608000050 52.362370908000102)",Unfall 22632 (2022) Kat:3, Licht: 2,22632,3,3,5,12,06,5,,2,0,1,0,0
"POINT (9.646890214000051 52.397289928000099)",Unfall 22637 (2022) Kat:3, Licht: 2,22637,3,2,6,11,17,5,,2,0,1,1,0
"POINT (9.493685090000040 52.415072684999998)",Unfall 22640 (2022) Kat:3, Licht: 2,22640,3,6,2,12,19,4,,2,0,1,0,0
"POINT (9.725050357000040 52.376684863000001)",Unfall 22662 (2022) Kat:2, Licht: 2,22662,2,2,6,12,06,3,,2,0,1,1,0
"POINT (9.697207792000031 52.378204451999999)",Unfall 22730 (2022) Kat:3, Licht: 0,22730,3,6,2,12,13,5,,0,0,1,0,0
"POINT (9.629758920000031 52.208931292000003)",Unfall 22736 (2022) Kat:3, Licht: 0,22736,3,3,5,12,14,5,,0,0,1,0,0
"POINT (9.881379237000029 52.435626173000102)",Unfall 22746 (2022) Kat:3, Licht: 2,22746,3,6,2,11,06,6,,2,0,1,0,0
"POINT (9.676670927000030 52.356915220000097)",Unfall 22748 (2022) Kat:2, Licht: 0,22748,2,2,5,12,13,4,,0,1,1,0,0
"POINT (9.708814212000050 52.366044989000002)",Unfall 22771 (2022) Kat:3, Licht: 2,22771,3,2,6,12,17,1,,2,0,1,1,0
"POINT (9.976930406000060 52.372741499000000)",Unfall 22782 (2022) Kat:3, Licht: 0,22782,3,6,2,12,10,4,,0,0,1,0,0
"POINT (9.646757284000049 52.413607734999999)",Unfall 22786 (2022) Kat:3, Licht: 0,22786,3,6,2,12,14,3,,0,0,1,0,0
"POINT (9.752986608000070 52.319275554999997)",Unfall 22814 (2022) Kat:3, Licht: 2,22814,3,6,0,12,17,3,,2,1,0,0,0
"POINT (9.636897328000030 52.416978436000100)",Unfall 22820 (2022) Kat:3, Licht: 0,22820,3,6,2,12,14,6,,0,0,1,0,0
"POINT (9.480955610000020 52.503497717000101)",Unfall 22824 (2022) Kat:3, Licht: 1,22824,3,3,5,12,15,6,,1,1,1,0,0
"POINT (9.782906159000049 52.324315065000100)",Unfall 22833 (2022) Kat:3, Licht: 2,22833,3,4,6,12,19,4,,2,0,1,1,0
"POINT (9.711815531000070 52.441138846000101)",Unfall 22836 (2022) Kat:3, Licht: 0,22836,3,3,5,12,12,2,,0,0,1,0,0
"POINT (9.722767900000060 52.358645703000001)",Unfall 22846 (2022) Kat:3, Licht: 0,22846,3,7,0,11,12,7,,0,1,0,0,0
"POINT (9.767474269000051 52.339298916000097)",Unfall 22848 (2022) Kat:3, Licht: 2,22848,3,1,0,11,17,3,,2,0,0,0,1
"POINT (9.971075617000050 52.339710261000100)",Unfall 22864 (2022) Kat:3, Licht: 0,22864,3,6,2,12,12,6,,0,0,1,0,0
"POINT (9.950527162000069 52.330178748000002)",Unfall 22869 (2022) Kat:2, Licht: 0,22869,2,6,4,11,15,6,,0,0,1,0,0
"POINT (9.599102409000070 52.435411731000002)",Unfall 22886 (2022) Kat:3, Licht: 0,22886,3,6,2,11,14,2,,0,0,1,0,0
"POINT (9.736396033000061 52.438153391000100)",Unfall 22900 (2022) Kat:3, Licht: 2,22900,3,3,5,11,18,7,,2,1,1,0,0
"POINT (9.609175082000039 52.439634523000102)",Unfall 22903 (2022) Kat:3, Licht: 2,22903,3,2,6,12,20,7,,2,0,1,1,0
"POINT (9.701005402000019 52.371138403000003)",Unfall 22907 (2022) Kat:3, Licht: 2,22907,3,6,2,12,07,6,,2,0,1,0,0
"POINT (9.719540693000059 52.367493897000003)",Unfall 22908 (2022) Kat:3, Licht: 2,22908,3,2,5,11,06,5,,2,1,1,0,0
"POINT (9.827113091000060 52.343838709000103)",Unfall 22914 (2022) Kat:3, Licht: 0,22914,3,4,6,11,15,7,,0,0,1,1,0
"POINT (9.493981844000070 52.338657687000101)",Unfall 22922 (2022) Kat:3, Licht: 0,22922,3,7,0,11,10,4,,0,0,1,0,0
"POINT (9.730081824000020 52.382195148999998)",Unfall 22933 (2022) Kat:3, Licht: 0,22933,3,6,2,12,10,2,,0,0,1,0,0
"POINT (9.858412020000060 52.491735050999999)",Unfall 22957 (2022) Kat:3, Licht: 0,22957,3,3,5,11,10,7,,0,0,1,0,0
"POINT (9.691268094000071 52.332266705000102)",Unfall 22968 (2022) Kat:3, Licht: 2,22968,3,3,5,11,19,3,,2,0,1,0,0
"POINT (9.721127362000059 52.361249624999999)",Unfall 22990 (2022) Kat:3, Licht: 2,22990,3,3,5,11,16,6,,2,1,1,0,0
"POINT (9.463367256000030 52.400189517000101)",Unfall 22993 (2022) Kat:3, Licht: 0,22993,3,6,2,11,10,3,,0,0,1,0,0
"POINT (9.633739410000031 52.421941511999997)",Unfall 22996 (2022) Kat:3, Licht: 2,22996,3,6,2,11,06,4,,2,0,1,0,0
"POINT (9.455488322000059 52.374871674000097)",Unfall 22999 (2022) Kat:3, Licht: 0,22999,3,6,2,12,13,3,,0,0,1,0,0
"POINT (9.713544357000050 52.476334653999999)",Unfall 23000 (2022) Kat:3, Licht: 0,23000,3,3,5,12,13,2,,0,0,1,0,0
"POINT (9.730088371000020 52.382197408000103)",Unfall 23003 (2022) Kat:3, Licht: 0,23003,3,7,0,11,15,7,,0,1,0,0,0
"POINT (9.763142900000050 52.344418991000097)",Unfall 23028 (2022) Kat:3, Licht: 0,23028,3,2,6,11,11,6,,0,0,0,1,0
"POINT (9.977090408000040 52.373649608000100)",Unfall 23054 (2022) Kat:3, Licht: 0,23054,3,6,4,11,13,5,,0,1,0,0,0
"POINT (9.638936863000030 52.413417880000097)",Unfall 23059 (2022) Kat:3, Licht: 2,23059,3,6,2,12,07,4,,2,0,1,0,0
"POINT (9.714789469000040 52.366593529000099)",Unfall 23067 (2022) Kat:3, Licht: 2,23067,3,2,4,12,17,3,,2,1,1,0,0
"POINT (9.959703498000071 52.390276106999998)",Unfall 23071 (2022) Kat:3, Licht: 1,23071,3,7,3,12,07,5,,1,0,1,0,0
"POINT (9.740473952000061 52.607458001000097)",Unfall 23075 (2022) Kat:3, Licht: 2,23075,3,6,2,11,22,3,,2,0,1,0,0
"POINT (9.625988878000040 52.280914906000099)",Unfall 23079 (2022) Kat:3, Licht: 0,23079,3,6,2,11,10,5,,0,0,1,0,0
"POINT (9.833490786000031 52.386432890999998)",Unfall 23091 (2022) Kat:3, Licht: 0,23091,3,3,5,12,09,6,,0,1,1,0,0
"POINT (9.788080858000059 52.454753976000099)",Unfall 23098 (2022) Kat:3, Licht: 2,23098,3,3,5,12,07,4,,2,0,1,0,0
"POINT (9.694955500000050 52.380644998999998)",Unfall 23112 (2022) Kat:3, Licht: 1,23112,3,6,2,12,08,5,,1,0,1,0,0
"POINT (9.841751854000050 52.395170210000103)",Unfall 23115 (2022) Kat:3, Licht: 0,23115,3,4,6,11,12,2,,0,0,1,1,0
"POINT (9.765920055000040 52.341095932000002)",Unfall 23129 (2022) Kat:2, Licht: 1,23129,2,7,0,12,15,3,,1,0,0,0,0
"POINT (9.404061873000050 52.426171984000099)",Unfall 23136 (2022) Kat:3, Licht: 0,23136,3,7,0,12,13,5,,0,0,0,0,1
"POINT (9.572006051000070 52.285060347000098)",Unfall 23143 (2022) Kat:3, Licht: 0,23143,3,4,6,11,14,4,,0,0,1,1,0
"POINT (9.887890543000029 52.466143230999997)",Unfall 23169 (2022) Kat:3, Licht: 1,23169,3,1,1,11,16,3,,1,0,1,0,0
"POINT (9.988528114000079 52.462090873000101)",Unfall 23182 (2022) Kat:3, Licht: 0,23182,3,2,2,12,11,7,,0,0,1,0,0
"POINT (9.430039975000060 52.425915633999999)",Unfall 23201 (2022) Kat:3, Licht: 2,23201,3,4,6,12,21,5,,2,0,1,1,0
"POINT (9.710365620000060 52.406711868000102)",Unfall 23206 (2022) Kat:3, Licht: 2,23206,3,3,5,12,22,6,,2,1,1,0,0
"POINT (9.743320548000041 52.368220276000002)",Unfall 23211 (2022) Kat:3, Licht: 2,23211,3,2,5,11,16,4,,2,1,1,0,0
"POINT (9.764380929000030 52.342861685000102)",Unfall 23215 (2022) Kat:2, Licht: 2,23215,2,2,5,11,18,3,,2,0,1,0,1
"POINT (9.677589202000039 52.371667322000100)",Unfall 23220 (2022) Kat:3, Licht: 0,23220,3,7,8,11,13,1,,0,0,1,0,0
"POINT (9.457079278000039 52.505728621999999)",Unfall 23221 (2022) Kat:3, Licht: 1,23221,3,3,5,11,15,4,,1,1,1,0,0
"POINT (9.938893419000070 52.499889956000104)",Unfall 23223 (2022) Kat:3, Licht: 0,23223,3,5,0,12,09,1,,0,0,1,0,0
"POINT (9.677801784000049 52.324462652000101)",Unfall 23233 (2022) Kat:3, Licht: 2,23233,3,7,8,12,03,6,,2,0,0,0,0
"POINT (10.114322547000000 52.348429999000103)",Unfall 23265 (2022) Kat:3, Licht: 2,23265,3,3,5,12,17,5,,2,1,1,0,0
"POINT (9.743610111000070 52.368982496999998)",Unfall 23274 (2022) Kat:3, Licht: 1,23274,3,3,5,12,06,4,,1,0,1,0,0
"POINT (9.485252933000030 52.395013792999997)",Unfall 23276 (2022) Kat:3, Licht: 2,23276,3,6,3,12,16,6,,2,0,1,0,0
"POINT (9.764202907000030 52.426932884000102)",Unfall 23279 (2022) Kat:3, Licht: 2,23279,3,6,3,12,19,4,,2,0,1,0,0
"POINT (9.726359303000040 52.365794239000103)",Unfall 23281 (2022) Kat:3, Licht: 0,23281,3,6,2,12,08,2,,0,0,1,0,0
"POINT (9.632486690000061 52.446655076000098)",Unfall 23284 (2022) Kat:3, Licht: 2,23284,3,1,8,12,17,1,,2,0,1,0,0
"POINT (9.824880187000080 52.299263198000098)",Unfall 23286 (2022) Kat:3, Licht: 2,23286,3,6,2,12,18,7,,2,0,1,0,0
"POINT (9.800203849000070 52.406276035000097)",Unfall 23290 (2022) Kat:3, Licht: 2,23290,3,2,5,12,19,6,,2,1,1,0,0
"POINT (10.054769095999999 52.372830430000100)",Unfall 23291 (2022) Kat:3, Licht: 2,23291,3,7,8,12,19,5,,2,0,1,0,0
"POINT (9.735804475000069 52.399762717999998)",Unfall 23300 (2022) Kat:3, Licht: 0,23300,3,6,2,12,15,5,,0,0,1,0,1
"POINT (9.578724724000040 52.385432809000100)",Unfall 23303 (2022) Kat:3, Licht: 2,23303,3,7,7,12,22,3,,2,0,1,0,0
"POINT (9.676443961000070 52.355699748000099)",Unfall 23307 (2022) Kat:3, Licht: 0,23307,3,2,2,12,14,1,,0,0,1,0,0
"POINT (9.477135500000029 52.387413742000000)",Unfall 23324 (2022) Kat:3, Licht: 2,23324,3,6,4,11,17,2,,2,0,1,0,0
"POINT (9.450979360000080 52.329592785000003)",Unfall 23334 (2022) Kat:3, Licht: 0,23334,3,2,5,12,13,6,,0,0,1,0,0
"POINT (10.068913760999999 52.474949516999999)",Unfall 23347 (2022) Kat:2, Licht: 0,23347,2,1,0,11,09,1,,0,1,0,0,0
"POINT (9.740076952000040 52.368242006999999)",Unfall 23355 (2022) Kat:3, Licht: 2,23355,3,2,5,12,17,6,,2,1,1,0,0
"POINT (9.604751043000020 52.422547223999999)",Unfall 23377 (2022) Kat:3, Licht: 0,23377,3,6,2,12,09,6,,0,0,0,0,0
"POINT (9.892513354000069 52.494115738000097)",Unfall 23383 (2022) Kat:3, Licht: 0,23383,3,6,2,12,09,5,,0,1,1,0,0
"POINT (9.792293875000039 52.335023192000101)",Unfall 23391 (2022) Kat:3, Licht: 0,23391,3,6,2,12,14,3,,0,0,1,0,0
"POINT (9.431642355000060 52.422569152999998)",Unfall 23406 (2022) Kat:3, Licht: 2,23406,3,2,6,12,07,2,,2,0,1,1,0
"POINT (9.822845587000071 52.308826492000001)",Unfall 23415 (2022) Kat:3, Licht: 0,23415,3,6,3,12,08,5,,0,0,1,0,0
"POINT (9.610742536000030 52.297179104000101)",Unfall 23423 (2022) Kat:2, Licht: 2,23423,2,6,4,12,17,5,,2,0,1,0,0
"POINT (9.412741256000061 52.332957675999999)",Unfall 23439 (2022) Kat:3, Licht: 2,23439,3,6,2,11,18,6,,2,0,1,0,0
"POINT (9.712302463000070 52.378405632000103)",Unfall 23457 (2022) Kat:3, Licht: 2,23457,3,6,2,12,04,6,,2,0,1,0,0
"POINT (9.741389465000051 52.515894023999998)",Unfall 23475 (2022) Kat:2, Licht: 2,23475,2,1,8,12,17,7,,2,0,1,0,0
"POINT (9.881821495000050 52.356007298000101)",Unfall 23479 (2022) Kat:3, Licht: 2,23479,3,6,3,12,19,6,,2,0,1,0,0
"POINT (9.646784946000031 52.397444604000000)",Unfall 23488 (2022) Kat:3, Licht: 2,23488,3,6,2,11,06,3,,2,0,1,0,0
"POINT (9.490101989000040 52.313331876000099)",Unfall 23493 (2022) Kat:3, Licht: 1,23493,3,1,8,12,16,3,,1,0,1,0,0
"POINT (9.572924425000050 52.625687239000101)",Unfall 23500 (2022) Kat:3, Licht: 0,23500,3,3,5,12,14,7,,0,0,1,0,0
"POINT (9.792803205000039 52.371626035000098)",Unfall 23536 (2022) Kat:3, Licht: 2,23536,3,7,0,12,16,3,,2,1,0,0,0
"POINT (9.722472659000060 52.378480270000097)",Unfall 23542 (2022) Kat:3, Licht: 0,23542,3,2,3,11,14,7,,0,1,1,0,0
"POINT (9.963991197000039 52.316020186999999)",Unfall 23543 (2022) Kat:3, Licht: 2,23543,3,2,6,12,19,5,,2,0,1,1,0
"POINT (9.543760541000040 52.421021763000098)",Unfall 23544 (2022) Kat:3, Licht: 2,23544,3,1,8,12,20,7,,2,0,1,0,0
"POINT (9.923986394000050 52.294600284000097)",Unfall 23546 (2022) Kat:2, Licht: 0,23546,2,1,9,11,08,1,,0,0,1,0,0
"POINT (9.811389228000049 52.382777261999998)",Unfall 23549 (2022) Kat:3, Licht: 0,23549,3,6,2,11,10,4,,0,0,1,0,0
"POINT (9.911183522000041 52.357484571000001)",Unfall 23551 (2022) Kat:3, Licht: 2,23551,3,2,4,11,19,4,,2,0,1,0,0
"POINT (9.887281877000021 52.428890317000103)",Unfall 23563 (2022) Kat:3, Licht: 2,23563,3,7,8,11,05,6,,2,0,1,0,0
"POINT (9.797189691000030 52.347283535000003)",Unfall 23565 (2022) Kat:3, Licht: 0,23565,3,6,2,12,12,4,,0,0,1,0,0
"POINT (9.585352215000061 52.397114276000103)",Unfall 23580 (2022) Kat:3, Licht: 1,23580,3,7,8,11,18,2,,1,1,0,0,0
"POINT (9.514179435000070 52.411721905000000)",Unfall 23595 (2022) Kat:3, Licht: 0,23595,3,6,2,11,09,3,,0,0,1,0,0
"POINT (9.744562842000050 52.453339321000001)",Unfall 23605 (2022) Kat:3, Licht: 2,23605,3,3,5,11,19,2,,2,0,1,0,0
"POINT (9.781715069000031 52.363427041000101)",Unfall 23611 (2022) Kat:3, Licht: 2,23611,3,6,2,11,16,3,,2,0,1,0,0
"POINT (9.749340531000030 52.547586764000101)",Unfall 23615 (2022) Kat:3, Licht: 2,23615,3,3,5,12,16,4,,2,0,1,0,0
"POINT (9.493567696000071 52.415126810000103)",Unfall 23630 (2022) Kat:3, Licht: 0,23630,3,6,2,12,15,7,,0,0,1,0,0
"POINT (9.821232625000050 52.384652311000103)",Unfall 23636 (2022) Kat:3, Licht: 1,23636,3,4,6,11,07,2,,1,0,1,1,0
"POINT (9.496766114000019 52.311266910000001)",Unfall 23658 (2022) Kat:3, Licht: 2,23658,3,1,9,11,05,3,,2,0,1,0,0
"POINT (9.613947357000029 52.316356925000001)",Unfall 23664 (2022) Kat:3, Licht: 2,23664,3,3,5,11,17,4,,2,1,1,0,0
"POINT (9.598648027000021 52.319619924000101)",Unfall 23677 (2022) Kat:3, Licht: 0,23677,3,6,2,11,13,4,,0,0,1,0,0
"POINT (10.054128106000100 52.388184457000101)",Unfall 23685 (2022) Kat:3, Licht: 0,23685,3,6,4,12,10,2,,0,0,1,0,0
"POINT (9.611330599000039 52.392048031000101)",Unfall 23698 (2022) Kat:3, Licht: 2,23698,3,2,5,12,16,5,,2,0,1,0,0
"POINT (9.471926229000079 52.301607038000000)",Unfall 23699 (2022) Kat:3, Licht: 0,23699,3,3,5,11,10,3,,0,0,1,0,0
"POINT (9.718174411000060 52.315939812000103)",Unfall 23724 (2022) Kat:3, Licht: 0,23724,3,6,2,11,15,3,,0,0,1,0,0
"POINT (9.726382789000070 52.365822809000100)",Unfall 23735 (2022) Kat:3, Licht: 0,23735,3,6,2,12,14,5,,0,0,1,0,0
"POINT (10.201990136000100 52.463943416000099)",Unfall 23743 (2022) Kat:3, Licht: 0,23743,3,4,6,12,10,4,,0,0,0,1,0
"POINT (9.689892862000020 52.374799275000001)",Unfall 23746 (2022) Kat:3, Licht: 0,23746,3,6,2,11,14,1,,0,0,1,0,0
"POINT (9.677229978000071 52.359214855000097)",Unfall 23748 (2022) Kat:3, Licht: 2,23748,3,2,5,12,07,2,,2,1,1,0,0
"POINT (9.718644559000040 52.393562436000103)",Unfall 23757 (2022) Kat:3, Licht: 0,23757,3,7,0,12,15,5,,0,1,0,0,0
"POINT (9.587110894000030 52.586494722000097)",Unfall 23758 (2022) Kat:3, Licht: 1,23758,3,3,5,11,07,6,,1,0,1,0,0
"POINT (9.732396244000030 52.383505506000098)",Unfall 23780 (2022) Kat:2, Licht: 0,23780,2,6,2,11,12,5,,0,0,1,0,0
"POINT (10.054305379000001 52.388576383999997)",Unfall 23787 (2022) Kat:2, Licht: 0,23787,2,6,4,11,11,3,,0,0,1,0,0
"POINT (9.654205748000040 52.338486695000000)",Unfall 23791 (2022) Kat:3, Licht: 0,23791,3,7,9,11,15,1,,0,0,1,0,0
"POINT (9.813182081000040 52.324569225000097)",Unfall 23793 (2022) Kat:3, Licht: 2,23793,3,5,2,12,19,2,,2,0,1,0,0
"POINT (9.789832326000070 52.349155834000001)",Unfall 23795 (2022) Kat:3, Licht: 0,23795,3,6,3,12,14,1,,0,0,1,0,0
"POINT (9.868774422000060 52.402820899000098)",Unfall 23836 (2022) Kat:3, Licht: 2,23836,3,7,8,11,22,1,,2,0,0,0,0
"POINT (9.429995081000071 52.426127719000100)",Unfall 23841 (2022) Kat:3, Licht: 0,23841,3,6,2,12,11,6,,0,0,1,0,0
"POINT (9.652084612000071 52.474315420000003)",Unfall 23847 (2022) Kat:2, Licht: 2,23847,2,1,8,11,19,6,,2,0,1,0,0
"POINT (9.728419965000059 52.367988528000097)",Unfall 23856 (2022) Kat:3, Licht: 0,23856,3,3,5,12,10,4,,0,1,1,0,0
"POINT (9.807164363000030 52.408600431000103)",Unfall 23864 (2022) Kat:2, Licht: 0,23864,2,4,6,11,11,2,,0,0,1,1,0
"POINT (9.735164347000021 52.406178486000002)",Unfall 23892 (2022) Kat:3, Licht: 0,23892,3,7,0,11,12,7,,0,1,0,0,0
"POINT (9.729727923000040 52.368746172999998)",Unfall 23897 (2022) Kat:3, Licht: 0,23897,3,6,2,12,14,6,,0,0,1,0,1
"POINT (9.735510211000079 52.394241695000098)",Unfall 23898 (2022) Kat:3, Licht: 0,23898,3,5,1,12,14,6,,0,1,1,1,0
"POINT (9.890068747000040 52.423019598000103)",Unfall 23907 (2022) Kat:3, Licht: 2,23907,3,6,2,11,17,3,,2,0,1,0,0
"POINT (9.445848773000019 52.385575758000101)",Unfall 23929 (2022) Kat:3, Licht: 0,23929,3,1,4,11,14,5,,0,0,1,0,0
"POINT (9.452553400000060 52.412666895000001)",Unfall 23933 (2022) Kat:3, Licht: 2,23933,3,3,5,12,17,4,,2,1,0,0,0
"POINT (9.854233988000029 52.359085049999997)",Unfall 23934 (2022) Kat:3, Licht: 2,23934,3,7,6,12,06,3,,2,0,1,1,0
"POINT (9.704228337000069 52.430323725000100)",Unfall 23935 (2022) Kat:3, Licht: 0,23935,3,6,2,12,16,2,,0,0,0,0,0
"POINT (9.632349898000029 52.411289815000004)",Unfall 23952 (2022) Kat:3, Licht: 2,23952,3,3,5,11,22,3,,2,0,1,0,0