WKT,Name,OBJECTID,UKATEGORIE,UTYP1,UART,UMONAT,USTUNDE,UWOCHENTAG,STRZUSTAND,ULICHTVERH,ISTRAD,ISTPKW,ISTFUSS,ISTKRAD
"POINT (9.740413824000029 52.383270224000100)",Unfall 161926 (2022) Kat:3, Licht: 1,161926,3,2,2,09,18,3,,1,0,1,0,0
"POINT (9.685656949000080 52.392986387000100)",Unfall 161928 (2022) Kat:3, Licht: 0,161928,3,1,0,10,16,7,,0,0,0,0,1
"POINT (9.745057106000051 52.420065880999999)",Unfall 161937 (2022) Kat:3, Licht: 0,161937,3,5,1,09,18,6,,0,0,1,0,0
"POINT (9.800992650000071 52.403480538000103)",Unfall 161939 (2022) Kat:3, Licht: 0,161939,3,6,4,09,11,5,,0,1,0,0,0
"POINT (10.096808016000100 52.392390677999998)",Unfall 161943 (2022) Kat:3, Licht: 0,161943,3,5,1,09,12,5,,0,0,1,0,1
"POINT (9.693703726000020 52.400981780000102)",Unfall 161944 (2022) Kat:3, Licht: 0,161944,3,3,5,09,08,4,,0,1,1,0,0
"POINT (9.748921657000039 52.431895212000001)",Unfall 161946 (2022) Kat:3, Licht: 0,161946,3,3,0,09,11,1,,0,0,1,0,1
"POINT (9.669864108000070 52.370561656000099)",Unfall 161965 (2022) Kat:2, Licht: 0,161965,2,7,0,09,17,1,,0,1,0,0,0
"POINT (9.700499060000030 52.371880789999999)",Unfall 161966 (2022) Kat:3, Licht: 1,161966,3,7,7,09,16,5,,1,1,0,0,0
"POINT (9.612422599000070 52.446785846000097)",Unfall 161968 (2022) Kat:3, Licht: 0,161968,3,3,5,09,17,2,,0,1,1,0,0
"POINT (9.732320549000059 52.432265833000002)",Unfall 161980 (2022) Kat:3, Licht: 2,161980,3,6,2,09,22,6,,2,0,1,0,0
"POINT (10.007433756000101 52.435453449000100)",Unfall 161983 (2022) Kat:2, Licht: 2,161983,2,3,5,09,06,3,,2,1,1,0,0
"POINT (9.737575435000050 52.399121268999998)",Unfall 161991 (2022) Kat:3, Licht: 0,161991,3,2,5,09,13,4,,0,1,1,0,0
"POINT (9.704556642000060 52.404967657999997)",Unfall 161993 (2022) Kat:3, Licht: 0,161993,3,5,1,09,17,7,,0,0,1,0,0
"POINT (9.652395957000071 52.414839651000101)",Unfall 162009 (2022) Kat:2, Licht: 2,162009,2,3,5,09,06,6,,2,0,1,0,1
"POINT (9.535042775000020 52.209000852000003)",Unfall 162010 (2022) Kat:3, Licht: 0,162010,3,5,0,10,18,2,,0,1,0,0,0
"POINT (9.605258501000041 52.437919983000000)",Unfall 162011 (2022) Kat:3, Licht: 1,162011,3,2,5,09,18,5,,1,1,1,0,0
"POINT (9.781364692000070 52.410210386000102)",Unfall 162014 (2022) Kat:3, Licht: 0,162014,3,2,3,09,07,2,,0,1,1,0,0
"POINT (9.808702111000059 52.298648952000100)",Unfall 162028 (2022) Kat:3, Licht: 1,162028,3,7,9,09,06,1,,1,0,0,0,0
"POINT (9.736554445000021 52.447860071999997)",Unfall 162031 (2022) Kat:3, Licht: 0,162031,3,6,2,09,08,4,,0,1,0,0,0
"POINT (9.739353736000060 52.394399258000099)",Unfall 162041 (2022) Kat:3, Licht: 0,162041,3,4,6,09,16,5,,0,1,0,1,0
"POINT (9.721874893000059 52.431853034000000)",Unfall 162057 (2022) Kat:3, Licht: 0,162057,3,6,2,09,16,2,,0,0,1,0,0
"POINT (9.718219191000060 52.360421703999997)",Unfall 162059 (2022) Kat:3, Licht: 0,162059,3,5,1,09,09,2,,0,1,1,0,0
"POINT (9.859782726000050 52.492241674000098)",Unfall 162062 (2022) Kat:3, Licht: 0,162062,3,3,5,09,14,4,,0,1,1,0,0
"POINT (9.532643731000061 52.201952339000101)",Unfall 162071 (2022) Kat:1, Licht: 2,162071,1,1,8,09,21,1,,2,0,1,0,0
"POINT (9.549347100000031 52.208222713000097)",Unfall 162089 (2022) Kat:3, Licht: 0,162089,3,3,5,10,09,7,,0,1,1,0,0
"POINT (9.674345109000059 52.399520785000000)",Unfall 162090 (2022) Kat:3, Licht: 0,162090,3,3,5,10,16,4,,0,0,1,0,0
"POINT (9.569210621000019 52.272637093000100)",Unfall 162098 (2022) Kat:3, Licht: 0,162098,3,3,5,09,11,5,,0,1,1,0,0
"POINT (9.698707303000051 52.368583997000002)",Unfall 162102 (2022) Kat:3, Licht: 0,162102,3,3,5,09,14,6,,0,1,1,0,0
"POINT (9.702046387000051 52.334034312000000)",Unfall 162104 (2022) Kat:3, Licht: 0,162104,3,3,5,09,08,3,,0,1,1,0,0
"POINT (9.798375331000051 52.334503805000097)",Unfall 162105 (2022) Kat:3, Licht: 2,162105,3,6,2,09,21,2,,2,0,1,0,0
"POINT (9.692261128000039 52.344366810000103)",Unfall 162107 (2022) Kat:3, Licht: 0,162107,3,4,6,10,14,1,,0,0,1,1,0
"POINT (9.721641541000050 52.350354643999999)",Unfall 162108 (2022) Kat:2, Licht: 0,162108,2,4,6,09,17,4,,0,0,1,1,0
"POINT (9.426488010000069 52.426511662000102)",Unfall 162110 (2022) Kat:3, Licht: 0,162110,3,7,0,09,15,5,,0,0,1,1,0
"POINT (9.673762537000069 52.415735253000001)",Unfall 162116 (2022) Kat:3, Licht: 0,162116,3,3,5,09,15,7,,0,1,1,0,0
"POINT (9.588072669000040 52.417275588999999)",Unfall 162142 (2022) Kat:3, Licht: 0,162142,3,2,3,10,17,4,,0,0,1,0,0
"POINT (9.738764870000070 52.377084316999998)",Unfall 162153 (2022) Kat:3, Licht: 0,162153,3,6,0,09,11,4,,0,1,0,0,0
"POINT (9.732623776000031 52.371534251000099)",Unfall 162154 (2022) Kat:3, Licht: 0,162154,3,2,3,09,16,3,,0,1,0,0,0
"POINT (9.696922206000069 52.461552875999999)",Unfall 162156 (2022) Kat:3, Licht: 2,162156,3,3,5,09,21,1,,2,0,1,0,0
"POINT (9.687542959000041 52.341295809000002)",Unfall 162159 (2022) Kat:3, Licht: 0,162159,3,3,5,09,07,6,,0,1,1,0,0
"POINT (9.723496900000040 52.348555740000101)",Unfall 162163 (2022) Kat:3, Licht: 0,162163,3,1,0,09,16,5,,0,1,0,0,0
"POINT (9.824024140000059 52.384073661000102)",Unfall 162176 (2022) Kat:3, Licht: 0,162176,3,6,2,09,17,5,,0,1,1,0,0
"POINT (9.835408898000029 52.382352648000101)",Unfall 162205 (2022) Kat:3, Licht: 0,162205,3,3,5,09,08,7,,0,1,1,0,0
"POINT (9.752842405000020 52.370110571000097)",Unfall 162207 (2022) Kat:3, Licht: 0,162207,3,2,3,09,16,6,,0,1,1,0,0
"POINT (9.803167113000031 52.396508985000096)",Unfall 162208 (2022) Kat:3, Licht: 0,162208,3,3,5,09,08,5,,0,1,1,0,0
"POINT (9.709266285000069 52.360314748000100)",Unfall 162210 (2022) Kat:3, Licht: 2,162210,3,2,4,09,20,4,,2,1,1,0,0
"POINT (9.971180190000039 52.385310750000002)",Unfall 162216 (2022) Kat:3, Licht: 0,162216,3,6,3,09,18,4,,0,1,1,0,0
"POINT (9.828894839000039 52.284738019000002)",Unfall 162219 (2022) Kat:3, Licht: 0,162219,3,7,0,09,07,2,,0,1,0,0,0
"POINT (9.719607198000061 52.362009269000097)",Unfall 162227 (2022) Kat:3, Licht: 0,162227,3,3,5,09,07,2,,0,0,1,0,0
"POINT (9.592022587000031 52.415693961999999)",Unfall 162239 (2022) Kat:3, Licht: 0,162239,3,6,2,09,15,5,,0,0,1,0,0
"POINT (9.736781293000041 52.376924092000102)",Unfall 162240 (2022) Kat:2, Licht: 0,162240,2,2,0,09,10,4,,0,1,1,0,0
"POINT (9.756435087000060 52.341662944000099)",Unfall 162247 (2022) Kat:3, Licht: 2,162247,3,6,2,10,23,4,,2,0,1,0,0
"POINT (9.756443351000030 52.341579832000001)",Unfall 162263 (2022) Kat:3, Licht: 2,162263,3,1,7,09,20,3,,2,0,1,0,0
"POINT (9.775639821000031 52.268988804000102)",Unfall 162277 (2022) Kat:3, Licht: 0,162277,3,6,2,09,08,5,,0,0,1,0,0
"POINT (9.742783069000041 52.388137323000102)",Unfall 162286 (2022) Kat:3, Licht: 0,162286,3,1,0,09,12,4,,0,1,0,0,0
"POINT (9.819825878000071 52.357601166000102)",Unfall 162288 (2022) Kat:3, Licht: 1,162288,3,3,5,09,06,3,,1,1,0,0,1
"POINT (9.730298603000049 52.440651128000098)",Unfall 162299 (2022) Kat:3, Licht: 0,162299,3,2,5,10,16,2,,0,1,1,0,0
"POINT (9.754691924000040 52.433129893000100)",Unfall 162300 (2022) Kat:3, Licht: 0,162300,3,2,4,09,14,5,,0,1,1,0,0
"POINT (9.840498446000030 52.341479704999998)",Unfall 162304 (2022) Kat:3, Licht: 0,162304,3,3,5,09,16,6,,0,1,1,0,0
"POINT (9.752115972000070 52.377994774999998)",Unfall 162306 (2022) Kat:3, Licht: 0,162306,3,3,5,09,08,3,,0,1,1,0,0
"POINT (9.743846687000030 52.323152200999999)",Unfall 162307 (2022) Kat:3, Licht: 0,162307,3,7,0,09,13,2,,0,1,0,0,0
"POINT (9.744798382000059 52.389213865000002)",Unfall 162310 (2022) Kat:3, Licht: 0,162310,3,4,0,09,07,4,,0,1,0,1,0
"POINT (9.750530807000080 52.375293118000101)",Unfall 162312 (2022) Kat:3, Licht: 0,162312,3,3,5,09,15,5,,0,1,1,0,0
"POINT (9.731685743000069 52.364863006000100)",Unfall 162316 (2022) Kat:3, Licht: 0,162316,3,6,3,09,13,5,,0,1,0,1,0
"POINT (9.666098391000050 52.353498393999999)",Unfall 162320 (2022) Kat:3, Licht: 2,162320,3,7,8,09,21,3,,2,1,0,0,0
"POINT (9.734813400000061 52.380363807000002)",Unfall 162321 (2022) Kat:3, Licht: 2,162321,3,2,4,09,21,2,,2,1,1,0,0
"POINT (9.769341582000040 52.331850212000099)",Unfall 162323 (2022) Kat:3, Licht: 0,162323,3,1,1,10,15,1,,0,0,1,0,0
"POINT (9.751491808000029 52.270907905000101)",Unfall 162324 (2022) Kat:3, Licht: 1,162324,3,7,0,09,06,4,,1,0,1,0,0
"POINT (9.804882499000030 52.409959291000099)",Unfall 162327 (2022) Kat:3, Licht: 0,162327,3,3,5,09,13,7,,0,1,1,0,0
"POINT (9.758299905000060 52.373147928000002)",Unfall 162332 (2022) Kat:3, Licht: 2,162332,3,7,0,09,23,7,,2,1,0,0,0
"POINT (9.810059756000040 52.297339438999998)",Unfall 162333 (2022) Kat:3, Licht: 0,162333,3,1,0,09,10,7,,0,1,0,0,0
"POINT (9.719457843000040 52.390623163999997)",Unfall 162339 (2022) Kat:3, Licht: 0,162339,3,3,5,09,12,3,,0,0,1,0,0
"POINT (9.740574812000030 52.398720404000102)",Unfall 162340 (2022) Kat:3, Licht: 2,162340,3,2,2,10,19,7,,2,0,1,0,0
"POINT (9.758540372000031 52.451289298000098)",Unfall 162342 (2022) Kat:3, Licht: 0,162342,3,2,5,10,14,4,,0,1,1,0,0
"POINT (9.965764776000070 52.368390761999997)",Unfall 162345 (2022) Kat:3, Licht: 0,162345,3,6,1,09,15,5,,0,0,1,0,0
"POINT (9.702103938000050 52.398885249999999)",Unfall 162347 (2022) Kat:3, Licht: 2,162347,3,1,0,10,22,4,,2,1,0,0,0
"POINT (9.719746709000050 52.367133881000001)",Unfall 162359 (2022) Kat:3, Licht: 0,162359,3,7,0,09,08,3,,0,1,0,0,0
"POINT (9.726788712000030 52.403050723000000)",Unfall 162363 (2022) Kat:3, Licht: 1,162363,3,1,0,09,18,4,,1,1,0,0,0
"POINT (10.004116729000000 52.445862650999999)",Unfall 162365 (2022) Kat:3, Licht: 0,162365,3,3,0,09,12,5,,0,1,1,0,0
"POINT (9.752500231000059 52.377270142000000)",Unfall 162375 (2022) Kat:3, Licht: 0,162375,3,3,5,09,08,3,,0,1,0,0,0
"POINT (9.741874810000070 52.373551546000002)",Unfall 162376 (2022) Kat:3, Licht: 0,162376,3,6,3,09,13,2,,0,1,1,0,0
"POINT (9.752246978000070 52.410941661999999)",Unfall 162380 (2022) Kat:3, Licht: 0,162380,3,3,0,09,08,5,,0,0,1,0,1
"POINT (9.725569588000040 52.397946408999999)",Unfall 162382 (2022) Kat:3, Licht: 0,162382,3,2,4,09,14,2,,0,1,1,0,0
"POINT (9.716088371000071 52.362325332000097)",Unfall 162393 (2022) Kat:3, Licht: 0,162393,3,2,2,09,07,5,,0,0,1,0,1
"POINT (9.754094171000080 52.360085298999998)",Unfall 162394 (2022) Kat:3, Licht: 0,162394,3,4,6,09,08,6,,0,1,1,1,0
"POINT (9.692735830000061 52.365127544000103)",Unfall 162395 (2022) Kat:3, Licht: 0,162395,3,3,5,09,07,5,,0,0,1,0,0
"POINT (9.728946349000070 52.378042807000000)",Unfall 162399 (2022) Kat:3, Licht: 0,162399,3,6,2,09,15,2,,0,0,1,0,0
"POINT (9.713317854000019 52.361015584000000)",Unfall 162400 (2022) Kat:2, Licht: 0,162400,2,6,3,10,10,3,,0,0,1,0,0
"POINT (9.702429898000050 52.375015989000097)",Unfall 162406 (2022) Kat:3, Licht: 2,162406,3,2,5,09,21,5,,2,1,1,0,0
"POINT (9.812863238000030 52.386145341000002)",Unfall 162407 (2022) Kat:3, Licht: 0,162407,3,3,5,09,12,4,,0,0,1,0,0
"POINT (9.731178068000080 52.378704310000003)",Unfall 162411 (2022) Kat:3, Licht: 2,162411,3,6,2,10,02,2,,2,0,1,0,0
"POINT (9.737556409000041 52.401552896000098)",Unfall 162422 (2022) Kat:3, Licht: 0,162422,3,3,5,09,14,6,,0,0,1,0,0
"POINT (9.814011791000040 52.331899431000103)",Unfall 162425 (2022) Kat:3, Licht: 0,162425,3,2,0,09,13,3,,0,0,0,0,1
"POINT (9.742896867000070 52.384432615000001)",Unfall 162427 (2022) Kat:3, Licht: 0,162427,3,2,4,09,13,6,,0,1,1,0,0
"POINT (9.737841219000069 52.382028196000100)",Unfall 162429 (2022) Kat:3, Licht: 0,162429,3,7,0,09,18,5,,0,0,0,0,0
"POINT (9.699157072000050 52.368670416999997)",Unfall 162441 (2022) Kat:3, Licht: 0,162441,3,3,5,09,16,5,,0,1,1,0,0
"POINT (9.673577625000060 52.397862504999999)",Unfall 162447 (2022) Kat:3, Licht: 0,162447,3,3,5,09,17,1,,0,0,1,0,0
"POINT (9.739755032000060 52.376984903000100)",Unfall 162451 (2022) Kat:3, Licht: 2,162451,3,7,0,09,23,6,,2,1,0,0,0
"POINT (9.728801877000020 52.426722294999998)",Unfall 162455 (2022) Kat:3, Licht: 0,162455,3,1,0,09,18,3,,0,0,0,0,0
"POINT (9.741688459000040 52.372200208999999)",Unfall 162456 (2022) Kat:3, Licht: 0,162456,3,4,0,09,17,7,,0,1,0,1,0
"POINT (9.465484212000041 52.305589170000097)",Unfall 162462 (2022) Kat:3, Licht: 0,162462,3,3,5,09,09,3,,0,1,1,0,0
"POINT (9.787168088000040 52.412439038999999)",Unfall 162476 (2022) Kat:3, Licht: 2,162476,3,3,5,09,20,2,,2,1,1,0,0
"POINT (9.740751161000050 52.398700699000102)",Unfall 162490 (2022) Kat:2, Licht: 0,162490,2,3,5,09,08,4,,0,1,1,0,0
"POINT (9.751152515000060 52.387375264000099)",Unfall 162493 (2022) Kat:3, Licht: 0,162493,3,6,0,09,15,3,,0,1,0,0,0
"POINT (9.733237251000050 52.376714053999997)",Unfall 162511 (2022) Kat:3, Licht: 2,162511,3,6,2,09,20,6,,2,0,1,0,0
"POINT (9.731558345000050 52.438715717000001)",Unfall 162516 (2022) Kat:3, Licht: 1,162516,3,3,5,10,18,3,,1,1,1,0,0
"POINT (9.699338668000051 52.415922584000000)",Unfall 162517 (2022) Kat:3, Licht: 0,162517,3,2,0,09,15,5,,0,1,1,0,0
"POINT (9.757421895000050 52.374420121000099)",Unfall 162523 (2022) Kat:3, Licht: 0,162523,3,1,0,09,07,3,,0,1,1,0,0
"POINT (9.781022341000041 52.399997621000097)",Unfall 162525 (2022) Kat:3, Licht: 2,162525,3,2,5,09,21,1,,2,0,1,0,0
"POINT (9.456708826000069 52.413234080000102)",Unfall 162526 (2022) Kat:3, Licht: 0,162526,3,3,5,10,15,1,,0,0,1,0,0
"POINT (10.003643813000100 52.445233471000101)",Unfall 162527 (2022) Kat:3, Licht: 0,162527,3,3,5,09,13,4,,0,1,1,0,0
"POINT (9.744227095000040 52.377436580000101)",Unfall 162529 (2022) Kat:3, Licht: 0,162529,3,7,0,09,14,5,,0,1,0,0,0
"POINT (9.549344703000029 52.208225234000103)",Unfall 162543 (2022) Kat:3, Licht: 0,162543,3,3,5,10,17,4,,0,1,0,0,0
"POINT (9.770750973000080 52.384060637000097)",Unfall 162550 (2022) Kat:3, Licht: 2,162550,3,7,0,09,05,1,,2,0,0,0,0
"POINT (9.807593930000049 52.309451451000001)",Unfall 162554 (2022) Kat:3, Licht: 0,162554,3,2,4,09,12,5,,0,0,1,0,1
"POINT (9.736562441000050 52.371256492000001)",Unfall 162561 (2022) Kat:3, Licht: 2,162561,3,2,2,09,20,7,,2,0,1,0,0
"POINT (9.756584565000029 52.340725096000000)",Unfall 162565 (2022) Kat:3, Licht: 0,162565,3,2,5,09,12,6,,0,1,1,0,0
"POINT (9.749008463000051 52.439789388000101)",Unfall 162567 (2022) Kat:3, Licht: 1,162567,3,4,0,09,08,5,,1,0,1,1,0
"POINT (9.682564882000070 52.433679900000101)",Unfall 162574 (2022) Kat:3, Licht: 0,162574,3,7,4,09,13,2,,0,0,1,0,0
"POINT (9.756430070000020 52.342733490999997)",Unfall 162576 (2022) Kat:3, Licht: 0,162576,3,3,5,10,14,1,,0,1,1,0,0
"POINT (9.435748082000030 52.426203010999998)",Unfall 162578 (2022) Kat:3, Licht: 0,162578,3,7,7,09,16,6,,0,1,0,0,0
"POINT (9.461257053000050 52.510222216999999)",Unfall 162581 (2022) Kat:3, Licht: 0,162581,3,6,4,09,07,5,,0,0,1,0,1
"POINT (9.641746754000049 52.416163018000098)",Unfall 162582 (2022) Kat:3, Licht: 0,162582,3,4,6,09,14,3,,0,0,1,1,0
"POINT (9.780750209000081 52.328501303000102)",Unfall 162583 (2022) Kat:3, Licht: 0,162583,3,2,5,09,07,2,,0,1,1,0,0
"POINT (9.821385891000030 52.341675490000100)",Unfall 162588 (2022) Kat:3, Licht: 2,162588,3,7,0,09,05,4,,2,1,0,0,0
"POINT (9.820128469000050 52.284682932000102)",Unfall 162591 (2022) Kat:2, Licht: 0,162591,2,1,0,10,17,7,,0,1,0,0,0
"POINT (9.671122531000041 52.402710497000001)",Unfall 162603 (2022) Kat:3, Licht: 2,162603,3,3,5,09,21,6,,2,1,1,0,0
"POINT (10.012555515000001 52.447514972000100)",Unfall 162606 (2022) Kat:2, Licht: 0,162606,2,2,5,09,18,4,,0,1,1,0,0
"POINT (9.727750615000049 52.373966295999999)",Unfall 162610 (2022) Kat:3, Licht: 2,162610,3,6,2,10,21,1,,2,0,1,0,0
"POINT (9.739106651000039 52.391902842000000)",Unfall 162618 (2022) Kat:3, Licht: 0,162618,3,6,0,10,08,4,,0,0,1,0,0
"POINT (9.733979022000030 52.456112701999999)",Unfall 162637 (2022) Kat:3, Licht: 1,162637,3,3,5,10,18,5,,1,0,0,0,1
"POINT (9.756539431000020 52.340075517999999)",Unfall 162638 (2022) Kat:3, Licht: 0,162638,3,2,5,11,13,4,,0,1,1,0,0
"POINT (9.683106825000040 52.346616577000098)",Unfall 162643 (2022) Kat:3, Licht: 2,162643,3,5,1,10,20,7,,2,1,1,0,0
"POINT (9.585523727000069 52.435171224999998)",Unfall 162647 (2022) Kat:3, Licht: 0,162647,3,2,2,10,15,6,,0,0,1,0,0
"POINT (9.756557639000050 52.420401261000102)",Unfall 162653 (2022) Kat:3, Licht: 0,162653,3,3,0,11,15,6,,0,1,1,0,0
"POINT (9.789919661000059 52.376117260999997)",Unfall 162655 (2022) Kat:3, Licht: 1,162655,3,7,0,10,06,3,,1,1,0,0,0
"POINT (9.700661281000070 52.387452503000098)",Unfall 162673 (2022) Kat:3, Licht: 2,162673,3,7,8,11,17,7,,2,0,0,0,0
"POINT (9.719746329000030 52.367240792000104)",Unfall 162674 (2022) Kat:3, Licht: 0,162674,3,4,6,10,13,6,,0,0,1,1,0
"POINT (9.744760942000029 52.420058782000098)",Unfall 162679 (2022) Kat:3, Licht: 0,162679,3,5,4,10,13,3,,0,0,1,0,0
"POINT (9.672236289000070 52.354123886000103)",Unfall 162692 (2022) Kat:3, Licht: 0,162692,3,3,0,10,09,3,,0,1,1,0,0
"POINT (10.014293952999999 52.443807302000003)",Unfall 162697 (2022) Kat:3, Licht: 2,162697,3,2,3,10,18,5,,2,1,1,0,0
"POINT (9.595245713000050 52.411087487000003)",Unfall 162709 (2022) Kat:3, Licht: 0,162709,3,5,1,10,14,1,,0,1,1,0,0
"POINT (9.733832598000051 52.394776305999997)",Unfall 162710 (2022) Kat:3, Licht: 1,162710,3,2,5,10,07,5,,1,0,1,0,1
"POINT (9.757265615000049 52.366051640000101)",Unfall 162723 (2022) Kat:3, Licht: 0,162723,3,3,5,10,15,6,,0,1,1,0,0
"POINT (9.787076207000039 52.410246966000003)",Unfall 162725 (2022) Kat:3, Licht: 0,162725,3,3,5,10,08,5,,0,1,1,0,0
"POINT (9.606175175000031 52.419871194999999)",Unfall 162730 (2022) Kat:3, Licht: 0,162730,3,7,0,10,14,3,,0,0,1,0,0
"POINT (9.746224445000051 52.452810233999998)",Unfall 162735 (2022) Kat:3, Licht: 2,162735,3,7,0,10,20,6,,2,1,0,0,0
"POINT (9.761542739000051 52.342212823000096)",Unfall 162736 (2022) Kat:3, Licht: 2,162736,3,6,3,10,18,2,,2,0,1,0,0
"POINT (9.616919770000040 52.426799664000001)",Unfall 162745 (2022) Kat:3, Licht: 1,162745,3,3,5,11,16,6,,1,0,1,0,0
"POINT (9.724970479000040 52.344246858000098)",Unfall 162746 (2022) Kat:3, Licht: 0,162746,3,4,6,11,15,3,,0,0,1,1,0
"POINT (9.721382818000050 52.379248608000097)",Unfall 162750 (2022) Kat:3, Licht: 2,162750,3,2,4,10,18,2,,2,1,1,0,0
"POINT (9.728177443000050 52.340663964999997)",Unfall 162754 (2022) Kat:3, Licht: 0,162754,3,3,5,11,14,5,,0,1,1,0,0
"POINT (9.764195463000020 52.381228471999997)",Unfall 162764 (2022) Kat:3, Licht: 0,162764,3,7,0,10,17,3,,0,1,0,0,0
"POINT (9.808322567000060 52.385810295000098)",Unfall 162765 (2022) Kat:3, Licht: 2,162765,3,6,2,10,20,1,,2,0,1,0,0
"POINT (9.791790372000040 52.402371201000101)",Unfall 162773 (2022) Kat:3, Licht: 0,162773,3,1,0,10,12,6,,0,1,0,0,0
"POINT (9.756819791000050 52.367677957000097)",Unfall 162776 (2022) Kat:3, Licht: 0,162776,3,3,5,10,15,1,,0,1,1,0,0
"POINT (9.777603861000051 52.331843951000103)",Unfall 162781 (2022) Kat:3, Licht: 2,162781,3,3,5,10,19,6,,2,0,1,0,0
"POINT (9.747889718000071 52.395240330000000)",Unfall 162795 (2022) Kat:3, Licht: 0,162795,3,3,5,10,13,5,,0,1,1,0,0
"POINT (9.691325775000051 52.409784235000103)",Unfall 162797 (2022) Kat:3, Licht: 0,162797,3,5,1,10,10,7,,0,1,1,0,0
"POINT (9.548238612000031 52.458137807000099)",Unfall 162798 (2022) Kat:3, Licht: 0,162798,3,1,6,10,15,7,,0,0,0,1,1
"POINT (9.762774164000060 52.409948557000099)",Unfall 162804 (2022) Kat:3, Licht: 0,162804,3,6,2,11,12,7,,0,0,1,0,0
"POINT (9.820996694000030 52.419158752999998)",Unfall 162807 (2022) Kat:3, Licht: 0,162807,3,3,5,10,10,7,,0,1,0,0,0
"POINT (9.686917909000041 52.377087574000001)",Unfall 162824 (2022) Kat:3, Licht: 1,162824,3,7,0,10,17,3,,1,1,0,0,0
"POINT (9.431466233000039 52.418000714000101)",Unfall 162833 (2022) Kat:3, Licht: 0,162833,3,3,5,11,07,3,,0,0,1,0,0
"POINT (9.783678429000080 52.398354425999997)",Unfall 162838 (2022) Kat:3, Licht: 0,162838,3,5,3,10,13,6,,0,0,1,0,0
"POINT (9.758905817000031 52.364750547000000)",Unfall 162849 (2022) Kat:3, Licht: 0,162849,3,2,6,11,13,7,,0,1,0,1,0
"POINT (9.824757571000021 52.360553350000004)",Unfall 162852 (2022) Kat:3, Licht: 2,162852,3,5,1,10,19,4,,2,0,1,0,0
"POINT (9.710846905000039 52.373207772000100)",Unfall 162867 (2022) Kat:3, Licht: 0,162867,3,3,5,11,09,5,,0,0,1,0,0
"POINT (9.724158642000081 52.346606479000101)",Unfall 162876 (2022) Kat:3, Licht: 1,162876,3,5,3,11,18,3,,1,1,1,0,0
"POINT (9.973771758000050 52.373334632000102)",Unfall 162880 (2022) Kat:3, Licht: 0,162880,3,3,5,10,12,6,,0,1,0,0,0
"POINT (9.717958679000050 52.381313145000000)",Unfall 162881 (2022) Kat:1, Licht: 0,162881,1,6,4,11,14,6,,0,1,0,0,0
"POINT (9.755691267000030 52.374164769000103)",Unfall 162895 (2022) Kat:2, Licht: 0,162895,2,4,6,10,08,4,,0,1,0,1,0
"POINT (9.713872398000030 52.342241702000102)",Unfall 162897 (2022) Kat:2, Licht: 0,162897,2,1,0,10,16,7,,0,1,0,0,0
"POINT (9.780097315000029 52.399751636000097)",Unfall 162900 (2022) Kat:3, Licht: 2,162900,3,2,5,10,06,6,,2,0,1,0,0
"POINT (9.708341598000059 52.394430145999998)",Unfall 162902 (2022) Kat:3, Licht: 1,162902,3,7,0,10,07,4,,1,1,0,0,0
"POINT (9.726490953000051 52.394714821000001)",Unfall 162914 (2022) Kat:3, Licht: 1,162914,3,3,5,10,20,2,,1,1,1,0,0
"POINT (9.704319442000040 52.369658183000098)",Unfall 162921 (2022) Kat:3, Licht: 1,162921,3,3,5,10,16,7,,1,0,1,0,0
"POINT (9.781911455000060 52.328916236000097)",Unfall 162925 (2022) Kat:3, Licht: 1,162925,3,4,6,11,16,5,,1,1,0,1,0
"POINT (9.623962729000031 52.425615814000103)",Unfall 162930 (2022) Kat:3, Licht: 0,162930,3,1,0,10,14,2,,0,1,0,0,0
"POINT (9.775027461000040 52.369054743000000)",Unfall 162934 (2022) Kat:3, Licht: 2,162934,3,1,0,11,19,4,,2,1,0,0,0
"POINT (9.684621064000050 52.393382086000003)",Unfall 162935 (2022) Kat:3, Licht: 0,162935,3,7,0,11,09,7,,0,1,1,0,0
"POINT (9.455240203000070 52.300947115000000)",Unfall 162936 (2022) Kat:3, Licht: 0,162936,3,7,8,10,11,6,,0,0,0,0,0
"POINT (9.792488958000041 52.396997556000002)",Unfall 162946 (2022) Kat:3, Licht: 0,162946,3,2,5,10,13,4,,0,1,1,0,0
"POINT (9.748989725000060 52.378554435000098)",Unfall 162949 (2022) Kat:3, Licht: 0,162949,3,7,0,11,15,7,,0,1,0,1,0
"POINT (9.732714956000050 52.441873438000101)",Unfall 162952 (2022) Kat:3, Licht: 0,162952,3,1,0,10,17,1,,0,0,0,0,0
"POINT (9.717197375000071 52.345033912000098)",Unfall 162959 (2022) Kat:3, Licht: 0,162959,3,3,5,11,10,6,,0,1,1,0,0