WKT,Name,OBJECTID,UKATEGORIE,UTYP1,UART,UMONAT,USTUNDE,UWOCHENTAG,STRZUSTAND,ULICHTVERH,ISTRAD,ISTPKW,ISTFUSS,ISTKRAD
"POINT (10.117548643000021 52.363557966000030)",Unfall 562 (2023) Kat:3, Licht: 1,562,3,7,2,04,06,5,,1,0,1,0,0
"POINT (9.668893851000064 52.358120013000075)",Unfall 563 (2023) Kat:3, Licht: 1,563,3,3,5,05,05,6,,1,1,1,0,0
"POINT (9.776636315000076 52.332859066000026)",Unfall 564 (2023) Kat:3, Licht: 2,564,3,3,5,04,20,4,,2,1,1,0,0
"POINT (9.459930209000049 52.306963039000038)",Unfall 565 (2023) Kat:3, Licht: 0,565,3,3,5,04,11,4,,0,0,1,0,0
"POINT (9.732124825000028 52.427983508000068)",Unfall 566 (2023) Kat:3, Licht: 0,566,3,6,2,04,14,4,,0,0,1,0,0
"POINT (9.822946494000064 52.407849265000038)",Unfall 567 (2023) Kat:3, Licht: 0,567,3,6,2,04,07,4,,0,0,0,0,0
"POINT (9.881026678000069 52.300928472000066)",Unfall 568 (2023) Kat:2, Licht: 0,568,2,7,8,04,18,6,,0,0,1,0,0
"POINT (9.734565989000032 52.411519831000078)",Unfall 569 (2023) Kat:3, Licht: 0,569,3,6,2,04,17,3,,0,0,1,0,0
"POINT (9.380942565000055 52.417882512000062)",Unfall 570 (2023) Kat:3, Licht: 2,570,3,3,5,04,22,3,,2,0,1,0,0
"POINT (9.463171730000056 52.513215335000041)",Unfall 571 (2023) Kat:3, Licht: 0,571,3,6,2,04,07,3,,0,0,1,0,0
"POINT (9.990446551000048 52.368660102000035)",Unfall 572 (2023) Kat:3, Licht: 2,572,3,2,4,04,04,3,,2,0,1,0,0
"POINT (9.891490669000063 52.398038102000044)",Unfall 573 (2023) Kat:3, Licht: 0,573,3,6,2,04,11,3,,0,0,1,0,0
"POINT (9.582543694000037 52.460453256000051)",Unfall 574 (2023) Kat:3, Licht: 0,574,3,3,5,05,17,4,,0,0,1,0,1
"POINT (9.734901844000035 52.391498344000070)",Unfall 575 (2023) Kat:3, Licht: 0,575,3,2,5,05,15,4,,0,0,1,0,0
"POINT (9.745472965000033 52.369053491000045)",Unfall 576 (2023) Kat:3, Licht: 0,576,3,3,0,04,20,2,,0,1,0,0,0
"POINT (9.698666320000029 52.347568094000053)",Unfall 577 (2023) Kat:3, Licht: 0,577,3,2,5,04,14,2,,0,0,1,0,1
"POINT (9.603307824000069 52.461819304000073)",Unfall 578 (2023) Kat:3, Licht: 0,578,3,3,5,04,16,2,,0,0,1,0,0
"POINT (9.630836294000062 52.499297536000029)",Unfall 579 (2023) Kat:3, Licht: 0,579,3,6,4,04,16,2,,0,0,1,0,0
"POINT (10.060620356000072 52.371001198000044)",Unfall 580 (2023) Kat:3, Licht: 2,580,3,6,2,04,23,1,,2,0,1,0,0
"POINT (9.531886359000055 52.327370099000063)",Unfall 581 (2023) Kat:1, Licht: 0,581,1,7,8,04,14,1,,0,0,1,0,0
"POINT (9.753269163000027 52.369996044000061)",Unfall 582 (2023) Kat:3, Licht: 0,582,3,3,5,04,13,1,,0,0,1,0,0
"POINT (9.765346209000029 52.509031227000037)",Unfall 583 (2023) Kat:3, Licht: 0,583,3,6,2,04,12,7,,0,0,0,0,0
"POINT (9.701397460000067 52.380055879000054)",Unfall 584 (2023) Kat:3, Licht: 0,584,3,7,2,04,13,7,,0,0,1,0,0
"POINT (9.832293044000039 52.386085114000082)",Unfall 585 (2023) Kat:3, Licht: 0,585,3,7,0,04,16,7,,0,1,0,0,0
"POINT (9.717503573000045 52.346139623000056)",Unfall 586 (2023) Kat:3, Licht: 0,586,3,6,2,04,15,6,,0,0,1,0,1
"POINT (9.914913335000051 52.354404458000033)",Unfall 587 (2023) Kat:3, Licht: 0,587,3,6,2,04,11,3,,0,0,1,0,0
"POINT (9.712789308000026 52.401745105000032)",Unfall 588 (2023) Kat:3, Licht: 2,588,3,6,2,04,21,6,,2,0,1,0,0
"POINT (9.707486953000057 52.424351217000037)",Unfall 589 (2023) Kat:3, Licht: 0,589,3,3,5,04,15,6,,0,1,1,0,0
"POINT (9.723275321000074 52.363369676000048)",Unfall 590 (2023) Kat:3, Licht: 2,590,3,6,2,04,21,6,,2,0,1,0,0
"POINT (9.467316851000021 52.422829556000067)",Unfall 591 (2023) Kat:3, Licht: 0,591,3,2,2,04,11,6,,0,0,1,0,0
"POINT (9.866872466000075 52.315589966000061)",Unfall 592 (2023) Kat:2, Licht: 0,592,2,6,9,04,11,6,,0,0,1,0,0
"POINT (9.771372864000057 52.513551178000057)",Unfall 593 (2023) Kat:3, Licht: 0,593,3,6,0,04,14,6,,0,0,1,0,0
"POINT (9.732932412000025 52.421178015000066)",Unfall 594 (2023) Kat:3, Licht: 0,594,3,6,3,04,11,6,,0,0,1,0,1
"POINT (9.808545974000026 52.337128892000067)",Unfall 595 (2023) Kat:3, Licht: 0,595,3,6,2,04,17,5,,0,0,1,0,0
"POINT (9.831264988000044 52.422463047000065)",Unfall 596 (2023) Kat:3, Licht: 0,596,3,6,2,04,16,5,,0,0,1,0,0
"POINT (9.591708763000042 52.396574370000053)",Unfall 597 (2023) Kat:2, Licht: 0,597,2,2,6,05,16,2,,0,0,1,1,0
"POINT (9.851986091000072 52.390976517000070)",Unfall 598 (2023) Kat:3, Licht: 0,598,3,3,5,04,18,4,,0,1,1,0,0
"POINT (9.448182515000042 52.437193716000081)",Unfall 599 (2023) Kat:3, Licht: 0,599,3,6,2,04,08,4,,0,0,1,0,0
"POINT (9.456561142000055 52.496703661000026)",Unfall 600 (2023) Kat:3, Licht: 1,600,3,6,6,04,19,4,,1,1,0,1,0
"POINT (9.896229154000025 52.411533145000078)",Unfall 601 (2023) Kat:3, Licht: 0,601,3,6,3,04,15,4,,0,0,1,0,0
"POINT (9.804222081000034 52.338534546000062)",Unfall 602 (2023) Kat:3, Licht: 0,602,3,6,2,04,07,4,,0,0,1,0,0
"POINT (9.675756869000054 52.353241606000040)",Unfall 603 (2023) Kat:3, Licht: 0,603,3,7,0,04,13,6,,0,0,1,0,0
"POINT (9.664044180000076 52.376963746000058)",Unfall 604 (2023) Kat:3, Licht: 0,604,3,4,6,04,12,3,,0,0,0,1,0
"POINT (9.746173287000033 52.184350752000057)",Unfall 605 (2023) Kat:3, Licht: 1,605,3,3,5,04,19,3,,1,0,1,0,0
"POINT (9.663328138000054 52.315807119000056)",Unfall 606 (2023) Kat:3, Licht: 2,606,3,3,5,04,21,3,,2,0,1,0,0
"POINT (9.723340193000070 52.378011016000073)",Unfall 607 (2023) Kat:3, Licht: 0,607,3,1,0,04,09,2,,0,0,0,0,1
"POINT (9.827560045000041 52.360275869000077)",Unfall 608 (2023) Kat:3, Licht: 0,608,3,4,6,04,17,2,,0,0,1,1,0
"POINT (9.502376217000062 52.427500580000071)",Unfall 609 (2023) Kat:3, Licht: 0,609,3,6,4,04,15,2,,0,1,0,0,0
"POINT (9.925068108000062 52.294572241000026)",Unfall 610 (2023) Kat:3, Licht: 0,610,3,6,2,04,13,2,,0,0,1,0,0
"POINT (9.633415285000069 52.251609185000063)",Unfall 611 (2023) Kat:1, Licht: 0,611,1,1,0,04,17,2,,0,1,0,0,0
"POINT (9.625484949000054 52.543839324000032)",Unfall 612 (2023) Kat:2, Licht: 0,612,2,4,6,04,16,2,,0,0,0,1,1
"POINT (9.791895427000043 52.557171774000039)",Unfall 613 (2023) Kat:3, Licht: 0,613,3,6,2,04,12,2,,0,0,1,0,0
"POINT (9.512494179000043 52.292280996000045)",Unfall 614 (2023) Kat:2, Licht: 0,614,2,1,8,04,14,2,,0,0,0,0,1
"POINT (9.727014549000046 52.388061605000075)",Unfall 615 (2023) Kat:3, Licht: 2,615,3,7,0,04,03,2,,2,1,0,0,0
"POINT (9.613466987000038 52.421876690000033)",Unfall 616 (2023) Kat:3, Licht: 0,616,3,6,3,04,15,4,,0,0,1,0,0
"POINT (9.757108694000067 52.340990924000039)",Unfall 617 (2023) Kat:3, Licht: 0,617,3,7,7,04,09,1,,0,0,1,0,0
"POINT (9.414230872000076 52.428240251000034)",Unfall 618 (2023) Kat:3, Licht: 2,618,3,7,2,04,01,1,,2,0,1,0,0
"POINT (9.666816435000044 52.339157146000048)",Unfall 619 (2023) Kat:3, Licht: 0,619,3,1,0,04,13,1,,0,0,0,0,1
"POINT (10.051773202000049 52.386778783000068)",Unfall 620 (2023) Kat:3, Licht: 1,620,3,1,8,04,06,1,,1,0,1,0,0
"POINT (9.567423749000056 52.422050733000049)",Unfall 621 (2023) Kat:2, Licht: 2,621,2,1,1,04,22,1,,2,0,1,0,0
"POINT (9.864703059000021 52.336076127000069)",Unfall 622 (2023) Kat:2, Licht: 0,622,2,7,6,04,14,1,,0,0,1,1,0
"POINT (9.969033404000072 52.331635727000048)",Unfall 623 (2023) Kat:3, Licht: 1,623,3,1,0,04,07,1,,1,0,1,0,0
"POINT (9.789887050000061 52.559967725000035)",Unfall 624 (2023) Kat:3, Licht: 0,624,3,6,2,04,11,2,,0,0,1,0,0
"POINT (9.726566926000032 52.366758375000074)",Unfall 625 (2023) Kat:3, Licht: 0,625,3,6,2,04,07,4,,0,0,1,0,0
"POINT (9.629318871000066 52.394641791000026)",Unfall 626 (2023) Kat:3, Licht: 0,626,3,6,0,05,15,3,,0,0,1,0,0
"POINT (9.467258917000038 52.332866953000064)",Unfall 627 (2023) Kat:2, Licht: 2,627,2,3,5,05,04,5,,2,0,1,0,0
"POINT (9.670696359000033 52.382728590000056)",Unfall 628 (2023) Kat:3, Licht: 0,628,3,7,0,04,18,7,,0,0,0,0,0
"POINT (9.608051519000071 52.445698137000079)",Unfall 629 (2023) Kat:3, Licht: 0,629,3,3,5,04,11,7,,0,0,1,0,1
"POINT (9.654393327000037 52.425305948000073)",Unfall 630 (2023) Kat:3, Licht: 2,630,3,6,2,04,06,7,,2,0,1,0,0
"POINT (9.880742581000050 52.425698127000032)",Unfall 631 (2023) Kat:3, Licht: 0,631,3,6,2,04,15,7,,0,0,1,0,0
"POINT (9.512642205000077 52.410847409000041)",Unfall 632 (2023) Kat:3, Licht: 0,632,3,6,2,04,12,7,,0,0,1,0,0
"POINT (9.729385204000039 52.385242150000067)",Unfall 633 (2023) Kat:3, Licht: 0,633,3,5,1,04,16,6,,0,0,1,0,0
"POINT (9.664304147000053 52.384351783000056)",Unfall 634 (2023) Kat:3, Licht: 2,634,3,4,6,04,21,6,,2,0,1,1,0
"POINT (9.614323744000046 52.175897464000059)",Unfall 635 (2023) Kat:3, Licht: 2,635,3,6,4,04,21,6,,2,0,1,0,0
"POINT (10.121271390000061 52.369038938000074)",Unfall 636 (2023) Kat:3, Licht: 0,636,3,1,8,04,09,6,,0,0,1,0,0
"POINT (9.594569384000067 52.407923030000063)",Unfall 637 (2023) Kat:3, Licht: 1,637,3,7,7,05,06,5,,1,0,0,0,1
"POINT (9.429999834000057 52.426105262000078)",Unfall 638 (2023) Kat:3, Licht: 0,638,3,2,0,04,12,5,,0,0,1,0,0
"POINT (9.462973971000054 52.527999001000069)",Unfall 639 (2023) Kat:3, Licht: 0,639,3,2,2,04,08,5,,0,0,1,0,0
"POINT (9.914252623000039 52.337248632000069)",Unfall 640 (2023) Kat:3, Licht: 0,640,3,6,2,04,15,5,,0,0,1,0,0
"POINT (9.963029601000073 52.307095433000029)",Unfall 641 (2023) Kat:3, Licht: 0,641,3,6,4,04,17,5,,0,0,1,0,0
"POINT (9.451940458000024 52.372845432000076)",Unfall 642 (2023) Kat:3, Licht: 2,642,3,6,2,04,20,5,,2,0,1,0,0
"POINT (9.724887962000025 52.427771735000078)",Unfall 643 (2023) Kat:3, Licht: 0,643,3,6,2,04,18,5,,0,0,1,0,0
"POINT (9.645393880000029 52.423573623000038)",Unfall 644 (2023) Kat:3, Licht: 0,644,3,6,2,04,16,5,,0,0,1,0,0
"POINT (9.517994047000059 52.414024561000076)",Unfall 645 (2023) Kat:3, Licht: 0,645,3,6,2,04,15,5,,0,0,1,0,0
"POINT (9.556032128000027 52.421445315000028)",Unfall 646 (2023) Kat:3, Licht: 1,646,3,6,2,04,06,5,,1,0,1,0,0
"POINT (9.697165831000063 52.378306042000077)",Unfall 647 (2023) Kat:3, Licht: 0,647,3,6,2,04,14,5,,0,0,1,0,1
"POINT (9.728018581000072 52.374192214000061)",Unfall 648 (2023) Kat:3, Licht: 0,648,3,2,0,04,10,5,,0,1,1,0,0
"POINT (9.872543651000058 52.310680084000069)",Unfall 649 (2023) Kat:3, Licht: 0,649,3,2,4,04,12,1,,0,0,1,0,0
"POINT (9.823964645000046 52.413838387000055)",Unfall 650 (2023) Kat:2, Licht: 1,650,2,1,0,05,21,2,,1,0,0,0,0
"POINT (10.028156709000029 52.316245753000032)",Unfall 651 (2023) Kat:3, Licht: 0,651,3,1,8,04,17,4,,0,0,1,0,0
"POINT (9.744624336000072 52.453589760000057)",Unfall 652 (2023) Kat:3, Licht: 2,652,3,7,8,04,05,4,,2,0,1,0,0
"POINT (9.524958269000024 52.417051168000057)",Unfall 653 (2023) Kat:3, Licht: 1,653,3,6,2,04,20,4,,1,0,1,0,0
"POINT (9.564746716000059 52.449028119000047)",Unfall 654 (2023) Kat:2, Licht: 2,654,2,1,8,04,06,4,,2,0,1,0,0
"POINT (9.760749951000037 52.370359545000042)",Unfall 655 (2023) Kat:3, Licht: 0,655,3,4,6,04,11,5,,0,0,1,1,0
"POINT (9.897290087000044 52.278161789000080)",Unfall 656 (2023) Kat:3, Licht: 0,656,3,7,0,04,16,3,,0,1,0,0,0
"POINT (9.977100484000061 52.372531623000043)",Unfall 657 (2023) Kat:3, Licht: 0,657,3,3,5,04,07,3,,0,1,1,0,0
"POINT (9.816463762000069 52.311939192000068)",Unfall 658 (2023) Kat:3, Licht: 0,658,3,6,3,05,12,4,,0,0,1,0,0
"POINT (9.782034750000037 52.362900046000050)",Unfall 659 (2023) Kat:3, Licht: 0,659,3,6,2,04,12,3,,0,0,1,0,0
"POINT (9.849618159000045 52.479428706000078)",Unfall 660 (2023) Kat:2, Licht: 2,660,2,7,1,04,00,3,,2,0,0,0,0
"POINT (9.485718320000046 52.395140917000049)",Unfall 661 (2023) Kat:3, Licht: 0,661,3,6,2,04,08,4,,0,0,1,0,0
"POINT (9.649818998000057 52.414620196000044)",Unfall 662 (2023) Kat:3, Licht: 0,662,3,6,3,04,09,2,,0,0,1,0,0
"POINT (9.801575221000064 52.431221897000057)",Unfall 663 (2023) Kat:3, Licht: 0,663,3,7,0,04,10,2,,0,1,0,0,0
"POINT (9.728408348000073 52.292725767000036)",Unfall 664 (2023) Kat:3, Licht: 0,664,3,2,4,04,14,2,,0,0,1,0,0
"POINT (10.206347285000049 52.473569832000067)",Unfall 665 (2023) Kat:3, Licht: 1,665,3,3,5,04,05,2,,1,0,1,0,0
"POINT (9.513428932000068 52.412606007000079)",Unfall 666 (2023) Kat:3, Licht: 0,666,3,6,2,04,15,2,,0,0,1,0,0
"POINT (9.719502239000064 52.351086780000060)",Unfall 667 (2023) Kat:3, Licht: 0,667,3,3,5,04,11,2,,0,1,1,0,0
"POINT (9.696337972000038 52.379852599000060)",Unfall 668 (2023) Kat:3, Licht: 2,668,3,2,5,04,05,2,,2,0,1,0,0
"POINT (9.820506932000058 52.512415166000039)",Unfall 669 (2023) Kat:3, Licht: 0,669,3,6,2,04,12,6,,0,0,1,0,0
"POINT (9.729354944000022 52.385410755000066)",Unfall 670 (2023) Kat:3, Licht: 2,670,3,1,0,04,03,1,,2,0,0,0,0
"POINT (9.668118038000046 52.343764563000036)",Unfall 671 (2023) Kat:3, Licht: 2,671,3,2,5,04,21,1,,2,0,1,0,0
"POINT (9.568714386000067 52.604634765000071)",Unfall 672 (2023) Kat:3, Licht: 2,672,3,1,9,04,04,1,,2,0,1,0,0
"POINT (9.976937348000035 52.372570881000058)",Unfall 673 (2023) Kat:3, Licht: 0,673,3,3,5,04,16,1,,0,0,1,0,0
"POINT (9.792803074000062 52.534936326000036)",Unfall 674 (2023) Kat:2, Licht: 0,674,2,7,0,04,14,4,,0,0,1,0,0
"POINT (9.687432909000051 52.389404928000033)",Unfall 675 (2023) Kat:3, Licht: 0,675,3,6,2,04,18,2,,0,0,1,0,0
"POINT (9.829696370000022 52.299707866000062)",Unfall 676 (2023) Kat:3, Licht: 0,676,3,6,2,04,11,7,,0,0,1,0,0
"POINT (9.528004004000024 52.196564939000041)",Unfall 677 (2023) Kat:3, Licht: 2,677,3,2,5,04,19,7,,2,0,1,0,0
"POINT (9.569382842000039 52.379272354000079)",Unfall 678 (2023) Kat:3, Licht: 1,678,3,5,1,04,19,7,,1,1,1,0,0
"POINT (9.450948089000065 52.329593773000056)",Unfall 679 (2023) Kat:3, Licht: 0,679,3,2,4,04,12,7,,0,0,1,0,0
"POINT (9.813421901000027 52.319136899000057)",Unfall 680 (2023) Kat:3, Licht: 2,680,3,1,0,04,19,7,,2,0,1,0,0
"POINT (9.456240848000050 52.375299869000060)",Unfall 681 (2023) Kat:3, Licht: 0,681,3,6,2,04,10,7,,0,0,1,0,0
"POINT (9.573699361000024 52.457675465000079)",Unfall 682 (2023) Kat:3, Licht: 0,682,3,7,0,05,17,2,,0,1,0,0,0
"POINT (9.915943388000073 52.436815312000078)",Unfall 683 (2023) Kat:3, Licht: 0,683,3,1,8,05,19,6,,0,0,1,0,0
"POINT (9.831189695000035 52.399207980000028)",Unfall 684 (2023) Kat:3, Licht: 0,684,3,6,2,03,17,6,,0,0,1,0,0
"POINT (9.597524893000070 52.388647573000071)",Unfall 685 (2023) Kat:3, Licht: 0,685,3,3,5,03,17,6,,0,0,1,0,0
"POINT (9.928313198000069 52.344572189000075)",Unfall 686 (2023) Kat:3, Licht: 0,686,3,2,2,03,07,6,,0,0,1,0,0
"POINT (9.486358623000058 52.491118578000055)",Unfall 687 (2023) Kat:3, Licht: 0,687,3,7,8,05,20,2,,0,0,0,0,0
"POINT (9.950817836000056 52.391092200000060)",Unfall 688 (2023) Kat:3, Licht: 0,688,3,6,3,03,15,6,,0,0,1,0,0
"POINT (9.760266100000024 52.521595230000059)",Unfall 689 (2023) Kat:3, Licht: 0,689,3,3,5,05,17,3,,0,0,1,0,0
"POINT (9.722393635000060 52.355995471000028)",Unfall 690 (2023) Kat:2, Licht: 0,690,2,1,0,04,17,6,,0,0,0,0,1
"POINT (9.793247218000033 52.393670118000045)",Unfall 691 (2023) Kat:3, Licht: 0,691,3,2,5,03,15,5,,0,0,1,0,0
"POINT (9.469365221000032 52.302199275000078)",Unfall 692 (2023) Kat:3, Licht: 0,692,3,4,6,03,13,5,,0,0,1,1,0
"POINT (9.720352364000064 52.391526525000074)",Unfall 693 (2023) Kat:3, Licht: 1,693,3,1,0,03,06,5,,1,1,0,0,0
"POINT (9.646494227000062 52.413710030000061)",Unfall 694 (2023) Kat:3, Licht: 0,694,3,6,2,04,14,6,,0,0,1,0,0
"POINT (9.748031329000071 52.427297541000030)",Unfall 695 (2023) Kat:3, Licht: 0,695,3,6,3,03,16,4,,0,0,1,0,0
"POINT (9.589425566000045 52.439128776000075)",Unfall 696 (2023) Kat:2, Licht: 0,696,2,6,2,03,07,4,,0,0,1,0,1
"POINT (9.494770863000042 52.272867570000074)",Unfall 697 (2023) Kat:3, Licht: 0,697,3,7,2,04,15,6,,0,1,0,0,1
"POINT (9.697329667000076 52.377906120000034)",Unfall 698 (2023) Kat:3, Licht: 0,698,3,6,2,03,15,3,,0,0,1,0,0
"POINT (9.357278148000034 52.453369590000079)",Unfall 699 (2023) Kat:3, Licht: 0,699,3,3,5,03,14,3,,0,0,1,0,0
"POINT (9.712379550000037 52.403847290000044)",Unfall 700 (2023) Kat:3, Licht: 0,700,3,6,2,03,17,3,,0,0,1,0,0
"POINT (9.837001304000069 52.277054197000041)",Unfall 701 (2023) Kat:2, Licht: 0,701,2,1,0,04,10,1,,0,1,0,0,0
"POINT (9.954942271000050 52.320762014000081)",Unfall 702 (2023) Kat:3, Licht: 1,702,3,7,2,05,20,4,,1,0,1,0,0
"POINT (9.722954089000041 52.377971137000031)",Unfall 703 (2023) Kat:3, Licht: 0,703,3,2,0,03,17,2,,0,0,1,0,0
"POINT (9.978616148000071 52.375114670000073)",Unfall 704 (2023) Kat:3, Licht: 0,704,3,7,2,03,07,2,,0,0,1,0,0
"POINT (9.735589840000046 52.394648766000046)",Unfall 705 (2023) Kat:3, Licht: 0,705,3,2,5,03,06,2,,0,1,1,0,0
"POINT (9.618222671000069 52.428703938000069)",Unfall 706 (2023) Kat:3, Licht: 0,706,3,2,5,04,16,4,,0,0,1,0,0
"POINT (9.834806113000070 52.420660185000031)",Unfall 707 (2023) Kat:3, Licht: 0,707,3,6,2,04,08,4,,0,0,0,0,0
"POINT (9.823532181000076 52.413588085000072)",Unfall 708 (2023) Kat:3, Licht: 0,708,3,7,9,03,14,1,,0,0,1,0,0
"POINT (9.673341341000025 52.377229766000028)",Unfall 709 (2023) Kat:1, Licht: 2,709,1,7,6,03,00,1,,2,0,0,1,0
"POINT (9.920493634000024 52.395005807000075)",Unfall 710 (2023) Kat:3, Licht: 2,710,3,7,2,03,00,1,,2,0,1,0,0
"POINT (9.786020683000061 52.319645711000078)",Unfall 711 (2023) Kat:3, Licht: 0,711,3,1,0,03,15,1,,0,0,0,0,0
"POINT (9.463618615000030 52.530494116000057)",Unfall 712 (2023) Kat:1, Licht: 0,712,1,1,9,04,07,3,,0,0,1,0,0
"POINT (9.793223585000021 52.393669346000081)",Unfall 713 (2023) Kat:3, Licht: 0,713,3,2,3,03,16,7,,0,0,1,0,0
"POINT (9.624898233000067 52.454153379000047)",Unfall 714 (2023) Kat:3, Licht: 0,714,3,7,0,04,17,3,,0,0,0,0,1
"POINT (9.711809992000042 52.429262941000047)",Unfall 715 (2023) Kat:1, Licht: 1,715,1,6,2,03,06,7,,1,0,1,0,0
"POINT (9.696387224000034 52.379940649000048)",Unfall 716 (2023) Kat:3, Licht: 0,716,3,6,2,03,16,6,,0,0,1,0,0
"POINT (9.697764005000067 52.376332939000065)",Unfall 717 (2023) Kat:3, Licht: 0,717,3,6,2,03,07,6,,0,0,1,0,0
"POINT (9.641222775000074 52.396921475000056)",Unfall 718 (2023) Kat:3, Licht: 0,718,3,4,6,03,15,6,,0,0,0,1,0
"POINT (9.936702350000076 52.392863041000055)",Unfall 719 (2023) Kat:2, Licht: 0,719,2,6,3,03,17,6,,0,0,0,0,1
"POINT (9.491905311000039 52.399029161000044)",Unfall 720 (2023) Kat:3, Licht: 1,720,3,6,3,03,17,6,,1,0,1,0,0
"POINT (10.014111379000042 52.383852689000037)",Unfall 721 (2023) Kat:3, Licht: 0,721,3,6,2,03,13,6,,0,0,1,0,0
"POINT (9.825231223000060 52.506438263000064)",Unfall 722 (2023) Kat:3, Licht: 0,722,3,7,0,03,12,6,,0,0,1,0,0
"POINT (9.735790935000068 52.402036699000064)",Unfall 723 (2023) Kat:3, Licht: 0,723,3,4,6,03,13,6,,0,0,0,1,0
"POINT (9.841771784000059 52.395162143000050)",Unfall 724 (2023) Kat:2, Licht: 0,724,2,4,6,04,14,1,,0,0,1,1,0
"POINT (9.799535220000053 52.396169497000074)",Unfall 725 (2023) Kat:3, Licht: 0,725,3,6,2,04,16,1,,0,0,1,0,0
"POINT (9.856437488000040 52.506103089000078)",Unfall 726 (2023) Kat:3, Licht: 0,726,3,5,1,03,16,5,,0,0,1,0,1
"POINT (9.915696993000040 52.395347438000044)",Unfall 727 (2023) Kat:3, Licht: 0,727,3,6,3,03,18,6,,0,0,1,0,0
"POINT (9.503437146000067 52.285335337000049)",Unfall 728 (2023) Kat:3, Licht: 0,728,3,7,7,04,16,3,,0,1,0,0,0
"POINT (9.746353075000059 52.365505471000063)",Unfall 729 (2023) Kat:3, Licht: 0,729,3,6,2,03,07,5,,0,0,1,0,0
"POINT (9.842276826000045 52.388077033000059)",Unfall 730 (2023) Kat:3, Licht: 0,730,3,3,5,03,16,5,,0,1,1,0,0
"POINT (9.722402689000035 52.378517839000040)",Unfall 731 (2023) Kat:3, Licht: 0,731,3,2,5,03,10,5,,0,1,1,0,0
"POINT (9.637437870000042 52.189473879000047)",Unfall 732 (2023) Kat:2, Licht: 0,732,2,1,9,03,16,5,,0,0,1,0,0
"POINT (9.503571453000063 52.405673063000052)",Unfall 733 (2023) Kat:3, Licht: 0,733,3,6,2,04,12,7,,0,0,1,0,0
"POINT (9.733640881000042 52.368962521000071)",Unfall 734 (2023) Kat:3, Licht: 0,734,3,1,0,04,13,3,,0,1,0,0,0
"POINT (9.734034519000033 52.412592723000046)",Unfall 735 (2023) Kat:3, Licht: 2,735,3,7,0,03,22,4,,2,0,0,0,0
"POINT (9.863804201000050 52.374980137000080)",Unfall 736 (2023) Kat:3, Licht: 2,736,3,3,5,03,19,4,,2,1,0,0,0
"POINT (9.861794055000075 52.368664464000062)",Unfall 737 (2023) Kat:3, Licht: 0,737,3,2,5,03,18,4,,0,0,1,0,1
"POINT (9.611254837000047 52.392048893000037)",Unfall 738 (2023) Kat:3, Licht: 2,738,3,3,5,03,20,4,,2,1,1,0,0
"POINT (9.637276022000037 52.396602102000031)",Unfall 739 (2023) Kat:3, Licht: 2,739,3,3,5,03,21,4,,2,0,1,0,0
"POINT (9.605969942000058 52.314412754000045)",Unfall 740 (2023) Kat:3, Licht: 0,740,3,3,5,03,11,4,,0,0,1,0,1
"POINT (10.116915718000030 52.357634075000078)",Unfall 741 (2023) Kat:3, Licht: 0,741,3,3,5,03,15,4,,0,0,1,0,0
"POINT (9.863982069000031 52.323428429000046)",Unfall 742 (2023) Kat:3, Licht: 0,742,3,6,9,03,10,4,,0,0,1,0,0
"POINT (9.726735331000043 52.375761418000081)",Unfall 743 (2023) Kat:3, Licht: 0,743,3,3,5,03,17,4,,0,1,1,0,0
"POINT (9.735291862000054 52.394700548000060)",Unfall 744 (2023) Kat:3, Licht: 0,744,3,6,4,03,17,4,,0,1,0,0,0
"POINT (9.963903682000023 52.312704739000026)",Unfall 745 (2023) Kat:3, Licht: 0,745,3,3,5,04,14,2,,0,1,1,0,0
"POINT (9.923527033000028 52.350102508000077)",Unfall 746 (2023) Kat:3, Licht: 0,746,3,6,2,04,16,5,,0,0,1,0,0
"POINT (9.743325889000062 52.368224938000026)",Unfall 747 (2023) Kat:3, Licht: 0,747,3,3,5,03,16,3,,0,0,1,0,0
"POINT (9.670695405000060 52.358345714000052)",Unfall 748 (2023) Kat:3, Licht: 0,748,3,3,5,03,12,3,,0,0,1,0,0
"POINT (9.697558382000068 52.377345075000051)",Unfall 749 (2023) Kat:3, Licht: 1,749,3,6,2,03,06,3,,1,0,1,0,0
"POINT (9.622342669000034 52.426216945000078)",Unfall 750 (2023) Kat:3, Licht: 0,750,3,3,5,03,12,3,,0,1,1,0,0
"POINT (9.971248978000062 52.372928348000073)",Unfall 751 (2023) Kat:3, Licht: 0,751,3,6,3,03,13,3,,0,0,1,0,0
"POINT (9.862935484000047 52.450179236000054)",Unfall 752 (2023) Kat:3, Licht: 0,752,3,6,2,03,14,3,,0,0,1,0,0
"POINT (9.810644086000025 52.351239561000057)",Unfall 753 (2023) Kat:3, Licht: 2,753,3,6,2,03,18,3,,2,0,1,0,0
"POINT (9.781668655000033 52.424954318000061)",Unfall 754 (2023) Kat:3, Licht: 1,754,3,2,5,03,06,3,,1,1,1,0,0
"POINT (9.719395849000023 52.346600448000061)",Unfall 755 (2023) Kat:3, Licht: 0,755,3,1,8,05,20,4,,0,0,1,0,0
"POINT (9.862206637000043 52.366213627000036)",Unfall 756 (2023) Kat:3, Licht: 0,756,3,2,2,03,08,3,,0,0,1,0,0
"POINT (9.756702986000050 52.340907892000075)",Unfall 757 (2023) Kat:3, Licht: 0,757,3,6,2,03,08,2,,0,0,1,0,0