WKT,Name,OBJECTID,UKATEGORIE,UTYP1,UART,UMONAT,USTUNDE,UWOCHENTAG,STRZUSTAND,ULICHTVERH,ISTRAD,ISTPKW,ISTFUSS,ISTKRAD
"POINT (9.690743675000022 52.422111302000076)",Unfall 758 (2023) Kat:3, Licht: 0,758,3,2,5,03,08,2,,0,0,1,0,0
"POINT (9.554307936000043 52.401629105000040)",Unfall 759 (2023) Kat:3, Licht: 0,759,3,2,3,03,13,1,,0,0,1,0,0
"POINT (9.679011327000069 52.308893088000048)",Unfall 760 (2023) Kat:3, Licht: 0,760,3,1,0,03,15,1,,0,1,0,0,0
"POINT (9.629886298000031 52.485004534000041)",Unfall 761 (2023) Kat:3, Licht: 0,761,3,1,8,03,17,1,,0,0,0,0,1
"POINT (10.072556438000049 52.367815210000060)",Unfall 762 (2023) Kat:3, Licht: 2,762,3,6,2,03,04,1,,2,0,1,0,0
"POINT (9.739748387000077 52.368216459000053)",Unfall 763 (2023) Kat:3, Licht: 2,763,3,1,0,03,19,1,,2,0,0,0,0
"POINT (9.632913959000064 52.253477434000047)",Unfall 764 (2023) Kat:3, Licht: 0,764,3,1,8,05,10,4,,0,0,1,0,0
"POINT (9.528694639000037 52.196609793000050)",Unfall 765 (2023) Kat:3, Licht: 0,765,3,6,3,03,13,7,,0,0,1,0,0
"POINT (9.575206509000054 52.431826356000045)",Unfall 766 (2023) Kat:3, Licht: 0,766,3,6,2,03,09,7,,0,0,1,0,0
"POINT (9.856968161000054 52.478383332000078)",Unfall 767 (2023) Kat:3, Licht: 0,767,3,6,2,03,15,7,,0,1,0,0,0
"POINT (9.952734175000046 52.456891824000081)",Unfall 768 (2023) Kat:3, Licht: 0,768,3,1,9,03,11,7,,0,0,1,0,0
"POINT (10.114641943000038 52.355192934000058)",Unfall 769 (2023) Kat:2, Licht: 0,769,2,7,0,04,13,5,,0,1,0,0,0
"POINT (9.491639740000039 52.416051211000081)",Unfall 770 (2023) Kat:3, Licht: 0,770,3,6,2,03,16,6,,0,0,1,0,0
"POINT (9.667077443000039 52.339775601000042)",Unfall 771 (2023) Kat:3, Licht: 0,771,3,6,2,03,13,6,,0,0,1,0,0
"POINT (9.751786685000070 52.594501662000027)",Unfall 772 (2023) Kat:3, Licht: 0,772,3,6,2,03,13,6,,0,0,1,0,0
"POINT (9.768905911000047 52.338066102000028)",Unfall 773 (2023) Kat:3, Licht: 0,773,3,2,5,03,10,6,,0,1,1,0,0
"POINT (9.740167718000066 52.368249649000063)",Unfall 774 (2023) Kat:3, Licht: 0,774,3,2,5,03,15,5,,0,0,1,0,0
"POINT (9.502724538000052 52.412985492000075)",Unfall 775 (2023) Kat:3, Licht: 0,775,3,1,8,05,05,6,,0,0,1,0,0
"POINT (9.743662606000044 52.369027805000030)",Unfall 776 (2023) Kat:3, Licht: 0,776,3,3,5,05,16,5,,0,1,0,0,0
"POINT (9.841979725000044 52.416137815000070)",Unfall 777 (2023) Kat:3, Licht: 0,777,3,6,2,04,11,6,,0,0,1,0,0
"POINT (9.745700576000047 52.369061767000062)",Unfall 778 (2023) Kat:3, Licht: 2,778,3,6,2,03,22,5,,2,1,0,0,0
"POINT (9.998770095000054 52.378051362000065)",Unfall 779 (2023) Kat:3, Licht: 0,779,3,6,2,03,07,5,,0,0,1,0,0
"POINT (9.733829621000041 52.384611167000060)",Unfall 780 (2023) Kat:3, Licht: 2,780,3,3,5,03,19,5,,2,1,1,0,0
"POINT (10.117772246000072 52.358535534000055)",Unfall 781 (2023) Kat:3, Licht: 0,781,3,3,5,03,13,7,,0,0,1,0,0
"POINT (9.802418550000027 52.340400598000031)",Unfall 782 (2023) Kat:3, Licht: 0,782,3,1,8,05,14,5,,0,0,0,0,0
"POINT (9.713148951000051 52.346506629000032)",Unfall 783 (2023) Kat:3, Licht: 0,783,3,6,2,03,14,4,,0,0,1,0,0
"POINT (9.745758684000066 52.209365336000076)",Unfall 784 (2023) Kat:3, Licht: 2,784,3,2,5,03,19,4,,2,0,1,0,0
"POINT (9.976928593000025 52.372787752000079)",Unfall 785 (2023) Kat:3, Licht: 1,785,3,6,2,03,18,4,,1,0,1,0,0
"POINT (10.018181487000049 52.383764058000054)",Unfall 786 (2023) Kat:3, Licht: 0,786,3,2,5,03,17,4,,0,1,1,0,0
"POINT (10.214124041000048 52.491684327000030)",Unfall 787 (2023) Kat:2, Licht: 0,787,2,1,8,03,08,4,,0,0,1,0,0
"POINT (9.722831517000031 52.378287587000045)",Unfall 788 (2023) Kat:3, Licht: 0,788,3,7,0,03,07,4,,0,1,0,0,0
"POINT (9.468940406000058 52.329545555000038)",Unfall 789 (2023) Kat:3, Licht: 2,789,3,1,8,04,23,2,,2,0,1,0,0
"POINT (9.799900115000071 52.407488871000055)",Unfall 790 (2023) Kat:3, Licht: 2,790,3,7,0,03,22,3,,2,1,0,0,0
"POINT (9.859408609000070 52.491510470000037)",Unfall 791 (2023) Kat:3, Licht: 0,791,3,4,6,03,07,3,,0,0,1,1,0
"POINT (9.859821799000031 52.433895907000078)",Unfall 792 (2023) Kat:3, Licht: 0,792,3,2,3,03,07,3,,0,1,1,0,0
"POINT (10.027444131000038 52.453490595000062)",Unfall 793 (2023) Kat:3, Licht: 0,793,3,1,0,03,07,3,,0,0,0,0,1
"POINT (9.783958288000065 52.382390134000048)",Unfall 794 (2023) Kat:3, Licht: 0,794,3,6,2,03,12,3,,0,0,1,0,0
"POINT (9.730213768000056 52.368958507000059)",Unfall 795 (2023) Kat:3, Licht: 2,795,3,3,5,03,18,2,,2,0,1,0,0
"POINT (9.861785063000070 52.368431101000056)",Unfall 796 (2023) Kat:3, Licht: 0,796,3,7,0,05,20,3,,0,0,0,0,0
"POINT (9.509044656000071 52.427261897000051)",Unfall 797 (2023) Kat:3, Licht: 0,797,3,3,5,03,11,2,,0,1,0,0,0
"POINT (10.088565107000022 52.481720418000066)",Unfall 798 (2023) Kat:3, Licht: 2,798,3,2,5,03,19,2,,2,0,1,0,1
"POINT (9.777975965000053 52.343942715000026)",Unfall 799 (2023) Kat:3, Licht: 0,799,3,6,3,03,15,2,,0,0,1,0,0
"POINT (9.630747237000037 52.499550475000035)",Unfall 800 (2023) Kat:3, Licht: 0,800,3,5,1,03,15,7,,0,0,1,0,0
"POINT (9.829615907000061 52.300017428000046)",Unfall 801 (2023) Kat:3, Licht: 0,801,3,6,2,03,14,1,,0,0,1,0,0
"POINT (9.858914477000042 52.496280833000071)",Unfall 802 (2023) Kat:3, Licht: 0,802,3,2,4,04,15,6,,0,0,1,0,0
"POINT (9.655056021000064 52.407294732000082)",Unfall 803 (2023) Kat:3, Licht: 0,803,3,6,2,03,17,1,,0,0,1,0,0
"POINT (10.027158033000035 52.380659850000029)",Unfall 804 (2023) Kat:2, Licht: 0,804,2,7,8,03,07,1,,0,0,1,0,0
"POINT (9.594055148000052 52.407635499000037)",Unfall 805 (2023) Kat:3, Licht: 0,805,3,2,2,04,18,1,,0,0,1,0,0
"POINT (9.847472849000042 52.274182849000056)",Unfall 806 (2023) Kat:3, Licht: 0,806,3,3,5,08,07,3,,0,0,1,0,1
"POINT (9.723406302000058 52.377732678000029)",Unfall 807 (2023) Kat:3, Licht: 0,807,3,2,5,08,16,3,,0,1,1,0,0
"POINT (9.799705165000034 52.408354914000029)",Unfall 808 (2023) Kat:3, Licht: 0,808,3,7,0,08,15,3,,0,1,0,0,0
"POINT (9.847156545000075 52.434225125000069)",Unfall 809 (2023) Kat:3, Licht: 0,809,3,2,4,08,14,3,,0,0,1,0,1
"POINT (9.441938369000070 52.366329382000060)",Unfall 810 (2023) Kat:3, Licht: 0,810,3,6,3,08,12,3,,0,0,1,0,0
"POINT (9.897482047000040 52.313939365000067)",Unfall 811 (2023) Kat:3, Licht: 0,811,3,7,9,08,16,2,,0,0,1,0,0
"POINT (9.723367247000056 52.440162107000049)",Unfall 812 (2023) Kat:3, Licht: 0,812,3,3,5,08,20,2,,0,0,1,0,1
"POINT (9.566330454000024 52.422309277000068)",Unfall 813 (2023) Kat:3, Licht: 0,813,3,1,9,08,18,2,,0,0,1,0,0
"POINT (9.727002305000042 52.366551084000037)",Unfall 814 (2023) Kat:3, Licht: 0,814,3,3,5,08,17,2,,0,1,1,0,0
"POINT (9.802436836000027 52.434344916000043)",Unfall 815 (2023) Kat:3, Licht: 0,815,3,2,0,08,19,1,,0,1,1,0,0
"POINT (9.561679017000074 52.278197081000030)",Unfall 816 (2023) Kat:3, Licht: 0,816,3,1,0,08,15,1,,0,0,0,0,1
"POINT (9.754288090000045 52.502731205000032)",Unfall 817 (2023) Kat:3, Licht: 0,817,3,6,2,08,18,1,,0,0,1,0,0
"POINT (9.840488201000028 52.417077731000063)",Unfall 818 (2023) Kat:3, Licht: 0,818,3,3,5,08,11,1,,0,0,1,0,0
"POINT (9.717540550000024 52.396237123000049)",Unfall 819 (2023) Kat:3, Licht: 2,819,3,1,0,08,01,1,,2,0,1,0,0
"POINT (9.774858230000063 52.371271383000078)",Unfall 820 (2023) Kat:3, Licht: 0,820,3,2,5,08,12,7,,0,1,1,0,0
"POINT (9.973847808000073 52.384739948000060)",Unfall 821 (2023) Kat:3, Licht: 0,821,3,6,3,08,13,7,,0,0,1,0,0
"POINT (9.720393200000046 52.447869646000072)",Unfall 822 (2023) Kat:3, Licht: 0,822,3,6,2,08,19,7,,0,0,1,0,1
"POINT (9.725658168000052 52.380512674000045)",Unfall 823 (2023) Kat:3, Licht: 0,823,3,4,6,08,20,7,,0,0,1,1,0
"POINT (9.733968176000076 52.385312165000073)",Unfall 824 (2023) Kat:3, Licht: 2,824,3,7,1,08,05,7,,2,0,1,0,1
"POINT (9.680584220000071 52.298622903000080)",Unfall 825 (2023) Kat:3, Licht: 2,825,3,7,8,08,02,7,,2,0,1,0,0
"POINT (9.800047286000051 52.343645788000060)",Unfall 826 (2023) Kat:3, Licht: 0,826,3,6,2,08,16,6,,0,0,1,0,0
"POINT (9.733366883000031 52.420598827000049)",Unfall 827 (2023) Kat:3, Licht: 0,827,3,6,1,08,11,5,,0,0,1,0,0
"POINT (9.430102501000022 52.425283212000068)",Unfall 828 (2023) Kat:3, Licht: 0,828,3,6,2,08,12,5,,0,0,1,0,0
"POINT (9.581866000000048 52.284887608000076)",Unfall 829 (2023) Kat:3, Licht: 0,829,3,1,0,08,19,5,,0,1,0,0,0
"POINT (10.256397102000051 52.478208390000077)",Unfall 830 (2023) Kat:3, Licht: 0,830,3,6,3,08,18,5,,0,0,1,0,0
"POINT (9.615734388000021 52.256747879000045)",Unfall 831 (2023) Kat:2, Licht: 0,831,2,7,1,08,15,5,,0,0,1,0,0
"POINT (9.722555070000055 52.378651670000067)",Unfall 832 (2023) Kat:3, Licht: 2,832,3,6,2,08,22,4,,2,0,1,0,0
"POINT (9.474213671000030 52.503888769000071)",Unfall 833 (2023) Kat:3, Licht: 0,833,3,2,2,08,13,4,,0,0,1,0,1
"POINT (10.206379464000065 52.473572143000069)",Unfall 834 (2023) Kat:3, Licht: 2,834,3,2,4,08,21,4,,2,0,1,0,0
"POINT (9.752295572000037 52.427360961000034)",Unfall 835 (2023) Kat:3, Licht: 0,835,3,6,2,08,15,4,,0,0,1,0,0
"POINT (9.728546858000072 52.373889351000059)",Unfall 836 (2023) Kat:3, Licht: 0,836,3,6,2,08,19,1,,0,0,1,0,0
"POINT (9.748675321000064 52.369206617000032)",Unfall 837 (2023) Kat:3, Licht: 0,837,3,3,5,08,17,3,,0,1,1,0,0
"POINT (9.639102537000042 52.415783935000036)",Unfall 838 (2023) Kat:3, Licht: 0,838,3,7,4,08,10,3,,0,0,1,0,0
"POINT (9.722845665000023 52.421564914000044)",Unfall 839 (2023) Kat:3, Licht: 0,839,3,6,2,08,13,3,,0,0,1,0,0
"POINT (9.756028463000064 52.234111814000073)",Unfall 840 (2023) Kat:3, Licht: 0,840,3,6,2,08,07,3,,0,0,1,0,0
"POINT (9.696426789000043 52.379432525000027)",Unfall 841 (2023) Kat:2, Licht: 2,841,2,1,9,08,22,3,,2,0,1,0,0
"POINT (9.480926168000053 52.391855601000032)",Unfall 842 (2023) Kat:3, Licht: 0,842,3,6,2,08,17,3,,0,0,1,0,0
"POINT (9.455695453000033 52.374988810000048)",Unfall 843 (2023) Kat:3, Licht: 0,843,3,6,3,08,14,3,,0,0,1,0,0
"POINT (9.757748326000069 52.243008323000026)",Unfall 844 (2023) Kat:1, Licht: 1,844,1,3,5,08,07,3,,1,0,1,0,0
"POINT (9.730492479000077 52.370791357000030)",Unfall 845 (2023) Kat:3, Licht: 0,845,3,3,5,08,16,3,,0,1,1,0,0
"POINT (9.699829401000045 52.416354624000064)",Unfall 846 (2023) Kat:3, Licht: 2,846,3,6,2,07,22,2,,2,0,1,0,0
"POINT (9.418297274000054 52.331658237000056)",Unfall 847 (2023) Kat:3, Licht: 0,847,3,6,2,07,11,2,,0,0,1,0,0
"POINT (9.640496436000035 52.472967712000070)",Unfall 848 (2023) Kat:3, Licht: 0,848,3,2,2,07,16,2,,0,0,1,0,0
"POINT (9.723534000000029 52.377902273000075)",Unfall 849 (2023) Kat:3, Licht: 0,849,3,3,5,07,13,2,,0,1,1,0,0
"POINT (9.735176564000028 52.403558775000079)",Unfall 850 (2023) Kat:3, Licht: 2,850,3,2,6,07,04,2,,2,0,1,1,0
"POINT (9.646553671000049 52.398990036000043)",Unfall 851 (2023) Kat:3, Licht: 0,851,3,7,0,07,13,1,,0,1,0,0,0
"POINT (9.731773002000068 52.434389770000053)",Unfall 852 (2023) Kat:3, Licht: 0,852,3,5,0,07,16,1,,0,0,1,0,1
"POINT (9.784492479000050 52.383946135000031)",Unfall 853 (2023) Kat:3, Licht: 0,853,3,6,2,07,14,1,,0,0,1,0,0
"POINT (9.746002237000027 52.208728025000028)",Unfall 854 (2023) Kat:3, Licht: 0,854,3,6,2,07,11,7,,0,0,1,0,0
"POINT (9.921486907000030 52.394901895000032)",Unfall 855 (2023) Kat:3, Licht: 0,855,3,7,9,07,15,7,,0,0,0,0,0
"POINT (9.801019621000023 52.396562112000026)",Unfall 856 (2023) Kat:3, Licht: 2,856,3,6,2,08,05,3,,2,0,1,0,0
"POINT (9.970426268000040 52.387577298000053)",Unfall 857 (2023) Kat:3, Licht: 0,857,3,3,5,08,11,3,,0,0,1,0,0
"POINT (9.797541024000054 52.416361712000082)",Unfall 858 (2023) Kat:3, Licht: 0,858,3,3,5,07,17,6,,0,0,1,0,0
"POINT (9.528013879000071 52.196565777000046)",Unfall 859 (2023) Kat:3, Licht: 0,859,3,3,5,07,14,6,,0,0,1,0,0
"POINT (9.615150119000077 52.430219426000065)",Unfall 860 (2023) Kat:3, Licht: 2,860,3,1,0,07,02,6,,2,0,1,0,1
"POINT (9.820520421000026 52.293665950000047)",Unfall 861 (2023) Kat:3, Licht: 0,861,3,3,5,07,10,6,,0,0,1,0,0
"POINT (9.800475769000059 52.219538794000073)",Unfall 862 (2023) Kat:3, Licht: 2,862,3,1,8,07,20,5,,2,0,1,0,0
"POINT (9.792927318000068 52.556885500000078)",Unfall 863 (2023) Kat:3, Licht: 0,863,3,1,0,07,07,5,,0,1,0,0,0
"POINT (10.135836110000071 52.415820498000073)",Unfall 864 (2023) Kat:3, Licht: 0,864,3,1,9,07,18,5,,0,0,1,0,0
"POINT (9.728354354000032 52.374117827000077)",Unfall 865 (2023) Kat:3, Licht: 2,865,3,6,3,07,22,4,,2,1,0,0,0
"POINT (9.883080220000068 52.359232376000080)",Unfall 866 (2023) Kat:3, Licht: 0,866,3,1,9,07,18,4,,0,0,0,0,1
"POINT (9.627136694000058 52.423210789000052)",Unfall 867 (2023) Kat:3, Licht: 0,867,3,6,2,07,15,3,,0,0,1,0,0
"POINT (9.651583624000068 52.415466809000065)",Unfall 868 (2023) Kat:3, Licht: 0,868,3,7,0,07,14,3,,0,1,0,0,0
"POINT (9.707824186000039 52.423694999000077)",Unfall 869 (2023) Kat:3, Licht: 0,869,3,3,5,07,08,3,,0,1,1,0,0
"POINT (9.736191000000076 52.399292206000041)",Unfall 870 (2023) Kat:3, Licht: 0,870,3,6,2,07,12,3,,0,0,1,0,0
"POINT (9.566207954000049 52.458765020000044)",Unfall 871 (2023) Kat:3, Licht: 0,871,3,7,6,07,17,3,,0,0,1,1,0
"POINT (10.014335763000076 52.382773880000059)",Unfall 872 (2023) Kat:2, Licht: 0,872,2,2,4,07,14,3,,0,0,1,0,0
"POINT (9.796958636000056 52.347383782000065)",Unfall 873 (2023) Kat:3, Licht: 0,873,3,6,2,07,12,3,,0,0,1,0,0
"POINT (9.638261792000037 52.416154382000059)",Unfall 874 (2023) Kat:3, Licht: 0,874,3,6,4,07,16,2,,0,0,1,0,0
"POINT (9.375918793000039 52.433405778000065)",Unfall 875 (2023) Kat:3, Licht: 0,875,3,2,2,07,14,2,,0,0,1,0,0
"POINT (9.589905165000062 52.439081328000043)",Unfall 876 (2023) Kat:3, Licht: 0,876,3,2,5,07,17,2,,0,0,1,0,0
"POINT (9.768781805000060 52.520762149000063)",Unfall 877 (2023) Kat:3, Licht: 0,877,3,7,8,07,08,2,,0,0,1,0,0
"POINT (9.811287502000027 52.333037493000063)",Unfall 878 (2023) Kat:3, Licht: 0,878,3,1,9,07,18,2,,0,0,1,0,0
"POINT (9.679103548000057 52.433802321000030)",Unfall 879 (2023) Kat:2, Licht: 0,879,2,4,6,07,13,2,,0,0,1,1,0
"POINT (9.755472326000074 52.427288710000028)",Unfall 880 (2023) Kat:3, Licht: 0,880,3,6,3,07,14,2,,0,0,1,0,0
"POINT (9.611312901000076 52.433220071000051)",Unfall 881 (2023) Kat:2, Licht: 0,881,2,2,3,07,15,2,,0,1,1,0,0
"POINT (9.795340420000059 52.550283243000081)",Unfall 882 (2023) Kat:3, Licht: 0,882,3,6,2,07,11,2,,0,0,1,0,0
"POINT (9.765167684000062 52.583742313000073)",Unfall 883 (2023) Kat:3, Licht: 0,883,3,6,3,07,08,2,,0,0,1,0,0
"POINT (9.743369401000052 52.537353177000057)",Unfall 884 (2023) Kat:3, Licht: 0,884,3,1,0,07,17,1,,0,1,0,0,0
"POINT (9.794637297000065 52.536579154000037)",Unfall 885 (2023) Kat:3, Licht: 0,885,3,6,2,08,11,2,,0,0,1,0,0
"POINT (9.783737232000021 52.243408470000077)",Unfall 886 (2023) Kat:3, Licht: 0,886,3,6,2,07,15,7,,0,0,1,0,0
"POINT (9.659086412000022 52.440637955000057)",Unfall 887 (2023) Kat:3, Licht: 0,887,3,6,0,07,16,7,,0,0,1,0,0
"POINT (9.676943707000021 52.357009232000053)",Unfall 888 (2023) Kat:2, Licht: 0,888,2,2,5,07,18,7,,0,0,1,0,0
"POINT (9.709020322000072 52.408606342000041)",Unfall 889 (2023) Kat:3, Licht: 0,889,3,3,5,07,12,7,,0,1,0,0,0
"POINT (9.611360704000049 52.392048865000049)",Unfall 890 (2023) Kat:3, Licht: 0,890,3,3,5,07,12,6,,0,1,1,0,0
"POINT (9.572832437000045 52.425201010000080)",Unfall 891 (2023) Kat:3, Licht: 0,891,3,6,2,07,15,6,,0,0,1,0,0
"POINT (9.770162883000069 52.580264740000075)",Unfall 892 (2023) Kat:3, Licht: 0,892,3,6,2,07,17,6,,0,0,1,0,0
"POINT (9.736173267000026 52.399418442000069)",Unfall 893 (2023) Kat:3, Licht: 0,893,3,2,5,07,09,6,,0,1,1,0,0
"POINT (9.723640093000029 52.379380236000031)",Unfall 894 (2023) Kat:3, Licht: 0,894,3,6,3,07,19,5,,0,0,1,0,0
"POINT (9.697775274000037 52.377112688000068)",Unfall 895 (2023) Kat:3, Licht: 0,895,3,6,2,07,12,5,,0,0,1,0,0
"POINT (9.435504666000043 52.420617422000078)",Unfall 896 (2023) Kat:3, Licht: 0,896,3,2,2,07,11,5,,0,0,1,0,1
"POINT (9.857937970000023 52.432983708000052)",Unfall 897 (2023) Kat:3, Licht: 0,897,3,4,6,07,17,5,,0,1,0,1,0
"POINT (9.895585319000077 52.413048155000070)",Unfall 898 (2023) Kat:3, Licht: 0,898,3,6,2,07,07,5,,0,0,1,0,0
"POINT (9.621902872000021 52.315072098000030)",Unfall 899 (2023) Kat:2, Licht: 2,899,2,6,4,07,22,4,,2,0,1,0,0
"POINT (10.069235214000059 52.305470395000043)",Unfall 900 (2023) Kat:2, Licht: 0,900,2,1,8,07,17,4,,0,0,1,0,0
"POINT (9.709936816000038 52.421196082000051)",Unfall 901 (2023) Kat:3, Licht: 0,901,3,1,8,07,09,4,,0,0,1,0,0
"POINT (9.712717606000069 52.402038898000058)",Unfall 902 (2023) Kat:3, Licht: 0,902,3,2,3,07,10,6,,0,1,0,0,0
"POINT (9.727391983000075 52.381251896000038)",Unfall 903 (2023) Kat:3, Licht: 1,903,3,6,2,07,21,3,,1,0,1,0,0
"POINT (9.746172985000044 52.184341764000067)",Unfall 904 (2023) Kat:3, Licht: 0,904,3,2,2,07,18,3,,0,0,1,0,1
"POINT (9.917703277000044 52.437160346000041)",Unfall 905 (2023) Kat:3, Licht: 0,905,3,7,8,07,10,3,,0,0,1,0,0
"POINT (9.756002344000024 52.352703969000061)",Unfall 906 (2023) Kat:3, Licht: 1,906,3,2,5,07,20,2,,1,0,1,0,0
"POINT (9.745034540000063 52.369035825000026)",Unfall 907 (2023) Kat:3, Licht: 0,907,3,3,5,07,15,2,,0,1,1,0,0
"POINT (9.597504082000057 52.387882637000075)",Unfall 908 (2023) Kat:3, Licht: 0,908,3,3,5,07,14,2,,0,1,1,0,0
"POINT (9.626960372000042 52.266883186000030)",Unfall 909 (2023) Kat:3, Licht: 0,909,3,6,4,07,15,2,,0,1,0,0,0
"POINT (9.574207935000061 52.421256860000028)",Unfall 910 (2023) Kat:3, Licht: 0,910,3,7,1,07,15,2,,0,0,1,0,0
"POINT (9.614041752000048 52.392229848000056)",Unfall 911 (2023) Kat:3, Licht: 0,911,3,2,3,07,17,3,,0,1,1,0,0
"POINT (9.773828659000060 52.370996718000072)",Unfall 912 (2023) Kat:3, Licht: 0,912,3,6,2,07,18,1,,0,0,1,0,0
"POINT (9.744326436000051 52.367868105000070)",Unfall 913 (2023) Kat:3, Licht: 0,913,3,7,0,07,13,1,,0,1,0,0,0
"POINT (9.769249884000033 52.288697704000072)",Unfall 914 (2023) Kat:3, Licht: 0,914,3,7,2,07,10,1,,0,1,0,0,0
"POINT (9.721535936000066 52.338012819000028)",Unfall 915 (2023) Kat:3, Licht: 0,915,3,6,2,08,09,2,,0,0,1,0,0
"POINT (9.568990871000040 52.399526376000040)",Unfall 916 (2023) Kat:3, Licht: 0,916,3,7,0,07,08,7,,0,1,0,0,0
"POINT (9.606046839000044 52.636862586000063)",Unfall 917 (2023) Kat:3, Licht: 0,917,3,1,8,07,16,7,,0,0,1,0,0
"POINT (9.761496908000026 52.370486439000047)",Unfall 918 (2023) Kat:3, Licht: 0,918,3,6,2,07,17,6,,0,0,1,0,0
"POINT (9.735758273000044 52.400118836000047)",Unfall 919 (2023) Kat:3, Licht: 0,919,3,7,0,07,19,6,,0,1,0,0,0
"POINT (9.734782400000029 52.390553389000047)",Unfall 920 (2023) Kat:3, Licht: 0,920,3,6,2,07,14,6,,0,0,1,0,0
"POINT (9.480289939000045 52.377338482000027)",Unfall 921 (2023) Kat:3, Licht: 0,921,3,3,5,07,16,6,,0,0,1,0,1
"POINT (9.611241994000068 52.432529028000033)",Unfall 922 (2023) Kat:3, Licht: 0,922,3,2,2,07,11,6,,0,0,1,0,0
"POINT (9.971176475000050 52.386723261000043)",Unfall 923 (2023) Kat:3, Licht: 1,923,3,7,0,07,21,6,,1,1,0,0,0
"POINT (9.897163012000021 52.305479691000073)",Unfall 924 (2023) Kat:3, Licht: 0,924,3,7,9,07,16,6,,0,0,0,0,1
"POINT (9.597079294000025 52.423398547000033)",Unfall 925 (2023) Kat:3, Licht: 0,925,3,6,2,07,09,6,,0,0,0,0,0
"POINT (9.799959812000054 52.407217376000062)",Unfall 926 (2023) Kat:3, Licht: 0,926,3,6,0,07,14,6,,0,1,0,1,0
"POINT (9.851189354000041 52.491283150000072)",Unfall 927 (2023) Kat:3, Licht: 0,927,3,2,4,07,11,6,,0,0,1,0,0
"POINT (9.815388355000039 52.303457436000031)",Unfall 928 (2023) Kat:3, Licht: 0,928,3,6,2,07,13,5,,0,1,0,0,0
"POINT (9.690061667000066 52.385752483000033)",Unfall 929 (2023) Kat:3, Licht: 2,929,3,6,2,07,22,5,,2,0,1,0,0
"POINT (9.585441349000064 52.435288416000049)",Unfall 930 (2023) Kat:3, Licht: 0,930,3,2,2,07,15,5,,0,0,1,0,0
"POINT (9.718812683000067 52.439847732000032)",Unfall 931 (2023) Kat:3, Licht: 0,931,3,6,2,07,18,5,,0,0,1,0,0
"POINT (9.737754299000073 52.368222251000077)",Unfall 932 (2023) Kat:3, Licht: 0,932,3,2,2,07,12,4,,0,1,0,0,0
"POINT (9.691707381000072 52.376718555000082)",Unfall 933 (2023) Kat:3, Licht: 0,933,3,7,0,07,16,4,,0,0,1,0,0
"POINT (9.804022408000037 52.407880188000036)",Unfall 934 (2023) Kat:2, Licht: 0,934,2,4,6,07,13,4,,0,1,0,1,0
"POINT (9.788863350000042 52.371968035000066)",Unfall 935 (2023) Kat:3, Licht: 0,935,3,7,6,07,13,4,,0,0,0,1,0
"POINT (9.712014627000030 52.405138154000042)",Unfall 936 (2023) Kat:3, Licht: 0,936,3,2,5,07,12,2,,0,1,1,0,0
"POINT (9.651353151000023 52.419602423000072)",Unfall 937 (2023) Kat:3, Licht: 0,937,3,2,3,07,06,3,,0,1,1,0,0
"POINT (9.843823981000071 52.388957907000076)",Unfall 938 (2023) Kat:3, Licht: 0,938,3,5,1,07,17,3,,0,1,1,0,0
"POINT (9.451292708000040 52.329593946000045)",Unfall 939 (2023) Kat:3, Licht: 0,939,3,2,2,07,15,3,,0,0,1,0,0
"POINT (9.618458620000069 52.421403724000072)",Unfall 940 (2023) Kat:3, Licht: 0,940,3,6,2,07,19,3,,0,0,1,0,0
"POINT (9.722998630000063 52.358128537000027)",Unfall 941 (2023) Kat:3, Licht: 0,941,3,6,2,07,11,2,,0,0,1,0,0
"POINT (9.646399474000077 52.400827990000039)",Unfall 942 (2023) Kat:3, Licht: 0,942,3,2,2,07,16,2,,0,0,1,0,0
"POINT (9.613996014000065 52.316349461000073)",Unfall 943 (2023) Kat:3, Licht: 0,943,3,3,5,07,20,2,,0,1,1,0,0
"POINT (9.455524337000043 52.517035300000032)",Unfall 944 (2023) Kat:3, Licht: 0,944,3,7,2,07,13,2,,0,0,1,0,0
"POINT (9.820249365000052 52.406595617000050)",Unfall 945 (2023) Kat:3, Licht: 0,945,3,6,2,07,16,2,,0,0,1,0,0
"POINT (9.706208705000051 52.430126692000044)",Unfall 946 (2023) Kat:3, Licht: 0,946,3,6,2,07,17,2,,0,0,1,0,0
"POINT (9.714268776000040 52.362155797000071)",Unfall 947 (2023) Kat:3, Licht: 2,947,3,2,5,07,23,1,,2,0,1,0,0
"POINT (9.718642039000031 52.316012129000057)",Unfall 948 (2023) Kat:3, Licht: 0,948,3,1,1,07,14,5,,0,1,1,0,0
"POINT (9.719350148000046 52.367349423000064)",Unfall 949 (2023) Kat:3, Licht: 0,949,3,4,6,07,20,1,,0,1,0,1,0
"POINT (9.769240037000031 52.337273835000076)",Unfall 950 (2023) Kat:3, Licht: 0,950,3,2,3,07,18,1,,0,1,1,0,0
"POINT (9.392919695000046 52.431370952000066)",Unfall 951 (2023) Kat:3, Licht: 0,951,3,2,2,07,19,1,,0,0,1,0,0
"POINT (9.728315781000049 52.579115594000029)",Unfall 952 (2023) Kat:3, Licht: 0,952,3,2,4,07,20,1,,0,1,1,0,0
"POINT (9.765587346000075 52.430262953000067)",Unfall 953 (2023) Kat:3, Licht: 0,953,3,3,5,07,18,1,,0,1,1,0,0