WKT,Name,OBJECTID,UKATEGORIE,UTYP1,UART,UMONAT,USTUNDE,UWOCHENTAG,STRZUSTAND,ULICHTVERH,ISTRAD,ISTPKW,ISTFUSS,ISTKRAD
"POINT (9.543442499000037 52.340038636000031)",Unfall 954 (2023) Kat:2, Licht: 0,954,2,5,0,07,16,1,,0,0,1,0,1
"POINT (9.911129774000074 52.357454364000034)",Unfall 955 (2023) Kat:3, Licht: 0,955,3,3,5,07,13,6,,0,0,1,0,0
"POINT (9.827528715000028 52.360142165000070)",Unfall 956 (2023) Kat:3, Licht: 0,956,3,7,6,07,10,7,,0,0,1,1,0
"POINT (9.364246710000032 52.502373232000082)",Unfall 957 (2023) Kat:3, Licht: 0,957,3,1,0,07,15,7,,0,1,0,0,0
"POINT (9.609260891000076 52.292633397000031)",Unfall 958 (2023) Kat:2, Licht: 0,958,2,6,3,07,21,7,,0,1,0,0,0
"POINT (9.579808349000075 52.188620531000026)",Unfall 959 (2023) Kat:2, Licht: 0,959,2,1,8,07,13,7,,0,0,1,0,0
"POINT (9.564160027000071 52.441032604000043)",Unfall 960 (2023) Kat:3, Licht: 0,960,3,2,2,07,06,5,,0,0,1,0,0
"POINT (9.713659772000028 52.366662103000067)",Unfall 961 (2023) Kat:3, Licht: 0,961,3,5,0,07,16,6,,0,1,1,0,0
"POINT (9.630701103000035 52.330673167000043)",Unfall 962 (2023) Kat:3, Licht: 0,962,3,2,0,07,16,6,,0,1,1,0,0
"POINT (9.666894761000037 52.339298139000050)",Unfall 963 (2023) Kat:3, Licht: 2,963,3,1,7,07,23,6,,2,1,0,0,0
"POINT (9.964103919000024 52.310369177000041)",Unfall 964 (2023) Kat:3, Licht: 0,964,3,2,2,07,12,6,,0,0,1,0,0
"POINT (9.679172391000066 52.433643058000030)",Unfall 965 (2023) Kat:3, Licht: 0,965,3,3,5,07,07,6,,0,0,1,0,0
"POINT (9.841137836000030 52.491148820000035)",Unfall 966 (2023) Kat:3, Licht: 0,966,3,6,2,07,13,6,,0,0,1,0,0
"POINT (9.760045434000062 52.587591370000041)",Unfall 967 (2023) Kat:3, Licht: 0,967,3,6,2,07,11,6,,0,0,1,0,0
"POINT (9.799880596000037 52.407579724000072)",Unfall 968 (2023) Kat:3, Licht: 0,968,3,7,0,07,16,6,,0,1,0,0,0
"POINT (9.712014738000050 52.441125268000064)",Unfall 969 (2023) Kat:3, Licht: 0,969,3,6,2,07,07,3,,0,0,1,0,0
"POINT (10.171171829000059 52.359032114000058)",Unfall 970 (2023) Kat:3, Licht: 0,970,3,6,2,07,10,6,,0,0,1,0,0
"POINT (9.717068382000036 52.346367755000074)",Unfall 971 (2023) Kat:3, Licht: 0,971,3,2,4,07,16,5,,0,0,1,0,0
"POINT (9.808536963000051 52.337186805000044)",Unfall 972 (2023) Kat:3, Licht: 0,972,3,6,2,07,15,5,,0,0,1,0,0
"POINT (9.792180271000063 52.393437592000055)",Unfall 973 (2023) Kat:3, Licht: 0,973,3,6,2,07,14,5,,0,0,1,0,0
"POINT (9.722575160000076 52.378425234000076)",Unfall 974 (2023) Kat:3, Licht: 0,974,3,2,5,07,08,5,,0,1,0,0,0
"POINT (9.642593620000071 52.414639584000042)",Unfall 975 (2023) Kat:3, Licht: 0,975,3,6,2,07,08,4,,0,0,1,0,0
"POINT (9.713936998000065 52.361240082000052)",Unfall 976 (2023) Kat:3, Licht: 0,976,3,6,2,07,09,4,,0,0,0,0,0
"POINT (9.463201198000036 52.513215178000053)",Unfall 977 (2023) Kat:3, Licht: 0,977,3,6,2,07,13,4,,0,0,1,0,0
"POINT (9.978896873000053 52.375028752000048)",Unfall 978 (2023) Kat:2, Licht: 2,978,2,7,0,07,22,4,,2,1,0,0,0
"POINT (10.256239057000073 52.457488198000078)",Unfall 979 (2023) Kat:3, Licht: 0,979,3,6,3,07,10,4,,0,1,1,0,0
"POINT (9.785835388000066 52.335308393000048)",Unfall 980 (2023) Kat:3, Licht: 0,980,3,3,5,07,15,4,,0,1,1,0,0
"POINT (9.743263491000050 52.272441574000027)",Unfall 981 (2023) Kat:3, Licht: 0,981,3,3,5,07,14,5,,0,0,1,0,0
"POINT (9.851137555000037 52.491519388000029)",Unfall 982 (2023) Kat:3, Licht: 0,982,3,1,0,07,17,2,,0,0,0,0,1
"POINT (9.762827970000046 52.370569870000054)",Unfall 983 (2023) Kat:3, Licht: 0,983,3,6,2,07,12,3,,0,0,1,0,0
"POINT (9.728367276000029 52.374102491000031)",Unfall 984 (2023) Kat:3, Licht: 1,984,3,2,5,07,21,3,,1,1,0,0,0
"POINT (9.726876068000024 52.375633967000056)",Unfall 985 (2023) Kat:3, Licht: 0,985,3,2,2,07,06,3,,0,0,1,0,0
"POINT (9.678482395000060 52.359424015000059)",Unfall 986 (2023) Kat:3, Licht: 0,986,3,6,2,07,15,3,,0,0,1,0,0
"POINT (9.429139214000031 52.432596887000045)",Unfall 987 (2023) Kat:3, Licht: 0,987,3,3,5,07,08,3,,0,0,1,0,0
"POINT (9.801063051000028 52.429360341000063)",Unfall 988 (2023) Kat:3, Licht: 0,988,3,2,0,07,08,3,,0,0,1,0,0
"POINT (9.735907932000032 52.612668561000078)",Unfall 989 (2023) Kat:3, Licht: 0,989,3,6,2,07,16,2,,0,0,1,0,0
"POINT (9.904500278000057 52.280553000000054)",Unfall 990 (2023) Kat:3, Licht: 1,990,3,7,9,07,04,1,,1,0,1,0,0
"POINT (9.732262554000044 52.369460286000049)",Unfall 991 (2023) Kat:3, Licht: 0,991,3,6,0,07,16,1,,0,1,0,0,0
"POINT (10.172288550000076 52.400417528000048)",Unfall 992 (2023) Kat:2, Licht: 0,992,2,7,8,07,13,1,,0,0,1,0,0
"POINT (9.474024505000045 52.389441653000063)",Unfall 993 (2023) Kat:3, Licht: 0,993,3,7,0,07,06,3,,0,1,0,0,0
"POINT (9.793395927000063 52.557049490000054)",Unfall 994 (2023) Kat:3, Licht: 0,994,3,6,2,07,08,3,,0,0,1,0,0
"POINT (9.782345655000029 52.362387505000072)",Unfall 995 (2023) Kat:3, Licht: 0,995,3,1,9,08,15,3,,0,0,1,0,0
"POINT (9.503601752000066 52.285383726000077)",Unfall 996 (2023) Kat:3, Licht: 2,996,3,1,0,07,00,7,,2,1,0,0,0
"POINT (10.202501253000037 52.463875647000066)",Unfall 997 (2023) Kat:2, Licht: 0,997,2,1,0,07,19,7,,0,1,0,0,0
"POINT (9.640507414000069 52.472944470000073)",Unfall 998 (2023) Kat:3, Licht: 0,998,3,2,2,07,17,2,,0,0,1,0,0
"POINT (9.733453441000051 52.417234451000070)",Unfall 999 (2023) Kat:3, Licht: 0,999,3,3,0,07,13,2,,0,1,1,0,0
"POINT (9.749315464000063 52.209328471000049)",Unfall 1000 (2023) Kat:2, Licht: 0,1000,2,7,4,07,15,6,,0,0,1,0,0
"POINT (9.725873753000030 52.388695556000073)",Unfall 1001 (2023) Kat:3, Licht: 0,1001,3,7,0,06,11,6,,0,1,0,0,0
"POINT (9.853724585000066 52.390444872000046)",Unfall 1002 (2023) Kat:3, Licht: 0,1002,3,2,5,06,13,6,,0,1,0,0,0
"POINT (9.569727545000035 52.290261727000029)",Unfall 1003 (2023) Kat:3, Licht: 0,1003,3,1,8,06,12,6,,0,0,1,0,0
"POINT (9.958604703000049 52.372739736000028)",Unfall 1004 (2023) Kat:3, Licht: 0,1004,3,7,0,06,18,6,,0,1,0,0,0
"POINT (9.842051534000063 52.486321331000056)",Unfall 1005 (2023) Kat:3, Licht: 0,1005,3,6,9,06,17,6,,0,0,1,0,0
"POINT (9.722405854000044 52.452492926000048)",Unfall 1006 (2023) Kat:3, Licht: 0,1006,3,7,8,07,20,2,,0,0,1,0,0
"POINT (9.719844239000054 52.367750983000064)",Unfall 1007 (2023) Kat:3, Licht: 0,1007,3,7,0,06,19,5,,0,1,0,0,0
"POINT (9.603946140000062 52.333473527000081)",Unfall 1008 (2023) Kat:3, Licht: 0,1008,3,6,2,06,12,5,,0,0,1,0,1
"POINT (9.589948141000036 52.412537585000052)",Unfall 1009 (2023) Kat:3, Licht: 0,1009,3,7,2,06,15,5,,0,0,1,0,0
"POINT (9.759592308000038 52.521940316000041)",Unfall 1010 (2023) Kat:3, Licht: 0,1010,3,3,5,06,17,5,,0,0,1,0,0
"POINT (9.778389274000062 52.454461849000040)",Unfall 1011 (2023) Kat:3, Licht: 0,1011,3,6,2,06,14,5,,0,0,1,0,0
"POINT (9.730148172000042 52.368697161000057)",Unfall 1012 (2023) Kat:3, Licht: 0,1012,3,3,5,06,15,5,,0,1,1,0,0
"POINT (9.868283585000029 52.309732427000029)",Unfall 1013 (2023) Kat:3, Licht: 0,1013,3,2,5,06,06,5,,0,0,1,0,0
"POINT (9.698475329000075 52.345510771000079)",Unfall 1014 (2023) Kat:3, Licht: 0,1014,3,6,2,07,13,5,,0,0,1,0,0
"POINT (9.818073657000070 52.297309203000054)",Unfall 1015 (2023) Kat:3, Licht: 1,1015,3,7,0,06,07,4,,1,1,0,0,0
"POINT (9.459931429000051 52.306973346000063)",Unfall 1016 (2023) Kat:3, Licht: 0,1016,3,3,5,06,05,4,,0,1,1,0,0
"POINT (9.841840677000050 52.416001377000043)",Unfall 1017 (2023) Kat:3, Licht: 0,1017,3,6,3,06,16,4,,0,0,1,0,0
"POINT (9.710854713000060 52.406143400000076)",Unfall 1018 (2023) Kat:3, Licht: 0,1018,3,1,0,06,21,4,,0,0,0,0,0
"POINT (9.434781357000077 52.380473529000028)",Unfall 1019 (2023) Kat:2, Licht: 0,1019,2,6,4,06,13,4,,0,0,1,0,0
"POINT (9.730158050000057 52.368700470000078)",Unfall 1020 (2023) Kat:3, Licht: 0,1020,3,3,5,06,20,3,,0,1,1,0,0
"POINT (9.690581878000046 52.377002845000050)",Unfall 1021 (2023) Kat:3, Licht: 0,1021,3,3,5,07,18,2,,0,1,1,0,0
"POINT (9.838375702000064 52.361633795000046)",Unfall 1022 (2023) Kat:3, Licht: 0,1022,3,3,5,07,20,6,,0,1,1,0,0
"POINT (9.827878514000076 52.360974420000048)",Unfall 1023 (2023) Kat:3, Licht: 0,1023,3,1,0,07,09,3,,0,1,0,0,0
"POINT (9.712424492000025 52.366724858000055)",Unfall 1024 (2023) Kat:3, Licht: 0,1024,3,7,8,06,10,2,,0,1,0,0,0
"POINT (9.723364708000076 52.440383512000039)",Unfall 1025 (2023) Kat:3, Licht: 0,1025,3,3,0,06,18,2,,0,0,1,0,1
"POINT (9.859563154000057 52.520797644000027)",Unfall 1026 (2023) Kat:3, Licht: 0,1026,3,1,9,06,08,2,,0,0,1,0,0
"POINT (9.969739191000031 52.469842883000069)",Unfall 1027 (2023) Kat:3, Licht: 0,1027,3,6,2,06,11,2,,0,0,1,0,0
"POINT (9.689900118000025 52.430176417000041)",Unfall 1028 (2023) Kat:3, Licht: 0,1028,3,1,8,06,14,2,,0,0,0,0,0
"POINT (9.860892414000034 52.383625231000053)",Unfall 1029 (2023) Kat:2, Licht: 0,1029,2,7,0,06,17,1,,0,1,0,0,0
"POINT (9.860439036000059 52.517441837000035)",Unfall 1030 (2023) Kat:3, Licht: 0,1030,3,3,5,06,17,1,,0,0,1,0,0
"POINT (9.802469074000044 52.340575936000050)",Unfall 1031 (2023) Kat:3, Licht: 2,1031,3,7,9,06,23,1,,2,0,1,0,0
"POINT (9.764371271000073 52.584520968000049)",Unfall 1032 (2023) Kat:3, Licht: 0,1032,3,6,2,06,12,1,,0,0,1,0,0
"POINT (9.863045020000072 52.373183050000080)",Unfall 1033 (2023) Kat:3, Licht: 0,1033,3,6,2,08,14,5,,0,0,1,0,0
"POINT (9.802380540000058 52.539618627000038)",Unfall 1034 (2023) Kat:3, Licht: 0,1034,3,6,2,06,11,7,,0,0,1,0,0
"POINT (9.749325670000076 52.596971124000049)",Unfall 1035 (2023) Kat:3, Licht: 0,1035,3,6,2,06,10,7,,0,0,1,0,0
"POINT (9.631250645000023 52.262028013000076)",Unfall 1036 (2023) Kat:3, Licht: 0,1036,3,6,2,07,17,6,,0,0,1,0,0
"POINT (9.706676067000046 52.430077569000048)",Unfall 1037 (2023) Kat:3, Licht: 0,1037,3,7,8,06,14,3,,0,0,1,0,0
"POINT (9.749135800000033 52.361901556000078)",Unfall 1038 (2023) Kat:3, Licht: 0,1038,3,6,2,06,14,6,,0,0,1,0,0
"POINT (9.732937294000067 52.421130653000034)",Unfall 1039 (2023) Kat:3, Licht: 0,1039,3,6,2,06,15,6,,0,0,1,0,0
"POINT (9.686390304000042 52.375018930000067)",Unfall 1040 (2023) Kat:3, Licht: 0,1040,3,1,4,06,10,6,,0,0,1,0,0
"POINT (9.750383099000032 52.221055448000072)",Unfall 1041 (2023) Kat:3, Licht: 0,1041,3,1,8,06,09,6,,0,0,1,0,0
"POINT (9.697340338000060 52.213870720000045)",Unfall 1042 (2023) Kat:3, Licht: 0,1042,3,6,2,06,13,6,,0,0,1,0,0
"POINT (9.588468756000054 52.412966078000068)",Unfall 1043 (2023) Kat:3, Licht: 2,1043,3,1,8,06,23,6,,2,0,0,0,0
"POINT (9.725738327000045 52.546900858000072)",Unfall 1044 (2023) Kat:3, Licht: 0,1044,3,2,4,06,17,6,,0,0,1,0,0
"POINT (9.860611514000027 52.494310773000052)",Unfall 1045 (2023) Kat:3, Licht: 0,1045,3,4,6,06,10,6,,0,0,1,1,0
"POINT (9.799744303000068 52.344029377000027)",Unfall 1046 (2023) Kat:3, Licht: 0,1046,3,6,2,06,19,6,,0,0,1,0,0
"POINT (9.819745655000077 52.406348920000028)",Unfall 1047 (2023) Kat:3, Licht: 0,1047,3,6,2,06,15,2,,0,0,1,0,1
"POINT (9.898644381000054 52.403956165000068)",Unfall 1048 (2023) Kat:3, Licht: 0,1048,3,6,2,06,16,6,,0,0,1,0,0
"POINT (9.729596673000060 52.420674613000074)",Unfall 1049 (2023) Kat:2, Licht: 0,1049,2,3,5,06,09,6,,0,0,1,0,0
"POINT (9.467858544000023 52.382141267000065)",Unfall 1050 (2023) Kat:3, Licht: 0,1050,3,1,8,06,06,6,,0,0,1,0,0
"POINT (9.668101265000075 52.427944401000047)",Unfall 1051 (2023) Kat:3, Licht: 0,1051,3,1,3,06,08,6,,0,0,1,0,0
"POINT (9.621827309000025 52.522458035000056)",Unfall 1052 (2023) Kat:3, Licht: 0,1052,3,7,1,08,13,7,,0,0,0,0,1
"POINT (9.585448302000032 52.435294478000060)",Unfall 1053 (2023) Kat:3, Licht: 0,1053,3,2,2,07,17,5,,0,0,1,0,0
"POINT (9.287975604000053 52.489080177000062)",Unfall 1054 (2023) Kat:3, Licht: 0,1054,3,1,9,08,17,4,,0,0,1,0,0
"POINT (9.490841621000072 52.416418764000070)",Unfall 1055 (2023) Kat:3, Licht: 0,1055,3,1,8,06,20,5,,0,0,0,0,0
"POINT (9.727501533000066 52.510917203000076)",Unfall 1056 (2023) Kat:3, Licht: 0,1056,3,2,2,06,15,5,,0,0,1,0,0
"POINT (9.818382211000028 52.409212047000040)",Unfall 1057 (2023) Kat:2, Licht: 0,1057,2,7,8,06,18,5,,0,0,1,0,0
"POINT (9.745097732000033 52.601486129000079)",Unfall 1058 (2023) Kat:3, Licht: 0,1058,3,7,8,06,09,5,,0,0,1,0,0
"POINT (9.725219009000057 52.389656111000079)",Unfall 1059 (2023) Kat:3, Licht: 0,1059,3,5,1,06,16,5,,0,0,1,0,0
"POINT (9.729422596000063 52.385033818000068)",Unfall 1060 (2023) Kat:3, Licht: 0,1060,3,2,2,06,14,5,,0,0,1,0,0
"POINT (10.118622055000060 52.457379035000031)",Unfall 1061 (2023) Kat:3, Licht: 0,1061,3,2,2,07,17,2,,0,0,1,0,0
"POINT (9.647466166000072 52.413422534000063)",Unfall 1062 (2023) Kat:3, Licht: 2,1062,3,3,5,07,22,2,,2,1,0,0,1
"POINT (9.774964025000031 52.371277408000026)",Unfall 1063 (2023) Kat:3, Licht: 0,1063,3,6,2,06,20,4,,0,0,1,0,0
"POINT (9.827223444000026 52.358746448000034)",Unfall 1064 (2023) Kat:3, Licht: 0,1064,3,6,2,06,17,4,,0,0,1,0,0
"POINT (9.474271677000047 52.389265284000032)",Unfall 1065 (2023) Kat:3, Licht: 0,1065,3,3,5,06,08,4,,0,1,1,0,0
"POINT (10.012803331000043 52.447169239000061)",Unfall 1066 (2023) Kat:2, Licht: 0,1066,2,2,5,06,17,4,,0,0,1,0,1
"POINT (10.119309839000039 52.363530475000061)",Unfall 1067 (2023) Kat:3, Licht: 0,1067,3,6,2,06,15,4,,0,0,1,0,0
"POINT (9.722920317000046 52.458331321000060)",Unfall 1068 (2023) Kat:3, Licht: 0,1068,3,7,8,06,11,4,,0,0,1,0,0
"POINT (9.832275354000046 52.422138226000072)",Unfall 1069 (2023) Kat:3, Licht: 0,1069,3,6,3,06,08,4,,0,0,1,0,0
"POINT (9.969793386000049 52.389700529000038)",Unfall 1070 (2023) Kat:3, Licht: 0,1070,3,6,2,06,16,4,,0,0,0,0,0
"POINT (9.751894507000031 52.358322129000044)",Unfall 1071 (2023) Kat:3, Licht: 0,1071,3,3,5,06,10,4,,0,1,1,0,0
"POINT (9.437694768000028 52.362858891000030)",Unfall 1072 (2023) Kat:3, Licht: 0,1072,3,7,2,07,17,5,,0,0,1,0,0
"POINT (9.459810376000064 52.305942607000077)",Unfall 1073 (2023) Kat:3, Licht: 0,1073,3,2,2,06,07,4,,0,0,0,0,0
"POINT (9.743741176000071 52.369017875000054)",Unfall 1074 (2023) Kat:3, Licht: 0,1074,3,2,1,06,06,3,,0,1,1,0,0
"POINT (9.664552917000037 52.384328842000059)",Unfall 1075 (2023) Kat:3, Licht: 0,1075,3,5,3,06,08,3,,0,0,1,0,0
"POINT (9.663304807000031 52.239687647000039)",Unfall 1076 (2023) Kat:3, Licht: 0,1076,3,7,0,06,13,3,,0,1,0,0,0
"POINT (9.446190952000052 52.504610960000036)",Unfall 1077 (2023) Kat:3, Licht: 0,1077,3,1,0,06,20,3,,0,1,0,0,0
"POINT (9.795320185000037 52.550318717000039)",Unfall 1078 (2023) Kat:3, Licht: 0,1078,3,6,2,08,12,1,,0,0,1,0,0
"POINT (9.463021279000031 52.513212307000060)",Unfall 1079 (2023) Kat:3, Licht: 0,1079,3,6,2,06,07,3,,0,0,1,0,0
"POINT (9.633877443000074 52.354455025000050)",Unfall 1080 (2023) Kat:3, Licht: 1,1080,3,1,9,07,06,6,,1,0,1,0,0
"POINT (9.508118494000030 52.428090780000048)",Unfall 1081 (2023) Kat:3, Licht: 0,1081,3,6,4,07,12,5,,0,0,1,0,0
"POINT (9.448736604000032 52.308262719000027)",Unfall 1082 (2023) Kat:3, Licht: 0,1082,3,3,5,06,13,3,,0,1,1,0,0
"POINT (9.760970956000051 52.521342272000027)",Unfall 1083 (2023) Kat:3, Licht: 0,1083,3,6,2,06,07,3,,0,0,1,0,0
"POINT (9.965632144000040 52.315661147000071)",Unfall 1084 (2023) Kat:3, Licht: 0,1084,3,4,6,06,14,3,,0,0,0,1,1
"POINT (9.802531094000074 52.434662167000056)",Unfall 1085 (2023) Kat:3, Licht: 0,1085,3,6,2,06,17,3,,0,0,1,0,0
"POINT (9.702409311000054 52.422660602000065)",Unfall 1086 (2023) Kat:3, Licht: 0,1086,3,5,1,06,15,3,,0,0,1,0,0
"POINT (9.819363066000051 52.338845606000064)",Unfall 1087 (2023) Kat:3, Licht: 0,1087,3,3,5,06,12,3,,0,0,1,0,1
"POINT (9.603421651000076 52.333515697000053)",Unfall 1088 (2023) Kat:3, Licht: 0,1088,3,6,2,06,16,3,,0,0,1,0,0
"POINT (9.771118804000025 52.342809566000028)",Unfall 1089 (2023) Kat:3, Licht: 0,1089,3,6,2,06,19,2,,0,0,1,0,1
"POINT (9.647379135000051 52.397102131000054)",Unfall 1090 (2023) Kat:3, Licht: 0,1090,3,6,4,06,07,2,,0,1,0,0,0
"POINT (9.608787138000025 52.318468521000057)",Unfall 1091 (2023) Kat:3, Licht: 0,1091,3,3,5,06,19,2,,0,0,1,0,1
"POINT (9.506666766000023 52.551213056000051)",Unfall 1092 (2023) Kat:3, Licht: 0,1092,3,6,4,06,19,2,,0,0,1,0,0
"POINT (9.481106370000020 52.503091666000046)",Unfall 1093 (2023) Kat:3, Licht: 0,1093,3,1,8,06,17,2,,0,0,0,0,0
"POINT (9.467703026000038 52.461386806000064)",Unfall 1094 (2023) Kat:3, Licht: 0,1094,3,1,8,06,13,2,,0,0,0,0,0
"POINT (10.093626342000050 52.483183856000039)",Unfall 1095 (2023) Kat:3, Licht: 0,1095,3,3,5,06,16,2,,0,1,1,0,0
"POINT (9.738527122000050 52.609455769000078)",Unfall 1096 (2023) Kat:3, Licht: 0,1096,3,6,2,06,15,2,,0,0,1,0,0
"POINT (9.928506747000029 52.439786525000045)",Unfall 1097 (2023) Kat:3, Licht: 0,1097,3,7,8,06,11,2,,0,0,0,0,0
"POINT (9.793874397000025 52.351253910000082)",Unfall 1098 (2023) Kat:3, Licht: 0,1098,3,6,2,06,12,2,,0,0,1,0,0
"POINT (9.686051990000067 52.347580869000069)",Unfall 1099 (2023) Kat:2, Licht: 1,1099,2,6,2,06,20,2,,1,0,1,0,1
"POINT (9.827113494000059 52.343874188000029)",Unfall 1100 (2023) Kat:3, Licht: 0,1100,3,2,5,06,17,2,,0,0,1,0,1
"POINT (9.863935548000029 52.377657880000072)",Unfall 1101 (2023) Kat:3, Licht: 0,1101,3,1,0,06,05,2,,0,1,0,0,0
"POINT (9.735977180000077 52.546545093000077)",Unfall 1102 (2023) Kat:3, Licht: 0,1102,3,2,3,07,11,6,,0,1,1,0,0
"POINT (9.780384473000026 52.270095353000045)",Unfall 1103 (2023) Kat:3, Licht: 2,1103,3,2,5,06,22,1,,2,0,1,0,1
"POINT (9.570050134000041 52.452245892000064)",Unfall 1104 (2023) Kat:3, Licht: 0,1104,3,6,8,06,14,1,,0,0,1,0,0
"POINT (9.731412212000066 52.429392301000064)",Unfall 1105 (2023) Kat:3, Licht: 0,1105,3,6,2,06,18,1,,0,0,1,0,0
"POINT (9.863534742000070 52.329840649000062)",Unfall 1106 (2023) Kat:3, Licht: 0,1106,3,7,2,06,17,1,,0,0,1,0,0
"POINT (9.860678841000038 52.490003468000054)",Unfall 1107 (2023) Kat:3, Licht: 0,1107,3,3,5,06,07,6,,0,1,1,0,0
"POINT (9.710470401000066 52.406590083000026)",Unfall 1108 (2023) Kat:3, Licht: 0,1108,3,6,2,06,14,3,,0,0,1,0,0
"POINT (9.734372854000071 52.389267539000059)",Unfall 1109 (2023) Kat:3, Licht: 0,1109,3,6,2,06,12,7,,0,0,1,0,0
"POINT (9.739856947000021 52.337743047000060)",Unfall 1110 (2023) Kat:3, Licht: 0,1110,3,6,2,06,21,7,,0,0,1,0,0
"POINT (9.620983418000037 52.254533521000042)",Unfall 1111 (2023) Kat:2, Licht: 0,1111,2,5,1,06,14,7,,0,1,1,0,0
"POINT (9.698924462000036 52.374436675000027)",Unfall 1112 (2023) Kat:3, Licht: 2,1112,3,6,2,06,01,7,,2,0,1,0,0
"POINT (9.536643185000059 52.486637287000065)",Unfall 1113 (2023) Kat:2, Licht: 0,1113,2,1,0,06,14,7,,0,1,0,0,0
"POINT (9.518392566000045 52.410092770000063)",Unfall 1114 (2023) Kat:3, Licht: 2,1114,3,6,4,07,00,5,,2,0,1,0,0
"POINT (9.477326195000046 52.387299020000057)",Unfall 1115 (2023) Kat:3, Licht: 0,1115,3,2,5,06,05,3,,0,0,1,0,0
"POINT (9.696372188000055 52.379818489000058)",Unfall 1116 (2023) Kat:3, Licht: 0,1116,3,2,3,08,18,1,,0,0,1,0,0
"POINT (9.646900574000028 52.413552013000071)",Unfall 1117 (2023) Kat:3, Licht: 0,1117,3,6,2,06,18,6,,0,0,1,0,0
"POINT (9.708994683000071 52.408636025000078)",Unfall 1118 (2023) Kat:3, Licht: 0,1118,3,3,5,06,17,6,,0,1,1,0,0
"POINT (9.561284210000053 52.459653453000044)",Unfall 1119 (2023) Kat:3, Licht: 0,1119,3,2,5,06,11,6,,0,1,1,0,0
"POINT (9.928464664000046 52.347171310000078)",Unfall 1120 (2023) Kat:3, Licht: 0,1120,3,6,2,06,17,6,,0,0,1,0,0
"POINT (9.456061001000023 52.375384016000055)",Unfall 1121 (2023) Kat:3, Licht: 1,1121,3,7,8,06,04,6,,1,0,0,0,0
"POINT (9.723075980000033 52.378156327000056)",Unfall 1122 (2023) Kat:3, Licht: 0,1122,3,7,0,06,14,4,,0,0,0,0,0
"POINT (9.642326966000041 52.414553427000044)",Unfall 1123 (2023) Kat:3, Licht: 0,1123,3,6,4,06,18,2,,0,1,0,0,0
"POINT (9.697153971000034 52.347621876000062)",Unfall 1124 (2023) Kat:3, Licht: 0,1124,3,6,2,07,15,2,,0,0,1,0,0
"POINT (9.971482680000065 52.369214983000063)",Unfall 1125 (2023) Kat:3, Licht: 0,1125,3,3,5,06,13,5,,0,1,0,0,0
"POINT (9.680289883000057 52.431466231000059)",Unfall 1126 (2023) Kat:3, Licht: 0,1126,3,3,5,06,07,5,,0,0,1,0,1
"POINT (9.899867992000054 52.390813723000065)",Unfall 1127 (2023) Kat:3, Licht: 0,1127,3,6,2,06,13,5,,0,0,1,0,0
"POINT (9.733635775000039 52.368963379000036)",Unfall 1128 (2023) Kat:3, Licht: 0,1128,3,7,0,06,19,4,,0,1,0,0,0
"POINT (9.800190864000058 52.406306535000056)",Unfall 1129 (2023) Kat:3, Licht: 0,1129,3,4,6,06,10,4,,0,0,0,1,0
"POINT (9.790954166000063 52.227616642000044)",Unfall 1130 (2023) Kat:1, Licht: 2,1130,1,1,9,06,00,4,,2,0,1,0,0
"POINT (9.746348497000042 52.211599227000079)",Unfall 1131 (2023) Kat:3, Licht: 0,1131,3,6,2,06,14,4,,0,0,1,0,0
"POINT (9.825473150000050 52.290265206000072)",Unfall 1132 (2023) Kat:3, Licht: 0,1132,3,6,2,08,09,7,,0,0,1,0,0
"POINT (9.480363953000051 52.294859032000033)",Unfall 1133 (2023) Kat:3, Licht: 0,1133,3,3,5,07,12,4,,0,1,1,0,0
"POINT (9.908137373000045 52.294020526000054)",Unfall 1134 (2023) Kat:3, Licht: 0,1134,3,6,0,07,11,2,,0,0,1,0,1
"POINT (9.715436831000034 52.359778334000055)",Unfall 1135 (2023) Kat:3, Licht: 0,1135,3,6,3,06,07,3,,0,0,1,0,0
"POINT (9.771528918000058 52.342854025000065)",Unfall 1136 (2023) Kat:3, Licht: 0,1136,3,6,2,06,13,3,,0,0,1,0,0
"POINT (9.448591440000030 52.439009701000032)",Unfall 1137 (2023) Kat:3, Licht: 0,1137,3,6,4,06,18,3,,0,1,0,0,0
"POINT (9.727441472000066 52.438984876000063)",Unfall 1138 (2023) Kat:3, Licht: 0,1138,3,2,3,06,16,3,,0,1,0,0,0
"POINT (9.643561023000075 52.438815168000076)",Unfall 1139 (2023) Kat:3, Licht: 0,1139,3,6,2,06,16,3,,0,0,1,0,0
"POINT (9.779504633000045 52.371542452000028)",Unfall 1140 (2023) Kat:2, Licht: 0,1140,2,6,3,06,16,3,,0,1,0,0,0
"POINT (9.818007767000040 52.427807519000055)",Unfall 1141 (2023) Kat:3, Licht: 0,1141,3,6,2,06,07,3,,0,0,1,0,1
"POINT (9.418209040000022 52.452234997000062)",Unfall 1142 (2023) Kat:3, Licht: 0,1142,3,3,5,06,19,3,,0,1,1,0,0
"POINT (9.728448432000050 52.368009432000065)",Unfall 1143 (2023) Kat:3, Licht: 0,1143,3,3,5,06,12,3,,0,1,1,0,0
"POINT (9.707318086000043 52.424360527000033)",Unfall 1144 (2023) Kat:3, Licht: 0,1144,3,2,2,06,17,4,,0,0,1,0,0
"POINT (9.646786743000064 52.397453467000048)",Unfall 1145 (2023) Kat:3, Licht: 0,1145,3,6,2,08,13,5,,0,0,1,0,0
"POINT (9.659109654000076 52.348772675000077)",Unfall 1146 (2023) Kat:3, Licht: 0,1146,3,7,8,08,17,4,,0,0,1,0,0