WKT,Name,OBJECTID,UKATEGORIE,UTYP1,UART,UMONAT,USTUNDE,UWOCHENTAG,STRZUSTAND,ULICHTVERH,ISTRAD,ISTPKW,ISTFUSS,ISTKRAD
"POINT (9.798378234000040 52.371024011000031)",Unfall 1147 (2023) Kat:3, Licht: 0,1147,3,3,5,06,13,2,,0,1,1,0,0
"POINT (9.758453163000070 52.349447453000039)",Unfall 1148 (2023) Kat:3, Licht: 0,1148,3,7,9,06,12,2,,0,1,0,0,0
"POINT (9.618301630000076 52.405831152000076)",Unfall 1149 (2023) Kat:3, Licht: 0,1149,3,2,2,06,08,2,,0,0,1,0,0
"POINT (9.690620978000027 52.346747105000077)",Unfall 1150 (2023) Kat:3, Licht: 0,1150,3,6,2,06,07,2,,0,0,1,0,0
"POINT (9.828056204000063 52.360905442000046)",Unfall 1151 (2023) Kat:3, Licht: 0,1151,3,7,0,06,07,2,,0,0,0,0,1
"POINT (9.357512892000045 52.453513402000056)",Unfall 1152 (2023) Kat:3, Licht: 0,1152,3,1,8,06,19,2,,0,0,0,0,1
"POINT (9.611639515000036 52.436951033000071)",Unfall 1153 (2023) Kat:3, Licht: 0,1153,3,3,5,06,07,2,,0,1,1,0,0
"POINT (9.761544623000077 52.432078249000028)",Unfall 1154 (2023) Kat:3, Licht: 0,1154,3,7,0,06,19,2,,0,1,0,0,0
"POINT (9.864773641000056 52.496557793000079)",Unfall 1155 (2023) Kat:3, Licht: 0,1155,3,3,5,06,17,2,,0,1,0,0,0
"POINT (9.868889346000060 52.434811339000078)",Unfall 1156 (2023) Kat:3, Licht: 0,1156,3,2,0,06,17,2,,0,1,1,0,0
"POINT (9.765097226000023 52.583789827000032)",Unfall 1157 (2023) Kat:3, Licht: 0,1157,3,6,2,06,13,2,,0,0,1,0,0
"POINT (9.636491808000073 52.422012401000075)",Unfall 1158 (2023) Kat:3, Licht: 0,1158,3,7,9,06,13,2,,0,0,1,0,0
"POINT (9.348905874000025 52.498979674000054)",Unfall 1159 (2023) Kat:2, Licht: 0,1159,2,1,8,06,09,2,,0,0,0,0,1
"POINT (9.801507092000065 52.557706207000081)",Unfall 1160 (2023) Kat:1, Licht: 0,1160,1,1,8,06,06,2,,0,0,1,0,0
"POINT (9.454036624000025 52.517960310000035)",Unfall 1161 (2023) Kat:2, Licht: 1,1161,2,1,0,06,21,2,,1,0,0,0,1
"POINT (9.954218558000036 52.321822715000053)",Unfall 1162 (2023) Kat:3, Licht: 0,1162,3,3,5,07,17,6,,0,0,1,0,1
"POINT (9.474262061000047 52.389272147000042)",Unfall 1163 (2023) Kat:2, Licht: 0,1163,2,3,5,07,20,7,,0,1,1,0,0
"POINT (9.735718731000077 52.467320306000033)",Unfall 1164 (2023) Kat:2, Licht: 1,1164,2,1,0,06,21,1,,1,0,0,0,0
"POINT (9.999314523000066 52.386859186000038)",Unfall 1165 (2023) Kat:3, Licht: 2,1165,3,7,6,07,00,4,,2,0,1,1,0
"POINT (9.746232230000032 52.186301860000071)",Unfall 1166 (2023) Kat:3, Licht: 0,1166,3,6,4,07,16,5,,0,0,1,0,0
"POINT (9.802826040000070 52.340119168000058)",Unfall 1167 (2023) Kat:3, Licht: 0,1167,3,6,2,06,17,1,,0,0,1,0,1
"POINT (9.734273813000073 52.387151164000045)",Unfall 1168 (2023) Kat:3, Licht: 0,1168,3,6,2,07,10,6,,0,0,1,0,0
"POINT (9.732972040000050 52.420798783000066)",Unfall 1169 (2023) Kat:3, Licht: 0,1169,3,2,5,06,17,1,,0,0,1,0,1
"POINT (9.691242363000072 52.332103102000076)",Unfall 1170 (2023) Kat:3, Licht: 0,1170,3,6,3,06,15,1,,0,0,1,0,0
"POINT (9.797658634000072 52.546287688000064)",Unfall 1171 (2023) Kat:3, Licht: 0,1171,3,6,2,06,13,1,,0,0,1,0,0
"POINT (9.733604367000055 52.438626734000081)",Unfall 1172 (2023) Kat:3, Licht: 0,1172,3,3,5,06,19,2,,0,1,1,0,0
"POINT (9.732511888000033 52.369423448000077)",Unfall 1173 (2023) Kat:3, Licht: 0,1173,3,6,2,06,20,7,,0,0,1,0,1
"POINT (9.682663136000031 52.308385241000053)",Unfall 1174 (2023) Kat:3, Licht: 0,1174,3,3,5,06,14,7,,0,0,1,0,0
"POINT (9.456599483000048 52.493913207000048)",Unfall 1175 (2023) Kat:3, Licht: 0,1175,3,6,2,06,18,7,,0,0,1,0,0
"POINT (9.728384453000047 52.374082102000045)",Unfall 1176 (2023) Kat:3, Licht: 0,1176,3,2,5,06,12,7,,0,1,1,0,0
"POINT (9.629212776000031 52.561259732000053)",Unfall 1177 (2023) Kat:3, Licht: 0,1177,3,2,0,06,17,5,,0,0,1,0,0
"POINT (9.635249293000072 52.416372930000080)",Unfall 1178 (2023) Kat:2, Licht: 0,1178,2,1,0,07,18,5,,0,0,0,0,1
"POINT (9.469172001000061 52.504493070000080)",Unfall 1179 (2023) Kat:3, Licht: 0,1179,3,7,6,06,14,1,,0,0,1,1,0
"POINT (9.833117113000071 52.338311766000061)",Unfall 1180 (2023) Kat:3, Licht: 0,1180,3,3,5,07,11,1,,0,0,1,0,0
"POINT (9.735881356000050 52.296373213000038)",Unfall 1181 (2023) Kat:3, Licht: 0,1181,3,3,5,06,17,6,,0,1,1,0,0
"POINT (9.566411092000067 52.297785406000060)",Unfall 1182 (2023) Kat:3, Licht: 0,1182,3,1,0,06,14,6,,0,1,0,0,0
"POINT (9.637145512000075 52.416768337000065)",Unfall 1183 (2023) Kat:2, Licht: 0,1183,2,1,0,06,16,6,,0,0,0,0,1
"POINT (9.738853847000030 52.437780778000047)",Unfall 1184 (2023) Kat:3, Licht: 0,1184,3,3,5,07,08,7,,0,1,1,0,0
"POINT (9.659859492000066 52.387408961000062)",Unfall 1185 (2023) Kat:3, Licht: 0,1185,3,3,5,06,12,6,,0,0,1,0,0
"POINT (9.786204322000060 52.565437319000068)",Unfall 1186 (2023) Kat:3, Licht: 0,1186,3,6,3,07,16,7,,0,0,1,0,0
"POINT (9.718520701000045 52.367301196000028)",Unfall 1187 (2023) Kat:3, Licht: 0,1187,3,1,0,06,19,2,,0,1,0,0,0
"POINT (9.667580745000066 52.341071128000067)",Unfall 1188 (2023) Kat:3, Licht: 0,1188,3,3,5,07,10,3,,0,1,1,0,0
"POINT (9.718394067000077 52.346039136000059)",Unfall 1189 (2023) Kat:3, Licht: 0,1189,3,6,2,06,08,5,,0,0,1,0,0
"POINT (9.735295972000074 52.393437986000038)",Unfall 1190 (2023) Kat:3, Licht: 0,1190,3,4,6,06,16,5,,0,1,0,1,0
"POINT (9.722515125000029 52.362838105000037)",Unfall 1191 (2023) Kat:3, Licht: 0,1191,3,2,3,06,16,5,,0,1,0,0,0
"POINT (9.813238005000073 52.305010114000027)",Unfall 1192 (2023) Kat:3, Licht: 0,1192,3,6,2,07,10,3,,0,0,1,0,0
"POINT (9.680851384000050 52.371950950000041)",Unfall 1193 (2023) Kat:3, Licht: 2,1193,3,1,8,06,00,5,,2,0,1,0,0
"POINT (9.800331161000031 52.406145559000038)",Unfall 1194 (2023) Kat:3, Licht: 0,1194,3,2,5,06,17,5,,0,1,0,0,0
"POINT (9.630483593000065 52.330647041000077)",Unfall 1195 (2023) Kat:3, Licht: 0,1195,3,6,2,06,15,5,,0,0,1,0,0
"POINT (9.503824047000023 52.289454214000045)",Unfall 1196 (2023) Kat:3, Licht: 0,1196,3,7,6,06,14,5,,0,1,0,1,0
"POINT (9.899675809000030 52.399319635000040)",Unfall 1197 (2023) Kat:2, Licht: 0,1197,2,6,2,06,09,5,,0,0,0,0,0
"POINT (9.423852252000074 52.349440733000051)",Unfall 1198 (2023) Kat:2, Licht: 0,1198,2,6,2,06,10,5,,0,0,1,0,0
"POINT (9.634424389000060 52.419753240000034)",Unfall 1199 (2023) Kat:3, Licht: 0,1199,3,6,8,06,14,5,,0,0,1,0,0
"POINT (9.775920947000031 52.194100233000029)",Unfall 1200 (2023) Kat:3, Licht: 1,1200,3,3,5,07,21,2,,1,0,1,0,0
"POINT (9.789822338000022 52.560078564000037)",Unfall 1201 (2023) Kat:3, Licht: 0,1201,3,7,3,07,19,1,,0,0,1,0,0
"POINT (9.785423580000042 52.386721232000070)",Unfall 1202 (2023) Kat:3, Licht: 0,1202,3,6,8,06,14,1,,0,0,1,0,0
"POINT (9.779584573000022 52.327482429000042)",Unfall 1203 (2023) Kat:3, Licht: 0,1203,3,4,6,07,13,6,,0,0,1,1,0
"POINT (9.731565356000033 52.618393551000054)",Unfall 1204 (2023) Kat:3, Licht: 0,1204,3,6,2,06,12,4,,0,0,1,0,0
"POINT (9.465085355000042 52.398151966000057)",Unfall 1205 (2023) Kat:3, Licht: 0,1205,3,3,5,07,10,5,,0,0,1,0,0
"POINT (9.746937374000026 52.369116481000049)",Unfall 1206 (2023) Kat:3, Licht: 0,1206,3,6,2,06,08,4,,0,0,1,0,0
"POINT (9.625522472000057 52.424409407000041)",Unfall 1207 (2023) Kat:3, Licht: 0,1207,3,6,2,06,18,4,,0,0,1,0,0
"POINT (9.755692987000032 52.232766893000075)",Unfall 1208 (2023) Kat:3, Licht: 0,1208,3,6,2,06,07,4,,0,0,1,0,0
"POINT (9.633712823000053 52.293582327000081)",Unfall 1209 (2023) Kat:3, Licht: 0,1209,3,6,2,06,08,4,,0,0,1,0,0
"POINT (9.585516139000049 52.435353615000054)",Unfall 1210 (2023) Kat:3, Licht: 0,1210,3,2,2,06,12,4,,0,0,1,0,0
"POINT (9.646337240000037 52.400078663000045)",Unfall 1211 (2023) Kat:3, Licht: 0,1211,3,6,2,06,13,4,,0,0,1,0,0
"POINT (9.876441804000024 52.435040992000040)",Unfall 1212 (2023) Kat:3, Licht: 0,1212,3,2,2,06,11,4,,0,0,1,0,0
"POINT (9.966189844000041 52.471658165000065)",Unfall 1213 (2023) Kat:3, Licht: 0,1213,3,3,5,06,18,4,,0,0,1,0,1
"POINT (9.837050849000036 52.421023922000074)",Unfall 1214 (2023) Kat:3, Licht: 0,1214,3,2,2,06,14,4,,0,0,1,0,0
"POINT (9.795348858000068 52.312447009000039)",Unfall 1215 (2023) Kat:3, Licht: 0,1215,3,6,3,06,19,3,,0,0,1,0,1
"POINT (9.836894587000074 52.277217805000078)",Unfall 1216 (2023) Kat:3, Licht: 0,1216,3,1,0,06,16,3,,0,1,0,0,0
"POINT (9.750673940000070 52.359906771000055)",Unfall 1217 (2023) Kat:3, Licht: 0,1217,3,7,0,06,14,3,,0,1,0,0,0
"POINT (9.673165499000049 52.348599427000067)",Unfall 1218 (2023) Kat:3, Licht: 0,1218,3,6,2,06,12,3,,0,0,1,0,0
"POINT (9.833620037000060 52.419115286000078)",Unfall 1219 (2023) Kat:3, Licht: 0,1219,3,2,4,06,17,3,,0,0,1,0,0
"POINT (9.813223530000073 52.305018579000034)",Unfall 1220 (2023) Kat:3, Licht: 1,1220,3,1,7,06,21,1,,1,0,0,0,0
"POINT (9.462506717000053 52.379097781000041)",Unfall 1221 (2023) Kat:3, Licht: 0,1221,3,6,3,06,14,3,,0,0,1,0,0
"POINT (9.799706757000024 52.408347911000078)",Unfall 1222 (2023) Kat:3, Licht: 0,1222,3,7,0,06,13,3,,0,0,0,0,0
"POINT (9.728888974000029 52.372961664000059)",Unfall 1223 (2023) Kat:3, Licht: 0,1223,3,2,5,06,11,3,,0,1,0,0,0
"POINT (9.753978085000028 52.370034476000058)",Unfall 1224 (2023) Kat:3, Licht: 0,1224,3,6,2,06,07,3,,0,0,1,0,0
"POINT (9.608575427000062 52.343449026000030)",Unfall 1225 (2023) Kat:3, Licht: 0,1225,3,3,5,07,15,1,,0,1,1,0,0
"POINT (9.552715692000049 52.453686558000072)",Unfall 1226 (2023) Kat:3, Licht: 0,1226,3,1,8,06,10,5,,0,0,0,0,0
"POINT (9.489542549000021 52.490645341000061)",Unfall 1227 (2023) Kat:3, Licht: 0,1227,3,2,5,07,16,3,,0,0,1,0,0
"POINT (9.751894062000076 52.358322702000066)",Unfall 1228 (2023) Kat:3, Licht: 0,1228,3,2,6,06,09,6,,0,0,1,1,0
"POINT (9.721188625000025 52.368099392000033)",Unfall 1229 (2023) Kat:2, Licht: 0,1229,2,7,7,07,16,7,,0,1,0,0,0
"POINT (9.658175398000026 52.388175952000040)",Unfall 1230 (2023) Kat:3, Licht: 0,1230,3,2,4,06,07,2,,0,1,1,0,0
"POINT (9.623244600000021 52.217598054000064)",Unfall 1231 (2023) Kat:3, Licht: 0,1231,3,3,5,06,18,2,,0,0,1,0,1
"POINT (9.726878377000048 52.318319453000072)",Unfall 1232 (2023) Kat:3, Licht: 0,1232,3,6,3,06,16,2,,0,1,0,0,0
"POINT (9.611654212000076 52.436399956000059)",Unfall 1233 (2023) Kat:3, Licht: 0,1233,3,7,3,06,15,2,,0,1,1,0,0
"POINT (9.990972046000024 52.368493361000048)",Unfall 1234 (2023) Kat:3, Licht: 0,1234,3,6,0,06,18,2,,0,1,0,0,0
"POINT (9.765540455000064 52.430284116000053)",Unfall 1235 (2023) Kat:3, Licht: 0,1235,3,3,5,06,21,2,,0,1,1,0,0
"POINT (9.589233781000075 52.423737009000035)",Unfall 1236 (2023) Kat:3, Licht: 0,1236,3,6,3,06,18,2,,0,0,1,0,0
"POINT (9.797143299000027 52.414331626000035)",Unfall 1237 (2023) Kat:3, Licht: 0,1237,3,7,0,06,14,2,,0,1,0,0,0
"POINT (9.723181123000074 52.368396468000071)",Unfall 1238 (2023) Kat:2, Licht: 0,1238,2,1,0,06,12,2,,0,0,0,0,0
"POINT (9.745998234000069 52.366347168000061)",Unfall 1239 (2023) Kat:3, Licht: 0,1239,3,7,0,06,11,1,,0,1,0,0,0
"POINT (9.722200299000065 52.421546597000031)",Unfall 1240 (2023) Kat:3, Licht: 0,1240,3,2,4,06,15,1,,0,0,1,0,0
"POINT (9.671980256000040 52.358507671000041)",Unfall 1241 (2023) Kat:3, Licht: 0,1241,3,7,5,06,12,1,,0,1,1,0,0
"POINT (9.719610795000051 52.367561802000068)",Unfall 1242 (2023) Kat:3, Licht: 2,1242,3,7,0,06,03,1,,2,0,0,0,0
"POINT (9.625982222000061 52.291461503000050)",Unfall 1243 (2023) Kat:3, Licht: 0,1243,3,1,0,06,12,1,,0,1,0,0,0
"POINT (9.723184711000044 52.442163794000066)",Unfall 1244 (2023) Kat:3, Licht: 0,1244,3,1,8,06,15,1,,0,0,0,0,1
"POINT (9.680474264000054 52.371932521000076)",Unfall 1245 (2023) Kat:3, Licht: 0,1245,3,2,5,06,12,1,,0,1,1,0,0
"POINT (9.920319551000034 52.294725528000072)",Unfall 1246 (2023) Kat:3, Licht: 0,1246,3,7,8,07,08,3,,0,0,0,0,0
"POINT (9.730752082000038 52.370885958000031)",Unfall 1247 (2023) Kat:3, Licht: 0,1247,3,4,6,06,11,7,,0,1,0,1,0
"POINT (9.733449194000059 52.384444415000075)",Unfall 1248 (2023) Kat:3, Licht: 0,1248,3,1,0,08,14,4,,0,0,0,0,1
"POINT (9.810196126000051 52.318323667000072)",Unfall 1249 (2023) Kat:3, Licht: 0,1249,3,6,2,07,16,6,,0,0,1,0,0
"POINT (9.452629118000061 52.445477908000043)",Unfall 1250 (2023) Kat:3, Licht: 0,1250,3,6,4,06,16,7,,0,1,0,0,0
"POINT (9.668110263000074 52.343478205000054)",Unfall 1251 (2023) Kat:3, Licht: 0,1251,3,7,0,06,10,7,,0,0,1,0,0
"POINT (9.724969183000042 52.521806801000082)",Unfall 1252 (2023) Kat:3, Licht: 0,1252,3,6,2,06,10,7,,0,0,1,0,0
"POINT (9.786792646000038 52.355934479000041)",Unfall 1253 (2023) Kat:3, Licht: 0,1253,3,1,8,06,21,7,,0,0,0,0,1
"POINT (9.765415036000036 52.583816810000030)",Unfall 1254 (2023) Kat:3, Licht: 0,1254,3,6,2,06,09,7,,0,0,1,0,0
"POINT (9.768221597000036 52.581836542000076)",Unfall 1255 (2023) Kat:3, Licht: 0,1255,3,6,2,06,09,7,,0,0,1,0,0
"POINT (9.782477219000043 52.325088298000026)",Unfall 1256 (2023) Kat:3, Licht: 0,1256,3,2,5,06,10,7,,0,0,1,0,0
"POINT (9.718310442000075 52.367199530000050)",Unfall 1257 (2023) Kat:1, Licht: 0,1257,1,1,0,07,13,4,,0,0,0,0,1
"POINT (9.486478818000023 52.395902327000044)",Unfall 1258 (2023) Kat:3, Licht: 0,1258,3,6,2,06,18,5,,0,0,1,0,0
"POINT (9.723555751000049 52.368238178000070)",Unfall 1259 (2023) Kat:3, Licht: 0,1259,3,6,2,07,14,4,,0,0,1,0,0
"POINT (9.754528980000032 52.340468952000037)",Unfall 1260 (2023) Kat:3, Licht: 1,1260,3,1,9,06,22,6,,1,0,1,0,0
"POINT (9.827584469000044 52.360775114000035)",Unfall 1261 (2023) Kat:3, Licht: 0,1261,3,6,6,08,16,1,,0,1,0,1,0
"POINT (9.683289676000072 52.373773926000069)",Unfall 1262 (2023) Kat:3, Licht: 0,1262,3,2,5,06,15,6,,0,0,1,0,0
"POINT (9.556482088000052 52.202475141000036)",Unfall 1263 (2023) Kat:3, Licht: 0,1263,3,2,2,06,16,6,,0,1,1,0,0
"POINT (9.730361979000065 52.318828647000032)",Unfall 1264 (2023) Kat:3, Licht: 0,1264,3,2,5,06,15,6,,0,0,1,0,1
"POINT (10.003085879000025 52.386437284000067)",Unfall 1265 (2023) Kat:3, Licht: 0,1265,3,6,3,06,15,6,,0,0,1,0,0
"POINT (9.629995894000047 52.420784695000066)",Unfall 1266 (2023) Kat:3, Licht: 0,1266,3,1,3,08,17,7,,0,0,1,0,0
"POINT (9.720333173000029 52.391553049000038)",Unfall 1267 (2023) Kat:3, Licht: 0,1267,3,2,0,06,13,3,,0,1,1,0,0
"POINT (9.698944788000063 52.347770635000074)",Unfall 1268 (2023) Kat:3, Licht: 0,1268,3,2,5,06,09,5,,0,0,1,0,0
"POINT (9.739066010000045 52.581559148000053)",Unfall 1269 (2023) Kat:2, Licht: 0,1269,2,1,0,06,16,5,,0,1,0,0,0
"POINT (9.810685294000052 52.318256806000079)",Unfall 1270 (2023) Kat:3, Licht: 0,1270,3,6,2,06,17,5,,0,0,1,0,0
"POINT (9.907461094000041 52.291472130000045)",Unfall 1271 (2023) Kat:3, Licht: 0,1271,3,1,9,08,08,3,,0,0,1,0,0
"POINT (9.716861800000061 52.396657747000063)",Unfall 1272 (2023) Kat:3, Licht: 0,1272,3,1,0,07,13,6,,0,1,0,0,0
"POINT (9.731601112000021 52.369536586000038)",Unfall 1273 (2023) Kat:3, Licht: 0,1273,3,6,2,05,11,4,,0,0,1,0,0
"POINT (9.827258664000055 52.351919817000066)",Unfall 1274 (2023) Kat:3, Licht: 0,1274,3,4,6,05,16,4,,0,0,1,1,0
"POINT (9.786758924000026 52.335276740000040)",Unfall 1275 (2023) Kat:3, Licht: 0,1275,3,2,5,05,09,4,,0,1,1,0,0
"POINT (9.517538085000069 52.173869928000045)",Unfall 1276 (2023) Kat:3, Licht: 0,1276,3,6,2,05,16,4,,0,0,1,0,0
"POINT (9.642231758000037 52.397000091000052)",Unfall 1277 (2023) Kat:3, Licht: 0,1277,3,5,1,05,11,4,,0,0,1,0,0
"POINT (9.476444003000040 52.301271076000035)",Unfall 1278 (2023) Kat:3, Licht: 0,1278,3,2,5,05,13,4,,0,1,1,0,0
"POINT (9.966914801000030 52.319377499000041)",Unfall 1279 (2023) Kat:3, Licht: 0,1279,3,2,2,05,07,4,,0,0,1,0,0
"POINT (9.718169799000066 52.367238966000059)",Unfall 1280 (2023) Kat:3, Licht: 0,1280,3,2,5,05,17,4,,0,1,0,0,0
"POINT (9.572498644000063 52.669115893000026)",Unfall 1281 (2023) Kat:3, Licht: 2,1281,3,7,9,07,22,7,,2,0,0,0,1
"POINT (9.824593542000059 52.362401859000045)",Unfall 1282 (2023) Kat:3, Licht: 0,1282,3,3,5,05,11,4,,0,0,1,0,0
"POINT (9.866496023000025 52.577349627000046)",Unfall 1283 (2023) Kat:3, Licht: 0,1283,3,6,8,06,14,5,,0,0,1,0,0
"POINT (9.750118352000072 52.296663542000033)",Unfall 1284 (2023) Kat:2, Licht: 0,1284,2,7,6,06,17,2,,0,1,0,1,0
"POINT (10.254951862000041 52.478106978000028)",Unfall 1285 (2023) Kat:3, Licht: 0,1285,3,6,2,06,06,2,,0,0,1,0,0
"POINT (9.732185972000025 52.383231899000066)",Unfall 1286 (2023) Kat:3, Licht: 0,1286,3,3,5,05,12,3,,0,0,1,0,0
"POINT (9.845509416000027 52.389981227000078)",Unfall 1287 (2023) Kat:2, Licht: 0,1287,2,3,5,05,12,3,,0,1,0,0,0
"POINT (9.730126854000048 52.368690019000042)",Unfall 1288 (2023) Kat:3, Licht: 0,1288,3,3,5,05,17,3,,0,1,1,0,0
"POINT (9.675441435000039 52.352101539000046)",Unfall 1289 (2023) Kat:3, Licht: 0,1289,3,3,5,05,12,3,,0,1,1,0,0
"POINT (9.571598887000050 52.337569318000078)",Unfall 1290 (2023) Kat:3, Licht: 2,1290,3,7,8,05,01,3,,2,0,1,0,0
"POINT (9.799404590000051 52.479511722000041)",Unfall 1291 (2023) Kat:3, Licht: 0,1291,3,1,8,05,15,3,,0,0,1,0,0
"POINT (9.782630808000022 52.569412927000030)",Unfall 1292 (2023) Kat:3, Licht: 0,1292,3,6,2,05,14,3,,0,0,1,0,0
"POINT (9.632867319000070 52.421340325000074)",Unfall 1293 (2023) Kat:3, Licht: 0,1293,3,6,3,05,11,3,,0,0,1,0,0
"POINT (9.745595404000028 52.369058425000048)",Unfall 1294 (2023) Kat:3, Licht: 0,1294,3,3,5,06,17,5,,0,1,1,0,0
"POINT (9.794087181000066 52.350246238000068)",Unfall 1295 (2023) Kat:3, Licht: 0,1295,3,1,9,07,06,1,,0,0,1,0,0
"POINT (9.782097989000022 52.325278542000035)",Unfall 1296 (2023) Kat:3, Licht: 0,1296,3,6,3,05,20,2,,0,0,1,0,1
"POINT (9.604178181000066 52.176566228000070)",Unfall 1297 (2023) Kat:3, Licht: 0,1297,3,7,0,05,10,2,,0,1,0,0,0
"POINT (9.476621921000060 52.521803993000049)",Unfall 1298 (2023) Kat:3, Licht: 0,1298,3,2,2,05,12,2,,0,0,1,0,0
"POINT (10.090618737000057 52.365385920000051)",Unfall 1299 (2023) Kat:3, Licht: 0,1299,3,1,8,05,13,2,,0,0,1,0,0
"POINT (9.452510745000041 52.433161121000069)",Unfall 1300 (2023) Kat:3, Licht: 0,1300,3,6,4,06,10,1,,0,1,0,0,0
"POINT (9.953200596000045 52.475476396000033)",Unfall 1301 (2023) Kat:3, Licht: 2,1301,3,1,8,07,23,3,,2,0,1,0,0
"POINT (9.858678157000043 52.306820567000045)",Unfall 1302 (2023) Kat:3, Licht: 0,1302,3,6,3,08,16,7,,0,0,1,0,0
"POINT (9.573159757000042 52.440139871000042)",Unfall 1303 (2023) Kat:3, Licht: 0,1303,3,3,5,05,20,1,,0,1,1,0,0
"POINT (9.455156003000070 52.306547657000067)",Unfall 1304 (2023) Kat:3, Licht: 0,1304,3,4,6,06,15,6,,0,0,1,1,0
"POINT (9.725402702000054 52.544285358000081)",Unfall 1305 (2023) Kat:3, Licht: 0,1305,3,2,2,05,16,1,,0,0,1,0,1
"POINT (9.546399388000054 52.272877426000036)",Unfall 1306 (2023) Kat:1, Licht: 0,1306,1,4,6,05,11,1,,0,0,0,1,1
"POINT (9.854941963000044 52.542695325000068)",Unfall 1307 (2023) Kat:2, Licht: 1,1307,2,7,9,05,04,1,,1,0,1,0,0
"POINT (9.851023387000055 52.410679495000068)",Unfall 1308 (2023) Kat:3, Licht: 0,1308,3,6,3,05,16,1,,0,0,1,0,0
"POINT (9.836903132000032 52.277203529000076)",Unfall 1309 (2023) Kat:3, Licht: 0,1309,3,7,0,05,19,1,,0,1,0,0,0
"POINT (9.728063660000032 52.292730489000064)",Unfall 1310 (2023) Kat:3, Licht: 0,1310,3,6,2,06,12,5,,0,0,1,0,0
"POINT (9.799217159000023 52.410305218000076)",Unfall 1311 (2023) Kat:3, Licht: 0,1311,3,7,0,07,09,4,,0,1,0,0,0
"POINT (9.714503739000065 52.361022397000056)",Unfall 1312 (2023) Kat:3, Licht: 0,1312,3,2,3,05,17,7,,0,0,1,0,0
"POINT (9.718844060000038 52.333641895000028)",Unfall 1313 (2023) Kat:3, Licht: 0,1313,3,6,2,05,11,7,,0,0,1,0,0
"POINT (9.430226201000039 52.424431309000056)",Unfall 1314 (2023) Kat:3, Licht: 0,1314,3,6,2,05,13,7,,0,0,1,0,0
"POINT (9.729398829000047 52.489825711000037)",Unfall 1315 (2023) Kat:3, Licht: 0,1315,3,3,5,05,15,7,,0,0,1,0,0
"POINT (9.719520885000065 52.477376012000036)",Unfall 1316 (2023) Kat:2, Licht: 0,1316,2,1,8,05,21,7,,0,0,0,0,1
"POINT (9.823444081000048 52.308362378000027)",Unfall 1317 (2023) Kat:3, Licht: 0,1317,3,6,3,05,13,7,,0,0,1,0,0
"POINT (9.725289801000031 52.487832938000054)",Unfall 1318 (2023) Kat:3, Licht: 0,1318,3,6,2,05,08,7,,0,0,1,0,0
"POINT (9.490891228000066 52.398454562000040)",Unfall 1319 (2023) Kat:3, Licht: 0,1319,3,6,9,05,06,7,,0,0,1,0,0
"POINT (9.515456468000025 52.411598026000036)",Unfall 1320 (2023) Kat:2, Licht: 0,1320,2,2,5,07,14,6,,0,0,1,0,0
"POINT (9.802802939000060 52.436375300000066)",Unfall 1321 (2023) Kat:3, Licht: 0,1321,3,1,0,06,17,3,,0,1,0,0,0
"POINT (9.731640867000067 52.369505793000030)",Unfall 1322 (2023) Kat:3, Licht: 0,1322,3,2,4,05,15,6,,0,1,1,1,0
"POINT (9.782481242000074 52.325080960000037)",Unfall 1323 (2023) Kat:3, Licht: 0,1323,3,7,0,05,13,6,,0,0,0,0,1
"POINT (9.768152636000025 52.302006917000028)",Unfall 1324 (2023) Kat:3, Licht: 0,1324,3,1,0,05,20,6,,0,1,0,0,0
"POINT (9.903894139000045 52.444983472000047)",Unfall 1325 (2023) Kat:3, Licht: 0,1325,3,6,2,05,12,6,,0,0,1,0,0
"POINT (9.812754815000062 52.329167733000077)",Unfall 1326 (2023) Kat:2, Licht: 0,1326,2,6,2,05,16,6,,0,0,1,0,0
"POINT (9.619012886000064 52.367884298000035)",Unfall 1327 (2023) Kat:2, Licht: 0,1327,2,7,9,05,14,6,,0,0,1,0,0
"POINT (9.710090913000045 52.520736477000071)",Unfall 1328 (2023) Kat:3, Licht: 0,1328,3,1,8,07,17,2,,0,0,1,0,0
"POINT (9.819881455000029 52.406348315000059)",Unfall 1329 (2023) Kat:3, Licht: 0,1329,3,6,2,05,17,6,,0,0,1,0,0
"POINT (9.699194703000046 52.430582485000059)",Unfall 1330 (2023) Kat:3, Licht: 0,1330,3,6,2,05,15,6,,0,0,1,0,0
"POINT (9.870689947000074 52.402077475000056)",Unfall 1331 (2023) Kat:3, Licht: 0,1331,3,6,3,05,14,6,,0,0,1,0,0
"POINT (9.738972227000033 52.608916746000034)",Unfall 1332 (2023) Kat:3, Licht: 0,1332,3,6,2,05,10,6,,0,0,1,0,0
"POINT (9.721453583000027 52.361350473000073)",Unfall 1333 (2023) Kat:3, Licht: 0,1333,3,1,8,05,13,6,,0,0,1,0,0
"POINT (9.709604297000055 52.441249599000059)",Unfall 1334 (2023) Kat:3, Licht: 0,1334,3,6,3,07,15,4,,0,0,1,0,1
"POINT (9.802016874000060 52.431184921000067)",Unfall 1335 (2023) Kat:3, Licht: 1,1335,3,6,3,07,21,2,,1,0,1,0,1
"POINT (9.734282292000046 52.427122347000079)",Unfall 1336 (2023) Kat:3, Licht: 0,1336,3,1,9,07,17,3,,0,0,0,0,1
"POINT (9.777601006000054 52.519506596000042)",Unfall 1337 (2023) Kat:3, Licht: 0,1337,3,6,2,07,10,3,,0,0,1,0,0
"POINT (9.798902417000022 52.344897638000077)",Unfall 1338 (2023) Kat:3, Licht: 0,1338,3,6,2,07,09,5,,0,0,1,0,0