WKT,Name,OBJECTID,UKATEGORIE,UTYP1,UART,UMONAT,USTUNDE,UWOCHENTAG,STRZUSTAND,ULICHTVERH,ISTRAD,ISTPKW,ISTFUSS,ISTKRAD
"POINT (9.997989976000042 52.317603165000037)",Unfall 1339 (2023) Kat:3, Licht: 0,1339,3,7,0,05,05,5,,0,0,0,0,1
"POINT (10.243526209000038 52.431413140000075)",Unfall 1340 (2023) Kat:3, Licht: 0,1340,3,3,5,05,17,5,,0,0,1,0,1
"POINT (9.723393899000030 52.440156768000065)",Unfall 1341 (2023) Kat:3, Licht: 0,1341,3,3,5,07,15,3,,0,0,0,0,0
"POINT (10.032100646000060 52.523667467000053)",Unfall 1342 (2023) Kat:3, Licht: 0,1342,3,6,2,05,15,5,,0,0,1,0,0
"POINT (9.645243114000039 52.423239671000033)",Unfall 1343 (2023) Kat:3, Licht: 0,1343,3,6,2,05,16,5,,0,0,1,0,0
"POINT (9.741158379000069 52.368296022000038)",Unfall 1344 (2023) Kat:3, Licht: 0,1344,3,6,0,05,13,5,,0,0,1,0,0
"POINT (9.690720820000024 52.422129977000054)",Unfall 1345 (2023) Kat:3, Licht: 0,1345,3,3,5,05,06,5,,0,0,0,0,0
"POINT (9.589511871000070 52.439234337000073)",Unfall 1346 (2023) Kat:3, Licht: 0,1346,3,6,2,06,14,7,,0,0,1,0,0
"POINT (9.470746827000028 52.358947649000072)",Unfall 1347 (2023) Kat:3, Licht: 1,1347,3,1,4,06,06,6,,1,0,1,0,0
"POINT (9.460067066000022 52.308125535000045)",Unfall 1348 (2023) Kat:3, Licht: 0,1348,3,2,3,06,16,6,,0,1,1,0,0
"POINT (9.420274945000074 52.465609103000077)",Unfall 1349 (2023) Kat:3, Licht: 1,1349,3,1,8,08,05,3,,1,0,0,0,1
"POINT (9.891334929000038 52.351048140000046)",Unfall 1350 (2023) Kat:3, Licht: 0,1350,3,3,5,05,06,4,,0,1,1,0,0
"POINT (9.682379821000040 52.275363943000059)",Unfall 1351 (2023) Kat:2, Licht: 0,1351,2,7,9,07,12,2,,0,0,1,0,0
"POINT (9.619026003000045 52.421349703000033)",Unfall 1352 (2023) Kat:2, Licht: 1,1352,2,6,3,05,20,4,,1,0,1,0,0
"POINT (9.644314068000028 52.296266290000062)",Unfall 1353 (2023) Kat:3, Licht: 0,1353,3,4,6,06,19,6,,0,1,0,1,0
"POINT (9.826145768000060 52.415067561000058)",Unfall 1354 (2023) Kat:3, Licht: 0,1354,3,3,5,07,07,6,,0,1,1,0,0
"POINT (9.693699557000059 52.381377271000076)",Unfall 1355 (2023) Kat:3, Licht: 0,1355,3,1,0,05,09,3,,0,0,0,0,1
"POINT (9.667628646000026 52.384078580000050)",Unfall 1356 (2023) Kat:3, Licht: 0,1356,3,1,1,05,05,3,,0,1,1,0,0
"POINT (9.440634972000055 52.417455942000061)",Unfall 1357 (2023) Kat:3, Licht: 0,1357,3,6,2,05,11,3,,0,0,1,0,0
"POINT (9.760581029000036 52.259720531000028)",Unfall 1358 (2023) Kat:3, Licht: 0,1358,3,4,6,05,13,3,,0,0,1,1,0
"POINT (9.679108454000072 52.433790969000029)",Unfall 1359 (2023) Kat:3, Licht: 0,1359,3,1,0,05,07,3,,0,1,0,0,0
"POINT (9.861176501000045 52.453436089000036)",Unfall 1360 (2023) Kat:3, Licht: 0,1360,3,6,2,05,07,3,,0,0,0,0,0
"POINT (9.808024763000049 52.374559478000037)",Unfall 1361 (2023) Kat:3, Licht: 0,1361,3,7,0,06,17,6,,0,1,0,1,0
"POINT (9.735075263000056 52.407295878000070)",Unfall 1362 (2023) Kat:3, Licht: 1,1362,3,2,5,07,17,5,,1,0,1,0,0
"POINT (9.961192050000022 52.302205958000059)",Unfall 1363 (2023) Kat:3, Licht: 0,1363,3,1,4,06,16,6,,0,0,1,0,0
"POINT (9.767787957000053 52.370861243000036)",Unfall 1364 (2023) Kat:3, Licht: 0,1364,3,6,3,05,10,2,,0,0,1,0,0
"POINT (9.585631139000043 52.392277128000046)",Unfall 1365 (2023) Kat:3, Licht: 0,1365,3,2,3,05,11,2,,0,0,1,0,0
"POINT (9.629721909000068 52.337871160000077)",Unfall 1366 (2023) Kat:3, Licht: 0,1366,3,1,0,05,15,2,,0,1,0,0,0
"POINT (9.735728371000050 52.400349315000028)",Unfall 1367 (2023) Kat:3, Licht: 0,1367,3,6,4,06,12,6,,0,1,0,0,0
"POINT (9.420232639000062 52.504401251000047)",Unfall 1368 (2023) Kat:3, Licht: 0,1368,3,7,8,05,20,2,,0,0,1,0,0
"POINT (9.802008276000038 52.341162913000062)",Unfall 1369 (2023) Kat:3, Licht: 2,1369,3,6,2,05,22,2,,2,0,1,0,0
"POINT (9.731033092000075 52.383617731000072)",Unfall 1370 (2023) Kat:3, Licht: 0,1370,3,3,5,05,07,2,,0,1,1,0,0
"POINT (9.753224689000035 52.369993632000046)",Unfall 1371 (2023) Kat:3, Licht: 0,1371,3,4,6,05,14,2,,0,0,1,1,0
"POINT (9.786559498000031 52.422634230000028)",Unfall 1372 (2023) Kat:3, Licht: 0,1372,3,7,0,06,20,1,,0,0,0,0,0
"POINT (9.733743099000037 52.384539104000055)",Unfall 1373 (2023) Kat:3, Licht: 0,1373,3,6,1,05,18,1,,0,0,1,0,0
"POINT (9.451477031000024 52.430637087000036)",Unfall 1374 (2023) Kat:3, Licht: 0,1374,3,2,4,05,13,1,,0,0,1,0,1
"POINT (9.618011759000069 52.377970000000062)",Unfall 1375 (2023) Kat:3, Licht: 0,1375,3,2,4,05,16,1,,0,1,1,0,0
"POINT (9.961034964000021 52.419895129000054)",Unfall 1376 (2023) Kat:2, Licht: 0,1376,2,1,0,05,12,1,,0,0,0,0,1
"POINT (9.545294929000022 52.421266596000066)",Unfall 1377 (2023) Kat:3, Licht: 0,1377,3,6,3,05,17,1,,0,0,1,0,0
"POINT (9.726137583000025 52.595885037000073)",Unfall 1378 (2023) Kat:2, Licht: 0,1378,2,1,0,05,13,1,,0,1,0,0,0
"POINT (9.458181178000075 52.376603586000044)",Unfall 1379 (2023) Kat:3, Licht: 0,1379,3,6,2,05,15,1,,0,0,1,0,0
"POINT (9.483633457000053 52.292720106000047)",Unfall 1380 (2023) Kat:3, Licht: 0,1380,3,4,5,08,16,7,,0,1,0,1,0
"POINT (9.971325191000062 52.386417338000058)",Unfall 1381 (2023) Kat:3, Licht: 0,1381,3,6,3,07,07,4,,0,0,1,0,0
"POINT (9.892620469000065 52.465547866000065)",Unfall 1382 (2023) Kat:3, Licht: 0,1382,3,2,2,06,13,3,,0,0,1,0,0
"POINT (9.823467187000062 52.506805205000035)",Unfall 1383 (2023) Kat:3, Licht: 0,1383,3,1,8,05,11,7,,0,0,1,0,0
"POINT (9.792790905000061 52.219553876000077)",Unfall 1384 (2023) Kat:3, Licht: 0,1384,3,5,4,06,12,7,,0,0,1,0,0
"POINT (9.732420703000059 52.369099723000033)",Unfall 1385 (2023) Kat:3, Licht: 0,1385,3,1,0,05,12,7,,0,0,0,0,0
"POINT (9.669309463000047 52.345854546000055)",Unfall 1386 (2023) Kat:3, Licht: 0,1386,3,3,5,07,07,4,,0,1,1,0,0
"POINT (9.450271985000029 52.467378637000081)",Unfall 1387 (2023) Kat:3, Licht: 0,1387,3,1,0,06,18,1,,0,1,0,0,0
"POINT (9.783824282000069 52.519882591000055)",Unfall 1388 (2023) Kat:3, Licht: 0,1388,3,6,4,08,18,6,,0,0,1,0,0
"POINT (9.659437718000049 52.276696299000037)",Unfall 1389 (2023) Kat:2, Licht: 0,1389,2,3,5,06,11,1,,0,1,1,0,0
"POINT (9.730710464000026 52.420721170000036)",Unfall 1390 (2023) Kat:3, Licht: 0,1390,3,3,5,05,14,6,,0,1,1,0,0
"POINT (9.854297815000052 52.390403975000027)",Unfall 1391 (2023) Kat:3, Licht: 0,1391,3,7,0,05,10,6,,0,1,0,0,0
"POINT (9.865806058000032 52.362413809000032)",Unfall 1392 (2023) Kat:3, Licht: 0,1392,3,2,2,05,14,6,,0,0,1,0,1
"POINT (9.574057642000071 52.421679473000040)",Unfall 1393 (2023) Kat:3, Licht: 0,1393,3,3,5,05,15,6,,0,1,1,0,0
"POINT (10.113278718000061 52.353394957000035)",Unfall 1394 (2023) Kat:3, Licht: 2,1394,3,6,4,05,21,6,,2,0,1,0,0
"POINT (9.857542000000024 52.497785376000081)",Unfall 1395 (2023) Kat:3, Licht: 0,1395,3,6,3,05,17,6,,0,1,1,0,0
"POINT (9.572830767000028 52.425205728000037)",Unfall 1396 (2023) Kat:3, Licht: 0,1396,3,6,2,07,16,3,,0,0,1,0,0
"POINT (9.676223576000041 52.381688207000082)",Unfall 1397 (2023) Kat:3, Licht: 0,1397,3,1,8,08,08,1,,0,0,1,0,0
"POINT (9.720786346000068 52.339111690000038)",Unfall 1398 (2023) Kat:3, Licht: 0,1398,3,6,3,06,19,4,,0,0,1,0,0
"POINT (9.717748703000041 52.395675779000044)",Unfall 1399 (2023) Kat:3, Licht: 0,1399,3,6,2,05,17,5,,0,0,1,0,0
"POINT (9.399390181000058 52.428972821000059)",Unfall 1400 (2023) Kat:3, Licht: 0,1400,3,6,2,05,18,5,,0,0,1,0,0
"POINT (9.754682882000054 52.311650607000047)",Unfall 1401 (2023) Kat:3, Licht: 0,1401,3,1,0,05,19,5,,0,1,0,0,0
"POINT (9.610567326000023 52.280865844000061)",Unfall 1402 (2023) Kat:3, Licht: 0,1402,3,1,0,05,17,5,,0,1,0,0,0
"POINT (9.740143014000068 52.608247320000032)",Unfall 1403 (2023) Kat:3, Licht: 2,1403,3,1,9,05,22,5,,2,0,1,0,0
"POINT (9.980582437000066 52.476069400000029)",Unfall 1404 (2023) Kat:2, Licht: 0,1404,2,6,3,05,12,5,,0,0,1,0,0
"POINT (9.755347347000054 52.524449887000060)",Unfall 1405 (2023) Kat:3, Licht: 0,1405,3,5,1,06,11,7,,0,1,1,0,0
"POINT (9.903175306000037 52.514002482000080)",Unfall 1406 (2023) Kat:3, Licht: 0,1406,3,1,8,07,16,2,,0,0,1,0,0
"POINT (9.886035341000024 52.279882642000075)",Unfall 1407 (2023) Kat:3, Licht: 0,1407,3,1,1,05,08,4,,0,0,1,0,0
"POINT (9.732226237000077 52.383057207000036)",Unfall 1408 (2023) Kat:3, Licht: 1,1408,3,6,2,05,21,4,,1,0,1,0,0
"POINT (9.861925523000025 52.358419057000049)",Unfall 1409 (2023) Kat:3, Licht: 0,1409,3,7,6,05,17,4,,0,0,1,1,0
"POINT (9.429974307000066 52.426206364000052)",Unfall 1410 (2023) Kat:3, Licht: 0,1410,3,3,0,05,12,4,,0,1,1,0,0
"POINT (9.742572096000060 52.368318193000050)",Unfall 1411 (2023) Kat:3, Licht: 0,1411,3,7,0,06,19,3,,0,1,0,0,0
"POINT (9.819828081000026 52.406389560000036)",Unfall 1412 (2023) Kat:3, Licht: 0,1412,3,6,2,08,08,2,,0,0,1,0,0
"POINT (9.398888422000027 52.536434223000072)",Unfall 1413 (2023) Kat:3, Licht: 0,1413,3,1,0,07,11,7,,0,0,0,0,1
"POINT (9.662878341000066 52.316108554000039)",Unfall 1414 (2023) Kat:3, Licht: 0,1414,3,6,3,05,18,3,,0,0,0,0,0
"POINT (9.473798529000021 52.503919753000048)",Unfall 1415 (2023) Kat:3, Licht: 0,1415,3,6,2,05,15,3,,0,0,1,0,1
"POINT (9.484341724000046 52.492965870000035)",Unfall 1416 (2023) Kat:3, Licht: 0,1416,3,6,3,05,12,3,,0,0,1,0,1
"POINT (9.737303640000050 52.289335878000031)",Unfall 1417 (2023) Kat:3, Licht: 2,1417,3,7,7,05,21,3,,2,0,0,0,1
"POINT (10.048090819000038 52.415190603000042)",Unfall 1418 (2023) Kat:2, Licht: 0,1418,2,1,8,05,14,3,,0,0,1,0,0
"POINT (9.734058648000030 52.387316569000063)",Unfall 1419 (2023) Kat:3, Licht: 0,1419,3,3,5,05,13,3,,0,0,1,0,0
"POINT (9.755334818000051 52.370108009000035)",Unfall 1420 (2023) Kat:3, Licht: 0,1420,3,3,5,06,20,6,,0,1,1,0,0
"POINT (9.694668087000025 52.419590725000035)",Unfall 1421 (2023) Kat:3, Licht: 0,1421,3,2,5,05,13,3,,0,0,1,0,0
"POINT (10.021423416000061 52.457342604000075)",Unfall 1422 (2023) Kat:3, Licht: 0,1422,3,6,2,07,14,6,,0,0,1,0,0
"POINT (9.666672260000041 52.357836176000035)",Unfall 1423 (2023) Kat:3, Licht: 1,1423,3,7,7,07,21,4,,1,1,0,0,0
"POINT (9.640708940000025 52.422673385000053)",Unfall 1424 (2023) Kat:3, Licht: 0,1424,3,7,0,07,09,7,,0,0,0,0,0
"POINT (9.667432402000031 52.239175062000072)",Unfall 1425 (2023) Kat:3, Licht: 0,1425,3,4,6,06,10,3,,0,1,0,1,0
"POINT (9.774267459000043 52.331711758000040)",Unfall 1426 (2023) Kat:3, Licht: 2,1426,3,1,0,05,00,2,,2,0,0,0,0
"POINT (9.472384197000054 52.301573189000067)",Unfall 1427 (2023) Kat:3, Licht: 0,1427,3,7,0,05,10,2,,0,1,0,0,0
"POINT (9.988816880000059 52.462173295000071)",Unfall 1428 (2023) Kat:3, Licht: 0,1428,3,3,5,05,06,2,,0,0,1,0,0
"POINT (9.725828620000073 52.232240104000027)",Unfall 1429 (2023) Kat:1, Licht: 0,1429,1,1,8,05,10,2,,0,0,1,0,0
"POINT (9.667301382000062 52.340363087000071)",Unfall 1430 (2023) Kat:2, Licht: 0,1430,2,2,6,05,10,2,,0,0,1,1,0
"POINT (9.617411404000052 52.421344069000043)",Unfall 1431 (2023) Kat:3, Licht: 0,1431,3,6,2,05,07,2,,0,0,1,0,0
"POINT (9.774451060000047 52.427303029000029)",Unfall 1432 (2023) Kat:3, Licht: 0,1432,3,1,3,05,18,2,,0,0,1,0,0
"POINT (9.713032577000035 52.400716048000049)",Unfall 1433 (2023) Kat:3, Licht: 0,1433,3,1,0,05,18,2,,0,0,0,0,1
"POINT (9.890037257000074 52.295300026000064)",Unfall 1434 (2023) Kat:3, Licht: 0,1434,3,6,2,05,08,2,,0,0,1,0,0
"POINT (9.884474095000030 52.298694616000034)",Unfall 1435 (2023) Kat:3, Licht: 0,1435,3,6,2,05,06,2,,0,0,1,0,0
"POINT (9.884698727000057 52.298553624000078)",Unfall 1436 (2023) Kat:3, Licht: 0,1436,3,6,2,05,06,2,,0,0,1,0,0
"POINT (9.434598996000034 52.442944514000033)",Unfall 1437 (2023) Kat:3, Licht: 0,1437,3,3,5,05,19,6,,0,0,1,0,0
"POINT (9.749280141000042 52.547589176000031)",Unfall 1438 (2023) Kat:2, Licht: 0,1438,2,3,5,07,09,1,,0,1,1,0,0
"POINT (9.464855713000077 52.350393988000064)",Unfall 1439 (2023) Kat:3, Licht: 0,1439,3,3,5,05,15,1,,0,1,1,0,0
"POINT (9.818968858000062 52.427674649000039)",Unfall 1440 (2023) Kat:3, Licht: 0,1440,3,7,8,05,18,1,,0,0,1,0,0
"POINT (9.629929513000036 52.485055347000070)",Unfall 1441 (2023) Kat:3, Licht: 0,1441,3,1,8,05,13,1,,0,0,1,0,0
"POINT (9.733851566000055 52.413970178000056)",Unfall 1442 (2023) Kat:3, Licht: 0,1442,3,6,2,09,14,2,,0,0,1,0,0
"POINT (9.722534785000050 52.378446912000072)",Unfall 1443 (2023) Kat:3, Licht: 0,1443,3,6,2,09,15,2,,0,0,1,0,1
"POINT (9.836760147000064 52.336897102000080)",Unfall 1444 (2023) Kat:3, Licht: 0,1444,3,3,5,09,17,2,,0,1,0,0,0
"POINT (9.756851114000028 52.206842934000065)",Unfall 1445 (2023) Kat:3, Licht: 0,1445,3,6,3,09,14,2,,0,0,1,0,0
"POINT (9.757136378000041 52.319659252000065)",Unfall 1446 (2023) Kat:3, Licht: 2,1446,3,3,5,09,21,2,,2,0,1,0,0
"POINT (9.728353603000073 52.292754679000041)",Unfall 1447 (2023) Kat:3, Licht: 0,1447,3,2,4,09,19,2,,0,0,1,0,0
"POINT (9.889094295000064 52.351369706000071)",Unfall 1448 (2023) Kat:3, Licht: 0,1448,3,3,5,09,08,2,,0,1,1,0,0
"POINT (10.074562535000041 52.451373279000052)",Unfall 1449 (2023) Kat:2, Licht: 0,1449,2,3,5,09,14,2,,0,0,1,0,1
"POINT (9.842161130000022 52.416023993000067)",Unfall 1450 (2023) Kat:3, Licht: 0,1450,3,6,3,09,10,2,,0,0,1,0,0
"POINT (9.680344565000041 52.380956107000031)",Unfall 1451 (2023) Kat:3, Licht: 0,1451,3,4,6,09,07,2,,0,0,1,1,0
"POINT (9.738079678000076 52.610360451000076)",Unfall 1452 (2023) Kat:2, Licht: 2,1452,2,7,0,09,00,1,,2,0,1,0,0
"POINT (9.798378234000040 52.371024011000031)",Unfall 1453 (2023) Kat:3, Licht: 0,1453,3,7,0,09,15,1,,0,0,1,0,0
"POINT (9.796359245000076 52.312300588000028)",Unfall 1454 (2023) Kat:3, Licht: 0,1454,3,7,4,09,11,7,,0,1,1,0,0
"POINT (9.665307140000039 52.335756278000076)",Unfall 1455 (2023) Kat:2, Licht: 0,1455,2,6,6,09,09,7,,0,1,0,1,0
"POINT (9.793488690000061 52.313438410000060)",Unfall 1456 (2023) Kat:3, Licht: 0,1456,3,1,1,09,13,7,,0,1,1,0,0
"POINT (10.131783932000076 52.402888784000027)",Unfall 1457 (2023) Kat:1, Licht: 0,1457,1,1,8,09,18,2,,0,0,0,0,1
"POINT (9.809255017000055 52.379316149000033)",Unfall 1458 (2023) Kat:3, Licht: 0,1458,3,3,5,09,08,6,,0,1,1,0,0
"POINT (9.844822176000037 52.393923676000043)",Unfall 1459 (2023) Kat:3, Licht: 0,1459,3,3,2,09,14,6,,0,1,0,0,0
"POINT (9.715749122000034 52.314791905000050)",Unfall 1460 (2023) Kat:3, Licht: 0,1460,3,1,9,09,15,6,,0,0,0,0,1
"POINT (9.972772163000059 52.382891713000049)",Unfall 1461 (2023) Kat:3, Licht: 0,1461,3,2,2,09,17,6,,0,0,1,0,0
"POINT (9.745131454000045 52.452877129000058)",Unfall 1462 (2023) Kat:3, Licht: 0,1462,3,6,2,09,15,6,,0,0,1,0,0
"POINT (9.857612326000037 52.432796511000049)",Unfall 1463 (2023) Kat:3, Licht: 0,1463,3,7,0,09,12,6,,0,1,0,0,0
"POINT (9.753206549000026 52.287569870000027)",Unfall 1464 (2023) Kat:2, Licht: 1,1464,2,3,5,09,21,6,,1,0,1,0,0
"POINT (9.996453066000072 52.388438685000040)",Unfall 1465 (2023) Kat:3, Licht: 0,1465,3,7,6,09,13,6,,0,0,1,1,0
"POINT (9.786782978000076 52.335275543000080)",Unfall 1466 (2023) Kat:3, Licht: 0,1466,3,3,5,09,20,6,,0,0,1,0,0
"POINT (9.783450591000076 52.372282590000054)",Unfall 1467 (2023) Kat:3, Licht: 2,1467,3,5,1,09,03,6,,2,0,1,0,0
"POINT (9.718590455000026 52.393642611000075)",Unfall 1468 (2023) Kat:3, Licht: 0,1468,3,7,1,08,12,5,,0,0,0,1,0
"POINT (9.420039934000044 52.424737877000041)",Unfall 1469 (2023) Kat:3, Licht: 0,1469,3,2,5,08,10,5,,0,1,1,0,0
"POINT (9.573158571000022 52.440139936000037)",Unfall 1470 (2023) Kat:3, Licht: 0,1470,3,3,5,08,18,5,,0,1,1,0,0
"POINT (10.142241795000075 52.461623835000069)",Unfall 1471 (2023) Kat:3, Licht: 0,1471,3,3,5,08,17,5,,0,0,1,0,0
"POINT (10.165781823000032 52.464680261000069)",Unfall 1472 (2023) Kat:3, Licht: 0,1472,3,2,0,08,17,5,,0,0,1,0,0
"POINT (9.735457602000054 52.395468568000069)",Unfall 1473 (2023) Kat:3, Licht: 0,1473,3,6,6,08,16,5,,0,1,0,1,0
"POINT (9.511240256000065 52.410050207000040)",Unfall 1474 (2023) Kat:3, Licht: 0,1474,3,6,3,08,06,5,,0,0,1,0,0
"POINT (9.522938851000049 52.271990628000026)",Unfall 1475 (2023) Kat:3, Licht: 0,1475,3,7,1,08,09,4,,0,0,1,0,0
"POINT (9.789496274000044 52.316974493000032)",Unfall 1476 (2023) Kat:3, Licht: 0,1476,3,1,8,08,09,3,,0,1,0,0,0
"POINT (9.749880878000056 52.369270637000056)",Unfall 1477 (2023) Kat:3, Licht: 0,1477,3,3,5,08,11,3,,0,1,1,0,0
"POINT (9.623985564000066 52.167959556000028)",Unfall 1478 (2023) Kat:3, Licht: 0,1478,3,1,8,08,16,3,,0,0,0,0,1
"POINT (9.645988761000069 52.408368126000028)",Unfall 1479 (2023) Kat:3, Licht: 0,1479,3,6,2,08,15,3,,0,0,1,0,0
"POINT (9.689462448000029 52.581514983000034)",Unfall 1480 (2023) Kat:3, Licht: 0,1480,3,1,8,08,07,3,,0,0,1,0,0
"POINT (9.598483083000076 52.394626292000055)",Unfall 1481 (2023) Kat:2, Licht: 0,1481,2,3,5,08,15,3,,0,1,1,0,0
"POINT (9.699483805000057 52.347380390000069)",Unfall 1482 (2023) Kat:3, Licht: 0,1482,3,6,2,08,14,3,,0,0,1,0,0
"POINT (9.794829698000058 52.349873842000079)",Unfall 1483 (2023) Kat:3, Licht: 0,1483,3,6,2,09,16,1,,0,0,1,0,1
"POINT (9.903667992000067 52.444853134000027)",Unfall 1484 (2023) Kat:3, Licht: 0,1484,3,3,5,08,14,1,,0,1,1,0,0
"POINT (9.675397499000042 52.377258099000073)",Unfall 1485 (2023) Kat:3, Licht: 0,1485,3,2,5,08,17,1,,0,1,0,0,0
"POINT (9.784361928000067 52.428732341000057)",Unfall 1486 (2023) Kat:3, Licht: 2,1486,3,1,3,09,22,1,,2,0,1,0,0
"POINT (9.696095339000067 52.418737579000037)",Unfall 1487 (2023) Kat:3, Licht: 0,1487,3,3,5,08,10,7,,0,1,1,0,0
"POINT (9.737198762000048 52.368531442000062)",Unfall 1488 (2023) Kat:3, Licht: 0,1488,3,7,0,08,12,7,,0,0,0,0,0
"POINT (9.690606379000030 52.376981090000072)",Unfall 1489 (2023) Kat:3, Licht: 2,1489,3,7,0,08,22,7,,2,1,0,0,0
"POINT (9.811970983000037 52.318678441000031)",Unfall 1490 (2023) Kat:3, Licht: 2,1490,3,6,2,08,23,7,,2,0,1,0,0
"POINT (9.424468392000051 52.429431192000038)",Unfall 1491 (2023) Kat:3, Licht: 0,1491,3,3,5,08,14,7,,0,1,1,0,0
"POINT (9.588684552000075 52.211992879000036)",Unfall 1492 (2023) Kat:3, Licht: 2,1492,3,1,8,08,23,7,,2,0,1,0,0
"POINT (9.888513431000035 52.465957648000028)",Unfall 1493 (2023) Kat:3, Licht: 0,1493,3,3,5,08,17,7,,0,1,1,0,0
"POINT (10.025294490000022 52.460917929000061)",Unfall 1494 (2023) Kat:2, Licht: 0,1494,2,6,2,08,16,7,,0,1,1,0,0
"POINT (9.801310841000031 52.342045995000035)",Unfall 1495 (2023) Kat:3, Licht: 0,1495,3,6,2,08,15,7,,0,0,1,0,1
"POINT (9.791097900000068 52.557925152000053)",Unfall 1496 (2023) Kat:3, Licht: 0,1496,3,6,2,08,11,7,,0,0,1,0,0
"POINT (9.754878393000070 52.354554350000058)",Unfall 1497 (2023) Kat:3, Licht: 2,1497,3,6,3,08,12,6,,2,0,1,0,0
"POINT (9.719470739000030 52.346517769000059)",Unfall 1498 (2023) Kat:3, Licht: 0,1498,3,2,5,08,07,6,,0,0,1,0,0
"POINT (9.606360773000063 52.313154453000038)",Unfall 1499 (2023) Kat:3, Licht: 0,1499,3,7,0,08,08,6,,0,1,0,0,0
"POINT (9.449156851000055 52.522424185000034)",Unfall 1500 (2023) Kat:3, Licht: 0,1500,3,2,4,08,17,6,,0,0,1,0,1
"POINT (9.599108594000029 52.435409610000079)",Unfall 1501 (2023) Kat:3, Licht: 0,1501,3,6,2,08,09,6,,0,0,1,0,0
"POINT (10.026179042000024 52.323593327000026)",Unfall 1502 (2023) Kat:3, Licht: 0,1502,3,2,3,08,16,6,,0,1,1,0,0
"POINT (9.680278063000060 52.431484066000053)",Unfall 1503 (2023) Kat:3, Licht: 0,1503,3,2,6,08,13,6,,0,0,1,1,0
"POINT (9.793507390000059 52.351198025000031)",Unfall 1504 (2023) Kat:3, Licht: 0,1504,3,3,5,08,15,6,,0,0,1,0,0
"POINT (9.730947479000065 52.427657460000034)",Unfall 1505 (2023) Kat:3, Licht: 0,1505,3,6,2,08,15,6,,0,0,1,0,0
"POINT (9.879246315000046 52.425566779000064)",Unfall 1506 (2023) Kat:3, Licht: 0,1506,3,6,2,08,14,6,,0,0,1,0,0
"POINT (9.721906090000061 52.421539190000033)",Unfall 1507 (2023) Kat:3, Licht: 0,1507,3,6,2,08,14,6,,0,0,1,0,0
"POINT (9.725986708000050 52.380658393000033)",Unfall 1508 (2023) Kat:3, Licht: 0,1508,3,1,0,08,13,6,,0,0,0,0,1
"POINT (9.711249089000034 52.406023808000043)",Unfall 1509 (2023) Kat:3, Licht: 0,1509,3,1,0,08,08,2,,0,1,0,0,0
"POINT (9.459948122000071 52.307115150000072)",Unfall 1510 (2023) Kat:3, Licht: 0,1510,3,3,5,08,12,5,,0,0,1,0,0
"POINT (9.967707525000037 52.324399207000056)",Unfall 1511 (2023) Kat:2, Licht: 0,1511,2,6,4,08,16,5,,0,1,0,0,0
"POINT (9.819949678000057 52.406449513000041)",Unfall 1512 (2023) Kat:3, Licht: 0,1512,3,3,0,08,16,5,,0,0,1,0,0
"POINT (9.904519900000025 52.281028362000029)",Unfall 1513 (2023) Kat:3, Licht: 0,1513,3,1,0,08,19,5,,0,1,0,0,0
"POINT (9.722097839000071 52.362535694000030)",Unfall 1514 (2023) Kat:3, Licht: 0,1514,3,3,5,08,15,5,,0,1,1,0,0
"POINT (9.730445931000077 52.382319973000051)",Unfall 1515 (2023) Kat:3, Licht: 0,1515,3,2,5,08,08,4,,0,1,0,0,0
"POINT (9.768831932000069 52.338152430000036)",Unfall 1516 (2023) Kat:3, Licht: 0,1516,3,3,5,08,17,4,,0,0,1,0,1
"POINT (9.599687988000028 52.435210875000053)",Unfall 1517 (2023) Kat:3, Licht: 0,1517,3,6,2,08,18,4,,0,0,1,0,0
"POINT (9.733832423000024 52.469684382000082)",Unfall 1518 (2023) Kat:3, Licht: 0,1518,3,3,5,08,18,4,,0,1,1,0,0
"POINT (9.968375808000076 52.389769445000070)",Unfall 1519 (2023) Kat:2, Licht: 1,1519,2,7,3,08,06,4,,1,0,1,0,0
"POINT (9.429586704000030 52.355925263000074)",Unfall 1520 (2023) Kat:3, Licht: 0,1520,3,6,2,08,08,4,,0,0,0,0,0
"POINT (9.828146703000073 52.424006630000065)",Unfall 1521 (2023) Kat:3, Licht: 2,1521,3,6,2,08,20,4,,2,0,1,0,0
"POINT (9.442367062000073 52.416778971000042)",Unfall 1522 (2023) Kat:3, Licht: 0,1522,3,3,5,08,13,3,,0,1,1,0,0
"POINT (9.516480367000042 52.173583858000029)",Unfall 1523 (2023) Kat:3, Licht: 0,1523,3,6,2,08,16,3,,0,0,1,0,0
"POINT (9.847272847000056 52.441688967000061)",Unfall 1524 (2023) Kat:3, Licht: 0,1524,3,6,2,08,18,3,,0,0,1,0,0
"POINT (9.640861312000027 52.356145819000062)",Unfall 1525 (2023) Kat:3, Licht: 0,1525,3,1,0,08,17,3,,0,1,0,0,0
"POINT (9.919047752000040 52.394996178000042)",Unfall 1526 (2023) Kat:3, Licht: 0,1526,3,6,3,08,17,3,,0,0,1,0,0
"POINT (9.582118601000047 52.397126547000028)",Unfall 1527 (2023) Kat:3, Licht: 0,1527,3,5,4,08,18,2,,0,0,1,0,1
"POINT (9.490874926000060 52.290936724000062)",Unfall 1528 (2023) Kat:3, Licht: 0,1528,3,4,6,08,13,2,,0,0,0,1,1
"POINT (9.508649979000040 52.289759155000070)",Unfall 1529 (2023) Kat:3, Licht: 0,1529,3,4,6,08,08,2,,0,0,1,1,0
"POINT (9.749043037000035 52.547592335000047)",Unfall 1530 (2023) Kat:3, Licht: 0,1530,3,4,0,08,07,2,,0,1,0,1,0
"POINT (9.726761715000066 52.544573390000039)",Unfall 1531 (2023) Kat:3, Licht: 2,1531,3,3,0,08,22,2,,2,0,0,0,1