WKT,Name,OBJECTID,UKATEGORIE,UTYP1,UART,UMONAT,USTUNDE,UWOCHENTAG,STRZUSTAND,ULICHTVERH,ISTRAD,ISTPKW,ISTFUSS,ISTKRAD
"POINT (9.460534764000045 52.403496164000046)",Unfall 1532 (2023) Kat:3, Licht: 0,1532,3,6,2,08,18,2,,0,0,1,0,0
"POINT (9.734884361000070 52.391390417000082)",Unfall 1533 (2023) Kat:3, Licht: 0,1533,3,6,6,08,11,2,,0,1,0,1,0
"POINT (9.866443552000021 52.445907963000082)",Unfall 1534 (2023) Kat:3, Licht: 0,1534,3,6,2,08,10,2,,0,0,1,0,0
"POINT (9.772245728000030 52.427300906000028)",Unfall 1535 (2023) Kat:3, Licht: 0,1535,3,6,2,08,07,2,,0,0,1,0,0
"POINT (9.721737491000056 52.452230099000076)",Unfall 1536 (2023) Kat:3, Licht: 0,1536,3,6,3,08,13,2,,0,0,1,0,0
"POINT (9.699649629000021 52.416470780000054)",Unfall 1537 (2023) Kat:3, Licht: 0,1537,3,6,4,08,18,2,,0,1,0,0,0
"POINT (9.651529262000054 52.418405165000081)",Unfall 1538 (2023) Kat:3, Licht: 0,1538,3,7,0,08,14,2,,0,0,1,0,0
"POINT (9.687247858000035 52.425948574000074)",Unfall 1539 (2023) Kat:3, Licht: 0,1539,3,3,5,08,16,2,,0,0,1,0,0
"POINT (9.763107669000021 52.344455044000028)",Unfall 1540 (2023) Kat:3, Licht: 0,1540,3,7,0,08,11,2,,0,1,1,0,0
"POINT (9.459747549000042 52.305399876000081)",Unfall 1541 (2023) Kat:3, Licht: 0,1541,3,2,6,08,12,2,,0,0,1,1,0
"POINT (9.741328226000064 52.338014525000062)",Unfall 1542 (2023) Kat:3, Licht: 0,1542,3,6,2,08,16,1,,0,0,1,0,0
"POINT (10.142780527000070 52.104936413000075)",Unfall 1543 (2023) Kat:3, Licht: 2,1543,3,6,9,08,00,1,,2,0,1,0,0
"POINT (9.745819975000074 52.209140117000061)",Unfall 1544 (2023) Kat:3, Licht: 0,1544,3,6,2,08,13,2,,0,0,1,0,0
"POINT (9.823188426000058 52.384284847000060)",Unfall 1545 (2023) Kat:3, Licht: 1,1545,3,1,0,08,20,7,,1,1,0,0,0
"POINT (9.691649194000036 52.332435285000031)",Unfall 1546 (2023) Kat:3, Licht: 0,1546,3,7,6,08,09,7,,0,0,1,1,0
"POINT (9.702546854000047 52.414584908000052)",Unfall 1547 (2023) Kat:3, Licht: 2,1547,3,6,2,08,00,7,,2,0,1,0,0
"POINT (9.613436228000069 52.164527071000066)",Unfall 1548 (2023) Kat:3, Licht: 0,1548,3,1,8,08,10,7,,0,0,0,0,1
"POINT (9.872165612000060 52.502521723000029)",Unfall 1549 (2023) Kat:2, Licht: 2,1549,2,7,0,08,21,7,,2,1,0,0,0
"POINT (9.553962202000037 52.202962593000052)",Unfall 1550 (2023) Kat:2, Licht: 0,1550,2,7,9,08,10,7,,0,1,0,0,0
"POINT (9.582273958000030 52.389970931000050)",Unfall 1551 (2023) Kat:3, Licht: 0,1551,3,6,2,08,15,3,,0,0,1,0,0
"POINT (9.650686587000052 52.422268872000075)",Unfall 1552 (2023) Kat:2, Licht: 0,1552,2,1,0,08,14,6,,0,0,0,0,1
"POINT (9.743571285000030 52.368860552000058)",Unfall 1553 (2023) Kat:3, Licht: 0,1553,3,1,4,08,12,6,,0,1,0,0,0
"POINT (9.697711024000057 52.377173391000042)",Unfall 1554 (2023) Kat:3, Licht: 0,1554,3,6,2,08,09,6,,0,0,1,0,0
"POINT (9.785396051000021 52.200147771000047)",Unfall 1555 (2023) Kat:3, Licht: 0,1555,3,7,0,08,20,6,,0,1,0,0,0
"POINT (9.754888836000021 52.311750235000034)",Unfall 1556 (2023) Kat:3, Licht: 0,1556,3,3,5,08,15,6,,0,1,1,0,0
"POINT (9.396790926000051 52.456191349000051)",Unfall 1557 (2023) Kat:2, Licht: 0,1557,2,1,8,08,10,6,,0,1,0,0,0
"POINT (10.072563092000053 52.367679596000073)",Unfall 1558 (2023) Kat:3, Licht: 2,1558,3,7,3,08,22,6,,2,0,0,0,0
"POINT (9.676724766000063 52.373126785000068)",Unfall 1559 (2023) Kat:2, Licht: 0,1559,2,3,5,08,19,6,,0,1,0,0,1
"POINT (9.838163889000043 52.418541819000041)",Unfall 1560 (2023) Kat:3, Licht: 0,1560,3,6,2,08,14,6,,0,0,1,0,0
"POINT (9.838975574000074 52.418031414000041)",Unfall 1561 (2023) Kat:3, Licht: 0,1561,3,6,2,08,14,6,,0,0,1,0,0
"POINT (9.767096538000033 52.582627026000068)",Unfall 1562 (2023) Kat:3, Licht: 0,1562,3,6,2,08,11,6,,0,0,1,0,0
"POINT (9.635851805000073 52.485567360000061)",Unfall 1563 (2023) Kat:2, Licht: 0,1563,2,7,0,08,16,6,,0,0,1,0,1
"POINT (9.954218558000036 52.321822715000053)",Unfall 1564 (2023) Kat:2, Licht: 0,1564,2,3,5,08,15,6,,0,0,1,0,1
"POINT (9.731946305000065 52.369463474000042)",Unfall 1565 (2023) Kat:3, Licht: 0,1565,3,3,5,08,10,6,,0,1,1,0,0
"POINT (9.867483996000033 52.514322821000064)",Unfall 1566 (2023) Kat:2, Licht: 0,1566,2,3,5,08,11,6,,0,1,0,0,0
"POINT (9.642586163000033 52.296110657000042)",Unfall 1567 (2023) Kat:3, Licht: 0,1567,3,4,6,08,13,5,,0,0,1,1,0
"POINT (9.465958584000020 52.304043721000028)",Unfall 1568 (2023) Kat:3, Licht: 0,1568,3,2,5,08,19,5,,0,0,1,0,0
"POINT (9.590212951000069 52.438959537000073)",Unfall 1569 (2023) Kat:3, Licht: 0,1569,3,6,2,08,08,5,,0,0,0,0,0
"POINT (9.720865250000031 52.481771692000052)",Unfall 1570 (2023) Kat:3, Licht: 0,1570,3,5,1,08,11,5,,0,0,1,0,0
"POINT (9.803680938000070 52.339102830000058)",Unfall 1571 (2023) Kat:3, Licht: 0,1571,3,6,2,08,08,5,,0,0,1,0,0
"POINT (9.819745655000077 52.406348920000028)",Unfall 1572 (2023) Kat:3, Licht: 0,1572,3,6,2,08,08,5,,0,0,1,0,0
"POINT (9.902070543000036 52.396766401000036)",Unfall 1573 (2023) Kat:3, Licht: 0,1573,3,1,8,08,07,5,,0,0,1,0,0
"POINT (9.730213768000056 52.368958507000059)",Unfall 1574 (2023) Kat:3, Licht: 0,1574,3,3,5,08,13,5,,0,1,1,0,0
"POINT (9.766168502000028 52.340811156000029)",Unfall 1575 (2023) Kat:3, Licht: 0,1575,3,3,5,08,09,4,,0,1,1,0,0
"POINT (9.435038646000066 52.422339661000080)",Unfall 1576 (2023) Kat:3, Licht: 0,1576,3,6,2,08,13,4,,0,0,1,0,0
"POINT (9.630187378000073 52.263400396000065)",Unfall 1577 (2023) Kat:3, Licht: 0,1577,3,2,2,08,14,4,,0,0,1,0,0
"POINT (9.667972298000052 52.342228081000030)",Unfall 1578 (2023) Kat:3, Licht: 0,1578,3,1,0,08,12,4,,0,1,0,0,0
"POINT (9.838496694000071 52.421796790000030)",Unfall 1579 (2023) Kat:3, Licht: 0,1579,3,3,5,08,15,4,,0,1,1,0,0
"POINT (9.891560611000045 52.442088840000054)",Unfall 1580 (2023) Kat:3, Licht: 0,1580,3,7,8,08,10,4,,0,1,0,0,0
"POINT (9.616818888000068 52.421559243000047)",Unfall 1581 (2023) Kat:3, Licht: 2,1581,3,7,7,08,23,4,,2,0,1,0,0
"POINT (9.734062546000075 52.387343350000037)",Unfall 1582 (2023) Kat:3, Licht: 0,1582,3,3,5,08,18,4,,0,1,0,0,1
"POINT (9.735665515000051 52.402846698000076)",Unfall 1583 (2023) Kat:3, Licht: 0,1583,3,6,2,08,13,4,,0,0,1,0,0
"POINT (9.725299198000073 52.376896876000046)",Unfall 1584 (2023) Kat:3, Licht: 0,1584,3,2,5,08,10,4,,0,0,1,0,0
"POINT (9.708431123000025 52.420824408000044)",Unfall 1585 (2023) Kat:3, Licht: 0,1585,3,6,2,08,10,3,,0,0,1,0,0
"POINT (9.734324373000049 52.369035320000080)",Unfall 1586 (2023) Kat:3, Licht: 0,1586,3,6,2,08,18,3,,0,0,1,0,1
"POINT (9.490150137000057 52.291051768000045)",Unfall 1587 (2023) Kat:3, Licht: 0,1587,3,5,1,08,18,3,,0,1,0,0,0
"POINT (10.107024896000041 52.456808921000061)",Unfall 1588 (2023) Kat:3, Licht: 0,1588,3,6,3,08,12,3,,0,0,1,0,0
"POINT (9.782392826000034 52.362109015000044)",Unfall 1589 (2023) Kat:3, Licht: 0,1589,3,6,2,08,17,3,,0,0,1,0,0
"POINT (10.169123050000053 52.465418867000039)",Unfall 1590 (2023) Kat:2, Licht: 0,1590,2,3,5,08,12,3,,0,1,1,0,0
"POINT (9.812043037000024 52.305654118000064)",Unfall 1591 (2023) Kat:3, Licht: 0,1591,3,7,0,08,09,3,,0,0,1,0,0
"POINT (9.818073037000033 52.297328294000067)",Unfall 1592 (2023) Kat:2, Licht: 0,1592,2,2,5,08,06,3,,0,1,1,0,0
"POINT (9.729437160000032 52.621053468000071)",Unfall 1593 (2023) Kat:3, Licht: 0,1593,3,6,2,08,10,2,,0,0,1,0,0
"POINT (9.720091079000042 52.368035360000079)",Unfall 1594 (2023) Kat:3, Licht: 0,1594,3,7,0,08,08,2,,0,0,0,0,0
"POINT (9.736057179000056 52.400244618000045)",Unfall 1595 (2023) Kat:3, Licht: 0,1595,3,3,5,08,13,2,,0,1,1,0,0
"POINT (9.644283648000055 52.397159840000029)",Unfall 1596 (2023) Kat:3, Licht: 0,1596,3,6,2,08,16,2,,0,0,1,0,0
"POINT (9.629058478000047 52.264630213000032)",Unfall 1597 (2023) Kat:3, Licht: 0,1597,3,3,5,08,19,2,,0,0,1,0,0
"POINT (9.990388859000063 52.460481905000051)",Unfall 1598 (2023) Kat:3, Licht: 0,1598,3,2,5,08,14,2,,0,0,1,0,0
"POINT (9.729731068000035 52.487575067000080)",Unfall 1599 (2023) Kat:2, Licht: 0,1599,2,1,8,08,13,2,,0,0,1,0,0
"POINT (9.437085581000076 52.467088158000081)",Unfall 1600 (2023) Kat:3, Licht: 0,1600,3,3,5,08,11,1,,0,0,1,0,0
"POINT (9.899239802000068 52.400741770000081)",Unfall 1601 (2023) Kat:1, Licht: 0,1601,1,1,9,08,15,1,,0,0,0,0,1
"POINT (9.847712310000077 52.392740622000076)",Unfall 1602 (2023) Kat:3, Licht: 0,1602,3,7,0,08,12,7,,0,1,0,0,0
"POINT (9.423049755000022 52.429391022000061)",Unfall 1603 (2023) Kat:3, Licht: 0,1603,3,2,0,08,12,7,,0,0,1,0,1
"POINT (9.579621597000028 52.329495781000048)",Unfall 1604 (2023) Kat:3, Licht: 0,1604,3,1,8,08,07,7,,0,0,1,0,0
"POINT (9.519050965000076 52.512821857000063)",Unfall 1605 (2023) Kat:3, Licht: 2,1605,3,7,7,08,21,7,,2,0,0,0,1
"POINT (9.972950373000060 52.307985355000028)",Unfall 1606 (2023) Kat:3, Licht: 0,1606,3,7,0,08,19,7,,0,1,0,0,0
"POINT (9.890090680000071 52.494041248000030)",Unfall 1607 (2023) Kat:3, Licht: 0,1607,3,6,2,08,12,7,,0,0,1,0,0
"POINT (10.043811595000022 52.418394519000060)",Unfall 1608 (2023) Kat:2, Licht: 2,1608,2,1,9,08,22,7,,2,0,1,0,0
"POINT (9.725978373000032 52.365690825000058)",Unfall 1609 (2023) Kat:3, Licht: 2,1609,3,1,7,09,21,7,,2,0,0,0,0
"POINT (9.794746278000048 52.415171644000054)",Unfall 1610 (2023) Kat:3, Licht: 0,1610,3,3,5,08,18,7,,0,1,0,0,0
"POINT (9.800135989000069 52.406473488000074)",Unfall 1611 (2023) Kat:3, Licht: 0,1611,3,2,5,08,17,5,,0,1,0,0,0
"POINT (9.625013969000065 52.424594098000057)",Unfall 1612 (2023) Kat:3, Licht: 0,1612,3,6,2,09,15,2,,0,0,1,0,0
"POINT (9.711576969000021 52.211278931000038)",Unfall 1613 (2023) Kat:3, Licht: 0,1613,3,2,2,08,12,6,,0,0,1,0,1
"POINT (9.621456774000023 52.392935424000029)",Unfall 1614 (2023) Kat:3, Licht: 0,1614,3,3,5,08,09,6,,0,1,1,0,0
"POINT (9.457377966000024 52.471194414000081)",Unfall 1615 (2023) Kat:2, Licht: 0,1615,2,6,3,08,18,6,,0,1,0,0,0
"POINT (9.945305549000068 52.299296300000037)",Unfall 1616 (2023) Kat:2, Licht: 0,1616,2,7,0,08,16,6,,0,1,0,0,0
"POINT (9.677798452000047 52.436502921000056)",Unfall 1617 (2023) Kat:3, Licht: 0,1617,3,3,5,08,18,6,,0,1,1,0,0
"POINT (9.680329381000035 52.431406632000062)",Unfall 1618 (2023) Kat:3, Licht: 0,1618,3,3,5,08,16,6,,0,1,1,0,0
"POINT (9.728990153000041 52.493299191000062)",Unfall 1619 (2023) Kat:3, Licht: 0,1619,3,2,2,08,10,6,,0,0,0,0,0
"POINT (9.851880979000043 52.495219654000039)",Unfall 1620 (2023) Kat:3, Licht: 0,1620,3,1,0,08,18,6,,0,0,1,0,1
"POINT (9.740686630000027 52.607198942000082)",Unfall 1621 (2023) Kat:3, Licht: 0,1621,3,6,3,08,17,6,,0,0,1,0,0
"POINT (9.748071120000077 52.598342911000032)",Unfall 1622 (2023) Kat:3, Licht: 0,1622,3,6,2,08,11,6,,0,0,1,0,0
"POINT (9.746673638000061 52.599950148000062)",Unfall 1623 (2023) Kat:3, Licht: 0,1623,3,6,2,08,11,6,,0,0,1,0,0
"POINT (9.707076922000056 52.410856394000064)",Unfall 1624 (2023) Kat:3, Licht: 0,1624,3,6,2,08,14,6,,0,0,1,0,0
"POINT (9.552680575000068 52.421510999000077)",Unfall 1625 (2023) Kat:3, Licht: 0,1625,3,7,3,08,16,2,,0,0,1,0,0
"POINT (9.736572735000038 52.611841518000062)",Unfall 1626 (2023) Kat:2, Licht: 0,1626,2,6,2,08,17,5,,0,0,1,0,0
"POINT (9.648873283000057 52.412487520000070)",Unfall 1627 (2023) Kat:3, Licht: 0,1627,3,6,2,08,20,5,,0,0,1,0,0
"POINT (9.703281689000050 52.415994718000036)",Unfall 1628 (2023) Kat:3, Licht: 0,1628,3,6,2,08,17,5,,0,0,1,0,0
"POINT (9.675643308000076 52.381805087000032)",Unfall 1629 (2023) Kat:3, Licht: 0,1629,3,1,9,08,16,5,,0,1,0,0,0
"POINT (9.598085488000038 52.178413990000081)",Unfall 1630 (2023) Kat:3, Licht: 0,1630,3,2,2,08,17,5,,0,0,1,0,0
"POINT (9.512624020000032 52.412304983000070)",Unfall 1631 (2023) Kat:3, Licht: 0,1631,3,6,2,08,12,5,,0,0,1,0,0
"POINT (9.717506918000026 52.316852721000032)",Unfall 1632 (2023) Kat:3, Licht: 0,1632,3,1,0,08,12,5,,0,0,0,0,1
"POINT (9.859984276000034 52.420318450000082)",Unfall 1633 (2023) Kat:3, Licht: 0,1633,3,7,8,08,10,5,,0,0,1,0,0
"POINT (10.116909459000055 52.357627120000075)",Unfall 1634 (2023) Kat:3, Licht: 0,1634,3,3,5,08,14,5,,0,1,1,0,0
"POINT (9.924174751000066 52.366430605000062)",Unfall 1635 (2023) Kat:3, Licht: 0,1635,3,6,3,08,16,4,,0,1,1,0,0
"POINT (9.474350759000060 52.389211360000047)",Unfall 1636 (2023) Kat:3, Licht: 0,1636,3,3,5,08,14,7,,0,1,1,0,0
"POINT (9.785087700000076 52.372385542000075)",Unfall 1637 (2023) Kat:3, Licht: 0,1637,3,7,1,08,10,4,,0,0,0,1,0
"POINT (9.837721499000054 52.387376571000061)",Unfall 1638 (2023) Kat:3, Licht: 0,1638,3,7,0,08,16,4,,0,0,0,0,0
"POINT (9.697729702000061 52.376360656000031)",Unfall 1639 (2023) Kat:3, Licht: 2,1639,3,6,2,08,22,4,,2,0,1,0,0
"POINT (9.489536213000065 52.490599303000067)",Unfall 1640 (2023) Kat:3, Licht: 0,1640,3,3,5,08,19,4,,0,0,1,0,0
"POINT (9.442955147000021 52.504543961000081)",Unfall 1641 (2023) Kat:3, Licht: 0,1641,3,4,6,08,08,4,,0,0,1,1,0
"POINT (9.471634946000052 52.300557445000038)",Unfall 1642 (2023) Kat:3, Licht: 0,1642,3,6,0,08,20,4,,0,0,1,0,0
"POINT (9.623780731000068 52.425484079000057)",Unfall 1643 (2023) Kat:3, Licht: 0,1643,3,7,3,08,19,4,,0,0,1,0,0
"POINT (9.680710946000033 52.431075925000073)",Unfall 1644 (2023) Kat:3, Licht: 0,1644,3,1,0,08,13,4,,0,1,0,0,0
"POINT (9.813469359000067 52.337909569000033)",Unfall 1645 (2023) Kat:3, Licht: 0,1645,3,1,0,08,15,4,,0,0,1,0,0
"POINT (9.606097046000059 52.315497831000073)",Unfall 1646 (2023) Kat:3, Licht: 2,1646,3,3,0,10,06,5,,2,1,1,0,0
"POINT (9.744347126000036 52.547460385000079)",Unfall 1647 (2023) Kat:3, Licht: 0,1647,3,3,5,10,10,5,,0,1,1,0,0
"POINT (9.735913010000047 52.368757301000073)",Unfall 1648 (2023) Kat:3, Licht: 2,1648,3,6,4,10,19,4,,2,1,0,0,0
"POINT (9.726766279000060 52.375735156000076)",Unfall 1649 (2023) Kat:3, Licht: 0,1649,3,2,5,10,12,4,,0,1,1,0,0
"POINT (9.722774636000054 52.368307260000051)",Unfall 1650 (2023) Kat:3, Licht: 0,1650,3,6,2,10,09,4,,0,1,0,0,0
"POINT (9.734904616000051 52.391515463000076)",Unfall 1651 (2023) Kat:3, Licht: 2,1651,3,1,0,10,21,4,,2,1,0,0,0
"POINT (9.768843794000077 52.338141233000044)",Unfall 1652 (2023) Kat:3, Licht: 0,1652,3,2,5,10,17,4,,0,1,1,0,0
"POINT (9.746643323000058 52.369100492000030)",Unfall 1653 (2023) Kat:3, Licht: 0,1653,3,3,5,10,11,4,,0,1,1,0,0
"POINT (9.809499354000025 52.380286161000072)",Unfall 1654 (2023) Kat:3, Licht: 2,1654,3,6,4,10,01,3,,2,1,1,0,0
"POINT (9.748658781000074 52.362518303000058)",Unfall 1655 (2023) Kat:3, Licht: 0,1655,3,1,0,10,16,3,,0,0,0,0,1
"POINT (9.836838150000062 52.420907647000035)",Unfall 1656 (2023) Kat:3, Licht: 1,1656,3,7,8,10,17,3,,1,0,1,0,0
"POINT (9.764426513000046 52.342804083000033)",Unfall 1657 (2023) Kat:3, Licht: 0,1657,3,6,4,10,15,7,,0,1,0,0,0
"POINT (9.963430431000063 52.365425870000081)",Unfall 1658 (2023) Kat:3, Licht: 2,1658,3,2,4,10,21,7,,2,0,1,0,1
"POINT (10.256577821000064 52.483793755000079)",Unfall 1659 (2023) Kat:3, Licht: 0,1659,3,1,8,10,13,7,,0,0,0,0,0
"POINT (9.479599469000050 52.390886798000054)",Unfall 1660 (2023) Kat:3, Licht: 2,1660,3,7,8,10,23,7,,2,0,1,0,0
"POINT (9.724025839000035 52.363710677000029)",Unfall 1661 (2023) Kat:3, Licht: 0,1661,3,2,6,10,17,6,,0,0,1,1,0
"POINT (9.794416981000040 52.274015239000050)",Unfall 1662 (2023) Kat:3, Licht: 0,1662,3,2,2,10,14,6,,0,0,1,0,0
"POINT (9.461042933000044 52.468337358000042)",Unfall 1663 (2023) Kat:3, Licht: 1,1663,3,6,2,10,07,6,,1,0,1,0,0
"POINT (9.462987994000059 52.341544734000081)",Unfall 1664 (2023) Kat:3, Licht: 2,1664,3,1,8,10,20,6,,2,0,1,0,0
"POINT (9.670039996000071 52.552419859000054)",Unfall 1665 (2023) Kat:3, Licht: 2,1665,3,6,0,10,02,6,,2,1,0,0,0
"POINT (9.751806210000041 52.594483099000058)",Unfall 1666 (2023) Kat:3, Licht: 0,1666,3,6,2,10,10,7,,0,0,1,0,0
"POINT (9.707780546000038 52.420560526000031)",Unfall 1667 (2023) Kat:3, Licht: 0,1667,3,6,2,10,09,5,,0,0,1,0,0
"POINT (9.831926235000026 52.385976750000054)",Unfall 1668 (2023) Kat:3, Licht: 2,1668,3,2,5,10,05,5,,2,1,1,0,0
"POINT (9.424374699000055 52.429428356000074)",Unfall 1669 (2023) Kat:3, Licht: 0,1669,3,3,5,10,11,5,,0,0,1,0,0
"POINT (9.573692111000071 52.423501035000072)",Unfall 1670 (2023) Kat:3, Licht: 0,1670,3,2,5,10,07,5,,0,0,1,0,0
"POINT (9.574359631000050 52.431564953000077)",Unfall 1671 (2023) Kat:3, Licht: 2,1671,3,5,1,10,06,5,,2,0,1,0,0
"POINT (9.729398829000047 52.489825711000037)",Unfall 1672 (2023) Kat:3, Licht: 2,1672,3,3,5,10,19,5,,2,0,1,0,0
"POINT (9.862245903000030 52.573741236000046)",Unfall 1673 (2023) Kat:3, Licht: 1,1673,3,6,2,10,07,5,,1,0,1,0,0
"POINT (9.963304660000063 52.390093073000060)",Unfall 1674 (2023) Kat:3, Licht: 2,1674,3,6,2,10,07,5,,2,0,1,0,0
"POINT (9.721765246000075 52.317104410000070)",Unfall 1675 (2023) Kat:3, Licht: 0,1675,3,6,2,10,17,4,,0,0,1,0,0
"POINT (9.449399003000053 52.504765322000026)",Unfall 1676 (2023) Kat:3, Licht: 0,1676,3,3,5,10,09,4,,0,1,1,0,0
"POINT (9.588515877000077 52.437999693000052)",Unfall 1677 (2023) Kat:3, Licht: 0,1677,3,2,4,10,12,4,,0,0,1,0,0
"POINT (9.729177083000025 52.491663960000039)",Unfall 1678 (2023) Kat:3, Licht: 2,1678,3,2,5,10,06,4,,2,0,1,0,0
"POINT (9.984676294000053 52.459949590000065)",Unfall 1679 (2023) Kat:3, Licht: 1,1679,3,6,4,10,07,4,,1,0,1,0,0
"POINT (9.734177210000041 52.386583914000028)",Unfall 1680 (2023) Kat:3, Licht: 0,1680,3,6,3,10,15,4,,0,0,1,0,0
"POINT (9.735857339000063 52.399220128000081)",Unfall 1681 (2023) Kat:3, Licht: 2,1681,3,2,2,10,06,2,,2,0,1,0,0
"POINT (9.729732940000076 52.336134604000051)",Unfall 1682 (2023) Kat:3, Licht: 0,1682,3,7,9,10,09,3,,0,0,1,0,0
"POINT (9.696326625000040 52.379863847000081)",Unfall 1683 (2023) Kat:3, Licht: 2,1683,3,2,2,10,20,3,,2,0,1,0,0
"POINT (9.789679778000050 52.317084398000077)",Unfall 1684 (2023) Kat:3, Licht: 0,1684,3,2,3,10,12,2,,0,1,1,0,0
"POINT (9.782623400000034 52.372071661000064)",Unfall 1685 (2023) Kat:3, Licht: 0,1685,3,2,5,10,15,2,,0,0,1,0,0
"POINT (9.775758524000025 52.427394307000043)",Unfall 1686 (2023) Kat:3, Licht: 2,1686,3,6,2,10,06,2,,2,0,1,0,0
"POINT (9.845413031000021 52.413558185000056)",Unfall 1687 (2023) Kat:3, Licht: 0,1687,3,6,2,10,14,5,,0,0,0,0,0
"POINT (9.721263450000038 52.316939588000082)",Unfall 1688 (2023) Kat:3, Licht: 2,1688,3,3,5,10,06,2,,2,1,1,0,0
"POINT (9.743035118000023 52.516468949000057)",Unfall 1689 (2023) Kat:3, Licht: 2,1689,3,7,8,10,18,2,,2,0,1,0,0
"POINT (9.752665752000041 52.369859567000049)",Unfall 1690 (2023) Kat:3, Licht: 0,1690,3,4,6,10,10,2,,0,0,1,1,0
"POINT (9.768748548000076 52.337851624000052)",Unfall 1691 (2023) Kat:3, Licht: 0,1691,3,4,6,10,10,7,,0,0,1,1,0
"POINT (9.583461523000040 52.423493506000057)",Unfall 1692 (2023) Kat:3, Licht: 0,1692,3,6,3,10,13,7,,0,0,1,0,0
"POINT (9.879653432000055 52.301636226000028)",Unfall 1693 (2023) Kat:3, Licht: 2,1693,3,1,9,10,04,7,,2,0,0,0,0
"POINT (9.708895699000038 52.366062616000079)",Unfall 1694 (2023) Kat:3, Licht: 2,1694,3,2,4,10,19,6,,2,0,1,0,0
"POINT (9.715055838000069 52.378118964000066)",Unfall 1695 (2023) Kat:3, Licht: 0,1695,3,6,2,10,13,6,,0,0,1,0,0
"POINT (9.462051274000032 52.312675817000070)",Unfall 1696 (2023) Kat:3, Licht: 0,1696,3,6,2,10,15,6,,0,1,0,0,0
"POINT (9.589970829000038 52.438914649000026)",Unfall 1697 (2023) Kat:3, Licht: 0,1697,3,6,2,10,11,6,,0,0,1,0,0
"POINT (9.922490318000030 52.368966347000026)",Unfall 1698 (2023) Kat:3, Licht: 2,1698,3,3,5,10,19,6,,2,1,1,0,0
"POINT (10.047674483000037 52.523107631000073)",Unfall 1699 (2023) Kat:3, Licht: 0,1699,3,7,9,10,13,6,,0,0,1,0,0
"POINT (9.838462676000063 52.275491964000082)",Unfall 1700 (2023) Kat:3, Licht: 0,1700,3,2,6,10,09,5,,0,0,1,1,0
"POINT (9.751978646000055 52.369636937000053)",Unfall 1701 (2023) Kat:3, Licht: 0,1701,3,7,0,10,10,5,,0,1,0,0,0
"POINT (9.722441192000076 52.378497165000056)",Unfall 1702 (2023) Kat:3, Licht: 2,1702,3,2,5,10,20,5,,2,0,1,0,0
"POINT (9.790035548000048 52.335113277000062)",Unfall 1703 (2023) Kat:3, Licht: 0,1703,3,6,2,10,11,5,,0,0,1,0,0
"POINT (9.741089494000050 52.300699895000037)",Unfall 1704 (2023) Kat:3, Licht: 2,1704,3,6,4,10,18,5,,2,1,0,0,0
"POINT (9.752079076000030 52.358083788000044)",Unfall 1705 (2023) Kat:3, Licht: 0,1705,3,6,2,10,10,5,,0,0,1,0,0
"POINT (9.677148300000056 52.358273140000051)",Unfall 1706 (2023) Kat:3, Licht: 1,1706,3,4,6,10,07,5,,1,0,1,1,0
"POINT (9.824478213000077 52.339689693000082)",Unfall 1707 (2023) Kat:3, Licht: 0,1707,3,6,2,10,15,2,,0,0,1,0,0
"POINT (9.762172987000042 52.370417278000048)",Unfall 1708 (2023) Kat:3, Licht: 2,1708,3,2,5,10,19,4,,2,1,1,0,0
"POINT (9.799245478000046 52.410196761000066)",Unfall 1709 (2023) Kat:3, Licht: 0,1709,3,3,5,10,09,4,,0,0,1,0,1
"POINT (9.556953432000057 52.200934590000031)",Unfall 1710 (2023) Kat:3, Licht: 2,1710,3,6,3,10,18,4,,2,1,1,0,0
"POINT (9.789001071000030 52.461041515000034)",Unfall 1711 (2023) Kat:3, Licht: 0,1711,3,3,5,10,09,4,,0,0,1,0,1
"POINT (10.112024352000049 52.457046538000043)",Unfall 1712 (2023) Kat:2, Licht: 0,1712,2,6,3,10,11,4,,0,0,1,0,0
"POINT (9.685066818000053 52.374569363000035)",Unfall 1713 (2023) Kat:3, Licht: 0,1713,3,2,5,10,12,4,,0,1,1,0,0
"POINT (9.479620212000043 52.334774940000045)",Unfall 1714 (2023) Kat:3, Licht: 0,1714,3,1,9,10,08,4,,0,0,1,0,0
"POINT (9.699393602000043 52.347341543000027)",Unfall 1715 (2023) Kat:3, Licht: 0,1715,3,2,5,10,09,3,,0,0,1,0,0
"POINT (9.863360686000021 52.373893387000066)",Unfall 1716 (2023) Kat:3, Licht: 0,1716,3,2,5,10,07,3,,0,1,0,0,0
"POINT (9.692332165000039 52.273537050000073)",Unfall 1717 (2023) Kat:3, Licht: 0,1717,3,6,2,10,10,3,,0,0,1,0,0
"POINT (9.733831137000038 52.469686642000056)",Unfall 1718 (2023) Kat:3, Licht: 0,1718,3,3,5,10,08,3,,0,1,1,0,0
"POINT (10.228332394000063 52.433017038000060)",Unfall 1719 (2023) Kat:3, Licht: 0,1719,3,5,0,10,16,3,,0,0,1,0,0
"POINT (9.976631883000039 52.442987670000036)",Unfall 1720 (2023) Kat:3, Licht: 0,1720,3,2,5,10,16,3,,0,1,1,0,0
"POINT (9.815016873000047 52.313136501000031)",Unfall 1721 (2023) Kat:3, Licht: 1,1721,3,1,8,10,17,3,,1,0,1,0,0
"POINT (9.724811123000052 52.376853686000061)",Unfall 1722 (2023) Kat:2, Licht: 0,1722,2,3,5,10,11,3,,0,0,1,0,0
"POINT (9.723041414000022 52.356958403000078)",Unfall 1723 (2023) Kat:1, Licht: 2,1723,1,1,8,10,00,3,,2,0,1,0,0