WKT,Name,OBJECTID,UKATEGORIE,UTYP1,UART,UMONAT,USTUNDE,UWOCHENTAG,STRZUSTAND,ULICHTVERH,ISTRAD,ISTPKW,ISTFUSS,ISTKRAD
"POINT (9.730920515000037 52.382479162000038)",Unfall 2109 (2023) Kat:3, Licht: 2,2109,3,6,3,12,16,3,,2,0,1,0,0
"POINT (9.761234671000068 52.346146283000053)",Unfall 2110 (2023) Kat:3, Licht: 0,2110,3,3,5,12,13,3,,0,1,1,0,0
"POINT (9.735631542000021 52.394856538000056)",Unfall 2111 (2023) Kat:3, Licht: 0,2111,3,7,5,12,14,2,,0,1,1,0,0
"POINT (9.801052055000071 52.429330895000078)",Unfall 2112 (2023) Kat:3, Licht: 2,2112,3,2,5,12,19,2,,2,0,1,0,0
"POINT (9.907680518000063 52.355756916000075)",Unfall 2113 (2023) Kat:3, Licht: 2,2113,3,2,4,12,17,2,,2,0,1,0,0
"POINT (10.025045038000030 52.316777958000046)",Unfall 2114 (2023) Kat:3, Licht: 2,2114,3,3,5,12,06,2,,2,1,1,0,0
"POINT (9.741722396000057 52.460180957000034)",Unfall 2115 (2023) Kat:3, Licht: 2,2115,3,7,0,12,21,2,,2,0,0,0,0
"POINT (9.520601455000076 52.415150759000028)",Unfall 2116 (2023) Kat:3, Licht: 0,2116,3,6,2,12,10,2,,0,0,1,0,0
"POINT (9.627161208000075 52.423333754000055)",Unfall 2117 (2023) Kat:3, Licht: 2,2117,3,6,2,12,20,1,,2,0,1,0,0
"POINT (9.682303247000050 52.380703065000034)",Unfall 2118 (2023) Kat:3, Licht: 0,2118,3,7,0,12,14,1,,0,1,0,0,0
"POINT (9.796359245000076 52.312300588000028)",Unfall 2119 (2023) Kat:3, Licht: 2,2119,3,7,0,12,21,7,,2,0,0,1,0
"POINT (9.765202895000073 52.370709411000064)",Unfall 2120 (2023) Kat:3, Licht: 1,2120,3,6,2,12,16,7,,1,0,1,0,0
"POINT (9.821772240000030 52.352831192000053)",Unfall 2121 (2023) Kat:3, Licht: 2,2121,3,1,9,12,00,7,,2,0,1,0,0
"POINT (9.910549464000042 52.342282351000051)",Unfall 2122 (2023) Kat:3, Licht: 2,2122,3,5,1,12,22,7,,2,0,1,0,0
"POINT (9.906105404000073 52.344231402000048)",Unfall 2123 (2023) Kat:3, Licht: 2,2123,3,1,8,12,22,7,,2,0,1,0,0
"POINT (9.845064267000055 52.305191350000030)",Unfall 2124 (2023) Kat:3, Licht: 2,2124,3,7,2,12,20,7,,2,0,1,0,0
"POINT (10.092389778000040 52.365345859000058)",Unfall 2125 (2023) Kat:3, Licht: 2,2125,3,1,3,12,00,7,,2,0,1,0,0
"POINT (9.646158768000021 52.413812106000080)",Unfall 2126 (2023) Kat:3, Licht: 2,2126,3,6,2,12,17,6,,2,0,1,0,0
"POINT (9.709698546000027 52.346834543000057)",Unfall 2127 (2023) Kat:3, Licht: 0,2127,3,3,5,12,11,6,,0,0,1,0,0
"POINT (9.827177765000044 52.344758930000069)",Unfall 2128 (2023) Kat:3, Licht: 0,2128,3,4,6,12,08,6,,0,0,1,1,0
"POINT (9.776857642000039 52.332933024000056)",Unfall 2129 (2023) Kat:3, Licht: 2,2129,3,6,2,12,16,6,,2,0,1,0,0
"POINT (9.505404112000065 52.413068867000050)",Unfall 2130 (2023) Kat:3, Licht: 0,2130,3,6,2,12,13,6,,0,0,1,0,0
"POINT (9.344784409000056 52.552822510000055)",Unfall 2131 (2023) Kat:3, Licht: 2,2131,3,1,8,12,01,6,,2,0,1,0,0
"POINT (9.695544512000026 52.563054390000048)",Unfall 2132 (2023) Kat:3, Licht: 0,2132,3,7,8,12,08,6,,0,0,0,0,0
"POINT (9.735587941000063 52.394639061000078)",Unfall 2133 (2023) Kat:2, Licht: 2,2133,2,3,5,12,22,6,,2,0,1,0,0
"POINT (9.822965302000057 52.407857795000041)",Unfall 2134 (2023) Kat:3, Licht: 2,2134,3,3,0,12,19,6,,2,0,1,0,0
"POINT (9.780247203000044 52.324370757000054)",Unfall 2135 (2023) Kat:3, Licht: 2,2135,3,1,0,12,19,6,,2,1,0,0,0
"POINT (9.723042948000057 52.357947330000059)",Unfall 2136 (2023) Kat:3, Licht: 0,2136,3,6,2,12,08,5,,0,0,1,0,0
"POINT (9.732959946000051 52.420910876000050)",Unfall 2137 (2023) Kat:3, Licht: 0,2137,3,3,5,12,11,5,,0,1,1,0,0
"POINT (9.406361253000057 52.411262921000059)",Unfall 2138 (2023) Kat:3, Licht: 2,2138,3,1,8,12,22,5,,2,0,1,0,0
"POINT (9.646149537000042 52.404077925000081)",Unfall 2139 (2023) Kat:3, Licht: 0,2139,3,3,5,12,14,5,,0,0,1,0,0
"POINT (9.545966057000044 52.340219986000079)",Unfall 2140 (2023) Kat:3, Licht: 0,2140,3,4,6,12,07,5,,0,0,1,1,0
"POINT (9.976345549000030 52.368693878000045)",Unfall 2141 (2023) Kat:3, Licht: 2,2141,3,3,5,12,07,5,,2,1,1,0,0
"POINT (9.885373442000059 52.360080801000038)",Unfall 2142 (2023) Kat:3, Licht: 0,2142,3,1,9,12,16,5,,0,0,1,0,0
"POINT (9.706401127000049 52.445170112000028)",Unfall 2143 (2023) Kat:3, Licht: 2,2143,3,6,2,12,23,5,,2,0,1,0,0
"POINT (9.471348199000033 52.384853580000026)",Unfall 2144 (2023) Kat:3, Licht: 2,2144,3,6,2,12,20,5,,2,0,1,0,0
"POINT (9.990813605000028 52.388794360000077)",Unfall 2145 (2023) Kat:3, Licht: 0,2145,3,6,2,12,13,5,,0,0,1,0,0
"POINT (9.827109497000038 52.343523186000027)",Unfall 2146 (2023) Kat:3, Licht: 0,2146,3,2,5,12,08,5,,0,1,1,0,0
"POINT (9.774370941000029 52.371027449000053)",Unfall 2147 (2023) Kat:3, Licht: 0,2147,3,2,5,12,11,4,,0,0,1,0,0
"POINT (9.550619778000055 52.421459184000071)",Unfall 2148 (2023) Kat:1, Licht: 2,2148,1,1,8,12,03,4,,2,0,1,0,0
"POINT (9.813197988000070 52.365561805000027)",Unfall 2149 (2023) Kat:3, Licht: 2,2149,3,6,4,12,17,3,,2,1,0,0,0
"POINT (9.513800310000022 52.411506336000059)",Unfall 2150 (2023) Kat:3, Licht: 2,2150,3,3,0,12,07,3,,2,0,1,0,0
"POINT (9.846696606000023 52.275194291000048)",Unfall 2151 (2023) Kat:3, Licht: 2,2151,3,6,2,12,17,2,,2,0,1,0,0
"POINT (9.813641989000075 52.319022647000054)",Unfall 2152 (2023) Kat:3, Licht: 0,2152,3,6,2,12,14,2,,0,0,1,0,0
"POINT (9.430009186000063 52.426061086000061)",Unfall 2153 (2023) Kat:3, Licht: 2,2153,3,2,2,12,18,2,,2,0,1,0,0
"POINT (9.637277385000061 52.293429211000046)",Unfall 2154 (2023) Kat:3, Licht: 2,2154,3,2,2,12,18,2,,2,0,1,0,0
"POINT (9.728467362000060 52.580020838000053)",Unfall 2155 (2023) Kat:3, Licht: 0,2155,3,3,5,12,11,2,,0,1,1,0,0
"POINT (9.856153936000055 52.492195803000072)",Unfall 2156 (2023) Kat:3, Licht: 2,2156,3,4,6,12,16,2,,2,0,1,1,0
"POINT (10.013150437000036 52.451168486000029)",Unfall 2157 (2023) Kat:3, Licht: 0,2157,3,4,6,12,07,2,,0,0,1,1,0
"POINT (9.999151184000027 52.387517000000059)",Unfall 2158 (2023) Kat:3, Licht: 2,2158,3,6,2,12,20,2,,2,0,1,0,0
"POINT (9.774498265000034 52.427467296000032)",Unfall 2159 (2023) Kat:3, Licht: 2,2159,3,6,2,12,16,2,,2,0,1,0,0
"POINT (9.835446576000038 52.420251349000068)",Unfall 2160 (2023) Kat:3, Licht: 1,2160,3,6,2,12,08,2,,1,0,1,0,0
"POINT (9.885511502000043 52.358370648000061)",Unfall 2161 (2023) Kat:3, Licht: 2,2161,3,6,3,12,21,1,,2,0,1,0,0
"POINT (10.100208161000069 52.364599932000033)",Unfall 2162 (2023) Kat:2, Licht: 2,2162,2,6,3,12,18,4,,2,0,1,0,0
"POINT (9.725981702000070 52.475798960000077)",Unfall 2163 (2023) Kat:3, Licht: 2,2163,3,7,7,12,03,7,,2,1,0,0,0
"POINT (9.671496448000028 52.347012601000074)",Unfall 2164 (2023) Kat:3, Licht: 0,2164,3,7,8,12,12,7,,0,0,1,0,0
"POINT (9.726359156000058 52.388392180000039)",Unfall 2165 (2023) Kat:3, Licht: 2,2165,3,2,5,12,18,6,,2,1,1,0,0
"POINT (9.437238827000044 52.419267852000075)",Unfall 2166 (2023) Kat:3, Licht: 2,2166,3,5,1,12,02,6,,2,0,1,0,0
"POINT (9.697244254000054 52.378115291000029)",Unfall 2167 (2023) Kat:3, Licht: 0,2167,3,6,2,12,12,6,,0,0,1,0,0
"POINT (9.588788043000022 52.395508596000070)",Unfall 2168 (2023) Kat:3, Licht: 1,2168,3,6,2,12,07,6,,1,0,1,0,0
"POINT (9.381917900000076 52.536615808000079)",Unfall 2169 (2023) Kat:3, Licht: 2,2169,3,7,8,12,16,6,,2,0,1,0,0
"POINT (9.454222342000037 52.508794971000043)",Unfall 2170 (2023) Kat:3, Licht: 0,2170,3,4,6,12,10,6,,0,0,1,1,0
"POINT (9.517623887000070 52.471781313000065)",Unfall 2171 (2023) Kat:3, Licht: 0,2171,3,6,2,12,14,6,,0,0,1,0,0
"POINT (9.517608228000029 52.471790348000070)",Unfall 2172 (2023) Kat:3, Licht: 0,2172,3,6,3,12,14,6,,0,0,1,0,0
"POINT (9.517445961000021 52.471757195000066)",Unfall 2173 (2023) Kat:3, Licht: 0,2173,3,7,2,12,14,6,,0,0,1,0,0
"POINT (9.515232367000067 52.473030215000051)",Unfall 2174 (2023) Kat:3, Licht: 2,2174,3,6,2,12,07,6,,2,0,1,0,0
"POINT (10.195218799000031 52.464269005000062)",Unfall 2175 (2023) Kat:2, Licht: 0,2175,2,2,5,12,11,6,,0,0,1,0,1
"POINT (9.742651335000062 52.338260213000069)",Unfall 2176 (2023) Kat:3, Licht: 2,2176,3,6,2,12,18,6,,2,0,1,0,0
"POINT (9.720974480000052 52.341569245000073)",Unfall 2177 (2023) Kat:3, Licht: 0,2177,3,7,8,12,13,2,,0,0,1,0,0
"POINT (9.735622871000032 52.401123953000081)",Unfall 2178 (2023) Kat:3, Licht: 0,2178,3,6,3,12,13,5,,0,0,1,0,0
"POINT (9.810908725000047 52.409173359000079)",Unfall 2179 (2023) Kat:3, Licht: 0,2179,3,6,3,12,09,5,,0,0,1,0,0
"POINT (9.768964745000062 52.337994940000044)",Unfall 2180 (2023) Kat:3, Licht: 0,2180,3,6,2,12,10,5,,0,0,1,0,0
"POINT (9.569800203000057 52.290571469000042)",Unfall 2181 (2023) Kat:3, Licht: 2,2181,3,1,8,12,05,5,,2,0,1,0,0
"POINT (9.477259477000075 52.387342989000047)",Unfall 2182 (2023) Kat:3, Licht: 2,2182,3,2,4,12,07,5,,2,0,1,0,0
"POINT (9.731398968000065 52.426479523000069)",Unfall 2183 (2023) Kat:3, Licht: 0,2183,3,1,8,12,07,5,,0,0,1,0,0
"POINT (9.798173091000024 52.419547501000068)",Unfall 2184 (2023) Kat:3, Licht: 2,2184,3,4,6,12,17,5,,2,0,1,1,0
"POINT (9.772902442000031 52.333041777000062)",Unfall 2185 (2023) Kat:3, Licht: 0,2185,3,4,6,12,11,5,,0,0,0,1,0
"POINT (9.726583901000026 52.366752465000047)",Unfall 2186 (2023) Kat:3, Licht: 2,2186,3,2,6,12,18,4,,2,0,1,1,0
"POINT (9.996758582000041 52.377281604000075)",Unfall 2187 (2023) Kat:3, Licht: 2,2187,3,3,5,12,07,4,,2,0,1,0,0
"POINT (9.860607436000066 52.384459395000079)",Unfall 2188 (2023) Kat:1, Licht: 0,2188,1,6,4,12,14,4,,0,0,1,0,0
"POINT (9.711682879000023 52.429279652000048)",Unfall 2189 (2023) Kat:3, Licht: 1,2189,3,6,3,12,07,4,,1,0,1,0,0
"POINT (9.830429738000021 52.422901787000058)",Unfall 2190 (2023) Kat:3, Licht: 2,2190,3,6,3,12,06,4,,2,0,1,0,0
"POINT (9.678502571000024 52.429246347000060)",Unfall 2191 (2023) Kat:3, Licht: 2,2191,3,6,9,12,01,1,,2,0,1,0,0
"POINT (9.719523806000041 52.346452833000058)",Unfall 2192 (2023) Kat:3, Licht: 0,2192,3,2,5,12,11,3,,0,0,1,0,0
"POINT (9.681077853000033 52.275780115000032)",Unfall 2193 (2023) Kat:3, Licht: 1,2193,3,1,4,12,07,3,,1,0,1,0,0
"POINT (9.586917903000028 52.416033816000038)",Unfall 2194 (2023) Kat:3, Licht: 0,2194,3,2,5,12,14,3,,0,1,1,0,0
"POINT (9.747523218000026 52.437320175000082)",Unfall 2195 (2023) Kat:3, Licht: 2,2195,3,3,5,12,20,3,,2,0,1,0,0
"POINT (9.797112044000073 52.546771330000070)",Unfall 2196 (2023) Kat:3, Licht: 0,2196,3,1,8,12,08,3,,0,0,1,0,0
"POINT (9.798540668000044 52.416950046000068)",Unfall 2197 (2023) Kat:2, Licht: 2,2197,2,2,6,12,18,3,,2,0,1,1,0
"POINT (9.858402116000036 52.316224471000055)",Unfall 2198 (2023) Kat:3, Licht: 0,2198,3,1,4,12,08,3,,0,0,1,0,0
"POINT (9.473861674000034 52.503915041000027)",Unfall 2199 (2023) Kat:3, Licht: 2,2199,3,6,2,12,07,3,,2,0,1,0,0
"POINT (9.735803316000045 52.399771644000054)",Unfall 2200 (2023) Kat:3, Licht: 0,2200,3,6,2,12,15,2,,0,0,1,0,0
"POINT (9.803002108000044 52.339901685000029)",Unfall 2201 (2023) Kat:3, Licht: 2,2201,3,6,2,12,22,6,,2,0,1,0,0
"POINT (9.760949165000056 52.346950409000044)",Unfall 2202 (2023) Kat:3, Licht: 2,2202,3,1,0,12,02,1,,2,0,0,0,0
"POINT (9.498249014000066 52.353882133000070)",Unfall 2203 (2023) Kat:3, Licht: 0,2203,3,1,9,12,14,1,,0,0,1,0,0
"POINT (9.963396860000046 52.365412259000038)",Unfall 2204 (2023) Kat:3, Licht: 0,2204,3,3,5,12,11,1,,0,0,1,0,0
"POINT (9.986354258000063 52.389076710000040)",Unfall 2205 (2023) Kat:3, Licht: 1,2205,3,6,2,12,15,1,,1,0,1,0,0
"POINT (9.802842909000049 52.431149842000082)",Unfall 2206 (2023) Kat:3, Licht: 2,2206,3,1,9,12,05,1,,2,0,1,0,0
"POINT (9.751119366000069 52.359326672000066)",Unfall 2207 (2023) Kat:3, Licht: 0,2207,3,2,6,12,13,5,,0,0,1,1,0
"POINT (9.798387990000037 52.420551961000058)",Unfall 2208 (2023) Kat:3, Licht: 2,2208,3,6,6,12,20,7,,2,0,0,1,0
"POINT (9.798176262000027 52.419570347000047)",Unfall 2209 (2023) Kat:3, Licht: 0,2209,3,7,0,12,11,7,,0,1,0,0,0
"POINT (9.620646533000070 52.325402178000047)",Unfall 2210 (2023) Kat:3, Licht: 2,2210,3,1,8,12,19,7,,2,0,1,0,0
"POINT (9.730702811000072 52.468564034000053)",Unfall 2211 (2023) Kat:3, Licht: 0,2211,3,2,4,12,14,7,,0,0,1,0,0
"POINT (9.740011281000022 52.368236900000056)",Unfall 2212 (2023) Kat:3, Licht: 2,2212,3,6,2,12,17,6,,2,0,1,0,0
"POINT (9.743387127000062 52.548182842000074)",Unfall 2213 (2023) Kat:3, Licht: 0,2213,3,3,5,12,12,7,,0,1,1,0,0
"POINT (9.746762227000033 52.365088125000057)",Unfall 2214 (2023) Kat:3, Licht: 2,2214,3,6,2,12,17,6,,2,0,1,0,0
"POINT (9.670018709000033 52.383028509000042)",Unfall 2215 (2023) Kat:3, Licht: 1,2215,3,2,3,12,07,6,,1,1,0,0,0
"POINT (9.697755293000057 52.377131568000038)",Unfall 2216 (2023) Kat:3, Licht: 0,2216,3,6,2,12,08,6,,0,0,1,0,0
"POINT (9.801052910000067 52.429333183000040)",Unfall 2217 (2023) Kat:3, Licht: 2,2217,3,3,5,12,16,6,,2,0,1,0,0
"POINT (9.732853469000077 52.424241166000058)",Unfall 2218 (2023) Kat:3, Licht: 2,2218,3,6,2,12,21,6,,2,0,1,0,0
"POINT (10.206379464000065 52.473572143000069)",Unfall 2219 (2023) Kat:3, Licht: 0,2219,3,2,4,12,14,6,,0,0,1,0,0
"POINT (9.734284548000062 52.413498332000074)",Unfall 2220 (2023) Kat:3, Licht: 2,2220,3,6,2,12,18,6,,2,0,1,0,0
"POINT (9.868037977000029 52.402943475000029)",Unfall 2221 (2023) Kat:3, Licht: 0,2221,3,6,2,11,14,5,,0,0,1,0,0
"POINT (9.813857001000031 52.364993870000035)",Unfall 2222 (2023) Kat:3, Licht: 2,2222,3,1,0,11,21,5,,2,1,0,0,0
"POINT (9.802862097000059 52.436093320000055)",Unfall 2223 (2023) Kat:3, Licht: 1,2223,3,3,5,11,16,5,,1,0,1,0,0
"POINT (10.175695934000032 52.358747782000080)",Unfall 2224 (2023) Kat:3, Licht: 2,2224,3,1,3,12,21,7,,2,0,1,0,0
"POINT (10.093567577000044 52.395291284000052)",Unfall 2225 (2023) Kat:3, Licht: 2,2225,3,1,8,12,00,1,,2,0,1,0,0
"POINT (9.968940111000052 52.315195605000042)",Unfall 2226 (2023) Kat:3, Licht: 0,2226,3,2,6,12,14,3,,0,0,1,1,0
"POINT (9.734889717000044 52.391423484000029)",Unfall 2227 (2023) Kat:3, Licht: 0,2227,3,2,5,11,15,5,,0,1,1,0,0
"POINT (9.670436619000043 52.348060665000048)",Unfall 2228 (2023) Kat:3, Licht: 0,2228,3,6,2,11,13,4,,0,0,1,0,0
"POINT (9.945239452000067 52.333465606000061)",Unfall 2229 (2023) Kat:3, Licht: 0,2229,3,4,6,11,11,4,,0,0,0,1,0
"POINT (10.099218829000051 52.481254781000075)",Unfall 2230 (2023) Kat:3, Licht: 1,2230,3,4,6,11,15,4,,1,0,1,1,0
"POINT (9.436616596000022 52.362013903000047)",Unfall 2231 (2023) Kat:3, Licht: 0,2231,3,6,2,11,08,4,,0,0,1,0,0
"POINT (9.462516859000061 52.305003344000056)",Unfall 2232 (2023) Kat:3, Licht: 1,2232,3,4,6,12,07,6,,1,0,1,1,0
"POINT (9.809069669000053 52.379554205000034)",Unfall 2233 (2023) Kat:3, Licht: 0,2233,3,3,5,11,13,3,,0,0,1,0,0
"POINT (9.623516065000047 52.217484983000077)",Unfall 2234 (2023) Kat:3, Licht: 0,2234,3,1,4,11,10,3,,0,0,1,0,0
"POINT (9.615823126000066 52.349947932000077)",Unfall 2235 (2023) Kat:3, Licht: 0,2235,3,1,8,11,09,3,,0,0,1,0,0
"POINT (9.612736900000073 52.346729813000081)",Unfall 2236 (2023) Kat:3, Licht: 1,2236,3,6,2,11,07,3,,1,0,1,0,0
"POINT (9.693563254000026 52.308725619000029)",Unfall 2237 (2023) Kat:3, Licht: 2,2237,3,1,8,11,05,3,,2,0,1,0,0
"POINT (9.487741972000038 52.558633441000040)",Unfall 2238 (2023) Kat:3, Licht: 0,2238,3,4,6,11,13,3,,0,0,1,1,0
"POINT (9.473927688000060 52.503910114000064)",Unfall 2239 (2023) Kat:3, Licht: 0,2239,3,7,0,11,14,3,,0,0,1,1,0
"POINT (9.931067852000069 52.368210115000068)",Unfall 2240 (2023) Kat:3, Licht: 2,2240,3,1,8,11,06,3,,2,0,1,0,0
"POINT (9.718466865000039 52.279444865000073)",Unfall 2241 (2023) Kat:2, Licht: 0,2241,2,1,8,11,09,3,,0,0,1,0,0
"POINT (9.886101343000064 52.427489970000067)",Unfall 2242 (2023) Kat:3, Licht: 0,2242,3,6,2,11,09,3,,0,0,1,0,0
"POINT (9.697133554000061 52.341653932000042)",Unfall 2243 (2023) Kat:3, Licht: 1,2243,3,2,6,12,07,2,,1,0,1,1,0
"POINT (9.628609679000022 52.422185877000061)",Unfall 2244 (2023) Kat:3, Licht: 0,2244,3,6,3,11,08,2,,0,0,1,0,0
"POINT (9.709435238000026 52.366189663000057)",Unfall 2245 (2023) Kat:3, Licht: 0,2245,3,4,6,11,07,2,,0,0,0,1,1
"POINT (9.465223541000057 52.410871129000043)",Unfall 2246 (2023) Kat:3, Licht: 2,2246,3,1,8,11,17,2,,2,0,1,0,0
"POINT (9.492068500000073 52.272097005000035)",Unfall 2247 (2023) Kat:2, Licht: 2,2247,2,1,9,11,18,2,,2,0,0,0,0
"POINT (9.969107924000070 52.315174071000058)",Unfall 2248 (2023) Kat:3, Licht: 2,2248,3,2,5,11,20,2,,2,1,1,0,0
"POINT (9.931488043000058 52.338737702000060)",Unfall 2249 (2023) Kat:3, Licht: 2,2249,3,2,6,11,17,2,,2,0,1,1,0
"POINT (9.972943277000070 52.372718191000047)",Unfall 2250 (2023) Kat:3, Licht: 2,2250,3,5,1,11,17,2,,2,1,1,0,0
"POINT (9.954198595000037 52.321865296000055)",Unfall 2251 (2023) Kat:3, Licht: 0,2251,3,3,5,11,14,2,,0,0,1,0,0
"POINT (9.407485232000056 52.333473566000066)",Unfall 2252 (2023) Kat:3, Licht: 2,2252,3,6,3,11,22,2,,2,0,0,0,0
"POINT (9.759504958000036 52.452931737000029)",Unfall 2253 (2023) Kat:2, Licht: 2,2253,2,2,6,11,17,2,,2,0,1,1,0
"POINT (9.547180758000025 52.421387572000071)",Unfall 2254 (2023) Kat:3, Licht: 2,2254,3,6,2,11,17,2,,2,0,1,0,0
"POINT (9.833427743000072 52.398568531000080)",Unfall 2255 (2023) Kat:3, Licht: 2,2255,3,3,5,11,17,2,,2,1,1,0,0
"POINT (9.644015412000044 52.414212386000031)",Unfall 2256 (2023) Kat:3, Licht: 1,2256,3,6,2,12,17,6,,1,0,1,0,0
"POINT (9.639512508000053 52.332778747000077)",Unfall 2257 (2023) Kat:3, Licht: 0,2257,3,6,4,11,15,1,,0,0,1,0,0
"POINT (9.922500464000052 52.368943208000076)",Unfall 2258 (2023) Kat:3, Licht: 2,2258,3,2,4,11,21,1,,2,0,1,0,0
"POINT (9.781260223000061 52.344950672000039)",Unfall 2259 (2023) Kat:3, Licht: 2,2259,3,6,2,11,16,7,,2,0,1,0,0
"POINT (9.924559888000033 52.366178083000079)",Unfall 2260 (2023) Kat:3, Licht: 0,2260,3,2,4,11,08,7,,0,0,1,0,0
"POINT (9.714240904000064 52.362240348000057)",Unfall 2261 (2023) Kat:3, Licht: 2,2261,3,3,5,12,17,7,,2,0,1,0,0
"POINT (9.816340626000056 52.289417540000045)",Unfall 2262 (2023) Kat:3, Licht: 2,2262,3,1,8,11,01,7,,2,0,0,0,0
"POINT (9.733949172000052 52.384823786000027)",Unfall 2263 (2023) Kat:3, Licht: 2,2263,3,6,2,11,17,6,,2,0,1,0,0
"POINT (9.829818032000048 52.399706518000073)",Unfall 2264 (2023) Kat:3, Licht: 0,2264,3,2,6,11,09,6,,0,0,1,1,0
"POINT (9.569655263000072 52.289999111000043)",Unfall 2265 (2023) Kat:3, Licht: 0,2265,3,1,9,11,10,6,,0,0,1,0,0
"POINT (9.656703823000043 52.277212310000039)",Unfall 2266 (2023) Kat:3, Licht: 0,2266,3,7,7,11,13,6,,0,0,1,0,0
"POINT (9.614051351000057 52.430558037000026)",Unfall 2267 (2023) Kat:3, Licht: 0,2267,3,3,5,11,07,6,,0,1,1,0,0
"POINT (9.725865781000039 52.546627963000049)",Unfall 2268 (2023) Kat:3, Licht: 0,2268,3,3,5,11,08,6,,0,1,1,0,0
"POINT (9.854478289000042 52.548683646000029)",Unfall 2269 (2023) Kat:3, Licht: 2,2269,3,6,3,11,17,6,,2,0,1,0,0
"POINT (9.989053151000064 52.445213026000033)",Unfall 2270 (2023) Kat:3, Licht: 0,2270,3,7,0,11,11,6,,0,1,0,0,1
"POINT (9.755651873000033 52.591038139000034)",Unfall 2271 (2023) Kat:3, Licht: 0,2271,3,6,2,11,13,6,,0,0,1,0,0
"POINT (9.577487574000031 52.458522495000068)",Unfall 2272 (2023) Kat:2, Licht: 2,2272,2,3,5,11,06,6,,2,1,1,0,0
"POINT (9.787752112000021 52.318798211000058)",Unfall 2273 (2023) Kat:3, Licht: 0,2273,3,2,5,11,12,6,,0,0,0,0,0
"POINT (9.610120970000025 52.392141756000058)",Unfall 2274 (2023) Kat:3, Licht: 1,2274,3,6,0,11,17,5,,1,1,0,1,0
"POINT (9.704513598000062 52.277835732000028)",Unfall 2275 (2023) Kat:3, Licht: 0,2275,3,6,2,11,14,5,,0,0,1,0,0
"POINT (9.593292714000029 52.579247341000041)",Unfall 2276 (2023) Kat:3, Licht: 2,2276,3,2,2,11,17,5,,2,0,1,0,0
"POINT (9.867102119000037 52.577855442000043)",Unfall 2277 (2023) Kat:3, Licht: 2,2277,3,1,8,11,06,5,,2,0,1,0,0
"POINT (9.979920313000036 52.420046865000074)",Unfall 2278 (2023) Kat:2, Licht: 2,2278,2,5,1,11,17,5,,2,0,1,0,0
"POINT (9.521061147000069 52.415367060000051)",Unfall 2279 (2023) Kat:3, Licht: 0,2279,3,6,2,11,08,5,,0,0,1,0,0
"POINT (9.839407031000064 52.361744579000060)",Unfall 2280 (2023) Kat:3, Licht: 0,2280,3,1,4,11,12,5,,0,0,1,0,0
"POINT (9.753429178000033 52.370004721000043)",Unfall 2281 (2023) Kat:3, Licht: 2,2281,3,3,5,12,05,2,,2,1,1,0,0
"POINT (9.698851491000028 52.346842648000063)",Unfall 2282 (2023) Kat:3, Licht: 0,2282,3,2,5,12,12,7,,0,0,1,0,0
"POINT (10.024097098000027 52.433067434000066)",Unfall 2283 (2023) Kat:3, Licht: 0,2283,3,3,5,12,09,3,,0,0,1,0,0
"POINT (9.782240089000027 52.519944021000072)",Unfall 2284 (2023) Kat:3, Licht: 0,2284,3,6,4,12,14,3,,0,0,1,0,0
"POINT (9.514837870000065 52.300367259000041)",Unfall 2285 (2023) Kat:3, Licht: 0,2285,3,3,5,12,09,7,,0,0,1,0,0
"POINT (9.694632770000055 52.419613068000046)",Unfall 2286 (2023) Kat:3, Licht: 2,2286,3,2,4,11,17,4,,2,0,1,0,0
"POINT (9.822991252000065 52.407869562000030)",Unfall 2287 (2023) Kat:3, Licht: 1,2287,3,6,2,11,16,4,,1,0,1,0,0
"POINT (9.577834872000039 52.423142589000065)",Unfall 2288 (2023) Kat:3, Licht: 0,2288,3,6,3,11,14,4,,0,0,1,0,0
"POINT (9.517644334000067 52.194857660000082)",Unfall 2289 (2023) Kat:3, Licht: 2,2289,3,1,4,11,06,4,,2,0,1,0,0
"POINT (9.822475142000030 52.412758886000063)",Unfall 2290 (2023) Kat:3, Licht: 0,2290,3,1,8,11,09,4,,0,0,0,0,0
"POINT (9.748051475000068 52.217161598000075)",Unfall 2291 (2023) Kat:3, Licht: 0,2291,3,6,2,12,13,5,,0,0,1,0,0
"POINT (9.763377407000064 52.336795433000077)",Unfall 2292 (2023) Kat:3, Licht: 2,2292,3,1,0,11,21,3,,2,1,0,0,0
"POINT (9.641170331000069 52.414927806000037)",Unfall 2293 (2023) Kat:3, Licht: 2,2293,3,6,2,11,18,3,,2,0,1,0,0
"POINT (9.734273813000073 52.387151164000045)",Unfall 2294 (2023) Kat:3, Licht: 0,2294,3,2,2,11,15,3,,0,0,1,0,0
"POINT (9.735251314000038 52.394505062000064)",Unfall 2295 (2023) Kat:3, Licht: 0,2295,3,3,5,11,08,3,,0,0,1,0,0
"POINT (9.794152157000042 52.394725533000042)",Unfall 2296 (2023) Kat:3, Licht: 1,2296,3,3,5,11,14,3,,1,1,1,0,0
"POINT (9.466302805000055 52.454291483000077)",Unfall 2297 (2023) Kat:3, Licht: 0,2297,3,6,2,11,10,3,,0,0,1,0,0
"POINT (9.731434637000064 52.429133878000073)",Unfall 2298 (2023) Kat:3, Licht: 2,2298,3,1,8,11,07,3,,2,0,0,0,1
"POINT (9.707857770000032 52.429932283000028)",Unfall 2299 (2023) Kat:3, Licht: 2,2299,3,6,2,11,06,3,,2,0,1,0,0
"POINT (9.730562356000064 52.370719195000049)",Unfall 2300 (2023) Kat:3, Licht: 0,2300,3,6,2,11,13,3,,0,0,1,0,0