WKT,Name,OBJECTID,UKATEGORIE,UTYP1,UART,UMONAT,USTUNDE,UWOCHENTAG,STRZUSTAND,ULICHTVERH,ISTRAD,ISTPKW,ISTFUSS,ISTKRAD
"POINT (9.731564325000022 52.369401986000071)",Unfall 2301 (2023) Kat:3, Licht: 2,2301,3,3,5,12,18,6,,2,0,1,0,0
"POINT (9.743289999000069 52.368193609000059)",Unfall 2302 (2023) Kat:3, Licht: 2,2302,3,3,5,11,17,5,,2,0,1,0,0
"POINT (9.744013275000043 52.368025586000044)",Unfall 2303 (2023) Kat:3, Licht: 0,2303,3,7,0,11,13,2,,0,0,0,0,1
"POINT (9.448669643000073 52.439143980000040)",Unfall 2304 (2023) Kat:3, Licht: 0,2304,3,3,5,11,13,2,,0,0,1,0,0
"POINT (9.527339375000054 52.196471833000032)",Unfall 2305 (2023) Kat:3, Licht: 1,2305,3,6,2,11,07,2,,1,0,1,0,0
"POINT (9.764549864000060 52.342668453000044)",Unfall 2306 (2023) Kat:3, Licht: 2,2306,3,3,5,12,21,7,,2,0,1,0,0
"POINT (9.635735410000052 52.396219924000036)",Unfall 2307 (2023) Kat:3, Licht: 0,2307,3,5,1,11,11,2,,0,0,1,0,0
"POINT (9.511370415000044 52.290133432000061)",Unfall 2308 (2023) Kat:3, Licht: 1,2308,3,7,0,11,16,2,,1,0,0,0,0
"POINT (9.546113709000053 52.340327466000076)",Unfall 2309 (2023) Kat:3, Licht: 0,2309,3,2,4,11,08,2,,0,0,1,0,0
"POINT (9.606306133000032 52.450471937000032)",Unfall 2310 (2023) Kat:3, Licht: 0,2310,3,3,5,11,15,2,,0,0,1,0,0
"POINT (9.615103443000066 52.405659623000076)",Unfall 2311 (2023) Kat:3, Licht: 0,2311,3,4,6,11,14,2,,0,0,1,1,0
"POINT (9.910566437000057 52.357717277000063)",Unfall 2312 (2023) Kat:3, Licht: 0,2312,3,1,4,11,08,2,,0,0,1,0,0
"POINT (9.343015688000037 52.553897796000058)",Unfall 2313 (2023) Kat:2, Licht: 0,2313,2,1,9,11,14,2,,0,0,1,0,0
"POINT (9.885695185000031 52.358735707000051)",Unfall 2314 (2023) Kat:3, Licht: 2,2314,3,6,2,11,06,2,,2,0,0,0,0
"POINT (9.729326274000073 52.372898589000044)",Unfall 2315 (2023) Kat:3, Licht: 0,2315,3,6,2,11,13,2,,0,0,1,0,0
"POINT (9.721196749000057 52.361671608000051)",Unfall 2316 (2023) Kat:3, Licht: 1,2316,3,2,6,11,07,2,,1,0,1,1,0
"POINT (9.808604365000065 52.337264371000060)",Unfall 2317 (2023) Kat:3, Licht: 0,2317,3,2,4,11,15,1,,0,0,1,0,0
"POINT (9.768756572000029 52.170918537000034)",Unfall 2318 (2023) Kat:3, Licht: 2,2318,3,1,9,11,21,1,,2,0,1,0,0
"POINT (9.728249232000053 52.541212127000051)",Unfall 2319 (2023) Kat:3, Licht: 2,2319,3,7,9,11,06,1,,2,0,1,0,0
"POINT (9.755441702000041 52.427133630000071)",Unfall 2320 (2023) Kat:3, Licht: 1,2320,3,6,2,11,15,1,,1,0,1,0,0
"POINT (9.648263415000031 52.412780080000061)",Unfall 2321 (2023) Kat:3, Licht: 2,2321,3,3,5,11,20,7,,2,0,1,0,0
"POINT (9.679163124000070 52.193310209000060)",Unfall 2322 (2023) Kat:3, Licht: 2,2322,3,7,9,11,02,7,,2,0,1,0,0
"POINT (9.575379414000054 52.431867722000050)",Unfall 2323 (2023) Kat:3, Licht: 0,2323,3,2,2,11,10,7,,0,0,1,0,0
"POINT (9.607004814000049 52.311520640000026)",Unfall 2324 (2023) Kat:2, Licht: 2,2324,2,2,6,11,17,7,,2,0,1,1,0
"POINT (9.800962155000036 52.342487480000045)",Unfall 2325 (2023) Kat:3, Licht: 1,2325,3,6,2,11,16,7,,1,0,1,0,0
"POINT (9.798859437000033 52.422187556000040)",Unfall 2326 (2023) Kat:2, Licht: 2,2326,2,6,2,11,00,7,,2,0,1,0,0
"POINT (9.414099158000056 52.428206467000052)",Unfall 2327 (2023) Kat:3, Licht: 2,2327,3,6,2,12,07,3,,2,0,1,0,0
"POINT (9.796597164000048 52.415383133000034)",Unfall 2328 (2023) Kat:3, Licht: 0,2328,3,2,6,11,15,2,,0,0,1,1,0
"POINT (9.770891845000051 52.427060815000061)",Unfall 2329 (2023) Kat:3, Licht: 2,2329,3,6,2,12,17,4,,2,0,1,0,0
"POINT (9.694752894000032 52.337538462000055)",Unfall 2330 (2023) Kat:3, Licht: 0,2330,3,2,5,11,13,6,,0,1,1,0,0
"POINT (9.697187122000059 52.375174906000041)",Unfall 2331 (2023) Kat:3, Licht: 2,2331,3,2,2,11,22,6,,2,0,1,0,0
"POINT (9.836853211000061 52.421153606000075)",Unfall 2332 (2023) Kat:3, Licht: 1,2332,3,2,4,11,15,6,,1,0,1,0,0
"POINT (9.740636203000065 52.299382412000057)",Unfall 2333 (2023) Kat:3, Licht: 0,2333,3,7,0,11,15,6,,0,1,0,0,0
"POINT (9.963860915000055 52.390065460000073)",Unfall 2334 (2023) Kat:3, Licht: 0,2334,3,6,2,11,13,6,,0,0,1,0,0
"POINT (9.883842086000072 52.359645245000081)",Unfall 2335 (2023) Kat:3, Licht: 1,2335,3,6,3,11,07,6,,1,0,1,0,0
"POINT (9.734242687000062 52.386968393000075)",Unfall 2336 (2023) Kat:3, Licht: 2,2336,3,6,2,12,23,5,,2,0,1,0,0
"POINT (9.643908252000074 52.422982519000072)",Unfall 2337 (2023) Kat:3, Licht: 2,2337,3,6,2,12,05,2,,2,0,1,0,0
"POINT (9.463033273000065 52.346673727000052)",Unfall 2338 (2023) Kat:3, Licht: 2,2338,3,1,8,12,06,6,,2,0,1,0,0
"POINT (9.727595956000073 52.438860954000063)",Unfall 2339 (2023) Kat:3, Licht: 0,2339,3,2,0,12,13,2,,0,0,1,0,0
"POINT (9.717098189000069 52.346366960000069)",Unfall 2340 (2023) Kat:3, Licht: 2,2340,3,2,5,11,17,5,,2,1,1,0,0
"POINT (9.712741775000040 52.402032638000037)",Unfall 2341 (2023) Kat:3, Licht: 0,2341,3,2,5,11,09,5,,0,1,1,0,0
"POINT (9.527863831000047 52.196549271000038)",Unfall 2342 (2023) Kat:3, Licht: 2,2342,3,3,5,11,18,5,,2,0,1,0,0
"POINT (10.204415862000076 52.463757358000066)",Unfall 2343 (2023) Kat:3, Licht: 0,2343,3,3,5,11,14,5,,0,0,1,0,0
"POINT (9.730213768000056 52.368958507000059)",Unfall 2344 (2023) Kat:2, Licht: 2,2344,2,3,5,11,17,5,,2,1,1,0,0
"POINT (9.889451600000029 52.362469801000032)",Unfall 2345 (2023) Kat:3, Licht: 0,2345,3,6,2,11,08,5,,0,0,1,0,0
"POINT (9.696800341000028 52.374884116000032)",Unfall 2346 (2023) Kat:3, Licht: 0,2346,3,6,2,11,13,5,,0,0,1,0,0
"POINT (9.638405970000065 52.633823230000075)",Unfall 2347 (2023) Kat:3, Licht: 2,2347,3,1,9,11,20,6,,2,0,0,0,1
"POINT (9.685040339000068 52.374558018000073)",Unfall 2348 (2023) Kat:3, Licht: 2,2348,3,3,5,11,06,5,,2,1,1,0,0
"POINT (9.610996851000039 52.431421121000028)",Unfall 2349 (2023) Kat:3, Licht: 2,2349,3,2,5,12,18,6,,2,0,1,0,0
"POINT (9.805470911000043 52.318016297000042)",Unfall 2350 (2023) Kat:3, Licht: 0,2350,3,7,5,11,10,4,,0,1,1,0,0
"POINT (9.730205724000029 52.368716442000050)",Unfall 2351 (2023) Kat:3, Licht: 2,2351,3,3,5,11,17,4,,2,1,1,0,0
"POINT (9.469449523000037 52.328376451000054)",Unfall 2352 (2023) Kat:3, Licht: 2,2352,3,1,8,11,06,4,,2,0,1,0,0
"POINT (9.635985602000062 52.331585947000065)",Unfall 2353 (2023) Kat:2, Licht: 2,2353,2,2,5,11,19,4,,2,0,1,0,1
"POINT (9.421159204000048 52.443029368000055)",Unfall 2354 (2023) Kat:3, Licht: 2,2354,3,2,4,11,07,3,,2,1,1,0,0
"POINT (9.503608124000039 52.285385599000051)",Unfall 2355 (2023) Kat:3, Licht: 0,2355,3,3,5,11,08,3,,0,0,1,0,0
"POINT (9.401093905000039 52.332915927000045)",Unfall 2356 (2023) Kat:3, Licht: 0,2356,3,1,2,11,08,3,,0,0,1,0,0
"POINT (9.769963459000053 52.580405560000031)",Unfall 2357 (2023) Kat:3, Licht: 0,2357,3,6,2,11,09,3,,0,0,1,0,0
"POINT (9.892440372000067 52.366546263000032)",Unfall 2358 (2023) Kat:3, Licht: 0,2358,3,6,2,11,07,3,,0,0,1,0,0
"POINT (9.801768715000037 52.432033238000031)",Unfall 2359 (2023) Kat:3, Licht: 2,2359,3,2,5,11,17,3,,2,0,1,0,0
"POINT (9.727279263000071 52.366835633000051)",Unfall 2360 (2023) Kat:3, Licht: 0,2360,3,1,3,11,11,3,,0,0,1,0,0
"POINT (9.648909912000022 52.412460024000040)",Unfall 2361 (2023) Kat:3, Licht: 1,2361,3,6,2,12,17,4,,1,0,1,0,0
"POINT (9.695447219000073 52.419880951000039)",Unfall 2362 (2023) Kat:3, Licht: 0,2362,3,3,5,11,08,3,,0,0,1,0,0
"POINT (9.593073908000065 52.395959481000034)",Unfall 2363 (2023) Kat:3, Licht: 0,2363,3,2,5,11,15,2,,0,1,1,0,0
"POINT (9.611227255000074 52.392050755000071)",Unfall 2364 (2023) Kat:3, Licht: 0,2364,3,3,5,11,13,2,,0,1,1,0,0
"POINT (9.611624910000046 52.330466176000073)",Unfall 2365 (2023) Kat:3, Licht: 0,2365,3,6,2,11,08,2,,0,0,1,0,0
"POINT (9.615882596000063 52.352914014000078)",Unfall 2366 (2023) Kat:3, Licht: 2,2366,3,1,9,11,17,2,,2,0,1,0,0
"POINT (9.964095052000062 52.310305209000035)",Unfall 2367 (2023) Kat:3, Licht: 1,2367,3,3,5,11,16,2,,1,0,1,0,1
"POINT (9.598271028000056 52.423303893000082)",Unfall 2368 (2023) Kat:3, Licht: 1,2368,3,7,8,11,07,2,,1,0,1,0,0
"POINT (9.652146284000025 52.415329461000056)",Unfall 2369 (2023) Kat:3, Licht: 1,2369,3,2,5,11,15,2,,1,0,1,0,0
"POINT (9.518566197000041 52.414133003000074)",Unfall 2370 (2023) Kat:3, Licht: 2,2370,3,6,2,12,18,6,,2,0,1,0,0
"POINT (9.611227255000074 52.392050755000071)",Unfall 2371 (2023) Kat:3, Licht: 0,2371,3,3,5,12,10,6,,0,1,1,0,0
"POINT (9.742254314000036 52.437527586000044)",Unfall 2372 (2023) Kat:3, Licht: 2,2372,3,3,5,11,16,4,,2,0,1,0,0
"POINT (9.796359245000076 52.312300588000028)",Unfall 2373 (2023) Kat:3, Licht: 2,2373,3,3,5,11,17,1,,2,0,1,0,0
"POINT (9.589020613000059 52.211786781000058)",Unfall 2374 (2023) Kat:3, Licht: 0,2374,3,1,9,11,10,1,,0,0,0,0,1
"POINT (9.692273646000046 52.562097150000056)",Unfall 2375 (2023) Kat:3, Licht: 1,2375,3,6,2,11,16,1,,1,1,1,0,0
"POINT (9.800638282000023 52.396462205000034)",Unfall 2376 (2023) Kat:3, Licht: 0,2376,3,6,2,11,13,1,,0,0,1,0,0
"POINT (9.891218192000053 52.428960166000081)",Unfall 2377 (2023) Kat:2, Licht: 2,2377,2,1,9,11,03,1,,2,0,1,0,0
"POINT (9.736051024000062 52.400288429000057)",Unfall 2378 (2023) Kat:3, Licht: 2,2378,3,6,2,11,18,4,,2,0,1,0,0
"POINT (9.761050321000027 52.370375692000039)",Unfall 2379 (2023) Kat:3, Licht: 0,2379,3,6,3,11,12,7,,0,0,1,0,0
"POINT (9.677013602000045 52.357909435000067)",Unfall 2380 (2023) Kat:3, Licht: 0,2380,3,7,0,11,13,7,,0,0,0,1,0
"POINT (9.467939234000028 52.424429109000073)",Unfall 2381 (2023) Kat:3, Licht: 2,2381,3,2,2,11,16,7,,2,0,0,0,1
"POINT (9.799165586000072 52.396063782000056)",Unfall 2382 (2023) Kat:3, Licht: 2,2382,3,6,2,12,16,1,,2,0,1,0,0
"POINT (9.668131306000021 52.343913426000029)",Unfall 2383 (2023) Kat:3, Licht: 2,2383,3,2,6,11,18,7,,2,0,1,1,0
"POINT (9.462919272000022 52.346430969000039)",Unfall 2384 (2023) Kat:3, Licht: 2,2384,3,1,9,11,01,7,,2,0,1,0,0
"POINT (9.973365776000037 52.349400933000027)",Unfall 2385 (2023) Kat:3, Licht: 0,2385,3,2,4,11,10,7,,0,1,1,0,0
"POINT (9.732970682000030 52.436248808000073)",Unfall 2386 (2023) Kat:3, Licht: 2,2386,3,2,5,11,18,7,,2,0,1,0,0
"POINT (9.859954347000041 52.490147195000077)",Unfall 2387 (2023) Kat:3, Licht: 0,2387,3,3,5,11,14,7,,0,1,1,0,0
"POINT (9.751545238000062 52.528726478000067)",Unfall 2388 (2023) Kat:3, Licht: 0,2388,3,3,5,11,12,7,,0,0,1,0,0
"POINT (9.885631589000070 52.428003109000031)",Unfall 2389 (2023) Kat:3, Licht: 0,2389,3,1,9,11,08,7,,0,0,1,0,0
"POINT (9.855236939000065 52.408748311000068)",Unfall 2390 (2023) Kat:3, Licht: 1,2390,3,1,8,11,06,7,,1,0,1,0,0
"POINT (9.438953480000066 52.537669549000043)",Unfall 2391 (2023) Kat:3, Licht: 2,2391,3,7,0,11,18,7,,2,0,1,0,0
"POINT (9.550477638000075 52.440914623000026)",Unfall 2392 (2023) Kat:3, Licht: 2,2392,3,6,4,12,06,6,,2,1,0,0,0
"POINT (9.484235188000071 52.463675381000030)",Unfall 2393 (2023) Kat:3, Licht: 2,2393,3,2,4,12,17,3,,2,0,1,0,1
"POINT (10.125986656000066 52.425161717000037)",Unfall 2394 (2023) Kat:2, Licht: 2,2394,2,1,9,12,18,6,,2,0,1,0,0
"POINT (9.648909912000022 52.412460024000040)",Unfall 2395 (2023) Kat:3, Licht: 0,2395,3,6,3,11,13,6,,0,0,1,0,0
"POINT (9.733999642000072 52.412855316000048)",Unfall 2396 (2023) Kat:3, Licht: 2,2396,3,6,2,11,19,6,,2,0,1,0,0
"POINT (9.776592648000076 52.269323722000081)",Unfall 2397 (2023) Kat:3, Licht: 2,2397,3,6,6,11,06,6,,2,1,0,1,0
"POINT (9.487922188000027 52.291358509000077)",Unfall 2398 (2023) Kat:3, Licht: 0,2398,3,2,0,11,14,6,,0,1,1,0,0
"POINT (9.619363050000061 52.428158554000049)",Unfall 2399 (2023) Kat:3, Licht: 0,2399,3,6,2,11,13,6,,0,0,1,0,0
"POINT (9.973372121000068 52.315393172000029)",Unfall 2400 (2023) Kat:3, Licht: 2,2400,3,3,5,11,16,6,,2,0,1,0,0
"POINT (9.559501493000027 52.421753376000026)",Unfall 2401 (2023) Kat:3, Licht: 1,2401,3,6,2,11,16,6,,1,0,1,0,0
"POINT (9.827546805000054 52.361220516000060)",Unfall 2402 (2023) Kat:3, Licht: 0,2402,3,2,5,11,14,6,,0,1,1,0,0
"POINT (9.720063294000056 52.368031383000073)",Unfall 2403 (2023) Kat:2, Licht: 0,2403,2,6,6,11,11,6,,0,0,0,1,0
"POINT (9.787084636000031 52.563827617000072)",Unfall 2404 (2023) Kat:3, Licht: 0,2404,3,6,2,11,12,6,,0,0,1,0,0
"POINT (9.734302088000049 52.387380701000041)",Unfall 2405 (2023) Kat:3, Licht: 0,2405,3,6,2,11,11,5,,0,0,1,0,0
"POINT (9.722527586000069 52.378450778000058)",Unfall 2406 (2023) Kat:3, Licht: 0,2406,3,6,2,11,13,5,,0,0,1,0,0
"POINT (9.708105071000034 52.429744326000048)",Unfall 2407 (2023) Kat:3, Licht: 1,2407,3,6,2,11,17,5,,1,0,1,0,0
"POINT (9.803921418000073 52.338835142000050)",Unfall 2408 (2023) Kat:3, Licht: 0,2408,3,6,2,12,08,3,,0,0,1,0,0
"POINT (9.725699788000043 52.365381900000045)",Unfall 2409 (2023) Kat:2, Licht: 0,2409,2,2,5,11,12,5,,0,1,1,0,0
"POINT (9.854536013000029 52.390352135000057)",Unfall 2410 (2023) Kat:3, Licht: 0,2410,3,7,4,11,10,5,,0,0,1,0,0
"POINT (9.781606580000073 52.424978022000062)",Unfall 2411 (2023) Kat:3, Licht: 1,2411,3,2,6,11,07,5,,1,0,0,1,0
"POINT (9.759493911000050 52.335094154000046)",Unfall 2412 (2023) Kat:3, Licht: 0,2412,3,7,8,12,11,2,,0,0,1,0,0
"POINT (9.492277476000027 52.399439552000047)",Unfall 2413 (2023) Kat:3, Licht: 2,2413,3,6,2,12,17,6,,2,0,1,0,0
"POINT (9.856089358000077 52.492247535000047)",Unfall 2414 (2023) Kat:3, Licht: 1,2414,3,4,6,12,15,6,,1,0,1,1,0
"POINT (9.745011994000038 52.369034916000032)",Unfall 2415 (2023) Kat:3, Licht: 0,2415,3,6,4,11,20,4,,0,1,0,0,0
"POINT (9.745814349000057 52.369065083000066)",Unfall 2416 (2023) Kat:3, Licht: 0,2416,3,2,3,11,12,4,,0,0,1,0,0
"POINT (9.735248213000034 52.368873646000054)",Unfall 2417 (2023) Kat:3, Licht: 2,2417,3,6,2,11,17,4,,2,0,1,0,0
"POINT (9.609181691000060 52.442782472000033)",Unfall 2418 (2023) Kat:3, Licht: 0,2418,3,3,5,11,14,4,,0,1,1,0,0
"POINT (9.455404257000055 52.479511843000068)",Unfall 2419 (2023) Kat:2, Licht: 0,2419,2,3,5,11,14,4,,0,0,1,0,1
"POINT (9.773957591000055 52.371004025000047)",Unfall 2420 (2023) Kat:3, Licht: 2,2420,3,6,3,11,22,4,,2,0,1,0,0
"POINT (9.693419949000031 52.420316916000047)",Unfall 2421 (2023) Kat:3, Licht: 0,2421,3,4,6,11,15,4,,0,1,0,1,0
"POINT (9.862073196000040 52.358431637000081)",Unfall 2422 (2023) Kat:3, Licht: 0,2422,3,3,5,11,12,4,,0,0,1,0,0
"POINT (9.763473741000041 52.551213869000037)",Unfall 2423 (2023) Kat:3, Licht: 2,2423,3,2,2,12,16,2,,2,0,1,0,0
"POINT (9.694749399000045 52.347697420000031)",Unfall 2424 (2023) Kat:3, Licht: 0,2424,3,6,2,11,14,3,,0,0,1,0,0
"POINT (9.857047585000032 52.388310856000032)",Unfall 2425 (2023) Kat:3, Licht: 2,2425,3,6,2,11,18,3,,2,0,1,0,0
"POINT (9.829501526000058 52.416991247000055)",Unfall 2426 (2023) Kat:2, Licht: 0,2426,2,4,6,11,10,3,,0,0,1,1,0
"POINT (9.856565292000028 52.469947106000063)",Unfall 2427 (2023) Kat:3, Licht: 0,2427,3,1,8,12,13,3,,0,0,1,0,0
"POINT (9.825539361000040 52.290205514000036)",Unfall 2428 (2023) Kat:3, Licht: 0,2428,3,6,4,11,13,2,,0,1,0,0,0
"POINT (9.451762462000033 52.426162543000032)",Unfall 2429 (2023) Kat:3, Licht: 0,2429,3,2,4,11,11,2,,0,0,1,0,0
"POINT (9.461995957000056 52.513982015000067)",Unfall 2430 (2023) Kat:3, Licht: 2,2430,3,6,2,11,17,2,,2,0,1,0,0
"POINT (9.571101924000061 52.446535726000036)",Unfall 2431 (2023) Kat:3, Licht: 2,2431,3,6,2,11,18,2,,2,0,1,0,0
"POINT (9.609074031000034 52.405958204000058)",Unfall 2432 (2023) Kat:3, Licht: 0,2432,3,3,5,11,11,2,,0,1,1,0,0
"POINT (9.452328280000074 52.482669001000033)",Unfall 2433 (2023) Kat:2, Licht: 2,2433,2,4,6,11,21,2,,2,0,1,1,0
"POINT (9.676795918000039 52.192571762000057)",Unfall 2434 (2023) Kat:2, Licht: 2,2434,2,1,9,11,05,2,,2,0,1,0,0
"POINT (9.839004494000051 52.418013227000074)",Unfall 2435 (2023) Kat:3, Licht: 0,2435,3,6,2,11,08,2,,0,0,1,0,0
"POINT (9.850371205000044 52.411200358000031)",Unfall 2436 (2023) Kat:3, Licht: 0,2436,3,6,2,11,08,2,,0,0,1,0,0
"POINT (9.832015530000035 52.300232792000031)",Unfall 2437 (2023) Kat:3, Licht: 0,2437,3,1,3,12,15,7,,0,0,1,0,0
"POINT (9.472555948000036 52.388516977000052)",Unfall 2438 (2023) Kat:3, Licht: 2,2438,3,3,5,11,22,1,,2,0,1,0,0
"POINT (9.669746472000043 52.174480103000064)",Unfall 2439 (2023) Kat:3, Licht: 0,2439,3,3,5,11,13,1,,0,0,1,0,0
"POINT (9.640151252000067 52.289698677000047)",Unfall 2440 (2023) Kat:3, Licht: 2,2440,3,6,4,11,20,1,,2,0,1,0,0
"POINT (10.034780756000032 52.425115578000032)",Unfall 2441 (2023) Kat:3, Licht: 0,2441,3,2,0,11,11,1,,0,0,1,0,0
"POINT (9.632548861000032 52.420970191000038)",Unfall 2442 (2023) Kat:3, Licht: 2,2442,3,1,8,11,00,1,,2,0,1,0,0
"POINT (9.654388006000033 52.408006259000047)",Unfall 2443 (2023) Kat:3, Licht: 2,2443,3,6,2,11,19,7,,2,0,1,0,0
"POINT (9.670560708000039 52.358328821000043)",Unfall 2444 (2023) Kat:3, Licht: 1,2444,3,2,6,11,18,7,,1,0,1,1,0
"POINT (9.474227854000048 52.389296555000044)",Unfall 2445 (2023) Kat:3, Licht: 2,2445,3,2,5,11,17,7,,2,0,1,0,0
"POINT (9.757185229000072 52.434936576000041)",Unfall 2446 (2023) Kat:3, Licht: 2,2446,3,3,5,11,19,7,,2,0,1,0,0
"POINT (9.722472659000061 52.378480270000068)",Unfall 2447 (2023) Kat:3, Licht: 2,2447,3,6,2,11,23,7,,2,0,1,0,0
"POINT (9.717205141000022 52.396325557000068)",Unfall 2448 (2023) Kat:3, Licht: 2,2448,3,4,6,11,19,7,,2,0,1,1,0
"POINT (9.810425254000052 52.318364494000036)",Unfall 2449 (2023) Kat:3, Licht: 2,2449,3,2,5,11,18,7,,2,1,1,0,0
"POINT (9.885667150000074 52.358713247000026)",Unfall 2450 (2023) Kat:2, Licht: 2,2450,2,1,9,11,04,6,,2,0,0,0,0
"POINT (9.348554104000073 52.498631032000048)",Unfall 2451 (2023) Kat:3, Licht: 2,2451,3,1,8,11,22,6,,2,0,0,0,1
"POINT (9.848537660000034 52.491028342000050)",Unfall 2452 (2023) Kat:3, Licht: 0,2452,3,1,0,11,15,6,,0,1,0,0,0
"POINT (9.617605248000075 52.255930299000056)",Unfall 2453 (2023) Kat:2, Licht: 0,2453,2,6,4,11,12,6,,0,0,1,0,0
"POINT (9.697160467000060 52.341737368000054)",Unfall 2454 (2023) Kat:3, Licht: 0,2454,3,3,5,11,16,6,,0,0,1,0,0
"POINT (9.743304862000059 52.368206582000028)",Unfall 2455 (2023) Kat:3, Licht: 2,2455,3,3,5,11,17,6,,2,0,1,0,0
"POINT (9.626957079000022 52.423328466000044)",Unfall 2456 (2023) Kat:3, Licht: 0,2456,3,6,2,11,07,5,,0,0,1,0,0
"POINT (9.702857875000063 52.368281413000034)",Unfall 2457 (2023) Kat:3, Licht: 0,2457,3,6,2,11,08,5,,0,0,1,0,0
"POINT (9.707858812000040 52.409953521000034)",Unfall 2458 (2023) Kat:3, Licht: 2,2458,3,6,2,12,17,2,,2,0,1,0,0
"POINT (9.677423306000037 52.359237486000040)",Unfall 2459 (2023) Kat:3, Licht: 0,2459,3,6,4,11,07,5,,0,1,0,0,0
"POINT (9.492926863000037 52.415422268000043)",Unfall 2460 (2023) Kat:3, Licht: 0,2460,3,6,2,11,07,5,,0,0,1,0,0
"POINT (9.827219695000053 52.345867613000053)",Unfall 2461 (2023) Kat:3, Licht: 1,2461,3,7,0,12,16,6,,1,0,1,1,0
"POINT (9.750794163000023 52.524116953000032)",Unfall 2462 (2023) Kat:3, Licht: 0,2462,3,3,0,11,15,5,,0,1,1,0,0
"POINT (9.951575664000075 52.319400295000037)",Unfall 2463 (2023) Kat:3, Licht: 1,2463,3,6,2,11,16,5,,1,0,1,0,0
"POINT (10.026801891000048 52.461313167000071)",Unfall 2464 (2023) Kat:3, Licht: 0,2464,3,3,5,11,10,5,,0,1,1,0,0
"POINT (9.718908654000074 52.428505264000080)",Unfall 2465 (2023) Kat:3, Licht: 2,2465,3,6,2,11,17,5,,2,0,1,0,0
"POINT (9.803470585000071 52.397153556000035)",Unfall 2466 (2023) Kat:3, Licht: 0,2466,3,6,2,11,08,5,,0,0,1,0,0
"POINT (9.699493396000037 52.347388736000028)",Unfall 2467 (2023) Kat:3, Licht: 2,2467,3,2,5,11,18,5,,2,0,1,0,0
"POINT (9.799775232000059 52.408046742000067)",Unfall 2468 (2023) Kat:3, Licht: 2,2468,3,2,5,11,19,5,,2,1,1,0,0
"POINT (9.538022881000074 52.420410142000037)",Unfall 2469 (2023) Kat:3, Licht: 2,2469,3,6,2,12,07,3,,2,0,1,0,0
"POINT (9.803752765000070 52.537575903000061)",Unfall 2470 (2023) Kat:3, Licht: 0,2470,3,7,9,12,08,6,,0,0,1,0,0
"POINT (9.690105148000043 52.331336577000059)",Unfall 2471 (2023) Kat:3, Licht: 2,2471,3,7,8,12,19,6,,2,0,1,0,0
"POINT (9.651373464000073 52.419469139000057)",Unfall 2472 (2023) Kat:3, Licht: 1,2472,3,2,5,11,07,4,,1,1,1,0,0
"POINT (9.821477912000034 52.407335371000045)",Unfall 2473 (2023) Kat:3, Licht: 2,2473,3,7,0,11,20,4,,2,1,0,0,0
"POINT (9.418969268000069 52.429262440000059)",Unfall 2474 (2023) Kat:3, Licht: 2,2474,3,3,5,11,18,4,,2,1,1,0,0
"POINT (9.438868500000069 52.423151123000082)",Unfall 2475 (2023) Kat:3, Licht: 0,2475,3,3,5,11,09,4,,0,0,1,0,0
"POINT (9.455170240000029 52.306543880000049)",Unfall 2476 (2023) Kat:3, Licht: 2,2476,3,3,5,11,20,4,,2,0,1,0,0
"POINT (9.462937767000028 52.314399644000048)",Unfall 2477 (2023) Kat:3, Licht: 2,2477,3,3,0,11,17,4,,2,0,1,0,0
"POINT (9.510865962000025 52.290232533000051)",Unfall 2478 (2023) Kat:3, Licht: 0,2478,3,1,4,11,08,4,,0,0,1,0,0
"POINT (9.990198591000023 52.412484014000029)",Unfall 2479 (2023) Kat:3, Licht: 0,2479,3,7,0,11,12,2,,0,0,1,0,0
"POINT (9.825034181000035 52.404237993000038)",Unfall 2480 (2023) Kat:3, Licht: 0,2480,3,6,2,12,12,1,,0,0,1,0,0
"POINT (9.634264698000038 52.244957053000064)",Unfall 2481 (2023) Kat:3, Licht: 0,2481,3,1,9,10,14,2,,0,0,1,0,0
"POINT (9.924240376000057 52.366374478000068)",Unfall 2482 (2023) Kat:3, Licht: 0,2482,3,6,2,10,14,2,,0,0,1,0,1
"POINT (9.869132420000028 52.443108907000067)",Unfall 2483 (2023) Kat:3, Licht: 2,2483,3,7,8,10,23,2,,2,0,1,0,0
"POINT (10.017865827000037 52.437694045000057)",Unfall 2484 (2023) Kat:2, Licht: 0,2484,2,2,3,10,11,2,,0,0,1,0,0
"POINT (9.717173627000022 52.367027413000073)",Unfall 2485 (2023) Kat:3, Licht: 2,2485,3,5,1,11,01,3,,2,0,1,0,0
"POINT (9.470639570000060 52.504272863000040)",Unfall 2486 (2023) Kat:3, Licht: 1,2486,3,3,5,12,08,3,,1,1,1,0,0
"POINT (9.712542720000044 52.465120992000038)",Unfall 2487 (2023) Kat:3, Licht: 0,2487,3,1,0,10,16,1,,0,1,0,0,0
"POINT (9.732510116000071 52.438537638000071)",Unfall 2488 (2023) Kat:3, Licht: 0,2488,3,3,5,10,14,1,,0,1,1,0,0
"POINT (10.052459801000055 52.373484008000048)",Unfall 2489 (2023) Kat:3, Licht: 2,2489,3,7,2,10,06,1,,2,0,1,0,0
"POINT (9.850500484000065 52.410926840000059)",Unfall 2490 (2023) Kat:3, Licht: 2,2490,3,6,2,11,21,2,,2,0,1,0,0
"POINT (9.728016887000024 52.374497379000047)",Unfall 2491 (2023) Kat:3, Licht: 0,2491,3,3,5,10,09,2,,0,1,1,0,0
"POINT (9.820927517000030 52.294771703000038)",Unfall 2492 (2023) Kat:3, Licht: 0,2492,3,6,0,10,11,7,,0,0,1,0,0