WKT,Name,OBJECTID,UKATEGORIE,UTYP1,UART,UMONAT,USTUNDE,UWOCHENTAG,STRZUSTAND,ULICHTVERH,ISTRAD,ISTPKW,ISTFUSS,ISTKRAD
"POINT (9.821118205000062 52.346638943000073)",Unfall 3648 (2023) Kat:3, Licht: 0,3648,3,7,8,08,12,6,,0,0,1,0,0
"POINT (9.682063667000023 52.416371676000040)",Unfall 3649 (2023) Kat:3, Licht: 0,3649,3,6,2,08,18,5,,0,0,1,0,0
"POINT (9.773235748000047 52.398081871000045)",Unfall 3650 (2023) Kat:3, Licht: 2,3650,3,5,1,08,23,5,,2,0,1,0,0
"POINT (9.971313378000048 52.375622597000074)",Unfall 3651 (2023) Kat:3, Licht: 0,3651,3,3,5,08,15,5,,0,1,1,0,0
"POINT (9.610630842000035 52.403753691000077)",Unfall 3652 (2023) Kat:3, Licht: 2,3652,3,1,0,08,02,5,,2,0,0,0,1
"POINT (9.693643400000042 52.363684223000064)",Unfall 3653 (2023) Kat:3, Licht: 0,3653,3,2,5,08,09,5,,0,1,0,0,0
"POINT (9.803034383000067 52.396710905000077)",Unfall 3654 (2023) Kat:3, Licht: 0,3654,3,6,0,08,17,4,,0,0,1,0,1
"POINT (9.750365247000047 52.410636418000081)",Unfall 3655 (2023) Kat:3, Licht: 0,3655,3,6,2,08,18,4,,0,0,1,0,0
"POINT (9.779927522000037 52.342408624000029)",Unfall 3656 (2023) Kat:3, Licht: 0,3656,3,1,8,08,14,4,,0,1,0,0,0
"POINT (9.948380989000043 52.295331611000051)",Unfall 3657 (2023) Kat:3, Licht: 0,3657,3,7,0,08,16,4,,0,1,0,0,0
"POINT (9.983973434000063 52.364676472000042)",Unfall 3658 (2023) Kat:3, Licht: 0,3658,3,3,5,08,18,4,,0,1,1,0,0
"POINT (9.793209061000027 52.395084969000038)",Unfall 3659 (2023) Kat:3, Licht: 0,3659,3,7,9,08,20,4,,0,0,1,0,0
"POINT (9.707433765000076 52.364318066000067)",Unfall 3660 (2023) Kat:3, Licht: 0,3660,3,3,0,08,18,4,,0,1,0,0,0
"POINT (9.731321290000039 52.375353381000082)",Unfall 3661 (2023) Kat:3, Licht: 0,3661,3,4,6,08,16,4,,0,1,0,1,0
"POINT (9.732057683000050 52.405237558000067)",Unfall 3662 (2023) Kat:3, Licht: 0,3662,3,6,4,08,14,3,,0,1,0,0,0
"POINT (9.692342071000041 52.403645566000080)",Unfall 3663 (2023) Kat:3, Licht: 0,3663,3,7,0,08,11,3,,0,1,0,0,0
"POINT (9.742474596000022 52.375350737000076)",Unfall 3664 (2023) Kat:3, Licht: 2,3664,3,7,5,08,21,3,,2,1,1,0,0
"POINT (9.746821161000071 52.385450292000030)",Unfall 3665 (2023) Kat:3, Licht: 0,3665,3,7,0,08,18,3,,0,1,1,0,0
"POINT (9.599695745000076 52.318179749000080)",Unfall 3666 (2023) Kat:3, Licht: 0,3666,3,7,0,08,16,3,,0,1,0,0,0
"POINT (9.961847664000061 52.389611844000058)",Unfall 3667 (2023) Kat:3, Licht: 0,3667,3,2,4,08,10,3,,0,0,1,0,0
"POINT (9.801316235000058 52.381496064000032)",Unfall 3668 (2023) Kat:3, Licht: 0,3668,3,1,0,08,14,3,,0,1,0,0,0
"POINT (9.746729851000055 52.375322657000027)",Unfall 3669 (2023) Kat:3, Licht: 0,3669,3,5,0,08,13,3,,0,1,0,0,0
"POINT (9.680295850000050 52.396062567000058)",Unfall 3670 (2023) Kat:3, Licht: 0,3670,3,3,5,08,14,2,,0,1,1,0,0
"POINT (9.738460327000041 52.371942794000063)",Unfall 3671 (2023) Kat:3, Licht: 0,3671,3,7,6,08,11,2,,0,0,0,1,0
"POINT (9.858901380000077 52.361467520000076)",Unfall 3672 (2023) Kat:3, Licht: 0,3672,3,7,5,08,14,2,,0,1,1,0,0
"POINT (9.740764675000037 52.413362386000074)",Unfall 3673 (2023) Kat:3, Licht: 0,3673,3,5,1,08,20,2,,0,0,1,0,0
"POINT (9.459707699000035 52.307004071000051)",Unfall 3674 (2023) Kat:3, Licht: 0,3674,3,6,2,08,13,2,,0,1,1,0,0
"POINT (9.738883064000049 52.420918559000029)",Unfall 3675 (2023) Kat:2, Licht: 0,3675,2,2,5,08,11,2,,0,0,1,0,0
"POINT (9.685800414000028 52.393026408000026)",Unfall 3676 (2023) Kat:3, Licht: 2,3676,3,5,1,08,04,1,,2,0,1,0,0
"POINT (9.702045473000055 52.334182759000043)",Unfall 3677 (2023) Kat:3, Licht: 2,3677,3,5,1,08,03,1,,2,0,1,0,0
"POINT (9.700661282000056 52.387452504000066)",Unfall 3678 (2023) Kat:3, Licht: 0,3678,3,4,0,08,16,1,,0,1,0,1,0
"POINT (9.754471731000024 52.345372949000080)",Unfall 3679 (2023) Kat:3, Licht: 0,3679,3,7,7,08,19,1,,0,1,0,0,0
"POINT (10.208731619000048 52.462958474000061)",Unfall 3680 (2023) Kat:3, Licht: 2,3680,3,1,8,08,21,1,,2,1,0,0,0
"POINT (9.791243974000054 52.374323981000032)",Unfall 3681 (2023) Kat:3, Licht: 0,3681,3,2,4,08,11,4,,0,1,1,0,0
"POINT (9.712688885000034 52.372533167000029)",Unfall 3682 (2023) Kat:2, Licht: 0,3682,2,3,0,08,12,1,,0,1,0,0,0
"POINT (9.789161244000070 52.376218616000074)",Unfall 3683 (2023) Kat:3, Licht: 2,3683,3,5,1,08,03,1,,2,1,1,0,0
"POINT (9.738440233000063 52.363338876000057)",Unfall 3684 (2023) Kat:3, Licht: 2,3684,3,4,0,08,23,7,,2,1,0,1,0
"POINT (9.780181977000041 52.343308571000080)",Unfall 3685 (2023) Kat:3, Licht: 2,3685,3,1,0,08,00,7,,2,0,0,0,0
"POINT (10.091458649000060 52.390342438000062)",Unfall 3686 (2023) Kat:2, Licht: 2,3686,2,1,0,08,23,7,,2,0,0,0,0
"POINT (10.007429592000051 52.440206696000075)",Unfall 3687 (2023) Kat:3, Licht: 2,3687,3,4,6,08,01,7,,2,0,0,1,0
"POINT (9.673928263000050 52.397679397000047)",Unfall 3688 (2023) Kat:3, Licht: 0,3688,3,6,3,08,08,6,,0,1,0,0,0
"POINT (9.687162697000076 52.392579264000062)",Unfall 3689 (2023) Kat:3, Licht: 0,3689,3,6,2,08,18,6,,0,0,1,0,0
"POINT (9.733746224000072 52.362056371000051)",Unfall 3690 (2023) Kat:3, Licht: 2,3690,3,5,1,08,21,6,,2,1,1,0,0
"POINT (9.989584844000035 52.458282431000043)",Unfall 3691 (2023) Kat:3, Licht: 0,3691,3,7,0,08,12,6,,0,0,0,1,0
"POINT (9.825321900000063 52.285298866000062)",Unfall 3692 (2023) Kat:3, Licht: 0,3692,3,3,5,08,17,6,,0,1,1,0,0
"POINT (9.721405642000036 52.390233119000072)",Unfall 3693 (2023) Kat:3, Licht: 0,3693,3,2,5,08,11,6,,0,1,1,0,0
"POINT (9.722274748000075 52.417261347000078)",Unfall 3694 (2023) Kat:3, Licht: 0,3694,3,7,0,08,15,5,,0,1,0,0,0
"POINT (9.453988805000051 52.416442208000035)",Unfall 3695 (2023) Kat:3, Licht: 0,3695,3,3,5,08,12,5,,0,0,1,0,0
"POINT (9.568116185000065 52.212593735000041)",Unfall 3696 (2023) Kat:3, Licht: 0,3696,3,6,2,08,16,5,,0,0,1,0,0
"POINT (9.736462095000036 52.445872346000044)",Unfall 3697 (2023) Kat:3, Licht: 2,3697,3,1,0,08,23,5,,2,0,0,0,0
"POINT (9.749966632000053 52.376408652000066)",Unfall 3698 (2023) Kat:2, Licht: 0,3698,2,2,0,08,12,5,,0,0,1,0,0
"POINT (9.742132330000061 52.437994184000047)",Unfall 3699 (2023) Kat:3, Licht: 0,3699,3,7,7,08,11,6,,0,1,0,0,0
"POINT (9.834848479000073 52.383116802000075)",Unfall 3700 (2023) Kat:3, Licht: 1,3700,3,3,5,08,06,3,,1,0,1,0,0
"POINT (9.568998884000052 52.212930802000074)",Unfall 3701 (2023) Kat:3, Licht: 0,3701,3,4,6,08,20,4,,0,1,0,1,0
"POINT (9.805654307000054 52.419992692000051)",Unfall 3702 (2023) Kat:3, Licht: 0,3702,3,5,1,08,08,4,,0,0,1,0,1
"POINT (9.748124909000069 52.363208946000043)",Unfall 3703 (2023) Kat:3, Licht: 0,3703,3,5,1,08,10,3,,0,0,1,0,0
"POINT (9.729845415000057 52.374750777000031)",Unfall 3704 (2023) Kat:3, Licht: 0,3704,3,7,0,08,17,3,,0,1,0,0,0
"POINT (9.754852892000031 52.391591930000061)",Unfall 3705 (2023) Kat:3, Licht: 0,3705,3,6,2,08,15,3,,0,0,1,0,0
"POINT (9.695165416000066 52.336314697000034)",Unfall 3706 (2023) Kat:3, Licht: 0,3706,3,3,5,08,08,2,,0,0,1,0,0
"POINT (9.725712547000057 52.397776501000067)",Unfall 3707 (2023) Kat:3, Licht: 0,3707,3,2,4,08,11,2,,0,1,1,0,0
"POINT (9.456712646000028 52.413286380000045)",Unfall 3708 (2023) Kat:3, Licht: 0,3708,3,3,5,08,10,2,,0,0,1,0,0
"POINT (9.728754185000071 52.423271303000035)",Unfall 3709 (2023) Kat:3, Licht: 0,3709,3,4,6,08,17,2,,0,0,1,1,0
"POINT (9.730142256000022 52.374877045000062)",Unfall 3710 (2023) Kat:3, Licht: 0,3710,3,2,3,08,19,1,,0,1,0,0,0
"POINT (9.733715584000038 52.372435030000076)",Unfall 3711 (2023) Kat:3, Licht: 2,3711,3,6,6,08,02,1,,2,0,1,1,0
"POINT (9.731820281000068 52.374536099000068)",Unfall 3712 (2023) Kat:3, Licht: 2,3712,3,5,1,08,01,1,,2,0,1,0,0
"POINT (9.728482494000048 52.558817053000041)",Unfall 3713 (2023) Kat:3, Licht: 2,3713,3,6,2,08,22,1,,2,1,0,0,0
"POINT (9.746864824000056 52.385806909000053)",Unfall 3714 (2023) Kat:2, Licht: 0,3714,2,1,0,08,16,1,,0,0,0,0,0
"POINT (9.784059120000052 52.340815613000075)",Unfall 3715 (2023) Kat:3, Licht: 0,3715,3,2,5,08,11,1,,0,0,1,0,1
"POINT (9.811541109000075 52.301502548000030)",Unfall 3716 (2023) Kat:3, Licht: 0,3716,3,7,0,08,17,7,,0,1,0,0,0
"POINT (9.704683789000057 52.351900720000060)",Unfall 3717 (2023) Kat:3, Licht: 0,3717,3,3,5,08,13,7,,0,1,1,0,0
"POINT (9.774407650000057 52.405117934000032)",Unfall 3718 (2023) Kat:3, Licht: 0,3718,3,6,0,08,12,7,,0,1,1,0,0
"POINT (9.972794718000046 52.376836958000069)",Unfall 3719 (2023) Kat:3, Licht: 1,3719,3,1,0,08,05,7,,1,0,0,0,0
"POINT (10.203350183000055 52.466251593000038)",Unfall 3720 (2023) Kat:3, Licht: 0,3720,3,7,0,08,08,7,,0,1,0,0,0
"POINT (9.731436043000031 52.375162420000038)",Unfall 3721 (2023) Kat:3, Licht: 0,3721,3,7,0,08,12,6,,0,0,0,0,0
"POINT (9.742498869000030 52.375338906000081)",Unfall 3722 (2023) Kat:3, Licht: 0,3722,3,7,0,08,09,6,,0,1,0,0,0
"POINT (9.688443746000075 52.393392951000067)",Unfall 3723 (2023) Kat:3, Licht: 0,3723,3,7,0,08,11,5,,0,1,0,0,0
"POINT (9.860165030000076 52.371624223000026)",Unfall 3724 (2023) Kat:3, Licht: 0,3724,3,3,5,08,09,5,,0,0,1,0,0
"POINT (9.738879064000059 52.420952851000038)",Unfall 3725 (2023) Kat:3, Licht: 0,3725,3,2,5,08,14,5,,0,0,1,0,0
"POINT (9.768892847000075 52.383227506000026)",Unfall 3726 (2023) Kat:3, Licht: 0,3726,3,7,0,08,17,5,,0,0,0,0,1
"POINT (9.780968003000055 52.401778493000052)",Unfall 3727 (2023) Kat:3, Licht: 0,3727,3,3,5,08,14,5,,0,1,1,0,0
"POINT (9.735609997000040 52.376756158000035)",Unfall 3728 (2023) Kat:3, Licht: 0,3728,3,1,0,08,17,3,,0,1,0,0,0
"POINT (9.828152787000022 52.429030493000027)",Unfall 3729 (2023) Kat:3, Licht: 0,3729,3,1,8,08,12,5,,0,0,1,0,0
"POINT (9.839144282000063 52.495839510000053)",Unfall 3730 (2023) Kat:3, Licht: 0,3730,3,7,2,08,12,5,,0,0,1,0,0
"POINT (9.784055876000025 52.389463919000036)",Unfall 3731 (2023) Kat:3, Licht: 2,3731,3,1,8,08,03,5,,2,0,0,0,0
"POINT (9.804812710000022 52.392119716000082)",Unfall 3732 (2023) Kat:3, Licht: 0,3732,3,1,8,08,10,5,,0,0,1,0,0
"POINT (9.733538592000059 52.360079781000081)",Unfall 3733 (2023) Kat:3, Licht: 0,3733,3,3,5,08,16,4,,0,1,1,0,0
"POINT (9.750548424000044 52.375605031000077)",Unfall 3734 (2023) Kat:3, Licht: 0,3734,3,6,2,08,19,4,,0,0,1,0,0
"POINT (9.780879511000023 52.399959640000077)",Unfall 3735 (2023) Kat:3, Licht: 2,3735,3,7,8,08,00,4,,2,0,1,0,0
"POINT (9.604735543000061 52.409049589000062)",Unfall 3736 (2023) Kat:2, Licht: 0,3736,2,7,7,08,16,4,,0,1,0,0,0
"POINT (9.738736728000049 52.363395506000074)",Unfall 3737 (2023) Kat:3, Licht: 0,3737,3,3,5,08,09,4,,0,0,1,0,0
"POINT (9.727410293000048 52.372713174000069)",Unfall 3738 (2023) Kat:3, Licht: 0,3738,3,7,0,08,09,3,,0,1,0,0,0
"POINT (9.761068770000065 52.334352225000032)",Unfall 3739 (2023) Kat:3, Licht: 0,3739,3,3,5,08,07,3,,0,1,1,0,0
"POINT (9.735429427000042 52.384488573000056)",Unfall 3740 (2023) Kat:3, Licht: 0,3740,3,3,0,08,15,3,,0,1,1,0,0
"POINT (9.768156640000029 52.399819830000069)",Unfall 3741 (2023) Kat:2, Licht: 0,3741,2,1,0,08,20,3,,0,1,0,0,0
"POINT (9.717487519000031 52.381592976000036)",Unfall 3742 (2023) Kat:3, Licht: 0,3742,3,3,5,08,13,3,,0,1,1,0,0
"POINT (9.738881659000072 52.420930600000077)",Unfall 3743 (2023) Kat:3, Licht: 1,3743,3,2,5,08,06,3,,1,1,1,0,0
"POINT (9.568019903000049 52.208162928000036)",Unfall 3744 (2023) Kat:3, Licht: 0,3744,3,1,0,08,13,3,,0,1,0,0,0
"POINT (9.729791382000030 52.376338032000035)",Unfall 3745 (2023) Kat:3, Licht: 0,3745,3,3,5,07,15,2,,0,1,1,0,0
"POINT (9.764473059000068 52.418766868000034)",Unfall 3746 (2023) Kat:3, Licht: 0,3746,3,6,2,07,08,2,,0,0,1,0,0
"POINT (9.774355268000022 52.264939796000078)",Unfall 3747 (2023) Kat:3, Licht: 0,3747,3,5,0,07,15,2,,0,1,0,0,0
"POINT (9.857940930000041 52.431147948000046)",Unfall 3748 (2023) Kat:3, Licht: 0,3748,3,7,6,07,16,2,,0,0,1,1,0
"POINT (10.192029342000069 52.457434749000072)",Unfall 3749 (2023) Kat:2, Licht: 0,3749,2,4,6,07,12,2,,0,0,0,1,1
"POINT (9.730669939000052 52.375007230000051)",Unfall 3750 (2023) Kat:3, Licht: 0,3750,3,6,2,07,17,1,,0,0,1,0,0
"POINT (9.967211692000035 52.365855909000061)",Unfall 3751 (2023) Kat:3, Licht: 2,3751,3,5,1,07,04,1,,2,1,1,0,0
"POINT (9.755130932000043 52.343492831000049)",Unfall 3752 (2023) Kat:3, Licht: 0,3752,3,1,0,07,19,1,,0,1,0,0,0
"POINT (9.755433934000052 52.357785603000082)",Unfall 3753 (2023) Kat:3, Licht: 2,3753,3,6,6,07,02,7,,2,0,0,1,1
"POINT (9.755590868000070 52.392644758000074)",Unfall 3754 (2023) Kat:3, Licht: 1,3754,3,3,5,07,05,7,,1,1,1,0,0
"POINT (9.812734918000046 52.478921723000042)",Unfall 3755 (2023) Kat:3, Licht: 2,3755,3,7,9,07,23,7,,2,1,0,0,0
"POINT (9.763063147000025 52.420516269000075)",Unfall 3756 (2023) Kat:3, Licht: 0,3756,3,3,5,07,20,7,,0,0,1,0,0
"POINT (9.803216096000028 52.377563881000071)",Unfall 3757 (2023) Kat:3, Licht: 0,3757,3,6,2,07,18,6,,0,1,0,0,0
"POINT (9.724312232000045 52.385431456000049)",Unfall 3758 (2023) Kat:3, Licht: 0,3758,3,7,0,07,16,6,,0,1,0,0,0
"POINT (9.743847194000068 52.357132886000045)",Unfall 3759 (2023) Kat:3, Licht: 0,3759,3,6,2,07,16,6,,0,0,1,0,0
"POINT (9.772111967000058 52.395492206000029)",Unfall 3760 (2023) Kat:3, Licht: 0,3760,3,6,2,07,08,6,,0,0,1,0,0
"POINT (9.429242766000073 52.427486015000056)",Unfall 3761 (2023) Kat:3, Licht: 0,3761,3,4,6,07,11,6,,0,0,1,1,0
"POINT (9.845198732000028 52.485906980000038)",Unfall 3762 (2023) Kat:3, Licht: 0,3762,3,1,8,07,13,6,,0,0,1,0,0
"POINT (9.757358000000067 52.364083394000033)",Unfall 3763 (2023) Kat:3, Licht: 2,3763,3,1,0,07,01,5,,2,0,0,0,0
"POINT (9.695871025000031 52.409298101000047)",Unfall 3764 (2023) Kat:3, Licht: 0,3764,3,6,2,07,17,5,,0,0,1,0,0
"POINT (9.722543282000061 52.351791993000063)",Unfall 3765 (2023) Kat:3, Licht: 0,3765,3,3,5,07,18,5,,0,0,0,0,0
"POINT (9.685469983000075 52.364827983000055)",Unfall 3766 (2023) Kat:3, Licht: 0,3766,3,6,2,07,10,5,,0,0,1,0,1
"POINT (9.787970100000052 52.359301629000072)",Unfall 3767 (2023) Kat:3, Licht: 0,3767,3,1,1,07,11,5,,0,0,1,0,0
"POINT (9.971203726000056 52.364822293000032)",Unfall 3768 (2023) Kat:3, Licht: 0,3768,3,3,5,07,09,5,,0,0,1,0,0
"POINT (9.735107745000050 52.391478905000042)",Unfall 3769 (2023) Kat:3, Licht: 0,3769,3,7,0,07,18,5,,0,1,0,1,0
"POINT (9.678548676000048 52.416093322000052)",Unfall 3770 (2023) Kat:3, Licht: 1,3770,3,3,5,07,21,4,,1,1,1,0,0
"POINT (9.708705858000030 52.388428358000056)",Unfall 3771 (2023) Kat:3, Licht: 1,3771,3,3,5,07,19,4,,1,1,1,0,0
"POINT (9.722969584000055 52.372729473000049)",Unfall 3772 (2023) Kat:3, Licht: 0,3772,3,3,0,07,10,4,,0,0,1,0,0
"POINT (9.576525963000051 52.282522529000062)",Unfall 3773 (2023) Kat:3, Licht: 0,3773,3,5,1,07,10,4,,0,1,1,0,0
"POINT (9.801019621000023 52.396562112000026)",Unfall 3774 (2023) Kat:3, Licht: 0,3774,3,6,2,07,14,4,,0,0,1,0,0
"POINT (9.805003095000075 52.409487224000031)",Unfall 3775 (2023) Kat:3, Licht: 0,3775,3,3,5,07,10,4,,0,1,1,0,0
"POINT (9.705827695000039 52.390736428000082)",Unfall 3776 (2023) Kat:3, Licht: 0,3776,3,3,5,07,14,4,,0,1,1,0,0
"POINT (9.763791908000030 52.398414594000030)",Unfall 3777 (2023) Kat:3, Licht: 0,3777,3,6,2,07,10,4,,0,0,1,0,0
"POINT (9.975011595000069 52.373173842000028)",Unfall 3778 (2023) Kat:3, Licht: 0,3778,3,4,6,08,14,2,,0,0,1,1,0
"POINT (9.813843505000023 52.398955389000037)",Unfall 3779 (2023) Kat:3, Licht: 0,3779,3,2,5,07,06,3,,0,0,1,0,0
"POINT (9.743708967000032 52.367107586000031)",Unfall 3780 (2023) Kat:3, Licht: 0,3780,3,7,1,07,10,3,,0,0,1,0,0
"POINT (9.721762117000026 52.394193591000032)",Unfall 3781 (2023) Kat:3, Licht: 0,3781,3,7,5,07,17,3,,0,1,0,0,0
"POINT (9.817509998000048 52.315260720000026)",Unfall 3782 (2023) Kat:3, Licht: 0,3782,3,2,5,07,12,3,,0,0,1,0,1
"POINT (9.696636660000024 52.391511331000061)",Unfall 3783 (2023) Kat:3, Licht: 0,3783,3,7,0,07,14,2,,0,1,0,0,0
"POINT (9.719586762000063 52.361126494000075)",Unfall 3784 (2023) Kat:3, Licht: 0,3784,3,7,0,07,18,2,,0,1,0,0,0
"POINT (9.700273040000070 52.356845998000040)",Unfall 3785 (2023) Kat:3, Licht: 0,3785,3,7,0,07,13,2,,0,0,0,0,0
"POINT (9.794449856000028 52.397436760000062)",Unfall 3786 (2023) Kat:3, Licht: 0,3786,3,3,5,07,17,2,,0,1,1,0,0
"POINT (9.741031040000053 52.394324550000078)",Unfall 3787 (2023) Kat:3, Licht: 0,3787,3,6,2,07,17,2,,0,0,1,0,0
"POINT (9.755094684000028 52.389942050000059)",Unfall 3788 (2023) Kat:3, Licht: 0,3788,3,6,2,07,18,2,,0,0,1,0,0
"POINT (9.750533945000029 52.388586686000053)",Unfall 3789 (2023) Kat:3, Licht: 2,3789,3,1,0,07,01,2,,2,0,0,0,0
"POINT (9.743233714000041 52.547440158000029)",Unfall 3790 (2023) Kat:3, Licht: 0,3790,3,3,5,07,10,2,,0,1,1,0,0
"POINT (9.741235021000023 52.397702140000035)",Unfall 3791 (2023) Kat:2, Licht: 0,3791,2,7,6,07,10,2,,0,1,0,1,0
"POINT (9.664584065000042 52.364758041000073)",Unfall 3792 (2023) Kat:3, Licht: 0,3792,3,1,0,07,17,2,,0,1,0,0,0
"POINT (9.697571464000021 52.391993464000052)",Unfall 3793 (2023) Kat:3, Licht: 0,3793,3,3,5,07,14,2,,0,1,1,0,0
"POINT (9.738396485000067 52.381900333000033)",Unfall 3794 (2023) Kat:3, Licht: 2,3794,3,1,0,07,00,2,,2,0,0,0,0
"POINT (9.752622389000067 52.347760545000028)",Unfall 3795 (2023) Kat:3, Licht: 0,3795,3,7,0,07,12,1,,0,1,0,0,0
"POINT (9.747522035000031 52.394975018000082)",Unfall 3796 (2023) Kat:3, Licht: 0,3796,3,1,0,07,16,1,,0,1,0,0,0
"POINT (9.713869293000073 52.369043921000070)",Unfall 3797 (2023) Kat:3, Licht: 0,3797,3,2,5,08,13,2,,0,1,1,0,0
"POINT (9.734346626000047 52.375360378000039)",Unfall 3798 (2023) Kat:3, Licht: 2,3798,3,7,0,07,02,7,,2,0,0,0,0
"POINT (9.801622301000066 52.408848974000080)",Unfall 3799 (2023) Kat:3, Licht: 0,3799,3,4,6,07,13,7,,0,0,1,1,0
"POINT (9.734354723000024 52.376727964000054)",Unfall 3800 (2023) Kat:3, Licht: 0,3800,3,7,0,08,18,1,,0,1,0,0,0
"POINT (9.742315737000069 52.397351271000048)",Unfall 3801 (2023) Kat:3, Licht: 0,3801,3,6,4,07,11,7,,0,1,0,0,0
"POINT (9.745789316000071 52.381258229000082)",Unfall 3802 (2023) Kat:3, Licht: 0,3802,3,5,1,07,11,7,,0,1,1,0,0
"POINT (9.815161818000036 52.396900583000047)",Unfall 3803 (2023) Kat:2, Licht: 2,3803,2,7,4,07,00,7,,2,1,0,0,1
"POINT (9.823282459000040 52.287087055000029)",Unfall 3804 (2023) Kat:3, Licht: 2,3804,3,7,0,07,22,6,,2,1,0,0,0
"POINT (9.741183372000023 52.397944943000027)",Unfall 3805 (2023) Kat:3, Licht: 0,3805,3,7,1,07,09,6,,0,0,1,1,0
"POINT (9.564056198000060 52.196159417000047)",Unfall 3806 (2023) Kat:3, Licht: 0,3806,3,5,5,07,13,6,,0,1,1,0,0
"POINT (9.982624717000022 52.375737782000044)",Unfall 3807 (2023) Kat:3, Licht: 0,3807,3,1,0,07,14,6,,0,0,0,0,1
"POINT (9.741685910000058 52.398605236000037)",Unfall 3808 (2023) Kat:3, Licht: 0,3808,3,1,0,07,16,6,,0,1,0,0,0
"POINT (9.816771647000053 52.326798996000036)",Unfall 3809 (2023) Kat:3, Licht: 0,3809,3,6,3,08,08,3,,0,0,1,0,0
"POINT (9.660082890000069 52.403729027000054)",Unfall 3810 (2023) Kat:3, Licht: 0,3810,3,7,0,07,14,5,,0,1,0,0,0
"POINT (9.691349060000050 52.342636213000048)",Unfall 3811 (2023) Kat:3, Licht: 0,3811,3,4,6,07,17,5,,0,0,1,1,0
"POINT (9.756443732000037 52.341575993000049)",Unfall 3812 (2023) Kat:3, Licht: 0,3812,3,6,2,07,08,5,,0,1,0,0,0
"POINT (9.679681465000044 52.394757321000043)",Unfall 3813 (2023) Kat:3, Licht: 0,3813,3,6,2,07,17,5,,0,0,1,0,0
"POINT (9.752425640000070 52.421048946000042)",Unfall 3814 (2023) Kat:3, Licht: 0,3814,3,1,0,07,14,5,,0,0,0,0,1
"POINT (9.693678075000037 52.400987860000043)",Unfall 3815 (2023) Kat:3, Licht: 0,3815,3,3,5,07,14,4,,0,1,1,0,0
"POINT (9.721387171000060 52.379251518000046)",Unfall 3816 (2023) Kat:3, Licht: 2,3816,3,1,7,07,21,4,,2,1,0,0,0
"POINT (9.738793055000031 52.371263565000049)",Unfall 3817 (2023) Kat:3, Licht: 0,3817,3,4,6,07,11,4,,0,1,0,1,0
"POINT (9.817169487000058 52.359597687000075)",Unfall 3818 (2023) Kat:3, Licht: 0,3818,3,7,0,07,18,4,,0,0,1,1,0
"POINT (9.722299310000039 52.351907149000056)",Unfall 3819 (2023) Kat:3, Licht: 2,3819,3,1,0,07,01,3,,2,0,0,0,0
"POINT (9.778479817000061 52.414197158000036)",Unfall 3820 (2023) Kat:3, Licht: 0,3820,3,1,0,07,10,3,,0,1,0,0,0
"POINT (9.756814877000068 52.392221834000054)",Unfall 3821 (2023) Kat:3, Licht: 0,3821,3,6,0,07,20,3,,0,0,1,0,1
"POINT (9.359246420000034 52.457781482000030)",Unfall 3822 (2023) Kat:3, Licht: 0,3822,3,5,4,07,16,3,,0,1,1,0,0
"POINT (9.748957319000056 52.381643336000081)",Unfall 3823 (2023) Kat:3, Licht: 0,3823,3,2,2,07,15,3,,0,1,1,0,0
"POINT (9.874737138000057 52.283756245000063)",Unfall 3824 (2023) Kat:3, Licht: 0,3824,3,1,0,07,15,2,,0,1,0,0,0
"POINT (9.654393328000026 52.410443509000061)",Unfall 3825 (2023) Kat:3, Licht: 0,3825,3,3,5,07,08,2,,0,0,1,0,0
"POINT (9.720274545000052 52.391534170000057)",Unfall 3826 (2023) Kat:3, Licht: 0,3826,3,2,3,07,17,2,,0,1,0,0,0
"POINT (9.744121035000035 52.372681280000052)",Unfall 3827 (2023) Kat:3, Licht: 0,3827,3,6,2,07,17,2,,0,1,1,0,0
"POINT (9.431106762000070 52.431489988000067)",Unfall 3828 (2023) Kat:3, Licht: 0,3828,3,5,1,07,12,2,,0,0,1,0,0
"POINT (9.835413804000041 52.424406803000068)",Unfall 3829 (2023) Kat:3, Licht: 0,3829,3,3,5,07,07,2,,0,1,0,0,0
"POINT (9.683824937000054 52.344993261000070)",Unfall 3830 (2023) Kat:2, Licht: 0,3830,2,7,0,07,12,2,,0,1,0,0,0
"POINT (9.461927384000035 52.498343058000046)",Unfall 3831 (2023) Kat:2, Licht: 0,3831,2,7,5,07,19,2,,0,0,1,0,0
"POINT (9.731537488000072 52.437410666000062)",Unfall 3832 (2023) Kat:3, Licht: 0,3832,3,7,5,07,16,2,,0,1,1,0,0
"POINT (9.718716386000040 52.380846693000080)",Unfall 3833 (2023) Kat:3, Licht: 0,3833,3,3,0,07,17,2,,0,0,1,0,1
"POINT (9.821157169000060 52.346093833000054)",Unfall 3834 (2023) Kat:3, Licht: 0,3834,3,3,5,07,07,2,,0,0,1,0,0
"POINT (9.693788833000042 52.400961608000046)",Unfall 3835 (2023) Kat:3, Licht: 0,3835,3,3,5,08,17,7,,0,1,1,0,0
"POINT (9.750165630000026 52.349257451000028)",Unfall 3836 (2023) Kat:3, Licht: 0,3836,3,2,5,07,13,1,,0,0,1,0,1
"POINT (9.741056748000062 52.448728499000026)",Unfall 3837 (2023) Kat:3, Licht: 0,3837,3,1,6,07,18,1,,0,0,1,1,0
"POINT (9.836864015000060 52.424346813000056)",Unfall 3838 (2023) Kat:3, Licht: 0,3838,3,7,6,07,07,1,,0,0,1,1,0
"POINT (10.210761145000049 52.467696678000038)",Unfall 3839 (2023) Kat:3, Licht: 0,3839,3,7,7,07,20,1,,0,1,0,0,0