WKT,Name,OBJECTID,UKATEGORIE,UTYP1,UART,UMONAT,USTUNDE,UWOCHENTAG,STRZUSTAND,ULICHTVERH,ISTRAD,ISTPKW,ISTFUSS,ISTKRAD
"POINT (9.710768552000047 52.379828014000054)",Unfall 4609 (2023) Kat:3, Licht: 0,4609,3,6,4,05,16,1,,0,1,0,0,0
"POINT (9.844089909000047 52.296360598000035)",Unfall 4610 (2023) Kat:3, Licht: 0,4610,3,1,0,05,07,4,,0,1,0,0,0
"POINT (9.738244898000062 52.346863261000067)",Unfall 4611 (2023) Kat:3, Licht: 1,4611,3,6,3,05,22,5,,1,1,0,0,0
"POINT (9.673676776000036 52.387636217000079)",Unfall 4612 (2023) Kat:3, Licht: 0,4612,3,6,4,05,09,6,,0,1,0,0,0
"POINT (9.717298395000057 52.373409878000075)",Unfall 4613 (2023) Kat:3, Licht: 0,4613,3,1,2,05,19,6,,0,1,0,0,0
"POINT (9.717914545000042 52.372243486000059)",Unfall 4614 (2023) Kat:3, Licht: 0,4614,3,6,3,05,14,2,,0,1,0,0,0
"POINT (9.749596182000062 52.349721610000074)",Unfall 4615 (2023) Kat:2, Licht: 0,4615,2,3,5,05,13,3,,0,1,0,0,0
"POINT (9.761452354000028 52.392048626000076)",Unfall 4616 (2023) Kat:3, Licht: 0,4616,3,7,0,05,17,3,,0,1,0,0,0
"POINT (9.759015115000068 52.334859446000053)",Unfall 4617 (2023) Kat:3, Licht: 0,4617,3,6,4,05,17,3,,0,1,0,0,0
"POINT (9.739616084000033 52.353543553000065)",Unfall 4618 (2023) Kat:3, Licht: 0,4618,3,7,0,06,17,5,,0,1,0,0,0
"POINT (9.713119188000064 52.383601624000050)",Unfall 4619 (2023) Kat:3, Licht: 0,4619,3,6,4,06,19,7,,0,1,0,0,0
"POINT (10.006439262000072 52.428781059000073)",Unfall 4620 (2023) Kat:3, Licht: 0,4620,3,6,0,06,12,1,,0,1,0,0,0
"POINT (9.776100642000074 52.396432630000049)",Unfall 4621 (2023) Kat:3, Licht: 0,4621,3,1,0,06,13,2,,0,1,0,0,0
"POINT (9.761364894000053 52.400652411000067)",Unfall 4622 (2023) Kat:3, Licht: 0,4622,3,6,3,06,18,2,,0,1,0,0,0
"POINT (9.744547423000029 52.394744349000064)",Unfall 4623 (2023) Kat:3, Licht: 0,4623,3,6,3,06,17,2,,0,1,0,0,0
"POINT (9.797208971000032 52.400174835000030)",Unfall 4624 (2023) Kat:3, Licht: 0,4624,3,1,0,06,18,3,,0,1,0,0,0
"POINT (9.128040344000055 52.533240707000061)",Unfall 4625 (2023) Kat:3, Licht: 1,4625,3,7,6,06,20,4,,1,1,0,1,0
"POINT (9.726785243000052 52.313462057000038)",Unfall 4626 (2023) Kat:3, Licht: 0,4626,3,1,0,06,14,6,,0,1,0,0,0
"POINT (10.158979624000040 52.430889101000048)",Unfall 4627 (2023) Kat:3, Licht: 0,4627,3,6,0,06,13,1,,0,1,1,0,0
"POINT (9.710045395000066 52.379096434000076)",Unfall 4628 (2023) Kat:3, Licht: 0,4628,3,7,0,06,11,1,,0,1,0,0,0
"POINT (9.739626932000021 52.353528607000044)",Unfall 4629 (2023) Kat:3, Licht: 0,4629,3,3,5,06,15,2,,0,1,0,0,0
"POINT (9.659055615000057 52.216136182000071)",Unfall 4630 (2023) Kat:3, Licht: 1,4630,3,7,7,06,04,2,,1,1,0,0,0
"POINT (9.323821265000049 52.446945625000069)",Unfall 4631 (2023) Kat:3, Licht: 1,4631,3,7,0,06,22,3,,1,1,0,0,0
"POINT (9.706079396000064 52.389862651000044)",Unfall 4632 (2023) Kat:2, Licht: 0,4632,2,7,0,06,10,3,,0,1,0,0,0
"POINT (9.713609924000025 52.360947772000031)",Unfall 4633 (2023) Kat:3, Licht: 0,4633,3,2,3,06,16,4,,0,1,1,0,0
"POINT (9.747443940000039 52.338205426000059)",Unfall 4634 (2023) Kat:2, Licht: 0,4634,2,7,0,06,14,7,,0,1,0,0,0
"POINT (9.689449281000066 52.380480239000065)",Unfall 4635 (2023) Kat:3, Licht: 0,4635,3,6,4,06,16,7,,0,1,0,0,0
"POINT (9.738944295000067 52.354712595000080)",Unfall 4636 (2023) Kat:3, Licht: 0,4636,3,6,2,06,11,7,,0,1,0,0,0
"POINT (9.788864601000057 52.373378722000041)",Unfall 4637 (2023) Kat:3, Licht: 0,4637,3,3,5,06,19,7,,0,1,0,0,0
"POINT (9.957507840000062 52.294944886000053)",Unfall 4638 (2023) Kat:2, Licht: 0,4638,2,7,0,06,13,1,,0,1,0,0,0
"POINT (9.760879899000031 52.347380066000028)",Unfall 4639 (2023) Kat:3, Licht: 0,4639,3,1,0,06,18,1,,0,1,0,0,0
"POINT (9.649107866000065 52.412555732000044)",Unfall 4640 (2023) Kat:3, Licht: 0,4640,3,7,0,06,15,1,,0,1,0,0,0
"POINT (9.657121256000039 52.351441756000042)",Unfall 4641 (2023) Kat:2, Licht: 0,4641,2,1,0,06,18,4,,0,1,0,0,0
"POINT (9.729815082000073 52.369077442000048)",Unfall 4642 (2023) Kat:3, Licht: 0,4642,3,7,0,06,15,5,,0,1,0,0,0
"POINT (9.787636306000024 52.348303463000036)",Unfall 4643 (2023) Kat:3, Licht: 0,4643,3,7,0,06,00,6,,0,1,0,0,0
"POINT (9.811638608000067 52.403984894000075)",Unfall 4644 (2023) Kat:3, Licht: 0,4644,3,6,6,06,10,3,,0,1,0,1,0
"POINT (9.752054246000057 52.361635559000035)",Unfall 4645 (2023) Kat:3, Licht: 0,4645,3,1,7,06,15,3,,0,1,0,0,0
"POINT (10.006324005000067 52.455215407000026)",Unfall 4646 (2023) Kat:3, Licht: 0,4646,3,7,0,06,14,5,,0,1,0,0,0
"POINT (9.756967366000026 52.364783029000080)",Unfall 4647 (2023) Kat:3, Licht: 0,4647,3,6,3,06,09,5,,0,1,0,0,0
"POINT (9.761826899000027 52.332200242000056)",Unfall 4648 (2023) Kat:3, Licht: 0,4648,3,6,6,07,09,1,,0,1,0,1,0
"POINT (9.652918928000076 52.407344055000067)",Unfall 4649 (2023) Kat:3, Licht: 0,4649,3,7,0,07,18,1,,0,1,0,0,0
"POINT (9.836677654000027 52.344275466000056)",Unfall 4650 (2023) Kat:3, Licht: 0,4650,3,7,5,07,20,6,,0,1,0,0,0
"POINT (9.756975381000075 52.364772483000081)",Unfall 4651 (2023) Kat:3, Licht: 0,4651,3,2,5,07,09,6,,0,1,1,0,0
"POINT (9.996704460000046 52.437932961000058)",Unfall 4652 (2023) Kat:3, Licht: 0,4652,3,1,0,07,13,7,,0,1,0,0,0
"POINT (9.844503269000029 52.336019521000026)",Unfall 4653 (2023) Kat:3, Licht: 0,4653,3,1,0,07,19,7,,0,1,0,0,0
"POINT (9.717914545000042 52.372243486000059)",Unfall 4654 (2023) Kat:3, Licht: 1,4654,3,7,0,07,04,1,,1,1,0,0,0
"POINT (9.735207990000049 52.384102711000082)",Unfall 4655 (2023) Kat:3, Licht: 0,4655,3,1,0,07,18,2,,0,1,0,0,0
"POINT (9.428331629000070 52.425022265000052)",Unfall 4656 (2023) Kat:3, Licht: 0,4656,3,3,5,07,19,6,,0,1,0,0,0
"POINT (9.428331629000070 52.425022265000052)",Unfall 4657 (2023) Kat:3, Licht: 0,4657,3,3,5,07,19,6,,0,1,0,0,0
"POINT (9.709286315000043 52.378106332000073)",Unfall 4658 (2023) Kat:3, Licht: 0,4658,3,6,4,07,13,6,,0,1,0,0,0
"POINT (9.680989862000047 52.346054567000067)",Unfall 4659 (2023) Kat:3, Licht: 2,4659,3,7,0,07,22,4,,2,1,0,0,0
"POINT (9.821502285000065 52.383457572000054)",Unfall 4660 (2023) Kat:3, Licht: 0,4660,3,7,0,07,13,5,,0,1,0,1,0
"POINT (9.674681159000045 52.375810461000071)",Unfall 4661 (2023) Kat:3, Licht: 0,4661,3,7,0,07,17,7,,0,1,0,0,0
"POINT (9.598464509000053 52.425974733000032)",Unfall 4662 (2023) Kat:3, Licht: 1,4662,3,2,5,08,20,3,,1,1,1,0,0
"POINT (9.852572124000062 52.338973549000059)",Unfall 4663 (2023) Kat:3, Licht: 0,4663,3,7,0,08,09,6,,0,1,0,0,0
"POINT (9.820454812000037 52.514409220000061)",Unfall 4664 (2023) Kat:3, Licht: 0,4664,3,1,0,08,11,5,,0,1,0,0,0
"POINT (9.311667360000058 52.488125485000069)",Unfall 4665 (2023) Kat:2, Licht: 0,4665,2,7,0,08,15,6,,0,1,0,0,0
"POINT (9.748963717000038 52.390468243000043)",Unfall 4666 (2023) Kat:3, Licht: 0,4666,3,4,6,08,11,6,,0,1,1,1,0
"POINT (9.660852170000055 52.385394899000062)",Unfall 4667 (2023) Kat:3, Licht: 0,4667,3,7,0,08,13,6,,0,1,0,0,0
"POINT (9.713119188000064 52.383601624000050)",Unfall 4668 (2023) Kat:3, Licht: 0,4668,3,6,0,08,11,6,,0,1,0,0,0
"POINT (9.750032300000044 52.412470258000042)",Unfall 4669 (2023) Kat:3, Licht: 0,4669,3,1,0,08,20,1,,0,1,0,0,0
"POINT (9.973613574000069 52.476914932000057)",Unfall 4670 (2023) Kat:3, Licht: 0,4670,3,7,0,08,11,1,,0,1,0,0,0
"POINT (9.658273403000067 52.340167295000072)",Unfall 4671 (2023) Kat:3, Licht: 0,4671,3,1,0,08,16,2,,0,1,0,0,0
"POINT (9.762394359000041 52.370627212000045)",Unfall 4672 (2023) Kat:3, Licht: 0,4672,3,3,5,08,19,4,,0,1,1,0,0
"POINT (9.743462740000041 52.498484799000039)",Unfall 4673 (2023) Kat:3, Licht: 0,4673,3,3,5,08,14,6,,0,1,1,0,0
"POINT (9.504235575000052 52.255940478000070)",Unfall 4674 (2023) Kat:3, Licht: 0,4674,3,1,0,08,16,6,,0,1,0,0,0
"POINT (9.439361231000021 52.430116480000038)",Unfall 4675 (2023) Kat:3, Licht: 0,4675,3,1,0,08,10,6,,0,1,0,0,0
"POINT (9.737096751000024 52.349579267000081)",Unfall 4676 (2023) Kat:3, Licht: 2,4676,3,6,6,08,21,4,,2,1,0,1,0
"POINT (9.766704184000048 52.414339212000073)",Unfall 4677 (2023) Kat:3, Licht: 0,4677,3,7,0,08,12,4,,0,1,0,0,0
"POINT (9.760408428000062 52.382648571000061)",Unfall 4678 (2023) Kat:3, Licht: 0,4678,3,7,0,08,18,1,,0,1,0,1,0
"POINT (9.759628911000050 52.427611758000069)",Unfall 4679 (2023) Kat:3, Licht: 0,4679,3,1,0,08,10,2,,0,1,0,0,0
"POINT (10.016667209000047 52.446368276000044)",Unfall 4680 (2023) Kat:2, Licht: 0,4680,2,7,7,08,10,4,,0,1,0,0,0
"POINT (9.859348209000075 52.428834548000054)",Unfall 4681 (2023) Kat:3, Licht: 0,4681,3,3,5,08,11,5,,0,1,1,0,0
"POINT (9.779336819000036 52.358687135000082)",Unfall 4682 (2023) Kat:3, Licht: 0,4682,3,7,0,08,19,5,,0,1,0,1,0
"POINT (9.726251258000048 52.381966525000053)",Unfall 4683 (2023) Kat:3, Licht: 0,4683,3,7,7,09,13,6,,0,1,0,0,0
"POINT (9.777932597000074 52.354509959000040)",Unfall 4684 (2023) Kat:2, Licht: 0,4684,2,6,3,09,15,2,,0,1,0,0,0
"POINT (9.758890795000070 52.331720796000070)",Unfall 4685 (2023) Kat:3, Licht: 0,4685,3,7,0,09,18,3,,0,1,0,1,0
"POINT (9.739122263000070 52.363352031000034)",Unfall 4686 (2023) Kat:3, Licht: 0,4686,3,4,6,09,15,3,,0,1,0,1,0
"POINT (9.716957307000030 52.401669340000069)",Unfall 4687 (2023) Kat:3, Licht: 0,4687,3,7,6,09,07,4,,0,1,0,1,0
"POINT (9.340841600000033 52.449629485000060)",Unfall 4688 (2023) Kat:3, Licht: 0,4688,3,6,4,09,12,4,,0,1,0,0,0
"POINT (9.812925454000037 52.403764412000044)",Unfall 4689 (2023) Kat:3, Licht: 0,4689,3,7,6,09,14,4,,0,1,0,1,0
"POINT (9.805725575000054 52.404545851000080)",Unfall 4690 (2023) Kat:2, Licht: 0,4690,2,7,0,09,18,5,,0,1,0,0,0
"POINT (9.826947119000067 52.372414564000053)",Unfall 4691 (2023) Kat:3, Licht: 0,4691,3,6,3,09,16,5,,0,1,0,0,0
"POINT (9.751696509000055 52.374768740000036)",Unfall 4692 (2023) Kat:3, Licht: 0,4692,3,3,5,09,08,6,,0,1,1,0,0
"POINT (9.669914083000037 52.341252449000081)",Unfall 4693 (2023) Kat:3, Licht: 0,4693,3,7,6,09,13,7,,0,1,0,1,0
"POINT (9.796876530000077 52.373354255000038)",Unfall 4694 (2023) Kat:3, Licht: 0,4694,3,7,0,09,18,7,,0,1,0,0,0
"POINT (9.792238981000025 52.595995520000031)",Unfall 4695 (2023) Kat:3, Licht: 0,4695,3,6,0,09,10,1,,0,1,0,0,0
"POINT (9.699323546000073 52.372417972000051)",Unfall 4696 (2023) Kat:3, Licht: 2,4696,3,7,0,09,21,6,,2,1,0,0,0
"POINT (9.985171884000067 52.400285420000046)",Unfall 4697 (2023) Kat:3, Licht: 0,4697,3,6,3,09,10,7,,0,1,1,0,0
"POINT (9.714669520000029 52.375879490000045)",Unfall 4698 (2023) Kat:3, Licht: 0,4698,3,4,6,09,15,7,,0,1,0,1,0
"POINT (9.740100420000033 52.376035986000034)",Unfall 4699 (2023) Kat:3, Licht: 0,4699,3,4,6,09,17,5,,0,1,0,1,0
"POINT (9.569731970000021 52.435726284000054)",Unfall 4700 (2023) Kat:3, Licht: 0,4700,3,7,0,09,17,2,,0,1,0,0,0
"POINT (9.875286327000026 52.364504410000052)",Unfall 4701 (2023) Kat:3, Licht: 0,4701,3,1,0,09,16,2,,0,1,0,0,0
"POINT (9.841516490000060 52.336220764000075)",Unfall 4702 (2023) Kat:3, Licht: 0,4702,3,7,0,09,18,3,,0,1,0,1,0
"POINT (9.440329591000022 52.516372820000072)",Unfall 4703 (2023) Kat:3, Licht: 0,4703,3,1,0,09,17,4,,0,1,0,0,0
"POINT (9.431956050000053 52.413273210000057)",Unfall 4704 (2023) Kat:3, Licht: 0,4704,3,7,9,09,07,4,,0,1,0,0,0
"POINT (9.751270527000031 52.361656779000043)",Unfall 4705 (2023) Kat:3, Licht: 2,4705,3,1,9,09,23,4,,2,1,0,0,0
"POINT (9.738625069000022 52.345943328000033)",Unfall 4706 (2023) Kat:3, Licht: 0,4706,3,3,5,09,08,5,,0,1,0,0,0
"POINT (10.107071852000047 52.363914846000057)",Unfall 4707 (2023) Kat:3, Licht: 2,4707,3,7,8,09,23,6,,2,1,0,0,0
"POINT (9.493954618000032 52.571836297000061)",Unfall 4708 (2023) Kat:2, Licht: 0,4708,2,7,7,09,18,6,,0,1,0,0,0
"POINT (9.803717351000046 52.390882461000047)",Unfall 4709 (2023) Kat:3, Licht: 2,4709,3,7,0,09,00,7,,2,1,0,0,0
"POINT (9.708569454000042 52.378293413000051)",Unfall 4710 (2023) Kat:3, Licht: 0,4710,3,6,3,10,16,2,,0,1,0,0,0
"POINT (9.793269213000031 52.374800802000038)",Unfall 4711 (2023) Kat:3, Licht: 1,4711,3,2,5,10,17,4,,1,1,1,0,0
"POINT (9.695515957000055 52.377887062000070)",Unfall 4712 (2023) Kat:3, Licht: 0,4712,3,3,5,10,13,5,,0,1,0,0,0
"POINT (9.767742756000075 52.382631765000042)",Unfall 4713 (2023) Kat:3, Licht: 0,4713,3,2,4,10,09,6,,0,1,1,0,0
"POINT (9.732793968000067 52.247842817000048)",Unfall 4714 (2023) Kat:2, Licht: 0,4714,2,1,0,10,12,1,,0,1,0,0,0
"POINT (9.694453363000036 52.418382882000060)",Unfall 4715 (2023) Kat:3, Licht: 0,4715,3,3,5,10,14,2,,0,1,1,0,0
"POINT (9.713755883000033 52.383209159000046)",Unfall 4716 (2023) Kat:3, Licht: 2,4716,3,6,4,10,22,3,,2,1,0,0,0
"POINT (9.740895410000064 52.360444935000032)",Unfall 4717 (2023) Kat:3, Licht: 0,4717,3,6,6,10,16,4,,0,1,0,1,0
"POINT (9.774178714000072 52.353085640000074)",Unfall 4718 (2023) Kat:3, Licht: 2,4718,3,7,0,10,07,6,,2,1,0,0,0
"POINT (9.729004781000071 52.367368998000074)",Unfall 4719 (2023) Kat:3, Licht: 2,4719,3,1,4,10,15,3,,2,1,0,0,0
"POINT (9.746046170000056 52.354200899000034)",Unfall 4720 (2023) Kat:3, Licht: 2,4720,3,7,8,10,07,6,,2,1,0,0,0
"POINT (9.761244441000031 52.411216216000071)",Unfall 4721 (2023) Kat:3, Licht: 0,4721,3,1,0,10,10,7,,0,1,0,0,0
"POINT (9.724176165000074 52.400454437000064)",Unfall 4722 (2023) Kat:3, Licht: 1,4722,3,6,3,11,17,4,,1,1,0,0,0
"POINT (9.727685936000057 52.394660748000035)",Unfall 4723 (2023) Kat:3, Licht: 0,4723,3,6,4,11,10,7,,0,1,1,0,0
"POINT (9.791633728000022 52.402342876000034)",Unfall 4724 (2023) Kat:2, Licht: 0,4724,2,1,0,11,08,3,,0,1,0,0,0
"POINT (9.792282021000062 52.397049613000036)",Unfall 4725 (2023) Kat:3, Licht: 2,4725,3,2,0,11,18,3,,2,1,1,0,0
"POINT (9.714965435000067 52.378044365000051)",Unfall 4726 (2023) Kat:3, Licht: 2,4726,3,1,0,11,00,7,,2,1,0,0,0
"POINT (9.683038927000041 52.347752944000035)",Unfall 4727 (2023) Kat:3, Licht: 1,4727,3,6,4,11,07,3,,1,1,0,0,0
"POINT (9.742578694000031 52.373799088000055)",Unfall 4728 (2023) Kat:2, Licht: 0,4728,2,1,0,11,15,5,,0,1,0,0,0
"POINT (9.755091965000076 52.379117900000040)",Unfall 4729 (2023) Kat:3, Licht: 0,4729,3,1,0,11,15,6,,0,1,0,0,0
"POINT (10.085989447000031 52.391993185000047)",Unfall 4730 (2023) Kat:3, Licht: 2,4730,3,7,0,11,00,1,,2,1,0,0,0
"POINT (9.811898838000047 52.359839569000030)",Unfall 4731 (2023) Kat:3, Licht: 0,4731,3,3,5,11,13,6,,0,1,0,0,0
"POINT (9.665420774000040 52.412063314000079)",Unfall 4732 (2023) Kat:2, Licht: 0,4732,2,7,0,12,09,2,,0,1,0,0,0
"POINT (9.779255331000059 52.373192857000049)",Unfall 4733 (2023) Kat:3, Licht: 0,4733,3,1,0,12,09,2,,0,1,0,0,0
"POINT (9.779202331000022 52.358717286000058)",Unfall 4734 (2023) Kat:3, Licht: 0,4734,3,7,0,12,15,7,,0,1,0,0,0
"POINT (9.722105813000042 52.368206074000057)",Unfall 4735 (2023) Kat:3, Licht: 0,4735,3,2,3,12,14,7,,0,1,0,0,0
"POINT (9.846013793000054 52.369483769000055)",Unfall 4736 (2023) Kat:3, Licht: 2,4736,3,6,6,12,17,5,,2,1,0,1,0
"POINT (9.696994767000035 52.341179940000075)",Unfall 1 (2024) Kat:3, Licht: 2,1,3,6,2,02,18,7,,2,0,1,0,0
"POINT (9.804481586000065 52.338278892000062)",Unfall 2 (2024) Kat:3, Licht: 2,2,3,6,2,02,18,7,,2,0,1,0,0
"POINT (9.732869225000059 52.436092962000032)",Unfall 3 (2024) Kat:3, Licht: 2,3,3,6,2,02,17,6,,2,0,1,0,0
"POINT (9.782747042000040 52.324596233000079)",Unfall 4 (2024) Kat:2, Licht: 2,4,2,7,0,02,21,6,,2,1,0,0,0
"POINT (9.867811893000066 52.434722921000059)",Unfall 5 (2024) Kat:2, Licht: 2,5,2,1,1,02,18,6,,2,0,1,0,0
"POINT (9.809026648000042 52.334816800000056)",Unfall 6 (2024) Kat:3, Licht: 2,6,3,6,2,02,17,6,,2,0,1,0,0
"POINT (9.733740003000037 52.384536526000034)",Unfall 7 (2024) Kat:3, Licht: 2,7,3,3,5,02,18,6,,2,1,1,0,0
"POINT (9.730068243000062 52.382190461000050)",Unfall 8 (2024) Kat:3, Licht: 0,8,3,5,1,02,11,5,,0,0,1,0,0
"POINT (9.807151204000036 52.335854536000056)",Unfall 9 (2024) Kat:3, Licht: 0,9,3,6,2,02,08,5,,0,0,1,0,0
"POINT (9.613910480000072 52.392219618000070)",Unfall 10 (2024) Kat:3, Licht: 1,10,3,2,2,01,16,4,,1,0,1,0,0
"POINT (9.426010435000023 52.433443650000072)",Unfall 11 (2024) Kat:2, Licht: 1,11,2,2,6,01,07,3,,1,0,1,1,0
"POINT (9.783107866000023 52.254892466000058)",Unfall 12 (2024) Kat:3, Licht: 0,12,3,6,2,01,07,3,,0,0,1,0,0
"POINT (9.453436685000042 52.504926993000026)",Unfall 13 (2024) Kat:3, Licht: 0,13,3,3,5,01,14,3,,0,0,1,0,0
"POINT (9.578465764000043 52.418575523000072)",Unfall 14 (2024) Kat:3, Licht: 0,14,3,7,0,01,15,3,,0,1,0,0,0
"POINT (9.476214858000048 52.503741315000070)",Unfall 15 (2024) Kat:3, Licht: 1,15,3,2,2,01,07,2,,1,1,1,0,0
"POINT (9.967225186000064 52.366976407000038)",Unfall 16 (2024) Kat:3, Licht: 0,16,3,3,5,01,15,2,,0,1,1,0,0
"POINT (10.057170656000039 52.371981297000048)",Unfall 17 (2024) Kat:3, Licht: 0,17,3,6,9,01,07,2,,0,0,1,0,0
"POINT (9.957354520000024 52.456763359000036)",Unfall 18 (2024) Kat:3, Licht: 0,18,3,1,9,01,10,1,,0,0,1,0,0
"POINT (10.096855556000037 52.364792998000041)",Unfall 19 (2024) Kat:2, Licht: 1,19,2,1,8,01,07,1,,1,0,1,0,0
"POINT (9.585378058000060 52.435233243000027)",Unfall 20 (2024) Kat:3, Licht: 1,20,3,2,4,02,07,6,,1,0,1,0,0
"POINT (9.735216139000045 52.405682409000065)",Unfall 21 (2024) Kat:3, Licht: 2,21,3,3,5,01,20,7,,2,1,1,0,0
"POINT (9.855979818000037 52.388868358000082)",Unfall 22 (2024) Kat:3, Licht: 0,22,3,3,5,01,10,7,,0,1,1,0,0
"POINT (9.787953232000064 52.318386507000071)",Unfall 23 (2024) Kat:3, Licht: 0,23,3,2,3,01,13,6,,0,1,1,0,0
"POINT (9.735598775000028 52.403277689000049)",Unfall 24 (2024) Kat:3, Licht: 2,24,3,6,2,01,18,6,,2,0,1,0,0
"POINT (9.696874990000026 52.379020893000074)",Unfall 25 (2024) Kat:3, Licht: 2,25,3,6,3,01,06,6,,2,0,1,0,0
"POINT (9.818880411000066 52.410201220000033)",Unfall 26 (2024) Kat:3, Licht: 1,26,3,2,5,01,08,6,,1,0,1,0,0
"POINT (9.731527859000039 52.382748169000081)",Unfall 27 (2024) Kat:2, Licht: 0,27,2,6,3,01,12,6,,0,0,1,0,1
"POINT (9.656015053000033 52.406457282000076)",Unfall 28 (2024) Kat:3, Licht: 0,28,3,6,2,01,09,5,,0,0,1,0,0
"POINT (9.648384978000024 52.321917000000042)",Unfall 29 (2024) Kat:3, Licht: 0,29,3,3,5,01,14,5,,0,0,1,0,0
"POINT (9.736294771000075 52.494632870000032)",Unfall 30 (2024) Kat:3, Licht: 2,30,3,6,2,01,17,5,,2,0,1,0,0
"POINT (9.743897643000025 52.367927958000053)",Unfall 31 (2024) Kat:3, Licht: 0,31,3,2,0,01,12,4,,0,1,1,0,0
"POINT (9.863716983000074 52.374751641000046)",Unfall 32 (2024) Kat:3, Licht: 2,32,3,7,7,01,05,4,,2,1,0,0,0
"POINT (9.755273547000058 52.231167581000079)",Unfall 33 (2024) Kat:3, Licht: 2,33,3,6,2,01,06,4,,2,0,1,0,0
"POINT (9.740712972000040 52.542103923000070)",Unfall 34 (2024) Kat:3, Licht: 0,34,3,3,5,01,08,4,,0,1,1,0,0
"POINT (9.793164535000074 52.351592807000031)",Unfall 35 (2024) Kat:2, Licht: 0,35,2,6,2,01,13,4,,0,0,1,0,0
"POINT (9.733951945000058 52.416242029000045)",Unfall 36 (2024) Kat:2, Licht: 0,36,2,4,6,01,14,4,,0,0,0,1,0
"POINT (9.854072216000077 52.416603623000071)",Unfall 37 (2024) Kat:3, Licht: 2,37,3,6,3,01,06,4,,2,0,1,0,0
"POINT (9.759659303000035 52.452944410000043)",Unfall 38 (2024) Kat:3, Licht: 0,38,3,2,4,01,13,3,,0,0,1,0,0
"POINT (9.675963179000064 52.438116519000062)",Unfall 39 (2024) Kat:3, Licht: 2,39,3,2,5,01,07,3,,2,0,1,0,0
"POINT (9.768851557000062 52.338131843000042)",Unfall 40 (2024) Kat:2, Licht: 2,40,2,2,6,01,21,3,,2,0,1,1,0
"POINT (9.560063630000059 52.421634052000059)",Unfall 41 (2024) Kat:3, Licht: 2,41,3,6,2,01,07,3,,2,0,1,0,0
"POINT (10.067422459000056 52.369188674000043)",Unfall 42 (2024) Kat:3, Licht: 2,42,3,7,8,01,03,3,,2,0,0,0,0
"POINT (9.648312045000068 52.412744335000070)",Unfall 43 (2024) Kat:3, Licht: 2,43,3,3,5,01,20,3,,2,0,1,0,0
"POINT (9.754968043000076 52.354426824000029)",Unfall 44 (2024) Kat:3, Licht: 1,44,3,7,0,01,16,2,,1,1,0,0,0
"POINT (9.647242572000039 52.413759069000037)",Unfall 45 (2024) Kat:3, Licht: 0,45,3,6,2,01,11,2,,0,0,1,0,0
"POINT (9.439138109000055 52.423193717000061)",Unfall 46 (2024) Kat:3, Licht: 2,46,3,6,2,01,17,2,,2,0,1,0,0
"POINT (9.387771497000074 52.539085799000077)",Unfall 47 (2024) Kat:3, Licht: 2,47,3,6,2,01,07,2,,2,0,1,0,0
"POINT (9.448031387000071 52.525634779000029)",Unfall 48 (2024) Kat:3, Licht: 2,48,3,1,8,01,20,2,,2,0,1,0,0
"POINT (9.589979975000062 52.439051725000070)",Unfall 49 (2024) Kat:3, Licht: 0,49,3,6,2,01,13,2,,0,0,1,0,0
"POINT (9.907507505000069 52.291528960000051)",Unfall 50 (2024) Kat:3, Licht: 0,50,3,1,9,01,12,2,,0,0,1,0,0
"POINT (9.649971349000054 52.424454980000064)",Unfall 51 (2024) Kat:3, Licht: 2,51,3,6,3,01,06,2,,2,0,1,0,0
"POINT (9.825520502000074 52.290222516000028)",Unfall 52 (2024) Kat:3, Licht: 0,52,3,7,8,01,11,2,,0,0,1,0,0
"POINT (9.743536184000050 52.368102861000068)",Unfall 53 (2024) Kat:3, Licht: 0,53,3,6,2,01,12,7,,0,0,1,0,0
"POINT (9.764814290000061 52.342760116000079)",Unfall 54 (2024) Kat:3, Licht: 0,54,3,3,5,01,12,7,,0,0,1,0,0
"POINT (10.024147301000028 52.433029897000040)",Unfall 55 (2024) Kat:3, Licht: 0,55,3,3,5,01,09,7,,0,0,1,0,0
"POINT (9.724152469000046 52.421417349000080)",Unfall 56 (2024) Kat:3, Licht: 2,56,3,6,4,01,19,7,,2,0,1,0,0
"POINT (9.787015176000068 52.389772258000050)",Unfall 57 (2024) Kat:3, Licht: 0,57,3,6,0,01,09,2,,0,0,1,0,0
"POINT (9.479200944000070 52.505925199000046)",Unfall 58 (2024) Kat:3, Licht: 0,58,3,6,2,01,12,6,,0,0,1,0,0
"POINT (9.823057431000052 52.407899572000076)",Unfall 59 (2024) Kat:3, Licht: 0,59,3,6,1,01,14,6,,0,0,1,0,0
"POINT (9.868698212000027 52.499721385000043)",Unfall 60 (2024) Kat:2, Licht: 2,60,2,1,8,01,17,6,,2,0,1,0,0
"POINT (9.410524739000039 52.335469084000067)",Unfall 61 (2024) Kat:3, Licht: 0,61,3,6,2,01,15,6,,0,0,1,0,0
"POINT (9.461666451000042 52.378430085000048)",Unfall 62 (2024) Kat:3, Licht: 0,62,3,6,2,01,13,6,,0,0,1,0,0
"POINT (9.429265466000061 52.355323740000074)",Unfall 63 (2024) Kat:3, Licht: 0,63,3,6,2,01,13,6,,0,0,1,0,0
"POINT (9.869151553000052 52.312012796000033)",Unfall 64 (2024) Kat:3, Licht: 0,64,3,6,2,01,12,6,,0,0,1,0,0
"POINT (9.862898136000069 52.372837013000037)",Unfall 65 (2024) Kat:3, Licht: 1,65,3,4,6,01,07,6,,1,0,1,1,0
"POINT (9.881018901000061 52.435650355000064)",Unfall 66 (2024) Kat:3, Licht: 2,66,3,3,5,01,19,7,,2,0,1,0,0
"POINT (9.730160770000055 52.368701382000040)",Unfall 67 (2024) Kat:3, Licht: 2,67,3,3,5,01,07,5,,2,1,1,0,0