WKT,Name,OBJECTID,UKATEGORIE,UTYP1,UART,UMONAT,USTUNDE,UWOCHENTAG,STRZUSTAND,ULICHTVERH,ISTRAD,ISTPKW,ISTFUSS,ISTKRAD
"POINT (9.694029745000023 52.419969617000049)",Unfall 265 (2024) Kat:3, Licht: 0,265,3,6,2,02,07,3,,0,0,1,0,0
"POINT (9.728419150000036 52.374040924000042)",Unfall 266 (2024) Kat:3, Licht: 0,266,3,6,2,02,07,3,,0,0,1,0,0
"POINT (9.713270662000070 52.366748277000056)",Unfall 267 (2024) Kat:3, Licht: 1,267,3,7,0,02,17,3,,1,0,0,0,0
"POINT (9.500721386000066 52.289505304000045)",Unfall 268 (2024) Kat:3, Licht: 1,268,3,7,1,02,07,3,,1,0,1,0,1
"POINT (9.752006702000074 52.524312530000032)",Unfall 269 (2024) Kat:3, Licht: 0,269,3,4,6,02,15,3,,0,0,1,1,0
"POINT (10.214868037000031 52.471248189000050)",Unfall 270 (2024) Kat:3, Licht: 0,270,3,3,5,02,08,3,,0,0,1,0,0
"POINT (10.233062720000021 52.433655845000033)",Unfall 271 (2024) Kat:3, Licht: 0,271,3,4,6,02,09,3,,0,1,0,1,0
"POINT (9.807122401000072 52.335864157000060)",Unfall 272 (2024) Kat:3, Licht: 0,272,3,6,2,02,10,3,,0,0,1,0,0
"POINT (9.723289131000058 52.363380585000073)",Unfall 273 (2024) Kat:3, Licht: 0,273,3,6,3,02,15,3,,0,0,1,0,0
"POINT (9.717268582000031 52.346166137000068)",Unfall 274 (2024) Kat:3, Licht: 0,274,3,6,2,02,11,2,,0,0,1,0,0
"POINT (9.854789311000047 52.390247091000049)",Unfall 275 (2024) Kat:3, Licht: 0,275,3,3,5,02,07,2,,0,1,1,0,0
"POINT (9.695529754000063 52.374637270000051)",Unfall 276 (2024) Kat:3, Licht: 0,276,3,6,3,02,07,2,,0,0,1,0,0
"POINT (9.830867257000023 52.417555639000057)",Unfall 277 (2024) Kat:3, Licht: 0,277,3,2,5,02,10,2,,0,0,1,0,0
"POINT (9.607039586000042 52.311449060000029)",Unfall 278 (2024) Kat:3, Licht: 0,278,3,2,6,02,15,2,,0,0,1,1,0
"POINT (9.728262322000035 52.292802885000071)",Unfall 279 (2024) Kat:3, Licht: 1,279,3,2,5,02,07,2,,1,1,1,0,0
"POINT (9.951204878000055 52.328606110000067)",Unfall 280 (2024) Kat:3, Licht: 0,280,3,1,0,02,14,2,,0,0,0,0,1
"POINT (9.746607770000026 52.452728464000074)",Unfall 281 (2024) Kat:3, Licht: 0,281,3,2,2,02,10,2,,0,0,1,0,0
"POINT (9.807173965000061 52.335846933000028)",Unfall 282 (2024) Kat:3, Licht: 0,282,3,6,2,02,16,2,,0,0,1,0,0
"POINT (9.862239465000073 52.450874235000072)",Unfall 283 (2024) Kat:3, Licht: 0,283,3,1,8,02,11,2,,0,0,1,0,0
"POINT (9.885462159000042 52.429277155000079)",Unfall 284 (2024) Kat:3, Licht: 0,284,3,1,8,02,11,2,,0,0,1,0,0
"POINT (9.814526710000052 52.401899404000062)",Unfall 285 (2024) Kat:3, Licht: 0,285,3,6,2,02,08,2,,0,0,1,0,0
"POINT (9.648236911000026 52.412799561000043)",Unfall 286 (2024) Kat:3, Licht: 2,286,3,3,5,02,23,1,,2,0,1,0,0
"POINT (9.810598786000071 52.318394748000060)",Unfall 287 (2024) Kat:2, Licht: 2,287,2,2,4,02,18,1,,2,0,1,0,0
"POINT (9.727678062000052 52.381361511000080)",Unfall 288 (2024) Kat:2, Licht: 2,288,2,5,1,02,18,1,,2,0,1,0,1
"POINT (9.747815593000041 52.363609084000075)",Unfall 289 (2024) Kat:3, Licht: 0,289,3,4,6,02,11,7,,0,0,1,1,0
"POINT (9.727912040000035 52.336151505000032)",Unfall 290 (2024) Kat:3, Licht: 0,290,3,6,2,02,15,7,,0,0,1,0,0
"POINT (9.677100766000024 52.358145784000044)",Unfall 291 (2024) Kat:3, Licht: 2,291,3,4,0,02,18,7,,2,0,0,1,0
"POINT (9.749939135000034 52.530251360000079)",Unfall 292 (2024) Kat:3, Licht: 1,292,3,4,6,03,17,2,,1,0,1,1,0
"POINT (9.768515943000068 52.338122518000034)",Unfall 293 (2024) Kat:3, Licht: 0,293,3,2,2,02,14,7,,0,0,1,0,0
"POINT (9.613542790000054 52.392190963000075)",Unfall 294 (2024) Kat:3, Licht: 0,294,3,3,5,02,16,7,,0,1,1,0,0
"POINT (9.739296979000073 52.337639633000038)",Unfall 295 (2024) Kat:1, Licht: 2,295,1,6,2,02,18,7,,2,0,1,0,0
"POINT (9.805288778000033 52.536035705000074)",Unfall 296 (2024) Kat:3, Licht: 0,296,3,6,2,02,15,7,,0,0,1,0,0
"POINT (9.429825281000035 52.426613634000034)",Unfall 297 (2024) Kat:3, Licht: 0,297,3,7,0,03,11,7,,0,1,0,0,0
"POINT (9.733380585000077 52.417809483000042)",Unfall 298 (2024) Kat:3, Licht: 0,298,3,3,5,02,12,6,,0,1,0,0,0
"POINT (9.762201975000039 52.370533080000030)",Unfall 299 (2024) Kat:3, Licht: 0,299,3,2,5,02,16,5,,0,1,1,0,0
"POINT (9.641828465000060 52.414715181000076)",Unfall 300 (2024) Kat:3, Licht: 0,300,3,1,0,02,10,5,,0,1,0,0,0
"POINT (9.722020468000039 52.421542070000044)",Unfall 301 (2024) Kat:3, Licht: 0,301,3,6,2,02,16,5,,0,0,1,0,0
"POINT (9.575152308000042 52.279992089000075)",Unfall 302 (2024) Kat:3, Licht: 2,302,3,6,2,02,22,5,,2,0,1,0,0
"POINT (9.575183955000057 52.270486920000053)",Unfall 303 (2024) Kat:3, Licht: 0,303,3,6,2,02,14,5,,0,0,1,0,0
"POINT (9.456922305000035 52.500116145000050)",Unfall 304 (2024) Kat:3, Licht: 0,304,3,6,2,02,14,5,,0,0,1,0,0
"POINT (9.954051336000020 52.491402129000051)",Unfall 305 (2024) Kat:3, Licht: 0,305,3,6,3,02,10,5,,0,1,1,0,0
"POINT (10.032880963000025 52.524688296000079)",Unfall 306 (2024) Kat:3, Licht: 0,306,3,6,3,02,16,5,,0,0,1,0,0
"POINT (9.511614119000058 52.410262433000071)",Unfall 307 (2024) Kat:3, Licht: 0,307,3,7,2,02,12,5,,0,0,1,0,0
"POINT (9.759324177000053 52.370339391000073)",Unfall 308 (2024) Kat:3, Licht: 0,308,3,6,2,02,12,4,,0,0,1,0,0
"POINT (9.713411535000034 52.361935465000045)",Unfall 309 (2024) Kat:3, Licht: 0,309,3,6,2,02,14,4,,0,0,1,0,0
"POINT (9.683703242000036 52.347508614000049)",Unfall 310 (2024) Kat:3, Licht: 0,310,3,6,2,02,14,4,,0,0,1,0,0
"POINT (9.863882374000070 52.434254083000042)",Unfall 311 (2024) Kat:3, Licht: 1,311,3,6,2,02,17,4,,1,0,1,0,0
"POINT (9.943222354000056 52.392041454000037)",Unfall 312 (2024) Kat:3, Licht: 2,312,3,6,2,02,22,4,,2,0,1,0,0
"POINT (9.514373405000072 52.411831900000038)",Unfall 313 (2024) Kat:3, Licht: 2,313,3,6,2,02,19,4,,2,0,1,0,0
"POINT (9.817749697000067 52.299757127000078)",Unfall 314 (2024) Kat:3, Licht: 2,314,3,6,1,02,19,3,,2,0,1,0,0
"POINT (10.012281453000071 52.448477934000039)",Unfall 315 (2024) Kat:3, Licht: 2,315,3,6,2,02,19,3,,2,0,1,0,0
"POINT (9.762077275000024 52.335828267000068)",Unfall 316 (2024) Kat:3, Licht: 0,316,3,4,6,02,11,3,,0,0,1,1,0
"POINT (9.648312045000068 52.412744335000070)",Unfall 317 (2024) Kat:3, Licht: 2,317,3,3,5,02,18,3,,2,0,1,0,0
"POINT (9.719577096000023 52.392439146000072)",Unfall 318 (2024) Kat:2, Licht: 0,318,2,1,6,02,16,3,,0,1,0,1,0
"POINT (9.704273531000069 52.417144427000039)",Unfall 319 (2024) Kat:3, Licht: 2,319,3,6,2,02,19,2,,2,0,1,0,0
"POINT (9.629288658000064 52.394640788000061)",Unfall 320 (2024) Kat:3, Licht: 1,320,3,4,6,02,07,2,,1,0,1,1,0
"POINT (9.705826313000046 52.650795736000077)",Unfall 321 (2024) Kat:3, Licht: 2,321,3,7,2,02,05,1,,2,0,1,0,0
"POINT (9.815080899000066 52.303719447000049)",Unfall 322 (2024) Kat:3, Licht: 2,322,3,2,6,02,21,1,,2,0,1,1,0
"POINT (9.806617489000075 52.307948099000043)",Unfall 323 (2024) Kat:3, Licht: 2,323,3,2,5,02,18,1,,2,0,1,0,0
"POINT (9.514808961000028 52.300337235000029)",Unfall 324 (2024) Kat:3, Licht: 2,324,3,3,5,02,18,1,,2,0,1,0,0
"POINT (9.609096116000046 52.405950355000073)",Unfall 325 (2024) Kat:3, Licht: 2,325,3,3,5,02,18,1,,2,1,1,0,0
"POINT (9.816397966000068 52.404028130000029)",Unfall 326 (2024) Kat:3, Licht: 2,326,3,6,2,02,22,1,,2,0,1,0,0
"POINT (9.861901867000029 52.369782272000066)",Unfall 327 (2024) Kat:3, Licht: 2,327,3,7,8,02,21,7,,2,0,1,0,0
"POINT (9.506288347000066 52.413097015000062)",Unfall 328 (2024) Kat:3, Licht: 2,328,3,3,5,02,18,7,,2,0,1,0,0
"POINT (9.728489161000027 52.381662794000079)",Unfall 329 (2024) Kat:3, Licht: 2,329,3,6,2,02,23,7,,2,0,1,0,0
"POINT (9.827224682000065 52.346013467000034)",Unfall 330 (2024) Kat:3, Licht: 2,330,3,3,5,02,19,7,,2,1,1,0,0
"POINT (9.736609040000076 52.612160917000040)",Unfall 331 (2024) Kat:3, Licht: 2,331,3,7,7,02,22,6,,2,0,1,0,0
"POINT (9.778186128000073 52.371259036000026)",Unfall 332 (2024) Kat:3, Licht: 2,332,3,2,2,02,22,6,,2,0,1,0,0
"POINT (9.721671478000076 52.378464931000053)",Unfall 333 (2024) Kat:3, Licht: 0,333,3,6,2,02,15,6,,0,0,1,0,0
"POINT (9.399010808000071 52.454941292000058)",Unfall 334 (2024) Kat:3, Licht: 2,334,3,1,4,02,17,6,,2,0,1,0,0
"POINT (9.460014620000038 52.307680034000043)",Unfall 335 (2024) Kat:3, Licht: 0,335,3,2,2,02,15,6,,0,0,1,0,0
"POINT (9.730784440000036 52.468656088000046)",Unfall 336 (2024) Kat:3, Licht: 1,336,3,3,5,02,08,6,,1,0,1,0,0
"POINT (9.652034083000046 52.424851959000080)",Unfall 337 (2024) Kat:3, Licht: 0,337,3,6,2,02,15,6,,0,0,1,0,0
"POINT (9.640166927000053 52.422569591000070)",Unfall 338 (2024) Kat:3, Licht: 0,338,3,6,2,02,17,6,,0,0,1,0,0
"POINT (9.762123426000073 52.586093870000070)",Unfall 339 (2024) Kat:3, Licht: 0,339,3,6,2,02,14,6,,0,0,1,0,0
"POINT (9.671677058000057 52.396385141000053)",Unfall 340 (2024) Kat:1, Licht: 0,340,1,6,2,03,16,4,,0,0,1,0,1
"POINT (9.759549017000040 52.370350981000058)",Unfall 341 (2024) Kat:3, Licht: 0,341,3,6,2,02,15,5,,0,0,1,0,0
"POINT (9.632351180000057 52.411289739000040)",Unfall 342 (2024) Kat:3, Licht: 2,342,3,2,4,02,22,5,,2,0,1,0,0
"POINT (9.464159260000031 52.316724381000029)",Unfall 343 (2024) Kat:3, Licht: 2,343,3,6,4,02,16,5,,2,0,1,0,0
"POINT (9.696868023000036 52.420514570000080)",Unfall 344 (2024) Kat:3, Licht: 0,344,3,4,6,02,12,5,,0,0,1,1,0
"POINT (9.910836795000023 52.276617827000052)",Unfall 345 (2024) Kat:3, Licht: 2,345,3,1,3,02,21,5,,2,0,1,0,0
"POINT (9.777546810000047 52.371213785000066)",Unfall 346 (2024) Kat:3, Licht: 1,346,3,6,2,02,17,4,,1,0,1,0,0
"POINT (9.792788667000025 52.219545086000039)",Unfall 347 (2024) Kat:3, Licht: 0,347,3,6,2,02,08,4,,0,0,1,0,0
"POINT (9.803755852000052 52.407772864000037)",Unfall 348 (2024) Kat:1, Licht: 2,348,1,4,6,02,21,3,,2,0,0,1,0
"POINT (9.596588181000072 52.423273026000061)",Unfall 349 (2024) Kat:3, Licht: 2,349,3,6,3,02,05,4,,2,0,1,0,0
"POINT (9.431198655000060 52.423223693000068)",Unfall 350 (2024) Kat:3, Licht: 0,350,3,6,2,02,15,3,,0,0,1,0,0
"POINT (9.451709267000069 52.504871203000050)",Unfall 351 (2024) Kat:3, Licht: 2,351,3,2,2,02,20,3,,2,0,1,0,0
"POINT (9.622602388000075 52.521443811000040)",Unfall 352 (2024) Kat:3, Licht: 2,352,3,2,5,02,06,3,,2,0,1,0,0
"POINT (9.728358117000028 52.292752295000071)",Unfall 353 (2024) Kat:2, Licht: 2,353,2,3,5,02,19,3,,2,0,1,0,0
"POINT (9.756564022000020 52.370175443000051)",Unfall 354 (2024) Kat:3, Licht: 0,354,3,6,2,02,07,3,,0,0,1,0,0
"POINT (9.811957182000071 52.318675580000047)",Unfall 355 (2024) Kat:3, Licht: 2,355,3,6,2,02,22,6,,2,0,1,0,0
"POINT (9.725489873000072 52.389089054000067)",Unfall 356 (2024) Kat:3, Licht: 0,356,3,6,2,02,14,5,,0,0,1,0,0
"POINT (9.791916702000037 52.335036380000076)",Unfall 357 (2024) Kat:3, Licht: 1,357,3,3,5,02,07,2,,1,1,1,0,0
"POINT (9.451950631000045 52.431773956000029)",Unfall 358 (2024) Kat:2, Licht: 2,358,2,6,3,02,07,2,,2,1,1,0,0
"POINT (9.611307258000068 52.433174153000039)",Unfall 359 (2024) Kat:3, Licht: 0,359,3,3,5,02,11,2,,0,1,1,0,0
"POINT (9.730091085000026 52.579254631000026)",Unfall 360 (2024) Kat:3, Licht: 0,360,3,4,6,02,14,2,,0,0,0,1,0
"POINT (9.834677252000063 52.420743425000069)",Unfall 361 (2024) Kat:3, Licht: 0,361,3,6,3,02,12,2,,0,0,1,0,0
"POINT (9.825032704000023 52.425529178000033)",Unfall 362 (2024) Kat:3, Licht: 0,362,3,7,2,02,12,2,,0,0,1,0,0
"POINT (9.751586546000055 52.427376732000027)",Unfall 363 (2024) Kat:3, Licht: 0,363,3,6,2,02,10,2,,0,0,0,0,0
"POINT (10.116816608000022 52.363696911000034)",Unfall 364 (2024) Kat:3, Licht: 2,364,3,3,5,02,06,2,,2,0,1,0,0
"POINT (9.730993998000031 52.383626022000044)",Unfall 365 (2024) Kat:3, Licht: 2,365,3,3,5,02,04,2,,2,1,1,0,0
"POINT (9.695623105000038 52.380187497000065)",Unfall 366 (2024) Kat:3, Licht: 0,366,3,6,3,02,14,1,,0,0,1,0,0
"POINT (9.648909912000022 52.412460024000040)",Unfall 367 (2024) Kat:3, Licht: 2,367,3,1,0,02,04,1,,2,1,0,0,0
"POINT (9.736371964000057 52.546564725000053)",Unfall 368 (2024) Kat:3, Licht: 0,368,3,6,2,05,16,3,,0,0,1,0,0
"POINT (9.911867186000052 52.355731366000043)",Unfall 369 (2024) Kat:3, Licht: 0,369,3,6,4,05,20,3,,0,1,0,0,0
"POINT (9.812236219000056 52.429492479000032)",Unfall 370 (2024) Kat:2, Licht: 0,370,2,6,2,05,16,3,,0,0,1,0,0
"POINT (9.783614950000072 52.360092651000059)",Unfall 371 (2024) Kat:3, Licht: 0,371,3,6,3,05,05,3,,0,0,1,0,1
"POINT (9.810244447000059 52.306468377000044)",Unfall 372 (2024) Kat:2, Licht: 0,372,2,4,6,05,10,3,,0,0,0,1,0
"POINT (9.676964108000050 52.357068164000054)",Unfall 373 (2024) Kat:3, Licht: 0,373,3,2,5,05,13,2,,0,0,1,0,0
"POINT (9.585350344000062 52.435211487000061)",Unfall 374 (2024) Kat:3, Licht: 0,374,3,2,2,05,17,2,,0,0,1,0,0
"POINT (9.964691149000032 52.373225544000036)",Unfall 375 (2024) Kat:2, Licht: 0,375,2,2,4,05,12,2,,0,1,1,0,0
"POINT (9.795089076000068 52.551141095000048)",Unfall 376 (2024) Kat:3, Licht: 0,376,3,6,3,05,16,2,,0,0,1,0,0
"POINT (9.816653741000039 52.284558450000077)",Unfall 377 (2024) Kat:3, Licht: 0,377,3,6,2,05,18,1,,0,0,1,0,0
"POINT (9.727859756000043 52.438821525000037)",Unfall 378 (2024) Kat:3, Licht: 2,378,3,1,0,05,04,7,,2,0,0,0,0
"POINT (9.790338764000069 52.557812044000059)",Unfall 379 (2024) Kat:3, Licht: 0,379,3,7,9,05,17,7,,0,0,0,0,1
"POINT (9.750593941000034 52.360011214000053)",Unfall 380 (2024) Kat:3, Licht: 2,380,3,7,0,05,22,7,,2,0,0,0,1
"POINT (9.749286374000064 52.369237997000027)",Unfall 381 (2024) Kat:3, Licht: 0,381,3,6,2,05,10,6,,0,0,1,0,0
"POINT (9.987578933000066 52.409124576000067)",Unfall 382 (2024) Kat:3, Licht: 0,382,3,5,1,05,10,7,,0,0,1,0,0
"POINT (9.852395572000034 52.389837617000069)",Unfall 383 (2024) Kat:3, Licht: 0,383,3,2,5,05,17,6,,0,1,1,0,0
"POINT (9.732535656000039 52.369416865000062)",Unfall 384 (2024) Kat:3, Licht: 2,384,3,6,3,05,21,6,,2,0,1,0,1
"POINT (10.265013195000051 52.478900863000035)",Unfall 385 (2024) Kat:3, Licht: 0,385,3,7,2,05,11,6,,0,0,1,0,1
"POINT (9.714545427000076 52.366566636000073)",Unfall 386 (2024) Kat:3, Licht: 0,386,3,2,6,05,10,6,,0,0,1,1,0
"POINT (9.454628601000024 52.477208950000033)",Unfall 387 (2024) Kat:3, Licht: 0,387,3,6,4,05,16,2,,0,0,1,0,0
"POINT (9.519374629000026 52.272849011000062)",Unfall 388 (2024) Kat:3, Licht: 0,388,3,6,4,05,17,5,,0,1,0,0,0
"POINT (9.539713729000027 52.460456204000081)",Unfall 389 (2024) Kat:3, Licht: 2,389,3,1,8,05,02,5,,2,0,0,0,0
"POINT (9.646271724000030 52.446137346000057)",Unfall 390 (2024) Kat:3, Licht: 0,390,3,1,0,05,18,5,,0,1,0,0,0
"POINT (9.535663809000027 52.420023032000074)",Unfall 391 (2024) Kat:3, Licht: 2,391,3,6,2,05,22,5,,2,0,1,0,0
"POINT (9.727071006000074 52.366908632000047)",Unfall 392 (2024) Kat:3, Licht: 0,392,3,1,0,05,18,5,,0,1,0,0,0
"POINT (9.827248867000037 52.358393222000075)",Unfall 393 (2024) Kat:2, Licht: 0,393,2,4,6,05,12,5,,0,0,1,1,0
"POINT (9.875652195000043 52.359932339000068)",Unfall 394 (2024) Kat:3, Licht: 0,394,3,6,2,05,15,4,,0,0,1,0,0
"POINT (9.740457173000038 52.368276099000070)",Unfall 395 (2024) Kat:3, Licht: 0,395,3,6,2,05,19,4,,0,0,1,0,1
"POINT (9.662574215000063 52.384936537000044)",Unfall 396 (2024) Kat:3, Licht: 0,396,3,6,2,05,13,4,,0,0,1,0,0
"POINT (9.799997532000077 52.407045825000068)",Unfall 397 (2024) Kat:3, Licht: 0,397,3,6,3,05,15,4,,0,0,1,0,0
"POINT (9.853849446000027 52.390430305000052)",Unfall 398 (2024) Kat:3, Licht: 0,398,3,2,2,05,07,4,,0,0,1,0,0
"POINT (9.828653073000055 52.360890049000034)",Unfall 399 (2024) Kat:3, Licht: 0,399,3,4,6,05,17,4,,0,1,0,1,0
"POINT (9.492434965000029 52.279588450000062)",Unfall 400 (2024) Kat:3, Licht: 0,400,3,1,4,05,18,4,,0,1,1,0,0
"POINT (9.683088458000043 52.443306765000045)",Unfall 401 (2024) Kat:3, Licht: 0,401,3,6,2,05,19,4,,0,0,1,0,0
"POINT (9.807572478000054 52.335976636000055)",Unfall 402 (2024) Kat:3, Licht: 0,402,3,6,2,05,10,4,,0,0,1,0,0
"POINT (9.572634580000056 52.422698702000048)",Unfall 403 (2024) Kat:3, Licht: 0,403,3,6,2,05,07,4,,0,0,1,0,0
"POINT (9.739866729000028 52.319802799000058)",Unfall 404 (2024) Kat:3, Licht: 0,404,3,3,5,05,09,3,,0,1,1,0,0
"POINT (9.966010390000065 52.315593695000075)",Unfall 405 (2024) Kat:3, Licht: 0,405,3,3,5,05,13,3,,0,1,1,0,0
"POINT (10.265333945000066 52.478705449000074)",Unfall 406 (2024) Kat:3, Licht: 0,406,3,2,5,05,18,3,,0,1,1,0,0
"POINT (9.668115378000039 52.343666570000039)",Unfall 407 (2024) Kat:2, Licht: 0,407,2,4,6,05,13,3,,0,0,1,1,0
"POINT (9.807516385000042 52.335989903000041)",Unfall 408 (2024) Kat:3, Licht: 0,408,3,6,2,05,11,3,,0,0,1,0,0
"POINT (9.734023330000070 52.387096557000064)",Unfall 409 (2024) Kat:3, Licht: 0,409,3,2,5,05,06,3,,0,1,1,0,0
"POINT (9.715124526000068 52.361497612000051)",Unfall 410 (2024) Kat:3, Licht: 0,410,3,6,2,05,09,2,,0,0,1,0,0
"POINT (9.726916851000055 52.375329574000034)",Unfall 411 (2024) Kat:3, Licht: 0,411,3,1,0,05,11,2,,0,0,0,0,1
"POINT (9.447176548000073 52.439909017000048)",Unfall 412 (2024) Kat:3, Licht: 0,412,3,6,2,05,17,2,,0,0,1,0,0
"POINT (9.434103439000069 52.421978987000045)",Unfall 413 (2024) Kat:3, Licht: 0,413,3,6,2,05,11,2,,0,0,1,0,0
"POINT (9.745772342000066 52.209304208000049)",Unfall 414 (2024) Kat:3, Licht: 0,414,3,3,5,05,15,2,,0,0,1,0,1
"POINT (9.850096185000041 52.305156607000072)",Unfall 415 (2024) Kat:2, Licht: 0,415,2,7,0,05,05,2,,0,0,1,0,1
"POINT (9.420908995000048 52.444375224000055)",Unfall 416 (2024) Kat:3, Licht: 2,416,3,5,1,05,02,1,,2,0,0,0,1
"POINT (10.020100452000065 52.454622486000062)",Unfall 417 (2024) Kat:3, Licht: 2,417,3,7,0,05,01,1,,2,1,0,0,0
"POINT (9.740585186000033 52.368282023000063)",Unfall 418 (2024) Kat:3, Licht: 2,418,3,7,0,05,22,7,,2,1,0,0,0
"POINT (9.444646970000065 52.474780347000035)",Unfall 419 (2024) Kat:3, Licht: 0,419,3,1,0,05,14,7,,0,1,0,0,0
"POINT (9.723285842000053 52.454229740000073)",Unfall 420 (2024) Kat:3, Licht: 1,420,3,1,0,05,20,7,,1,0,0,0,1
"POINT (9.812010083000075 52.409298090000050)",Unfall 421 (2024) Kat:3, Licht: 0,421,3,7,2,05,13,7,,0,0,1,0,0
"POINT (9.588402731000031 52.437898936000067)",Unfall 422 (2024) Kat:3, Licht: 0,422,3,6,2,05,10,6,,0,0,1,0,0
"POINT (9.678621067000051 52.434903216000066)",Unfall 423 (2024) Kat:3, Licht: 0,423,3,7,5,05,13,6,,0,0,1,0,0
"POINT (9.728126352000061 52.374052834000054)",Unfall 424 (2024) Kat:3, Licht: 0,424,3,3,5,05,16,6,,0,0,1,0,0
"POINT (9.707824186000039 52.423694999000077)",Unfall 425 (2024) Kat:3, Licht: 0,425,3,7,2,05,15,5,,0,1,0,0,0
"POINT (9.702539434000073 52.364461097000060)",Unfall 426 (2024) Kat:3, Licht: 0,426,3,7,0,05,18,5,,0,1,0,0,0
"POINT (9.685096556000076 52.374581513000066)",Unfall 427 (2024) Kat:3, Licht: 0,427,3,3,5,05,16,5,,0,0,1,0,1
"POINT (9.690551032000030 52.272811746000059)",Unfall 428 (2024) Kat:3, Licht: 0,428,3,6,2,05,08,5,,0,0,1,0,0
"POINT (9.667055666000067 52.339717719000078)",Unfall 429 (2024) Kat:3, Licht: 0,429,3,6,2,05,13,5,,0,0,1,0,0
"POINT (9.459931429000051 52.306973346000063)",Unfall 430 (2024) Kat:3, Licht: 0,430,3,3,5,05,09,5,,0,0,1,0,1
"POINT (9.872477759000049 52.310669562000044)",Unfall 431 (2024) Kat:2, Licht: 2,431,2,2,5,05,22,5,,2,0,1,0,1
"POINT (9.771676488000026 52.334818413000050)",Unfall 432 (2024) Kat:2, Licht: 0,432,2,3,5,05,14,5,,0,1,0,0,0
"POINT (9.789317960000062 52.354739218000077)",Unfall 433 (2024) Kat:3, Licht: 0,433,3,6,2,05,16,5,,0,0,1,0,0
"POINT (9.942149080000036 52.392324805000044)",Unfall 434 (2024) Kat:3, Licht: 0,434,3,6,3,05,13,5,,0,0,1,0,0
"POINT (9.781602199000076 52.428225339000051)",Unfall 435 (2024) Kat:3, Licht: 0,435,3,6,3,05,08,5,,0,0,1,0,0
"POINT (9.745439019000059 52.250684716000080)",Unfall 436 (2024) Kat:3, Licht: 0,436,3,7,8,05,17,5,,0,0,0,0,1
"POINT (9.665087043000028 52.357612607000078)",Unfall 437 (2024) Kat:3, Licht: 0,437,3,5,1,05,11,5,,0,1,1,0,0
"POINT (9.355400398000029 52.444899666000026)",Unfall 438 (2024) Kat:3, Licht: 0,438,3,6,4,05,16,4,,0,1,0,0,0
"POINT (9.788146737000034 52.205840264000074)",Unfall 439 (2024) Kat:3, Licht: 0,439,3,7,8,05,11,4,,0,0,1,0,0
"POINT (9.638563242000032 52.396706523000034)",Unfall 440 (2024) Kat:3, Licht: 0,440,3,2,5,05,12,4,,0,1,1,0,0
"POINT (9.609116461000042 52.602502988000026)",Unfall 441 (2024) Kat:3, Licht: 0,441,3,1,0,05,13,4,,0,0,0,0,1
"POINT (9.727397864000068 52.381254150000075)",Unfall 442 (2024) Kat:2, Licht: 1,442,2,4,6,05,04,4,,1,0,0,1,1
"POINT (9.729413984000075 52.489709679000043)",Unfall 443 (2024) Kat:3, Licht: 0,443,3,7,5,05,09,2,,0,0,1,0,0
"POINT (9.545481120000034 52.310639868000067)",Unfall 444 (2024) Kat:3, Licht: 2,444,3,1,8,05,01,5,,2,0,1,0,0
"POINT (9.736424473000056 52.612025964000054)",Unfall 445 (2024) Kat:3, Licht: 2,445,3,6,2,04,23,3,,2,0,1,0,0
"POINT (9.858533288000046 52.358513295000080)",Unfall 446 (2024) Kat:3, Licht: 0,446,3,4,6,04,13,3,,0,0,0,1,0
"POINT (9.775736834000043 52.269457460000069)",Unfall 447 (2024) Kat:3, Licht: 0,447,3,6,2,04,15,3,,0,0,1,0,1
"POINT (9.651939769000023 52.377107405000061)",Unfall 448 (2024) Kat:3, Licht: 0,448,3,3,5,04,12,3,,0,1,1,0,0
"POINT (9.604700752000042 52.335350360000064)",Unfall 449 (2024) Kat:3, Licht: 0,449,3,3,5,04,16,3,,0,1,0,0,0
"POINT (9.955759061000037 52.319010110000079)",Unfall 450 (2024) Kat:3, Licht: 0,450,3,7,0,04,13,3,,0,1,0,0,0
"POINT (9.973991128000023 52.372588205000056)",Unfall 451 (2024) Kat:3, Licht: 0,451,3,7,1,04,16,3,,0,1,1,0,0
"POINT (9.933483198000033 52.337257748000070)",Unfall 452 (2024) Kat:3, Licht: 0,452,3,2,2,04,11,3,,0,0,1,0,0
"POINT (10.251144467000074 52.425875865000080)",Unfall 453 (2024) Kat:3, Licht: 0,453,3,1,8,04,17,3,,0,0,0,0,1
"POINT (9.847347281000054 52.274107914000069)",Unfall 454 (2024) Kat:2, Licht: 0,454,2,4,6,04,14,3,,0,0,1,1,0
"POINT (9.502764271000046 52.405213473000060)",Unfall 455 (2024) Kat:3, Licht: 0,455,3,6,2,04,19,3,,0,0,1,0,0
"POINT (9.522191152000062 52.469146927000054)",Unfall 456 (2024) Kat:2, Licht: 2,456,2,7,8,04,01,3,,2,0,1,0,0
"POINT (9.715145850000056 52.398221284000044)",Unfall 457 (2024) Kat:3, Licht: 0,457,3,6,2,04,15,2,,0,0,1,0,0
"POINT (9.995816342000069 52.455208673000072)",Unfall 458 (2024) Kat:3, Licht: 0,458,3,3,5,04,08,2,,0,0,1,0,0
"POINT (9.816931793000037 52.519726281000032)",Unfall 459 (2024) Kat:3, Licht: 0,459,3,7,8,04,06,2,,0,0,0,0,0
"POINT (9.789518830000077 52.233727396000063)",Unfall 460 (2024) Kat:2, Licht: 0,460,2,5,1,04,10,1,,0,1,0,0,0