WKT,Name,OBJECTID,UKATEGORIE,UTYP1,UART,UMONAT,USTUNDE,UWOCHENTAG,STRZUSTAND,ULICHTVERH,ISTRAD,ISTPKW,ISTFUSS,ISTKRAD
"POINT (9.789518830000077 52.233727396000063)",Unfall 461 (2024) Kat:2, Licht: 0,461,2,5,1,04,10,1,,0,1,0,0,0
"POINT (9.732447314000069 52.545540088000052)",Unfall 462 (2024) Kat:3, Licht: 0,462,3,6,0,05,11,6,,0,1,0,1,0
"POINT (9.722024983000040 52.359529105000036)",Unfall 463 (2024) Kat:3, Licht: 0,463,3,6,2,04,19,7,,0,0,1,0,0
"POINT (9.697645699000077 52.377142473000049)",Unfall 464 (2024) Kat:3, Licht: 0,464,3,6,2,04,15,7,,0,0,1,0,0
"POINT (9.579377715000021 52.365260678000027)",Unfall 465 (2024) Kat:2, Licht: 0,465,2,1,8,04,15,7,,0,0,0,0,1
"POINT (9.737793562000036 52.610347318000038)",Unfall 466 (2024) Kat:3, Licht: 0,466,3,6,2,05,12,7,,0,0,1,0,0
"POINT (9.648527704000060 52.414306895000038)",Unfall 467 (2024) Kat:3, Licht: 0,467,3,6,2,04,14,6,,0,0,1,0,0
"POINT (9.818477624000025 52.409030745000052)",Unfall 468 (2024) Kat:3, Licht: 0,468,3,6,2,04,07,6,,0,0,1,0,0
"POINT (9.764845292000075 52.342722896000055)",Unfall 469 (2024) Kat:3, Licht: 0,469,3,2,5,04,18,6,,0,0,1,0,0
"POINT (9.357234444000028 52.453342359000033)",Unfall 470 (2024) Kat:3, Licht: 0,470,3,2,5,04,11,6,,0,1,1,0,0
"POINT (9.724903713000060 52.439792089000036)",Unfall 471 (2024) Kat:3, Licht: 0,471,3,6,0,04,13,6,,0,0,1,0,0
"POINT (9.631735397000057 52.496827385000074)",Unfall 472 (2024) Kat:2, Licht: 0,472,2,5,1,04,15,6,,0,0,1,0,0
"POINT (9.614094498000043 52.421657380000056)",Unfall 473 (2024) Kat:3, Licht: 0,473,3,6,3,04,09,6,,0,0,1,0,0
"POINT (9.831950091000067 52.418169412000054)",Unfall 474 (2024) Kat:3, Licht: 0,474,3,6,2,04,12,6,,0,0,1,0,0
"POINT (9.611132672000053 52.392057139000030)",Unfall 475 (2024) Kat:3, Licht: 0,475,3,6,6,04,12,6,,0,0,1,1,0
"POINT (9.640098756000043 52.396830678000072)",Unfall 476 (2024) Kat:2, Licht: 0,476,2,3,5,05,09,5,,0,0,1,0,1
"POINT (9.718157188000021 52.367229550000047)",Unfall 477 (2024) Kat:3, Licht: 2,477,3,2,5,04,20,5,,2,0,1,0,1
"POINT (9.603737524000053 52.408804517000078)",Unfall 478 (2024) Kat:3, Licht: 0,478,3,3,5,04,10,5,,0,0,1,0,0
"POINT (9.872481503000074 52.310670160000029)",Unfall 479 (2024) Kat:3, Licht: 0,479,3,2,4,04,18,5,,0,0,1,0,0
"POINT (9.860514897000030 52.517413372000078)",Unfall 480 (2024) Kat:3, Licht: 0,480,3,3,5,04,18,5,,0,0,1,0,0
"POINT (9.956495462000021 52.390528174000053)",Unfall 481 (2024) Kat:3, Licht: 0,481,3,6,3,04,17,5,,0,0,1,0,0
"POINT (10.020746558000042 52.382266642000047)",Unfall 482 (2024) Kat:3, Licht: 0,482,3,6,2,04,15,5,,0,0,1,0,0
"POINT (9.719773033000024 52.472956786000054)",Unfall 483 (2024) Kat:3, Licht: 0,483,3,1,0,04,17,5,,0,0,0,0,1
"POINT (9.474100122000038 52.333890017000044)",Unfall 484 (2024) Kat:2, Licht: 0,484,2,1,0,04,15,5,,0,0,1,0,0
"POINT (9.552318589000038 52.421763636000037)",Unfall 485 (2024) Kat:3, Licht: 0,485,3,1,9,05,20,4,,0,0,1,0,0
"POINT (9.756016436000039 52.352678696000055)",Unfall 486 (2024) Kat:3, Licht: 2,486,3,2,0,04,00,4,,2,0,0,0,1
"POINT (9.859674281000025 52.489032160000079)",Unfall 487 (2024) Kat:3, Licht: 0,487,3,7,0,04,14,4,,0,1,0,0,0
"POINT (9.811984341000027 52.331784299000049)",Unfall 488 (2024) Kat:3, Licht: 0,488,3,6,2,04,09,4,,0,0,1,0,0
"POINT (9.783506216000035 52.323274550000065)",Unfall 489 (2024) Kat:3, Licht: 0,489,3,7,0,04,18,4,,0,0,1,0,0
"POINT (9.698019420000037 52.376997919000075)",Unfall 490 (2024) Kat:3, Licht: 0,490,3,6,2,05,09,2,,0,0,1,0,0
"POINT (9.778235203000065 52.327875741000071)",Unfall 491 (2024) Kat:3, Licht: 0,491,3,2,3,05,08,3,,0,1,1,0,0
"POINT (9.646905304000029 52.397286125000051)",Unfall 492 (2024) Kat:3, Licht: 0,492,3,2,5,05,17,2,,0,0,1,0,0
"POINT (9.608467936000068 52.392544818000033)",Unfall 493 (2024) Kat:3, Licht: 0,493,3,1,0,04,14,3,,0,1,0,0,0
"POINT (9.606498468000041 52.432949521000069)",Unfall 494 (2024) Kat:3, Licht: 2,494,3,1,9,04,21,3,,2,0,1,0,0
"POINT (9.782056270000055 52.554569582000056)",Unfall 495 (2024) Kat:3, Licht: 2,495,3,2,4,04,22,3,,2,0,1,0,0
"POINT (9.676534504000074 52.479046338000046)",Unfall 496 (2024) Kat:3, Licht: 0,496,3,1,9,04,10,3,,0,0,1,0,0
"POINT (9.797938070000043 52.413210337000066)",Unfall 497 (2024) Kat:3, Licht: 0,497,3,6,2,04,16,3,,0,0,1,0,0
"POINT (9.586438829000031 52.211412068000072)",Unfall 498 (2024) Kat:3, Licht: 0,498,3,1,8,04,15,3,,0,0,1,0,0
"POINT (9.745806714000025 52.209180589000027)",Unfall 499 (2024) Kat:3, Licht: 0,499,3,6,2,04,14,2,,0,0,1,0,0
"POINT (9.551908987000047 52.318709995000063)",Unfall 500 (2024) Kat:3, Licht: 0,500,3,1,4,04,15,2,,0,0,1,0,0
"POINT (9.615912705000028 52.256663735000075)",Unfall 501 (2024) Kat:3, Licht: 0,501,3,6,2,04,08,2,,0,0,1,0,0
"POINT (9.467333040000028 52.332878231000052)",Unfall 502 (2024) Kat:3, Licht: 0,502,3,2,5,04,16,2,,0,0,1,0,0
"POINT (9.740707254000029 52.427535568000053)",Unfall 503 (2024) Kat:3, Licht: 0,503,3,6,2,04,12,2,,0,0,1,0,0
"POINT (9.749089852000054 52.361960628000077)",Unfall 504 (2024) Kat:3, Licht: 0,504,3,2,4,04,17,1,,0,0,1,0,0
"POINT (9.900887271000045 52.358489342000041)",Unfall 505 (2024) Kat:3, Licht: 2,505,3,7,8,04,00,1,,2,0,1,0,0
"POINT (10.028887351000037 52.346208304000072)",Unfall 506 (2024) Kat:1, Licht: 2,506,1,1,8,04,00,1,,2,0,1,0,0
"POINT (9.572918522000066 52.424957990000053)",Unfall 507 (2024) Kat:3, Licht: 0,507,3,6,2,05,16,2,,0,0,1,0,0
"POINT (9.704195083000059 52.417068127000050)",Unfall 508 (2024) Kat:3, Licht: 0,508,3,3,5,04,15,7,,0,1,1,0,0
"POINT (9.810602124000070 52.318395321000082)",Unfall 509 (2024) Kat:3, Licht: 0,509,3,3,5,04,16,7,,0,0,1,0,0
"POINT (9.690623200000061 52.272944795000058)",Unfall 510 (2024) Kat:3, Licht: 0,510,3,1,9,04,11,7,,0,0,0,0,1
"POINT (10.141917600000056 52.378773255000056)",Unfall 511 (2024) Kat:3, Licht: 0,511,3,6,3,04,17,7,,0,0,1,0,0
"POINT (9.786891065000077 52.319110675000047)",Unfall 512 (2024) Kat:3, Licht: 0,512,3,6,2,04,12,7,,0,0,1,0,0
"POINT (9.928468457000065 52.346870655000032)",Unfall 513 (2024) Kat:3, Licht: 0,513,3,3,5,05,15,6,,0,0,1,0,0
"POINT (9.698365124000077 52.347513291000041)",Unfall 514 (2024) Kat:3, Licht: 0,514,3,6,2,04,13,6,,0,0,1,0,0
"POINT (9.662055035000037 52.239478459000054)",Unfall 515 (2024) Kat:3, Licht: 0,515,3,6,2,04,12,6,,0,0,1,0,0
"POINT (9.585701424000035 52.435515135000060)",Unfall 516 (2024) Kat:3, Licht: 0,516,3,2,2,04,13,6,,0,0,1,0,0
"POINT (9.355893296000033 52.451437505000058)",Unfall 517 (2024) Kat:3, Licht: 0,517,3,6,2,05,17,4,,0,0,1,0,0
"POINT (9.714511525000034 52.461133560000064)",Unfall 518 (2024) Kat:3, Licht: 1,518,3,2,3,04,06,6,,1,0,1,0,0
"POINT (9.898755313000038 52.444502066000041)",Unfall 519 (2024) Kat:3, Licht: 0,519,3,6,2,04,12,6,,0,0,1,0,0
"POINT (9.903786967000030 52.444849805000047)",Unfall 520 (2024) Kat:3, Licht: 0,520,3,1,0,04,13,6,,0,0,0,0,1
"POINT (9.786880834000044 52.528713359000051)",Unfall 521 (2024) Kat:3, Licht: 2,521,3,6,2,04,05,6,,2,0,1,0,0
"POINT (9.712585872000034 52.401985417000049)",Unfall 522 (2024) Kat:3, Licht: 0,522,3,6,6,04,07,6,,0,0,0,1,0
"POINT (9.827439513000058 52.283671189000074)",Unfall 523 (2024) Kat:3, Licht: 0,523,3,7,0,04,13,5,,0,0,1,0,0
"POINT (9.730232661000059 52.368965034000041)",Unfall 524 (2024) Kat:3, Licht: 2,524,3,3,0,04,22,5,,2,1,1,0,0
"POINT (9.628438781000057 52.292438474000051)",Unfall 525 (2024) Kat:3, Licht: 0,525,3,3,5,04,16,5,,0,0,1,0,1
"POINT (9.611654512000030 52.436403293000069)",Unfall 526 (2024) Kat:3, Licht: 0,526,3,3,4,04,15,5,,0,0,1,0,0
"POINT (9.857505371000059 52.316941289000056)",Unfall 527 (2024) Kat:2, Licht: 0,527,2,1,9,04,07,5,,0,0,1,0,0
"POINT (9.629794964000041 52.421537519000026)",Unfall 528 (2024) Kat:3, Licht: 0,528,3,7,9,04,18,5,,0,0,0,0,0
"POINT (9.538122406000070 52.461908484000048)",Unfall 529 (2024) Kat:3, Licht: 2,529,3,7,7,05,21,1,,2,0,1,0,0
"POINT (10.076318116000039 52.477851524000073)",Unfall 530 (2024) Kat:3, Licht: 0,530,3,6,3,04,08,5,,0,1,1,0,0
"POINT (9.421847649000028 52.331443204000038)",Unfall 531 (2024) Kat:3, Licht: 0,531,3,2,2,04,13,4,,0,0,1,0,0
"POINT (9.765547381000033 52.430280989000039)",Unfall 532 (2024) Kat:3, Licht: 0,532,3,3,5,04,14,4,,0,1,1,0,0
"POINT (9.375745563000066 52.419466815000078)",Unfall 533 (2024) Kat:2, Licht: 0,533,2,7,1,04,16,4,,0,1,1,0,0
"POINT (9.744203585000037 52.547457603000055)",Unfall 534 (2024) Kat:2, Licht: 0,534,2,3,5,04,16,5,,0,1,1,0,0
"POINT (9.637879614000042 52.416388458000029)",Unfall 535 (2024) Kat:3, Licht: 0,535,3,6,2,04,08,3,,0,0,1,0,0
"POINT (9.766716901000052 52.340447042000051)",Unfall 536 (2024) Kat:3, Licht: 0,536,3,6,2,04,08,3,,0,0,1,0,0
"POINT (9.952674556000034 52.325256116000048)",Unfall 537 (2024) Kat:3, Licht: 0,537,3,6,2,04,11,3,,0,0,1,0,0
"POINT (9.945087165000075 52.333531708000066)",Unfall 538 (2024) Kat:3, Licht: 0,538,3,4,6,04,11,3,,0,0,1,1,0
"POINT (9.537904806000029 52.423310366000067)",Unfall 539 (2024) Kat:2, Licht: 1,539,2,1,8,04,19,3,,1,0,1,0,0
"POINT (9.708449217000066 52.420822550000082)",Unfall 540 (2024) Kat:3, Licht: 0,540,3,2,0,04,13,3,,0,1,1,0,0
"POINT (9.734052513000051 52.412457241000027)",Unfall 541 (2024) Kat:3, Licht: 2,541,3,2,5,04,05,3,,2,0,1,0,0
"POINT (9.464520832000062 52.403150452000034)",Unfall 542 (2024) Kat:3, Licht: 2,542,3,1,8,04,20,2,,2,0,1,0,0
"POINT (9.590114951000032 52.211556882000082)",Unfall 543 (2024) Kat:3, Licht: 0,543,3,3,5,04,18,2,,0,0,1,0,0
"POINT (9.623902692000058 52.421082771000044)",Unfall 544 (2024) Kat:3, Licht: 0,544,3,6,2,04,13,2,,0,0,1,0,0
"POINT (9.735837107000066 52.399511187000030)",Unfall 545 (2024) Kat:3, Licht: 0,545,3,6,2,04,13,6,,0,0,1,0,0
"POINT (9.394863041000065 52.603266726000072)",Unfall 546 (2024) Kat:3, Licht: 0,546,3,3,5,05,18,3,,0,0,1,0,0
"POINT (9.781708626000068 52.263848182000061)",Unfall 547 (2024) Kat:3, Licht: 2,547,3,6,2,04,03,1,,2,0,1,0,0
"POINT (9.761369509000076 52.521309347000056)",Unfall 548 (2024) Kat:2, Licht: 0,548,2,3,5,04,12,1,,0,1,0,0,0
"POINT (9.606850526000073 52.392948229000069)",Unfall 549 (2024) Kat:3, Licht: 0,549,3,6,2,04,15,2,,0,0,1,0,0
"POINT (9.735305263000043 52.394775732000028)",Unfall 550 (2024) Kat:3, Licht: 0,550,3,2,5,04,21,7,,0,1,1,0,0
"POINT (9.832777196000052 52.338420880000058)",Unfall 551 (2024) Kat:3, Licht: 0,551,3,3,5,04,14,7,,0,1,1,0,0
"POINT (9.667995757000028 52.342336214000056)",Unfall 552 (2024) Kat:3, Licht: 0,552,3,3,5,04,18,7,,0,1,1,0,0
"POINT (9.957008579000046 52.463583227000072)",Unfall 553 (2024) Kat:3, Licht: 0,553,3,1,8,04,15,7,,0,0,1,0,0
"POINT (9.634109066000065 52.305615413000055)",Unfall 554 (2024) Kat:2, Licht: 0,554,2,3,5,04,14,7,,0,0,1,0,1
"POINT (9.758463218000031 52.320874808000042)",Unfall 555 (2024) Kat:3, Licht: 1,555,3,3,5,04,20,7,,1,1,0,0,0
"POINT (9.860080889000074 52.433973993000052)",Unfall 556 (2024) Kat:3, Licht: 0,556,3,3,5,04,06,6,,0,1,1,0,0
"POINT (9.675370193000049 52.312265982000042)",Unfall 557 (2024) Kat:3, Licht: 0,557,3,1,8,05,20,1,,0,1,0,0,0
"POINT (9.741127570000060 52.368101721000073)",Unfall 558 (2024) Kat:3, Licht: 2,558,3,6,0,04,21,6,,2,0,1,0,0
"POINT (9.432825398000034 52.330885851000062)",Unfall 559 (2024) Kat:2, Licht: 0,559,2,6,4,04,13,6,,0,0,1,0,0
"POINT (9.723418326000058 52.377726249000034)",Unfall 560 (2024) Kat:3, Licht: 0,560,3,2,5,04,12,6,,0,1,1,0,0
"POINT (9.757861315000071 52.370258553000042)",Unfall 561 (2024) Kat:3, Licht: 2,561,3,7,0,04,00,5,,2,1,0,0,0
"POINT (9.726989644000071 52.366537387000051)",Unfall 562 (2024) Kat:3, Licht: 0,562,3,3,5,04,13,5,,0,1,1,0,0
"POINT (9.698009228000046 52.376565904000074)",Unfall 563 (2024) Kat:3, Licht: 0,563,3,6,2,04,07,5,,0,0,1,0,0
"POINT (9.707006430000035 52.430036954000059)",Unfall 564 (2024) Kat:3, Licht: 0,564,3,6,2,04,15,5,,0,0,1,0,0
"POINT (9.648106584000061 52.412895356000035)",Unfall 565 (2024) Kat:3, Licht: 0,565,3,6,9,04,17,4,,0,0,1,0,1
"POINT (9.990491480000060 52.368591865000042)",Unfall 566 (2024) Kat:3, Licht: 0,566,3,2,4,04,08,4,,0,0,1,0,0
"POINT (9.713965323000025 52.440992293000079)",Unfall 567 (2024) Kat:3, Licht: 0,567,3,7,0,04,14,4,,0,0,0,0,0
"POINT (9.677980309000077 52.360435821000067)",Unfall 568 (2024) Kat:3, Licht: 0,568,3,3,5,04,09,4,,0,1,1,0,0
"POINT (9.831784222000067 52.361192906000042)",Unfall 569 (2024) Kat:3, Licht: 0,569,3,7,0,04,12,3,,0,0,0,0,0
"POINT (9.450015916000041 52.427022299000043)",Unfall 570 (2024) Kat:3, Licht: 0,570,3,6,4,04,15,3,,0,1,0,0,0
"POINT (9.593946904000063 52.395581391000064)",Unfall 571 (2024) Kat:3, Licht: 0,571,3,7,0,04,14,3,,0,1,0,0,0
"POINT (9.729209189000073 52.318707812000071)",Unfall 572 (2024) Kat:3, Licht: 0,572,3,6,2,04,15,3,,0,0,1,0,0
"POINT (9.732571828000061 52.423578976000044)",Unfall 573 (2024) Kat:3, Licht: 0,573,3,4,6,04,15,3,,0,0,1,1,0
"POINT (9.514640027000041 52.411983336000048)",Unfall 574 (2024) Kat:3, Licht: 2,574,3,1,8,04,04,3,,2,0,1,0,0
"POINT (9.713148951000051 52.346506629000032)",Unfall 575 (2024) Kat:3, Licht: 2,575,3,6,3,04,01,2,,2,1,1,0,0
"POINT (9.678493112000069 52.381058147000033)",Unfall 576 (2024) Kat:3, Licht: 1,576,3,6,3,04,20,2,,1,1,1,0,0
"POINT (9.827509564000025 52.360060435000037)",Unfall 577 (2024) Kat:3, Licht: 0,577,3,6,4,04,09,2,,0,1,1,0,0
"POINT (9.773881087000063 52.331892689000028)",Unfall 578 (2024) Kat:3, Licht: 0,578,3,7,0,04,13,2,,0,1,0,0,0
"POINT (9.645143770000061 52.397234506000075)",Unfall 579 (2024) Kat:3, Licht: 0,579,3,3,5,04,07,2,,0,1,1,0,0
"POINT (9.626760408000052 52.294929124000078)",Unfall 580 (2024) Kat:3, Licht: 0,580,3,3,5,04,06,2,,0,0,1,0,0
"POINT (9.729254639000033 52.438692754000044)",Unfall 581 (2024) Kat:3, Licht: 0,581,3,3,5,04,17,2,,0,1,0,0,1
"POINT (9.754654345000063 52.436463644000071)",Unfall 582 (2024) Kat:2, Licht: 2,582,2,3,5,04,05,2,,2,1,1,0,0
"POINT (9.488676369000075 52.291243316000077)",Unfall 583 (2024) Kat:3, Licht: 0,583,3,6,2,04,10,4,,0,0,1,0,0
"POINT (9.444556578000061 52.474687439000036)",Unfall 584 (2024) Kat:3, Licht: 0,584,3,2,2,04,14,1,,0,0,1,0,1
"POINT (9.745758385000045 52.209367235000059)",Unfall 585 (2024) Kat:2, Licht: 0,585,2,3,5,04,12,1,,0,0,1,0,0
"POINT (9.455914145000065 52.448510666000061)",Unfall 586 (2024) Kat:2, Licht: 0,586,2,1,8,04,10,1,,0,0,0,0,1
"POINT (9.724057135000066 52.363733491000062)",Unfall 587 (2024) Kat:3, Licht: 0,587,3,3,5,05,18,3,,0,0,1,0,0
"POINT (9.723004297000045 52.358105360000081)",Unfall 588 (2024) Kat:3, Licht: 0,588,3,6,2,04,14,7,,0,0,1,0,0
"POINT (9.762818979000031 52.344438585000034)",Unfall 589 (2024) Kat:3, Licht: 0,589,3,3,5,04,15,7,,0,1,1,0,0
"POINT (9.421371531000034 52.429344236000077)",Unfall 590 (2024) Kat:3, Licht: 0,590,3,2,5,04,11,7,,0,1,1,0,0
"POINT (9.574324594000075 52.282018100000073)",Unfall 591 (2024) Kat:3, Licht: 0,591,3,2,5,04,13,7,,0,1,1,0,0
"POINT (9.669322206000061 52.346561996000048)",Unfall 592 (2024) Kat:3, Licht: 0,592,3,3,5,04,14,7,,0,1,1,0,0
"POINT (9.856340242000044 52.492026268000075)",Unfall 593 (2024) Kat:3, Licht: 0,593,3,3,5,04,10,7,,0,1,1,0,0
"POINT (9.648771630000056 52.412397953000038)",Unfall 594 (2024) Kat:3, Licht: 2,594,3,6,2,04,22,7,,2,0,1,0,0
"POINT (9.513631523000072 52.412064747000045)",Unfall 595 (2024) Kat:3, Licht: 1,595,3,6,2,04,06,4,,1,0,1,0,0
"POINT (9.735679736000066 52.612950149000028)",Unfall 596 (2024) Kat:3, Licht: 0,596,3,6,2,04,09,6,,0,0,1,0,0
"POINT (9.735873986000058 52.401500319000036)",Unfall 597 (2024) Kat:3, Licht: 1,597,3,6,2,04,19,6,,1,0,1,0,0
"POINT (9.799533527000051 52.447412179000082)",Unfall 598 (2024) Kat:3, Licht: 0,598,3,1,8,04,18,6,,0,0,1,0,0
"POINT (9.430032485000027 52.425951016000056)",Unfall 599 (2024) Kat:3, Licht: 0,599,3,6,2,04,13,6,,0,0,1,0,0
"POINT (9.415522451000072 52.428586452000047)",Unfall 600 (2024) Kat:3, Licht: 0,600,3,2,5,04,07,6,,0,1,1,0,0
"POINT (9.433855002000030 52.422091567000052)",Unfall 601 (2024) Kat:3, Licht: 1,601,3,6,2,04,06,6,,1,0,1,0,1
"POINT (9.400752134000072 52.428188384000066)",Unfall 602 (2024) Kat:3, Licht: 2,602,3,7,9,04,02,6,,2,0,1,0,0
"POINT (9.607034525000074 52.392904310000063)",Unfall 603 (2024) Kat:3, Licht: 0,603,3,6,2,04,18,6,,0,0,1,0,0
"POINT (9.700785825000025 52.442175114000065)",Unfall 604 (2024) Kat:3, Licht: 0,604,3,6,2,04,10,6,,0,0,1,0,0
"POINT (10.013043032000041 52.445720375000064)",Unfall 605 (2024) Kat:3, Licht: 0,605,3,3,5,04,11,6,,0,1,1,0,0
"POINT (9.632245379000040 52.572834100000080)",Unfall 606 (2024) Kat:2, Licht: 1,606,2,7,7,04,20,6,,1,0,0,0,1
"POINT (9.613497449000022 52.258267062000073)",Unfall 607 (2024) Kat:2, Licht: 0,607,2,7,0,04,15,6,,0,1,0,0,0
"POINT (9.730808894000063 52.370825419000028)",Unfall 608 (2024) Kat:3, Licht: 0,608,3,6,2,04,09,6,,0,0,1,0,0
"POINT (9.731866930000024 52.369087663000073)",Unfall 609 (2024) Kat:3, Licht: 0,609,3,3,5,04,07,5,,0,1,1,0,0
"POINT (9.640026490000025 52.396824824000078)",Unfall 610 (2024) Kat:3, Licht: 0,610,3,5,1,04,12,5,,0,0,1,0,0
"POINT (9.565508680000050 52.599729186000047)",Unfall 611 (2024) Kat:3, Licht: 0,611,3,6,2,04,11,5,,0,0,1,0,0
"POINT (9.511762964000070 52.575418888000058)",Unfall 612 (2024) Kat:3, Licht: 0,612,3,1,8,04,08,5,,0,0,1,0,0
"POINT (9.472180568000056 52.300208374000078)",Unfall 613 (2024) Kat:3, Licht: 0,613,3,7,5,04,15,5,,0,0,1,0,0
"POINT (9.895544347000055 52.397053414000027)",Unfall 614 (2024) Kat:3, Licht: 2,614,3,1,9,04,23,5,,2,0,1,0,0
"POINT (9.781277160000059 52.364148914000054)",Unfall 615 (2024) Kat:3, Licht: 0,615,3,6,3,04,08,5,,0,0,1,0,0
"POINT (9.976290071000051 52.316111592000027)",Unfall 616 (2024) Kat:3, Licht: 0,616,3,4,6,04,16,2,,0,0,1,1,0
"POINT (9.833260366000047 52.398631447000071)",Unfall 617 (2024) Kat:3, Licht: 0,617,3,6,2,04,08,4,,0,0,1,0,0
"POINT (9.456547602000057 52.496585038000035)",Unfall 618 (2024) Kat:3, Licht: 0,618,3,2,2,04,16,4,,0,0,1,0,0
"POINT (9.970983676000060 52.372961253000028)",Unfall 619 (2024) Kat:3, Licht: 0,619,3,6,4,04,07,4,,0,1,0,0,0
"POINT (9.873801384000046 52.349873762000072)",Unfall 620 (2024) Kat:3, Licht: 0,620,3,6,3,04,13,4,,0,0,1,0,0
"POINT (9.736442376000070 52.427231672000062)",Unfall 621 (2024) Kat:3, Licht: 2,621,3,1,3,04,22,4,,2,0,1,0,0
"POINT (9.817099105000068 52.428266018000045)",Unfall 622 (2024) Kat:3, Licht: 0,622,3,6,2,04,14,4,,0,0,1,0,0
"POINT (9.725474842000040 52.376781282000081)",Unfall 623 (2024) Kat:3, Licht: 0,623,3,6,2,04,10,3,,0,0,1,0,0
"POINT (9.444970747000070 52.441258128000072)",Unfall 624 (2024) Kat:3, Licht: 0,624,3,6,2,04,17,3,,0,0,1,0,0
"POINT (9.971416060000024 52.372907625000039)",Unfall 625 (2024) Kat:3, Licht: 0,625,3,6,2,04,09,3,,0,0,1,0,0
"POINT (9.459559513000045 52.426308482000081)",Unfall 626 (2024) Kat:2, Licht: 2,626,2,1,8,04,06,3,,2,0,1,0,0
"POINT (9.677928886000075 52.359886157000062)",Unfall 627 (2024) Kat:3, Licht: 0,627,3,7,8,04,09,3,,0,0,0,0,0
"POINT (9.764833099000043 52.342737428000078)",Unfall 628 (2024) Kat:3, Licht: 2,628,3,3,5,04,20,2,,2,0,1,0,0
"POINT (9.734220232000041 52.468788606000032)",Unfall 629 (2024) Kat:3, Licht: 0,629,3,3,5,04,12,2,,0,0,1,0,0
"POINT (9.774258763000034 52.577482026000041)",Unfall 630 (2024) Kat:3, Licht: 2,630,3,6,2,04,19,2,,2,0,1,0,1
"POINT (9.697318314000029 52.341635076000046)",Unfall 631 (2024) Kat:2, Licht: 2,631,2,3,5,04,22,5,,2,0,1,0,1
"POINT (9.627034823000031 52.423277375000055)",Unfall 632 (2024) Kat:3, Licht: 0,632,3,7,5,03,11,1,,0,0,1,0,0
"POINT (9.782097989000022 52.325278542000035)",Unfall 633 (2024) Kat:3, Licht: 2,633,3,2,5,03,00,1,,2,0,1,0,0
"POINT (9.675602247000029 52.191907760000049)",Unfall 634 (2024) Kat:2, Licht: 0,634,2,1,8,03,16,1,,0,0,0,0,1
"POINT (9.565671103000057 52.448662209000076)",Unfall 635 (2024) Kat:3, Licht: 0,635,3,6,0,03,16,1,,0,0,1,0,1
"POINT (9.734976974000062 52.408544681000080)",Unfall 636 (2024) Kat:3, Licht: 2,636,3,1,7,04,22,5,,2,1,0,0,0
"POINT (9.734969675000059 52.614187825000045)",Unfall 637 (2024) Kat:3, Licht: 2,637,3,6,2,03,03,7,,2,0,1,0,0
"POINT (9.593965781000065 52.411406454000030)",Unfall 638 (2024) Kat:2, Licht: 0,638,2,7,0,05,15,7,,0,0,0,0,0
"POINT (9.459712631000059 52.426232172000027)",Unfall 639 (2024) Kat:3, Licht: 2,639,3,1,8,03,23,7,,2,0,0,0,0
"POINT (9.604319021000038 52.455500490000077)",Unfall 640 (2024) Kat:3, Licht: 0,640,3,7,0,03,13,7,,0,1,0,0,0
"POINT (9.764839357000028 52.342729969000061)",Unfall 641 (2024) Kat:3, Licht: 0,641,3,2,5,05,13,4,,0,1,1,0,0
"POINT (9.761995367000054 52.370519413000068)",Unfall 642 (2024) Kat:3, Licht: 0,642,3,7,0,03,16,6,,0,1,0,0,0
"POINT (9.944926548000069 52.391825024000070)",Unfall 643 (2024) Kat:3, Licht: 0,643,3,6,2,03,13,6,,0,0,1,0,0
"POINT (9.476478235000059 52.388392264000061)",Unfall 644 (2024) Kat:3, Licht: 0,644,3,6,2,03,11,6,,0,0,1,0,0
"POINT (9.771109584000044 52.370853951000072)",Unfall 645 (2024) Kat:3, Licht: 0,645,3,6,2,04,08,6,,0,0,1,0,0
"POINT (9.640054795000026 52.396827111000050)",Unfall 646 (2024) Kat:3, Licht: 0,646,3,7,5,04,14,5,,0,0,1,0,0
"POINT (9.727151176000064 52.381159628000034)",Unfall 647 (2024) Kat:3, Licht: 0,647,3,6,2,03,16,5,,0,0,1,0,0
"POINT (9.573584614000026 52.272701846000075)",Unfall 648 (2024) Kat:3, Licht: 0,648,3,6,2,03,15,5,,0,0,1,0,0
"POINT (9.611632557000064 52.436167412000032)",Unfall 649 (2024) Kat:3, Licht: 0,649,3,7,0,03,11,5,,0,1,0,0,0
"POINT (9.860436956000058 52.517476615000078)",Unfall 650 (2024) Kat:3, Licht: 0,650,3,3,5,03,13,5,,0,0,1,0,0
"POINT (9.821300620000045 52.339162175000070)",Unfall 651 (2024) Kat:2, Licht: 0,651,2,3,5,03,11,5,,0,1,1,0,0
"POINT (9.796091299000068 52.548458166000046)",Unfall 652 (2024) Kat:3, Licht: 0,652,3,6,2,03,17,5,,0,0,1,0,0
"POINT (9.819817964000038 52.295313417000045)",Unfall 653 (2024) Kat:3, Licht: 2,653,3,6,4,03,22,5,,2,0,1,0,0
"POINT (9.735322701000030 52.393528161000063)",Unfall 654 (2024) Kat:3, Licht: 0,654,3,4,0,03,13,5,,0,1,0,1,0
"POINT (9.739499039000066 52.368197070000065)",Unfall 655 (2024) Kat:3, Licht: 2,655,3,6,2,03,20,4,,2,0,1,0,0