WKT,Name,OBJECTID,UKATEGORIE,UTYP1,UART,UMONAT,USTUNDE,UWOCHENTAG,STRZUSTAND,ULICHTVERH,ISTRAD,ISTPKW,ISTFUSS,ISTKRAD
"POINT (10.007853029000046 52.488386236000053)",Unfall 1047 (2024) Kat:3, Licht: 1,1047,3,2,5,06,22,2,,1,1,1,0,0
"POINT (9.735620829000027 52.403135271000053)",Unfall 1048 (2024) Kat:3, Licht: 0,1048,3,6,2,07,18,7,,0,0,1,0,0
"POINT (9.644728586000042 52.283558895000056)",Unfall 1049 (2024) Kat:3, Licht: 0,1049,3,1,0,06,13,1,,0,1,0,0,0
"POINT (10.086413930000049 52.365785467000080)",Unfall 1050 (2024) Kat:3, Licht: 0,1050,3,1,8,06,06,1,,0,0,0,0,0
"POINT (9.796359245000076 52.312300588000028)",Unfall 1051 (2024) Kat:3, Licht: 0,1051,3,6,2,06,14,7,,0,0,1,0,0
"POINT (9.434597470000028 52.421470587000044)",Unfall 1052 (2024) Kat:3, Licht: 0,1052,3,3,5,06,14,7,,0,0,1,0,0
"POINT (9.721765246000075 52.317104410000070)",Unfall 1053 (2024) Kat:3, Licht: 0,1053,3,6,2,06,11,7,,0,0,1,0,0
"POINT (9.473082178000027 52.301524550000067)",Unfall 1054 (2024) Kat:3, Licht: 0,1054,3,1,0,06,13,7,,0,1,1,0,0
"POINT (9.798546198000054 52.431001301000038)",Unfall 1055 (2024) Kat:3, Licht: 1,1055,3,6,3,06,21,7,,1,0,1,0,0
"POINT (9.383139002000064 52.432812833000071)",Unfall 1056 (2024) Kat:2, Licht: 0,1056,2,7,0,06,14,7,,0,0,1,0,1
"POINT (10.026969288000032 52.380715244000044)",Unfall 1057 (2024) Kat:3, Licht: 0,1057,3,7,8,06,06,7,,0,0,1,0,0
"POINT (9.587686913000027 52.414922342000068)",Unfall 1058 (2024) Kat:2, Licht: 1,1058,2,4,0,06,22,7,,1,1,0,1,0
"POINT (10.026989706000052 52.523082285000044)",Unfall 1059 (2024) Kat:3, Licht: 0,1059,3,5,1,07,13,4,,0,0,1,0,1
"POINT (9.456944687000032 52.500346345000082)",Unfall 1060 (2024) Kat:3, Licht: 0,1060,3,2,5,08,12,4,,0,1,1,0,0
"POINT (9.745194262000041 52.369042261000061)",Unfall 1061 (2024) Kat:3, Licht: 0,1061,3,6,2,06,15,6,,0,0,1,0,0
"POINT (9.795140892000063 52.415139532000069)",Unfall 1062 (2024) Kat:3, Licht: 0,1062,3,3,5,06,13,6,,0,1,1,0,0
"POINT (9.782160509000050 52.325167090000036)",Unfall 1063 (2024) Kat:3, Licht: 0,1063,3,2,3,06,16,6,,0,1,1,0,0
"POINT (9.765897206000034 52.583486718000074)",Unfall 1064 (2024) Kat:3, Licht: 0,1064,3,6,2,06,05,6,,0,0,1,0,0
"POINT (9.677504272000022 52.359189474000061)",Unfall 1065 (2024) Kat:3, Licht: 0,1065,3,2,3,08,09,2,,0,1,1,0,0
"POINT (9.744608395000057 52.369018651000033)",Unfall 1066 (2024) Kat:3, Licht: 0,1066,3,6,2,06,14,5,,0,0,1,0,0
"POINT (9.792620454000030 52.218884402000072)",Unfall 1067 (2024) Kat:3, Licht: 0,1067,3,3,5,06,15,5,,0,0,1,0,1
"POINT (9.457280876000027 52.504150395000067)",Unfall 1068 (2024) Kat:3, Licht: 0,1068,3,4,6,06,14,5,,0,0,1,1,0
"POINT (9.793156725000074 52.553726642000072)",Unfall 1069 (2024) Kat:3, Licht: 0,1069,3,6,3,06,17,5,,0,0,1,0,0
"POINT (9.697731005000037 52.377154513000050)",Unfall 1070 (2024) Kat:3, Licht: 0,1070,3,6,2,06,05,4,,0,0,1,0,0
"POINT (9.756396003000077 52.254429422000044)",Unfall 1071 (2024) Kat:3, Licht: 0,1071,3,1,0,06,11,4,,0,0,0,0,1
"POINT (9.542738641000028 52.272057948000054)",Unfall 1072 (2024) Kat:3, Licht: 0,1072,3,3,4,06,07,4,,0,0,1,0,0
"POINT (9.563990311000055 52.598302886000056)",Unfall 1073 (2024) Kat:3, Licht: 0,1073,3,7,1,06,12,4,,0,0,1,0,0
"POINT (9.401547088000029 52.333052061000046)",Unfall 1074 (2024) Kat:3, Licht: 0,1074,3,3,5,06,17,4,,0,0,1,0,0
"POINT (9.723377387000028 52.442023987000027)",Unfall 1075 (2024) Kat:3, Licht: 2,1075,3,1,0,06,03,4,,2,0,0,0,1
"POINT (9.917285390000075 52.512121360000037)",Unfall 1076 (2024) Kat:3, Licht: 0,1076,3,6,2,06,17,4,,0,1,1,0,0
"POINT (9.818575046000035 52.305885469000032)",Unfall 1077 (2024) Kat:3, Licht: 0,1077,3,3,5,06,08,5,,0,1,1,0,0
"POINT (9.908262032000039 52.513732484000059)",Unfall 1078 (2024) Kat:2, Licht: 0,1078,2,3,5,06,17,4,,0,1,1,0,0
"POINT (9.970744066000066 52.457073597000033)",Unfall 1079 (2024) Kat:2, Licht: 0,1079,2,6,4,06,17,4,,0,0,1,0,0
"POINT (9.659269363000021 52.425733891000050)",Unfall 1080 (2024) Kat:3, Licht: 0,1080,3,6,2,06,16,4,,0,0,1,0,0
"POINT (9.877360395000039 52.399909575000038)",Unfall 1081 (2024) Kat:3, Licht: 0,1081,3,6,2,06,15,4,,0,0,1,0,0
"POINT (10.057817200000045 52.499462389000030)",Unfall 1082 (2024) Kat:2, Licht: 0,1082,2,3,5,06,07,4,,0,0,1,0,0
"POINT (9.624384609000060 52.424973815000044)",Unfall 1083 (2024) Kat:3, Licht: 0,1083,3,6,2,06,16,4,,0,0,1,0,0
"POINT (9.729167956000026 52.292296994000026)",Unfall 1084 (2024) Kat:3, Licht: 0,1084,3,6,2,07,16,3,,0,0,1,0,0
"POINT (9.648552354000060 52.412728446000074)",Unfall 1085 (2024) Kat:3, Licht: 0,1085,3,6,2,07,19,2,,0,0,1,0,1
"POINT (9.774165770000025 52.371015823000050)",Unfall 1086 (2024) Kat:3, Licht: 0,1086,3,6,2,06,11,5,,0,0,1,0,0
"POINT (9.862107711000021 52.370799079000051)",Unfall 1087 (2024) Kat:3, Licht: 0,1087,3,3,5,06,17,3,,0,1,1,0,0
"POINT (9.655360531000042 52.425492051000049)",Unfall 1088 (2024) Kat:3, Licht: 0,1088,3,6,2,06,08,3,,0,0,1,0,0
"POINT (9.993109297000046 52.375877431000049)",Unfall 1089 (2024) Kat:3, Licht: 0,1089,3,1,0,06,06,6,,0,0,0,0,0
"POINT (9.729608755000072 52.382031863000066)",Unfall 1090 (2024) Kat:3, Licht: 2,1090,3,6,8,07,20,7,,2,0,1,0,0
"POINT (9.863874565000060 52.332804355000064)",Unfall 1091 (2024) Kat:3, Licht: 0,1091,3,1,9,06,14,5,,0,0,1,0,0
"POINT (9.765547381000033 52.430280989000039)",Unfall 1092 (2024) Kat:2, Licht: 0,1092,2,2,5,06,17,7,,0,1,1,0,0
"POINT (9.754323186000022 52.355344115000037)",Unfall 1093 (2024) Kat:3, Licht: 0,1093,3,6,2,06,18,2,,0,0,1,0,0
"POINT (9.774250047000066 52.371020598000030)",Unfall 1094 (2024) Kat:3, Licht: 0,1094,3,6,2,06,18,2,,0,0,1,0,0
"POINT (9.732851947000029 52.421754875000033)",Unfall 1095 (2024) Kat:3, Licht: 0,1095,3,6,2,06,18,2,,0,0,1,0,0
"POINT (9.727487870000061 52.374800660000062)",Unfall 1096 (2024) Kat:3, Licht: 0,1096,3,6,2,06,16,2,,0,0,1,0,0
"POINT (9.724759117000076 52.376889769000059)",Unfall 1097 (2024) Kat:3, Licht: 2,1097,3,7,0,06,23,2,,2,0,1,0,0
"POINT (9.418967652000049 52.429262392000055)",Unfall 1098 (2024) Kat:3, Licht: 0,1098,3,3,5,06,13,2,,0,1,1,0,0
"POINT (9.988556758000072 52.374155969000071)",Unfall 1099 (2024) Kat:3, Licht: 0,1099,3,2,0,07,13,1,,0,1,1,0,0
"POINT (9.432283667000036 52.422330432000081)",Unfall 1100 (2024) Kat:3, Licht: 0,1100,3,3,5,06,10,2,,0,1,1,0,0
"POINT (9.624616166000067 52.330006377000075)",Unfall 1101 (2024) Kat:3, Licht: 0,1101,3,6,2,06,08,2,,0,0,1,0,0
"POINT (9.807986828000026 52.335950953000065)",Unfall 1102 (2024) Kat:3, Licht: 0,1102,3,6,2,06,11,2,,0,0,1,0,0
"POINT (9.785499434000030 52.386939779000045)",Unfall 1103 (2024) Kat:2, Licht: 2,1103,2,7,7,06,00,2,,2,0,0,0,1
"POINT (9.742722453000056 52.208949834000066)",Unfall 1104 (2024) Kat:3, Licht: 0,1104,3,6,4,06,06,6,,0,0,1,0,1
"POINT (9.872676749000050 52.359650926000029)",Unfall 1105 (2024) Kat:3, Licht: 0,1105,3,1,9,06,16,1,,0,0,0,0,1
"POINT (9.829869354000039 52.339484385000048)",Unfall 1106 (2024) Kat:3, Licht: 0,1106,3,2,4,06,19,1,,0,0,1,0,1
"POINT (9.452782626000044 52.512422720000075)",Unfall 1107 (2024) Kat:3, Licht: 0,1107,3,3,5,06,16,1,,0,1,1,0,0
"POINT (9.976152241000023 52.364627320000068)",Unfall 1108 (2024) Kat:3, Licht: 0,1108,3,6,2,06,14,1,,0,0,1,0,0
"POINT (9.881077877000052 52.425886512000034)",Unfall 1109 (2024) Kat:2, Licht: 2,1109,2,1,9,06,23,1,,2,0,1,0,0
"POINT (9.774431207000021 52.577340738000032)",Unfall 1110 (2024) Kat:3, Licht: 0,1110,3,6,2,06,11,1,,0,0,1,0,0
"POINT (9.650122305000025 52.393588927000053)",Unfall 1111 (2024) Kat:3, Licht: 0,1111,3,4,6,06,18,1,,0,0,1,1,0
"POINT (9.728343818000042 52.579302478000045)",Unfall 1112 (2024) Kat:3, Licht: 2,1112,3,2,5,06,00,1,,2,0,1,0,0
"POINT (9.624014815000066 52.425196921000065)",Unfall 1113 (2024) Kat:3, Licht: 0,1113,3,6,2,06,11,7,,0,0,1,0,0
"POINT (9.460148038000057 52.308773146000078)",Unfall 1114 (2024) Kat:3, Licht: 0,1114,3,3,5,06,12,7,,0,1,1,0,0
"POINT (9.585471791000032 52.435314954000035)",Unfall 1115 (2024) Kat:3, Licht: 0,1115,3,1,5,06,11,7,,0,0,1,0,0
"POINT (9.753282037000076 52.593088801000079)",Unfall 1116 (2024) Kat:3, Licht: 0,1116,3,6,2,06,09,7,,0,0,1,0,0
"POINT (9.379925234000041 52.411292302000049)",Unfall 1117 (2024) Kat:3, Licht: 0,1117,3,1,0,08,20,1,,0,0,0,0,1
"POINT (9.649349620000066 52.424181133000047)",Unfall 1118 (2024) Kat:3, Licht: 2,1118,3,6,2,06,01,7,,2,0,1,0,0
"POINT (9.627686709000045 52.422085498000058)",Unfall 1119 (2024) Kat:3, Licht: 0,1119,3,1,9,07,09,5,,0,0,1,0,0
"POINT (9.774903285000050 52.330841480000061)",Unfall 1120 (2024) Kat:3, Licht: 0,1120,3,7,7,06,21,6,,0,1,0,0,0
"POINT (9.435121424000044 52.420971529000042)",Unfall 1121 (2024) Kat:2, Licht: 0,1121,2,7,0,06,17,6,,0,1,0,0,0
"POINT (9.667318009000041 52.343757568000058)",Unfall 1122 (2024) Kat:3, Licht: 0,1122,3,3,5,06,07,6,,0,1,1,0,0
"POINT (9.598411188000057 52.332841116000054)",Unfall 1123 (2024) Kat:3, Licht: 0,1123,3,1,8,06,13,6,,0,0,1,0,0
"POINT (9.465270505000035 52.520724952000080)",Unfall 1124 (2024) Kat:3, Licht: 0,1124,3,1,0,06,19,6,,0,0,0,0,1
"POINT (9.723511414000029 52.427751195000042)",Unfall 1125 (2024) Kat:3, Licht: 2,1125,3,7,3,06,21,6,,2,0,0,0,0
"POINT (9.794701485000076 52.350023794000037)",Unfall 1126 (2024) Kat:3, Licht: 2,1126,3,1,9,06,02,6,,2,0,1,0,0
"POINT (9.734289606000061 52.388783464000028)",Unfall 1127 (2024) Kat:3, Licht: 0,1127,3,2,5,06,16,6,,0,1,1,0,0
"POINT (9.744464034000032 52.367796727000041)",Unfall 1128 (2024) Kat:3, Licht: 0,1128,3,6,2,06,10,5,,0,0,1,0,0
"POINT (9.733828894000055 52.385984946000065)",Unfall 1129 (2024) Kat:3, Licht: 0,1129,3,3,5,06,15,5,,0,1,1,0,0
"POINT (9.818483781000054 52.362813179000057)",Unfall 1130 (2024) Kat:3, Licht: 0,1130,3,1,0,06,15,5,,0,0,0,0,0
"POINT (9.669296083000063 52.346492552000029)",Unfall 1131 (2024) Kat:3, Licht: 0,1131,3,3,5,06,21,5,,0,1,1,0,0
"POINT (9.680350630000021 52.359572154000034)",Unfall 1132 (2024) Kat:2, Licht: 0,1132,2,6,3,06,14,5,,0,1,1,0,0
"POINT (9.732183348000035 52.383011590000081)",Unfall 1133 (2024) Kat:3, Licht: 0,1133,3,1,0,07,10,3,,0,0,0,0,1
"POINT (9.864996782000048 52.339463098000067)",Unfall 1134 (2024) Kat:2, Licht: 0,1134,2,7,6,06,08,5,,0,0,1,1,0
"POINT (9.734273813000073 52.387151164000045)",Unfall 1135 (2024) Kat:3, Licht: 0,1135,3,2,3,06,17,5,,0,0,1,0,0
"POINT (9.665117207000037 52.338305525000067)",Unfall 1136 (2024) Kat:3, Licht: 0,1136,3,2,0,06,17,3,,0,0,1,0,1
"POINT (9.794287009000072 52.394253799000069)",Unfall 1137 (2024) Kat:3, Licht: 0,1137,3,1,0,07,05,3,,0,0,0,0,1
"POINT (9.767305351000061 52.342968736000046)",Unfall 1138 (2024) Kat:3, Licht: 0,1138,3,6,2,06,10,4,,0,0,1,0,0
"POINT (9.764689986000064 52.170706355000050)",Unfall 1139 (2024) Kat:2, Licht: 0,1139,2,1,8,06,13,4,,0,0,1,0,0
"POINT (9.762201975000039 52.370533080000030)",Unfall 1140 (2024) Kat:2, Licht: 0,1140,2,2,4,06,13,4,,0,0,1,0,1
"POINT (9.727893390000077 52.577167398000029)",Unfall 1141 (2024) Kat:3, Licht: 0,1141,3,2,4,07,13,3,,0,0,1,0,0
"POINT (10.028536102000032 52.348315878000051)",Unfall 1142 (2024) Kat:2, Licht: 0,1142,2,1,8,07,09,6,,0,0,1,0,0
"POINT (9.514498639000067 52.411842063000051)",Unfall 1143 (2024) Kat:3, Licht: 0,1143,3,6,3,06,14,3,,0,0,1,0,0
"POINT (9.698708542000077 52.347738203000063)",Unfall 1144 (2024) Kat:3, Licht: 0,1144,3,6,3,06,16,3,,0,0,1,0,0
"POINT (9.676964108000050 52.357068164000054)",Unfall 1145 (2024) Kat:3, Licht: 0,1145,3,2,5,06,06,2,,0,0,1,0,1
"POINT (9.743409674000077 52.303772232000028)",Unfall 1146 (2024) Kat:3, Licht: 0,1146,3,7,0,06,12,2,,0,1,0,0,0
"POINT (9.506034412000076 52.553354730000081)",Unfall 1147 (2024) Kat:3, Licht: 0,1147,3,1,4,06,11,2,,0,0,0,0,0
"POINT (9.762274718000072 52.336300155000060)",Unfall 1148 (2024) Kat:3, Licht: 0,1148,3,6,4,07,16,5,,0,1,0,0,0
"POINT (10.185388847000070 52.431169712000042)",Unfall 1149 (2024) Kat:3, Licht: 0,1149,3,2,4,08,12,3,,0,0,1,0,0
"POINT (9.831733452000037 52.488809064000066)",Unfall 1150 (2024) Kat:3, Licht: 0,1150,3,3,5,07,15,4,,0,0,1,0,0
"POINT (9.739633881000032 52.298717112000077)",Unfall 1151 (2024) Kat:2, Licht: 0,1151,2,2,5,06,10,1,,0,0,1,0,1
"POINT (9.755808493000075 52.590903898000079)",Unfall 1152 (2024) Kat:3, Licht: 0,1152,3,6,2,06,12,1,,0,0,1,0,1
"POINT (9.623090645000048 52.354826290000062)",Unfall 1153 (2024) Kat:1, Licht: 0,1153,1,1,9,06,11,1,,0,0,1,0,0
"POINT (9.632953318000034 52.253094462000035)",Unfall 1154 (2024) Kat:1, Licht: 2,1154,1,1,8,06,22,6,,2,0,1,0,1
"POINT (9.405850552000061 52.426554841000041)",Unfall 1155 (2024) Kat:3, Licht: 0,1155,3,1,8,07,17,4,,0,1,0,0,0
"POINT (9.796359245000076 52.312300588000028)",Unfall 1156 (2024) Kat:3, Licht: 0,1156,3,6,2,06,12,7,,0,0,1,0,0
"POINT (9.426913423000030 52.430184245000078)",Unfall 1157 (2024) Kat:3, Licht: 0,1157,3,6,2,06,13,7,,0,0,1,0,0
"POINT (9.765432356000076 52.430332177000082)",Unfall 1158 (2024) Kat:3, Licht: 0,1158,3,2,3,06,17,7,,0,0,1,0,0
"POINT (9.722721997000065 52.453524229000038)",Unfall 1159 (2024) Kat:3, Licht: 0,1159,3,6,2,06,09,7,,0,0,1,0,0
"POINT (9.500224507000041 52.578245485000082)",Unfall 1160 (2024) Kat:1, Licht: 1,1160,1,1,9,06,04,7,,1,0,1,0,0
"POINT (9.735849523000070 52.399400509000031)",Unfall 1161 (2024) Kat:3, Licht: 0,1161,3,6,3,06,20,7,,0,1,0,0,0
"POINT (9.697091657000044 52.375147887000026)",Unfall 1162 (2024) Kat:3, Licht: 0,1162,3,2,5,06,14,7,,0,1,1,0,0
"POINT (9.989634592000073 52.445282698000028)",Unfall 1163 (2024) Kat:3, Licht: 0,1163,3,7,0,08,16,5,,0,1,0,0,0
"POINT (9.766093845000057 52.279543838000052)",Unfall 1164 (2024) Kat:3, Licht: 0,1164,3,7,0,06,09,6,,0,1,0,0,0
"POINT (10.202812359000063 52.463894580000044)",Unfall 1165 (2024) Kat:3, Licht: 0,1165,3,3,5,06,15,6,,0,1,1,0,0
"POINT (9.772923568000067 52.520454599000061)",Unfall 1166 (2024) Kat:2, Licht: 0,1166,2,2,3,06,15,6,,0,0,0,0,1
"POINT (9.717080546000034 52.521084410000071)",Unfall 1167 (2024) Kat:2, Licht: 0,1167,2,2,5,06,10,6,,0,0,1,0,0
"POINT (9.650279602000069 52.393237473000056)",Unfall 1168 (2024) Kat:2, Licht: 0,1168,2,7,1,06,10,6,,0,1,0,0,0
"POINT (9.780062331000067 52.521810264000067)",Unfall 1169 (2024) Kat:3, Licht: 0,1169,3,6,2,06,17,6,,0,0,1,0,0
"POINT (9.651055221000036 52.415235486000029)",Unfall 1170 (2024) Kat:3, Licht: 2,1170,3,6,3,06,22,5,,2,0,1,0,0
"POINT (9.768756538000048 52.338223597000081)",Unfall 1171 (2024) Kat:3, Licht: 0,1171,3,2,5,06,08,5,,0,0,1,0,0
"POINT (9.546979931000067 52.398555221000038)",Unfall 1172 (2024) Kat:3, Licht: 0,1172,3,1,0,06,15,5,,0,1,0,0,0
"POINT (9.678679073000069 52.310283849000029)",Unfall 1173 (2024) Kat:3, Licht: 0,1173,3,6,2,06,15,5,,0,0,1,0,0
"POINT (9.761711946000048 52.274155228000041)",Unfall 1174 (2024) Kat:2, Licht: 0,1174,2,7,9,06,14,5,,0,0,1,0,0
"POINT (10.080826981000030 52.517922801000054)",Unfall 1175 (2024) Kat:2, Licht: 0,1175,2,2,4,06,15,5,,0,0,0,0,1
"POINT (9.835487004000072 52.361314313000037)",Unfall 1176 (2024) Kat:3, Licht: 2,1176,3,5,1,06,03,1,,2,0,1,0,0
"POINT (9.795406620000051 52.312628050000058)",Unfall 1177 (2024) Kat:3, Licht: 0,1177,3,2,2,07,10,6,,0,0,1,0,0
"POINT (10.118406537000055 52.457367385000055)",Unfall 1178 (2024) Kat:2, Licht: 0,1178,2,3,5,08,13,2,,0,0,1,0,1
"POINT (9.831973489000063 52.385990711000034)",Unfall 1179 (2024) Kat:3, Licht: 0,1179,3,2,5,06,14,4,,0,1,1,0,0
"POINT (9.745771013000024 52.209308992000047)",Unfall 1180 (2024) Kat:3, Licht: 0,1180,3,3,5,06,10,4,,0,0,1,0,0
"POINT (9.641060041000060 52.414963437000040)",Unfall 1181 (2024) Kat:3, Licht: 2,1181,3,6,2,08,22,7,,2,0,1,0,0
"POINT (10.017975154000055 52.383711065000057)",Unfall 1182 (2024) Kat:3, Licht: 0,1182,3,3,5,06,15,4,,0,1,1,0,0
"POINT (9.720123514000022 52.458847212000080)",Unfall 1183 (2024) Kat:3, Licht: 0,1183,3,2,4,06,17,4,,0,0,1,0,0
"POINT (9.883380138000064 52.430409583000028)",Unfall 1184 (2024) Kat:3, Licht: 0,1184,3,6,2,06,12,4,,0,0,1,0,0
"POINT (9.627706330000024 52.394392897000046)",Unfall 1185 (2024) Kat:3, Licht: 0,1185,3,3,5,06,13,4,,0,0,1,0,1
"POINT (9.462965693000058 52.397407988000055)",Unfall 1186 (2024) Kat:3, Licht: 0,1186,3,3,5,07,12,2,,0,0,1,0,0
"POINT (9.686200446000043 52.375006812000038)",Unfall 1187 (2024) Kat:3, Licht: 0,1187,3,1,4,06,17,2,,0,0,1,0,1
"POINT (9.890574854000022 52.279860819000078)",Unfall 1188 (2024) Kat:3, Licht: 1,1188,3,7,0,06,21,3,,1,0,1,0,0
"POINT (9.751984555000035 52.358205846000033)",Unfall 1189 (2024) Kat:3, Licht: 0,1189,3,3,5,06,15,3,,0,1,1,0,0
"POINT (9.734022125000024 52.387089668000044)",Unfall 1190 (2024) Kat:3, Licht: 0,1190,3,6,2,06,08,3,,0,0,1,0,0
"POINT (9.740122786000029 52.368245570000056)",Unfall 1191 (2024) Kat:3, Licht: 0,1191,3,6,2,06,13,3,,0,0,1,0,0
"POINT (9.787024000000031 52.335263240000074)",Unfall 1192 (2024) Kat:3, Licht: 0,1192,3,3,5,06,08,3,,0,0,1,0,0
"POINT (9.638587074000043 52.355762732000073)",Unfall 1193 (2024) Kat:3, Licht: 1,1193,3,1,9,06,21,3,,1,0,1,0,0
"POINT (9.723472533000063 52.440141014000062)",Unfall 1194 (2024) Kat:3, Licht: 0,1194,3,3,5,06,13,3,,0,0,1,0,0
"POINT (10.047749544000055 52.483618627000055)",Unfall 1195 (2024) Kat:2, Licht: 0,1195,2,3,5,06,08,3,,0,0,1,0,0
"POINT (9.770242427000028 52.580208569000035)",Unfall 1196 (2024) Kat:2, Licht: 2,1196,2,6,2,06,01,3,,2,0,1,0,0
"POINT (9.807429851000052 52.336010370000054)",Unfall 1197 (2024) Kat:3, Licht: 0,1197,3,3,5,06,19,3,,0,0,1,0,0
"POINT (9.827251382000043 52.358373753000080)",Unfall 1198 (2024) Kat:3, Licht: 0,1198,3,4,6,06,18,3,,0,0,1,1,0
"POINT (9.735552624000036 52.403534038000032)",Unfall 1199 (2024) Kat:3, Licht: 0,1199,3,2,5,06,15,3,,0,1,1,0,0
"POINT (9.696095853000031 52.418737255000053)",Unfall 1200 (2024) Kat:3, Licht: 0,1200,3,3,5,06,13,3,,0,0,1,0,0
"POINT (9.579366851000032 52.365314033000061)",Unfall 1201 (2024) Kat:3, Licht: 0,1201,3,7,8,06,14,2,,0,0,1,0,0
"POINT (9.609637297000063 52.344161693000046)",Unfall 1202 (2024) Kat:3, Licht: 0,1202,3,6,3,06,18,2,,0,0,1,0,0
"POINT (9.839312812000060 52.490726351000035)",Unfall 1203 (2024) Kat:3, Licht: 0,1203,3,3,5,06,10,2,,0,0,1,0,0
"POINT (9.922241459000077 52.511301393000053)",Unfall 1204 (2024) Kat:3, Licht: 0,1204,3,4,6,06,17,2,,0,0,1,1,0
"POINT (9.476259895000055 52.388447864000057)",Unfall 1205 (2024) Kat:3, Licht: 0,1205,3,7,2,06,15,2,,0,0,1,0,0
"POINT (9.753479427000059 52.370007446000045)",Unfall 1206 (2024) Kat:3, Licht: 0,1206,3,2,5,06,07,6,,0,1,1,0,0
"POINT (9.442245308000054 52.416798145000030)",Unfall 1207 (2024) Kat:2, Licht: 0,1207,2,2,2,08,07,2,,0,1,0,0,0
"POINT (9.619785302000025 52.421281564000026)",Unfall 1208 (2024) Kat:3, Licht: 0,1208,3,6,3,06,21,1,,0,0,1,0,0
"POINT (9.853480422000075 52.390473358000065)",Unfall 1209 (2024) Kat:3, Licht: 0,1209,3,6,2,06,12,6,,0,0,1,0,0
"POINT (9.424619127000028 52.429435756000032)",Unfall 1210 (2024) Kat:3, Licht: 0,1210,3,3,5,06,09,4,,0,1,1,0,0
"POINT (9.794722464000074 52.274223067000037)",Unfall 1211 (2024) Kat:3, Licht: 0,1211,3,2,5,07,17,1,,0,1,0,0,1
"POINT (9.782097989000022 52.325278542000035)",Unfall 1212 (2024) Kat:3, Licht: 0,1212,3,3,5,06,16,7,,0,0,1,0,0
"POINT (9.881335477000050 52.435721675000082)",Unfall 1213 (2024) Kat:3, Licht: 0,1213,3,3,5,06,17,7,,0,0,1,0,0
"POINT (9.851386599000023 52.410507683000048)",Unfall 1214 (2024) Kat:3, Licht: 0,1214,3,1,8,06,17,7,,0,0,1,0,0
"POINT (9.807580397000038 52.559266902000047)",Unfall 1215 (2024) Kat:1, Licht: 0,1215,1,2,5,06,12,7,,0,0,1,0,1
"POINT (9.736283222000054 52.398355973000037)",Unfall 1216 (2024) Kat:3, Licht: 0,1216,3,6,3,05,16,6,,0,0,1,0,0
"POINT (9.697677131000034 52.376391634000072)",Unfall 1217 (2024) Kat:3, Licht: 0,1217,3,6,2,05,17,6,,0,0,1,0,0
"POINT (9.668272491000039 52.383796265000058)",Unfall 1218 (2024) Kat:3, Licht: 0,1218,3,6,2,05,17,6,,0,0,1,0,0
"POINT (9.806613287000062 52.336349472000052)",Unfall 1219 (2024) Kat:2, Licht: 0,1219,2,6,2,06,07,5,,0,0,1,0,0
"POINT (9.677575413000056 52.371701384000062)",Unfall 1220 (2024) Kat:3, Licht: 0,1220,3,2,4,05,13,6,,0,0,1,0,0
"POINT (9.765181652000024 52.341942281000058)",Unfall 1221 (2024) Kat:3, Licht: 0,1221,3,1,0,05,12,6,,0,1,0,0,0
"POINT (9.391873707000059 52.420128628000043)",Unfall 1222 (2024) Kat:3, Licht: 0,1222,3,1,0,05,07,6,,0,1,0,0,0
"POINT (9.745760879000045 52.209351338000033)",Unfall 1223 (2024) Kat:3, Licht: 0,1223,3,3,5,05,17,6,,0,0,1,0,0
"POINT (9.668085505000022 52.343764278000037)",Unfall 1224 (2024) Kat:3, Licht: 0,1224,3,3,5,05,12,6,,0,0,1,0,0
"POINT (9.456720678000067 52.486312917000078)",Unfall 1225 (2024) Kat:3, Licht: 0,1225,3,2,2,05,10,6,,0,0,1,0,0
"POINT (9.581744386000025 52.417661643000031)",Unfall 1226 (2024) Kat:3, Licht: 0,1226,3,3,5,05,17,6,,0,1,1,0,0
"POINT (9.732575359000066 52.423453859000062)",Unfall 1227 (2024) Kat:3, Licht: 0,1227,3,2,5,05,19,6,,0,0,1,0,0
"POINT (9.895330444000024 52.443616640000073)",Unfall 1228 (2024) Kat:3, Licht: 0,1228,3,6,2,05,18,6,,0,0,1,0,0
"POINT (9.498047262000057 52.402525195000067)",Unfall 1229 (2024) Kat:3, Licht: 1,1229,3,6,2,05,04,6,,1,0,1,0,0
"POINT (9.848488587000077 52.274316969000040)",Unfall 1230 (2024) Kat:3, Licht: 0,1230,3,3,5,05,09,6,,0,0,1,0,0
"POINT (9.799484172000064 52.409244850000050)",Unfall 1231 (2024) Kat:3, Licht: 0,1231,3,7,6,07,13,2,,0,0,1,1,0
"POINT (9.734528369000031 52.390938714000072)",Unfall 1232 (2024) Kat:3, Licht: 0,1232,3,6,2,05,17,5,,0,0,1,0,0
"POINT (9.618759466000029 52.363769380000065)",Unfall 1233 (2024) Kat:3, Licht: 0,1233,3,1,8,05,15,5,,0,0,1,0,0
"POINT (9.399390044000029 52.536477081000044)",Unfall 1234 (2024) Kat:3, Licht: 0,1234,3,2,5,05,17,5,,0,0,1,0,0
"POINT (9.907830524000076 52.291675338000061)",Unfall 1235 (2024) Kat:3, Licht: 0,1235,3,1,8,05,14,5,,0,0,1,0,0
"POINT (9.623491313000045 52.421087229000079)",Unfall 1236 (2024) Kat:3, Licht: 0,1236,3,3,5,05,17,5,,0,0,1,0,0
"POINT (9.733402561000048 52.384260090000055)",Unfall 1237 (2024) Kat:3, Licht: 0,1237,3,6,2,05,16,5,,0,0,1,0,0
"POINT (9.827288053000075 52.355671970000060)",Unfall 1238 (2024) Kat:3, Licht: 0,1238,3,3,5,05,18,4,,0,1,1,0,0
"POINT (9.771425218000047 52.335104406000028)",Unfall 1239 (2024) Kat:3, Licht: 0,1239,3,7,0,05,09,4,,0,1,0,0,0