WKT,Name,OBJECTID,UKATEGORIE,UTYP1,UART,UMONAT,USTUNDE,UWOCHENTAG,STRZUSTAND,ULICHTVERH,ISTRAD,ISTPKW,ISTFUSS,ISTKRAD
"POINT (9.666949891000058 52.171104898000067)",Unfall 1240 (2024) Kat:3, Licht: 0,1240,3,4,6,05,15,4,,0,0,1,1,0
"POINT (9.595718667000028 52.333339418000037)",Unfall 1241 (2024) Kat:3, Licht: 0,1241,3,7,1,05,16,4,,0,0,1,0,0
"POINT (9.747567410000045 52.324351660000048)",Unfall 1242 (2024) Kat:3, Licht: 0,1242,3,6,3,05,07,4,,0,0,1,0,0
"POINT (10.066596188000062 52.395023794000053)",Unfall 1243 (2024) Kat:3, Licht: 1,1243,3,1,0,05,20,4,,1,1,0,0,0
"POINT (9.809304507000036 52.379540743000064)",Unfall 1244 (2024) Kat:3, Licht: 2,1244,3,2,3,08,21,7,,2,0,1,0,0
"POINT (9.972720464000076 52.382732432000068)",Unfall 1245 (2024) Kat:3, Licht: 0,1245,3,6,4,08,15,1,,0,0,1,0,0
"POINT (9.765685974000064 52.337340204000043)",Unfall 1246 (2024) Kat:3, Licht: 0,1246,3,3,5,06,16,3,,0,0,1,0,0
"POINT (9.617677534000052 52.377945108000063)",Unfall 1247 (2024) Kat:3, Licht: 0,1247,3,7,0,06,19,3,,0,0,0,0,0
"POINT (9.730825554000035 52.370808082000053)",Unfall 1248 (2024) Kat:2, Licht: 2,1248,2,1,0,06,21,5,,2,1,1,0,0
"POINT (9.690552323000077 52.346785207000039)",Unfall 1249 (2024) Kat:3, Licht: 0,1249,3,3,5,05,14,3,,0,1,1,0,0
"POINT (9.587345000000028 52.211545400000034)",Unfall 1250 (2024) Kat:3, Licht: 1,1250,3,6,2,05,21,3,,1,0,1,0,0
"POINT (9.572753173000024 52.457473222000033)",Unfall 1251 (2024) Kat:3, Licht: 0,1251,3,1,0,05,12,3,,0,1,0,0,0
"POINT (9.599785672000053 52.423008677000041)",Unfall 1252 (2024) Kat:3, Licht: 0,1252,3,6,2,05,13,3,,0,0,1,0,0
"POINT (9.716224980000050 52.358092393000049)",Unfall 1253 (2024) Kat:2, Licht: 0,1253,2,4,6,05,14,3,,0,0,1,1,0
"POINT (9.692240684000069 52.376582214000052)",Unfall 1254 (2024) Kat:3, Licht: 0,1254,3,6,2,05,11,3,,0,0,1,0,0
"POINT (9.800333382000076 52.370825642000057)",Unfall 1255 (2024) Kat:3, Licht: 0,1255,3,2,0,05,08,3,,0,0,0,0,0
"POINT (9.551444932000038 52.322736082000063)",Unfall 1256 (2024) Kat:3, Licht: 2,1256,3,2,4,07,21,3,,2,0,1,0,1
"POINT (9.800331161000031 52.406145559000038)",Unfall 1257 (2024) Kat:3, Licht: 0,1257,3,2,5,05,07,3,,0,1,1,0,0
"POINT (9.817487544000073 52.300705972000060)",Unfall 1258 (2024) Kat:3, Licht: 2,1258,3,3,5,05,21,2,,2,1,1,0,0
"POINT (9.713630251000041 52.361898010000061)",Unfall 1259 (2024) Kat:3, Licht: 0,1259,3,6,2,05,12,2,,0,0,1,0,0
"POINT (9.632475449000026 52.203707701000042)",Unfall 1260 (2024) Kat:3, Licht: 1,1260,3,7,7,05,05,2,,1,0,1,0,0
"POINT (9.743208201000073 52.303657874000066)",Unfall 1261 (2024) Kat:3, Licht: 0,1261,3,7,0,05,19,2,,0,1,0,0,0
"POINT (9.440840102000038 52.330607315000066)",Unfall 1262 (2024) Kat:3, Licht: 0,1262,3,1,8,05,15,2,,0,0,1,0,0
"POINT (9.945314977000066 52.496716498000069)",Unfall 1263 (2024) Kat:2, Licht: 2,1263,2,1,0,08,22,6,,2,1,0,0,0
"POINT (9.814119934000075 52.383542531000046)",Unfall 1264 (2024) Kat:3, Licht: 0,1264,3,1,0,05,16,1,,0,0,0,0,1
"POINT (9.629748849000066 52.409410302000026)",Unfall 1265 (2024) Kat:3, Licht: 0,1265,3,7,7,05,19,1,,0,1,0,0,0
"POINT (9.742856084000039 52.368094361000033)",Unfall 1266 (2024) Kat:3, Licht: 0,1266,3,6,2,05,18,1,,0,0,1,0,0
"POINT (9.697361101000070 52.377486652000073)",Unfall 1267 (2024) Kat:3, Licht: 0,1267,3,6,2,05,14,1,,0,0,1,0,0
"POINT (9.665087527000026 52.339020957000059)",Unfall 1268 (2024) Kat:3, Licht: 0,1268,3,3,5,05,13,1,,0,0,1,0,1
"POINT (10.114177665000057 52.346434034000026)",Unfall 1269 (2024) Kat:3, Licht: 0,1269,3,3,5,05,18,1,,0,0,1,0,0
"POINT (9.965984388000038 52.318287897000062)",Unfall 1270 (2024) Kat:3, Licht: 0,1270,3,1,0,05,12,1,,0,0,0,0,1
"POINT (9.991222810000068 52.371742180000069)",Unfall 1271 (2024) Kat:3, Licht: 0,1271,3,7,0,05,11,1,,0,0,0,0,0
"POINT (9.664478708000047 52.376965538000036)",Unfall 1272 (2024) Kat:3, Licht: 2,1272,3,7,0,05,22,1,,2,0,0,1,0
"POINT (9.801250027000037 52.557640739000078)",Unfall 1273 (2024) Kat:2, Licht: 0,1273,2,3,5,06,18,3,,0,0,1,0,1
"POINT (9.765528743000061 52.430289400000049)",Unfall 1274 (2024) Kat:3, Licht: 0,1274,3,3,5,08,17,7,,0,1,1,0,0
"POINT (9.646182093000050 52.403288835000069)",Unfall 1275 (2024) Kat:3, Licht: 0,1275,3,4,6,08,19,6,,0,0,0,1,0
"POINT (9.882359209000072 52.359089249000078)",Unfall 1276 (2024) Kat:3, Licht: 0,1276,3,6,3,08,12,5,,0,0,1,0,0
"POINT (9.779083892000074 52.371515000000045)",Unfall 1277 (2024) Kat:3, Licht: 0,1277,3,6,2,05,15,7,,0,0,1,0,0
"POINT (9.801085810000075 52.429436121000037)",Unfall 1278 (2024) Kat:3, Licht: 0,1278,3,2,4,05,19,7,,0,0,1,0,0
"POINT (9.472516244000076 52.388500258000079)",Unfall 1279 (2024) Kat:3, Licht: 0,1279,3,3,5,05,18,7,,0,0,1,0,0
"POINT (9.615485599000067 52.203956195000046)",Unfall 1280 (2024) Kat:3, Licht: 0,1280,3,1,8,05,16,7,,0,0,0,0,1
"POINT (9.597954579000032 52.394690908000030)",Unfall 1281 (2024) Kat:3, Licht: 0,1281,3,7,0,05,17,7,,0,1,0,0,0
"POINT (9.749072742000067 52.547592058000077)",Unfall 1282 (2024) Kat:3, Licht: 0,1282,3,6,4,05,15,7,,0,1,0,0,0
"POINT (9.945047944000066 52.499497825000049)",Unfall 1283 (2024) Kat:3, Licht: 0,1283,3,3,5,06,14,1,,0,1,0,0,0
"POINT (9.794609936000029 52.274139817000048)",Unfall 1284 (2024) Kat:3, Licht: 0,1284,3,6,1,05,15,6,,0,0,1,0,0
"POINT (9.791595480000069 52.216146723000065)",Unfall 1285 (2024) Kat:3, Licht: 0,1285,3,7,0,05,12,6,,0,1,0,0,0
"POINT (9.647313209000060 52.213032860000055)",Unfall 1286 (2024) Kat:3, Licht: 0,1286,3,1,9,05,18,6,,0,0,1,0,0
"POINT (9.568404416000021 52.293056139000043)",Unfall 1287 (2024) Kat:3, Licht: 0,1287,3,1,9,05,20,6,,0,0,1,0,0
"POINT (9.754277989000059 52.592226355000037)",Unfall 1288 (2024) Kat:3, Licht: 0,1288,3,6,2,07,10,2,,0,0,1,0,0
"POINT (9.635498438000070 52.245217144000037)",Unfall 1289 (2024) Kat:3, Licht: 0,1289,3,3,5,05,08,6,,0,0,1,0,0
"POINT (9.569879043000071 52.450100660000032)",Unfall 1290 (2024) Kat:3, Licht: 0,1290,3,1,0,05,19,6,,0,0,0,0,0
"POINT (9.936601253000049 52.445585657000038)",Unfall 1291 (2024) Kat:3, Licht: 0,1291,3,6,2,05,15,6,,0,0,1,0,0
"POINT (9.935249159000023 52.443332127000076)",Unfall 1292 (2024) Kat:3, Licht: 0,1292,3,1,9,05,15,6,,0,0,1,0,0
"POINT (9.727068464000070 52.366906315000051)",Unfall 1293 (2024) Kat:3, Licht: 0,1293,3,2,5,05,18,6,,0,1,1,0,0
"POINT (9.734042938000073 52.387208652000027)",Unfall 1294 (2024) Kat:3, Licht: 0,1294,3,2,5,05,15,6,,0,1,1,0,0
"POINT (9.467326180000043 52.332877220000057)",Unfall 1295 (2024) Kat:3, Licht: 0,1295,3,3,5,05,08,6,,0,0,1,0,0
"POINT (9.792673394000076 52.314397119000034)",Unfall 1296 (2024) Kat:3, Licht: 0,1296,3,6,2,05,15,4,,0,0,1,0,0
"POINT (9.456197080000038 52.483655884000029)",Unfall 1297 (2024) Kat:2, Licht: 0,1297,2,7,2,07,19,7,,0,0,1,0,0
"POINT (9.795907129000057 52.274962659000039)",Unfall 1298 (2024) Kat:3, Licht: 2,1298,3,7,0,06,02,1,,2,1,0,0,0
"POINT (9.587622638000028 52.415018370000041)",Unfall 1299 (2024) Kat:3, Licht: 0,1299,3,3,5,08,15,1,,0,1,1,0,0
"POINT (9.782180948000075 52.371972740000047)",Unfall 1300 (2024) Kat:3, Licht: 0,1300,3,2,5,05,08,6,,0,1,0,0,0
"POINT (9.490293913000073 52.398300686000027)",Unfall 1301 (2024) Kat:3, Licht: 0,1301,3,1,9,08,10,4,,0,0,1,0,0
"POINT (9.722100775000058 52.368413943000064)",Unfall 1302 (2024) Kat:3, Licht: 0,1302,3,7,2,05,13,5,,0,0,1,0,1
"POINT (9.611491158000035 52.434522008000044)",Unfall 1303 (2024) Kat:3, Licht: 0,1303,3,7,6,05,13,5,,0,1,0,1,0
"POINT (9.714500104000024 52.428918620000047)",Unfall 1304 (2024) Kat:3, Licht: 0,1304,3,6,2,05,07,5,,0,0,0,0,0
"POINT (9.689767059000076 52.430008723000071)",Unfall 1305 (2024) Kat:3, Licht: 0,1305,3,6,2,05,07,5,,0,0,0,0,0
"POINT (9.747679166000069 52.363784315000032)",Unfall 1306 (2024) Kat:3, Licht: 0,1306,3,4,6,05,18,5,,0,1,0,1,0
"POINT (9.640532452000059 52.472891459000039)",Unfall 1307 (2024) Kat:2, Licht: 0,1307,2,1,0,05,14,5,,0,0,1,0,0
"POINT (9.887504916000069 52.360810550000053)",Unfall 1308 (2024) Kat:3, Licht: 0,1308,3,6,3,06,13,1,,0,0,1,0,0
"POINT (9.963423990000024 52.365423259000067)",Unfall 1309 (2024) Kat:3, Licht: 0,1309,3,2,4,06,14,3,,0,0,1,0,0
"POINT (9.788195803000065 52.455116387000032)",Unfall 1310 (2024) Kat:3, Licht: 0,1310,3,6,2,07,15,2,,0,0,1,0,0
"POINT (9.832217398000068 52.300267014000042)",Unfall 1311 (2024) Kat:3, Licht: 0,1311,3,6,2,05,08,4,,0,0,1,0,0
"POINT (9.736221703000069 52.399031184000080)",Unfall 1312 (2024) Kat:3, Licht: 0,1312,3,6,2,05,09,4,,0,0,1,0,0
"POINT (9.731315413000061 52.382577335000065)",Unfall 1313 (2024) Kat:3, Licht: 1,1313,3,6,2,05,06,4,,1,0,1,0,0
"POINT (9.768411084000036 52.338240542000051)",Unfall 1314 (2024) Kat:3, Licht: 0,1314,3,6,2,05,09,4,,0,0,1,0,0
"POINT (9.803716209000072 52.275090615000067)",Unfall 1315 (2024) Kat:3, Licht: 0,1315,3,1,4,05,08,4,,0,0,1,0,0
"POINT (9.557648922000055 52.204429997000034)",Unfall 1316 (2024) Kat:3, Licht: 0,1316,3,6,2,05,07,4,,0,0,1,0,0
"POINT (9.597868137000034 52.576680747000069)",Unfall 1317 (2024) Kat:3, Licht: 0,1317,3,1,4,05,17,4,,0,0,1,0,0
"POINT (9.507690000000025 52.508119458000067)",Unfall 1318 (2024) Kat:3, Licht: 0,1318,3,1,9,05,15,4,,0,0,1,0,0
"POINT (9.743553172000077 52.547445735000053)",Unfall 1319 (2024) Kat:3, Licht: 0,1319,3,3,5,05,14,4,,0,1,1,0,0
"POINT (9.952578889000051 52.325469506000047)",Unfall 1320 (2024) Kat:3, Licht: 0,1320,3,6,2,05,13,4,,0,0,1,0,0
"POINT (10.058998947000021 52.395701344000031)",Unfall 1321 (2024) Kat:3, Licht: 0,1321,3,2,3,05,10,4,,0,0,1,0,0
"POINT (9.732006908000074 52.438554576000058)",Unfall 1322 (2024) Kat:3, Licht: 0,1322,3,3,5,05,16,4,,0,1,1,0,0
"POINT (9.770184576000077 52.580249420000030)",Unfall 1323 (2024) Kat:3, Licht: 0,1323,3,6,2,05,12,4,,0,0,1,0,0
"POINT (9.916217632000041 52.436966553000047)",Unfall 1324 (2024) Kat:3, Licht: 0,1324,3,6,3,05,09,4,,0,0,1,0,0
"POINT (9.832916757000021 52.418974622000064)",Unfall 1325 (2024) Kat:3, Licht: 1,1325,3,1,0,07,05,2,,1,0,0,0,1
"POINT (9.730126854000048 52.368690019000042)",Unfall 1326 (2024) Kat:3, Licht: 0,1326,3,3,5,05,14,5,,0,1,1,0,0
"POINT (9.735208528000044 52.405755313000043)",Unfall 1327 (2024) Kat:3, Licht: 2,1327,3,7,0,06,00,6,,2,1,0,0,0
"POINT (9.743699128000060 52.369023189000075)",Unfall 1328 (2024) Kat:3, Licht: 0,1328,3,3,5,08,16,3,,0,0,1,0,0
"POINT (9.714354394000054 52.362148117000061)",Unfall 1329 (2024) Kat:3, Licht: 0,1329,3,2,5,05,16,3,,0,0,1,0,1
"POINT (9.719349745000045 52.335965379000072)",Unfall 1330 (2024) Kat:3, Licht: 0,1330,3,6,3,05,06,3,,0,0,1,0,1
"POINT (9.753027328000030 52.527109874000075)",Unfall 1331 (2024) Kat:3, Licht: 0,1331,3,7,0,05,17,3,,0,1,0,0,0
"POINT (9.725288503000058 52.459801711000068)",Unfall 1332 (2024) Kat:3, Licht: 0,1332,3,2,5,05,14,3,,0,0,1,0,0
"POINT (10.077800830000058 52.366828494000060)",Unfall 1333 (2024) Kat:3, Licht: 0,1333,3,1,9,05,15,3,,0,0,1,0,0
"POINT (9.971111759000053 52.389937221000082)",Unfall 1334 (2024) Kat:3, Licht: 0,1334,3,7,1,05,15,3,,0,0,1,1,0
"POINT (9.882354063000037 52.399101237000082)",Unfall 1335 (2024) Kat:3, Licht: 0,1335,3,6,2,05,13,3,,0,0,1,0,0
"POINT (9.827296189000037 52.356344791000026)",Unfall 1336 (2024) Kat:3, Licht: 0,1336,3,3,5,05,08,3,,0,1,1,0,0
"POINT (9.646167890000072 52.403592133000075)",Unfall 1337 (2024) Kat:3, Licht: 2,1337,3,5,1,07,01,4,,2,0,1,0,0
"POINT (9.499574718000076 52.540005955000026)",Unfall 1338 (2024) Kat:3, Licht: 1,1338,3,7,7,08,05,6,,1,0,0,0,1
"POINT (9.722219861000042 52.359206316000041)",Unfall 1339 (2024) Kat:3, Licht: 0,1339,3,3,5,05,17,2,,0,1,1,0,0
"POINT (9.719949216000032 52.337106599000037)",Unfall 1340 (2024) Kat:3, Licht: 0,1340,3,6,2,05,12,2,,0,0,1,0,0
"POINT (9.573479570000075 52.643063448000078)",Unfall 1341 (2024) Kat:3, Licht: 0,1341,3,2,4,05,14,2,,0,0,1,0,0
"POINT (9.452210625000021 52.504887983000060)",Unfall 1342 (2024) Kat:3, Licht: 0,1342,3,6,3,05,17,2,,0,1,1,0,0
"POINT (9.631621155000062 52.497148283000058)",Unfall 1343 (2024) Kat:3, Licht: 0,1343,3,1,0,05,14,2,,0,1,0,0,0
"POINT (10.045033963000037 52.375586440000063)",Unfall 1344 (2024) Kat:2, Licht: 0,1344,2,7,8,05,15,2,,0,0,0,0,0
"POINT (9.720939606000059 52.439724988000080)",Unfall 1345 (2024) Kat:3, Licht: 0,1345,3,1,9,05,16,2,,0,0,0,0,1
"POINT (9.573369235000030 52.337067952000041)",Unfall 1346 (2024) Kat:1, Licht: 2,1346,1,1,9,05,20,3,,2,0,1,0,0
"POINT (9.723214135000035 52.628438785000071)",Unfall 1347 (2024) Kat:3, Licht: 0,1347,3,6,2,08,15,1,,0,0,1,0,0
"POINT (9.782000759000027 52.345227787000056)",Unfall 1348 (2024) Kat:3, Licht: 0,1348,3,6,2,08,18,1,,0,0,1,0,0
"POINT (9.616624582000043 52.429567294000037)",Unfall 1349 (2024) Kat:3, Licht: 0,1349,3,6,2,08,16,4,,0,0,1,0,0
"POINT (10.112292415000070 52.363629379000031)",Unfall 1350 (2024) Kat:3, Licht: 0,1350,3,6,2,07,10,7,,0,0,1,0,0
"POINT (9.971032251000054 52.372955229000070)",Unfall 1351 (2024) Kat:3, Licht: 0,1351,3,2,6,07,13,3,,0,0,1,1,0
"POINT (9.678166572000066 52.365628502000050)",Unfall 1352 (2024) Kat:3, Licht: 0,1352,3,2,5,06,15,3,,0,0,1,0,0
"POINT (9.807239034000077 52.430691278000040)",Unfall 1353 (2024) Kat:3, Licht: 0,1353,3,6,3,05,19,5,,0,0,1,0,0
"POINT (9.769649764000064 52.174701960000050)",Unfall 1354 (2024) Kat:3, Licht: 0,1354,3,1,0,05,11,1,,0,1,0,0,0
"POINT (9.665663787000028 52.331226330000050)",Unfall 1355 (2024) Kat:3, Licht: 2,1355,3,1,9,05,02,1,,2,0,1,0,0
"POINT (9.976937348000035 52.372570881000058)",Unfall 1356 (2024) Kat:3, Licht: 0,1356,3,3,5,05,15,1,,0,0,1,0,0
"POINT (9.590039845000035 52.334414481000067)",Unfall 1357 (2024) Kat:3, Licht: 0,1357,3,2,2,08,08,3,,0,1,0,0,1
"POINT (9.903343923000023 52.354171480000048)",Unfall 1358 (2024) Kat:3, Licht: 0,1358,3,1,0,06,19,7,,0,0,0,0,1
"POINT (9.806754588000047 52.308147653000049)",Unfall 1359 (2024) Kat:3, Licht: 0,1359,3,2,4,05,13,7,,0,0,1,0,0
"POINT (9.760351301000071 52.427177429000039)",Unfall 1360 (2024) Kat:3, Licht: 2,1360,3,7,2,06,01,2,,2,0,1,0,0
"POINT (9.652184677000037 52.415879421000056)",Unfall 1361 (2024) Kat:3, Licht: 2,1361,3,3,5,05,22,5,,2,1,1,0,0
"POINT (9.627153966000037 52.423338752000063)",Unfall 1362 (2024) Kat:3, Licht: 0,1362,3,6,3,05,09,7,,0,0,1,0,0
"POINT (9.734654163000073 52.391756936000036)",Unfall 1363 (2024) Kat:3, Licht: 0,1363,3,7,6,05,18,7,,0,1,0,1,0
"POINT (9.393075843000076 52.431281085000080)",Unfall 1364 (2024) Kat:3, Licht: 0,1364,3,2,2,05,13,7,,0,0,1,0,0
"POINT (9.484138131000066 52.555211873000076)",Unfall 1365 (2024) Kat:3, Licht: 0,1365,3,6,8,05,12,7,,0,1,0,0,0
"POINT (9.729322899000067 52.438779918000080)",Unfall 1366 (2024) Kat:3, Licht: 0,1366,3,3,5,05,12,7,,0,1,1,0,0
"POINT (9.602963692000060 52.393952216000059)",Unfall 1367 (2024) Kat:1, Licht: 0,1367,1,4,6,05,14,7,,0,0,1,1,0
"POINT (9.780850291000036 52.571327337000071)",Unfall 1368 (2024) Kat:3, Licht: 0,1368,3,6,2,05,16,7,,0,0,1,0,0
"POINT (9.813221255000030 52.323714046000077)",Unfall 1369 (2024) Kat:2, Licht: 1,1369,2,6,2,05,21,7,,1,0,1,0,1
"POINT (9.716856535000034 52.366970411000068)",Unfall 1370 (2024) Kat:3, Licht: 0,1370,3,6,2,06,18,6,,0,0,1,0,0
"POINT (9.907578504000071 52.291564977000064)",Unfall 1371 (2024) Kat:3, Licht: 0,1371,3,1,9,07,13,6,,0,0,1,0,0
"POINT (9.714336224000022 52.575452524000070)",Unfall 1372 (2024) Kat:3, Licht: 0,1372,3,3,5,06,12,7,,0,1,1,0,0
"POINT (9.670200429000033 52.171360975000027)",Unfall 1373 (2024) Kat:3, Licht: 0,1373,3,6,2,05,15,4,,0,0,1,0,1
"POINT (9.663833688000068 52.239765906000059)",Unfall 1374 (2024) Kat:3, Licht: 0,1374,3,3,6,05,08,6,,0,0,1,1,0
"POINT (9.611227255000074 52.392050755000071)",Unfall 1375 (2024) Kat:3, Licht: 0,1375,3,3,5,05,14,6,,0,0,1,0,0
"POINT (9.427815004000024 52.552241994000042)",Unfall 1376 (2024) Kat:3, Licht: 0,1376,3,3,5,05,07,6,,0,0,1,0,0
"POINT (9.494290224000054 52.324569078000081)",Unfall 1377 (2024) Kat:3, Licht: 0,1377,3,7,0,05,05,6,,0,0,0,0,1
"POINT (9.613986807000060 52.430577929000037)",Unfall 1378 (2024) Kat:3, Licht: 0,1378,3,3,5,05,09,6,,0,1,1,0,0
"POINT (10.128848612000070 52.373297393000030)",Unfall 1379 (2024) Kat:3, Licht: 0,1379,3,6,2,05,19,6,,0,0,1,0,1
"POINT (9.814811123000027 52.460411221000072)",Unfall 1380 (2024) Kat:3, Licht: 0,1380,3,6,2,05,12,6,,0,0,1,0,0
"POINT (9.812043037000024 52.305654118000064)",Unfall 1381 (2024) Kat:3, Licht: 1,1381,3,4,6,05,21,6,,1,0,1,1,0
"POINT (9.630029017000027 52.485108760000060)",Unfall 1382 (2024) Kat:3, Licht: 0,1382,3,2,4,06,17,3,,0,1,1,0,0
"POINT (9.777451104000022 52.574561975000051)",Unfall 1383 (2024) Kat:3, Licht: 0,1383,3,6,2,05,16,6,,0,0,1,0,0
"POINT (9.633118321000040 52.421925392000048)",Unfall 1384 (2024) Kat:3, Licht: 0,1384,3,7,2,05,10,6,,0,0,1,0,0
"POINT (9.784704456000043 52.567005867000034)",Unfall 1385 (2024) Kat:3, Licht: 0,1385,3,6,2,05,10,6,,0,0,0,0,0
"POINT (9.647244375000071 52.413535284000034)",Unfall 1386 (2024) Kat:3, Licht: 0,1386,3,6,4,06,13,4,,0,1,0,0,0
"POINT (9.759046176000027 52.370324937000078)",Unfall 1387 (2024) Kat:3, Licht: 2,1387,3,6,3,06,23,2,,2,0,1,0,0
"POINT (9.716093272000023 52.458736118000047)",Unfall 1388 (2024) Kat:3, Licht: 2,1388,3,6,2,07,23,4,,2,0,1,0,0
"POINT (9.610858570000062 52.421967977000065)",Unfall 1389 (2024) Kat:3, Licht: 2,1389,3,7,2,07,02,5,,2,0,0,0,0
"POINT (9.342555963000052 52.554153953000082)",Unfall 1390 (2024) Kat:1, Licht: 2,1390,1,1,8,06,23,1,,2,0,1,0,0
"POINT (9.817921579000028 52.461138776000041)",Unfall 1391 (2024) Kat:3, Licht: 0,1391,3,1,8,07,21,4,,0,0,1,0,0
"POINT (9.859954347000041 52.490147195000077)",Unfall 1392 (2024) Kat:3, Licht: 0,1392,3,3,5,05,15,5,,0,1,1,0,0
"POINT (9.907608103000030 52.281105302000071)",Unfall 1393 (2024) Kat:3, Licht: 0,1393,3,6,2,06,16,5,,0,0,1,0,0
"POINT (10.270309418000068 52.479580964000036)",Unfall 1394 (2024) Kat:3, Licht: 0,1394,3,3,5,05,14,5,,0,0,1,0,0
"POINT (9.798611513000026 52.316742380000051)",Unfall 1395 (2024) Kat:3, Licht: 2,1395,3,6,2,06,00,5,,2,0,1,0,0
"POINT (9.951665791000039 52.456554351000079)",Unfall 1396 (2024) Kat:3, Licht: 0,1396,3,1,9,05,20,5,,0,0,0,0,1
"POINT (10.243584364000071 52.477312954000070)",Unfall 1397 (2024) Kat:1, Licht: 0,1397,1,6,3,05,12,5,,0,0,0,0,0
"POINT (9.780818649000025 52.571360945000038)",Unfall 1398 (2024) Kat:3, Licht: 0,1398,3,6,2,05,12,5,,0,0,1,0,0
"POINT (9.851515351000046 52.410663504000070)",Unfall 1399 (2024) Kat:2, Licht: 0,1399,2,6,2,05,08,6,,0,0,1,0,0
"POINT (9.684203149000041 52.360061964000067)",Unfall 1400 (2024) Kat:3, Licht: 0,1400,3,7,0,07,17,2,,0,1,0,0,0
"POINT (9.537672462000046 52.271059975000071)",Unfall 1401 (2024) Kat:3, Licht: 0,1401,3,1,0,05,07,3,,0,1,0,0,0
"POINT (9.682866321000063 52.372979009000062)",Unfall 1402 (2024) Kat:3, Licht: 0,1402,3,1,8,08,06,1,,0,0,1,0,0
"POINT (9.755704607000041 52.590713667000045)",Unfall 1403 (2024) Kat:3, Licht: 0,1403,3,6,2,08,11,6,,0,0,0,0,0
"POINT (9.719400003000032 52.346595999000044)",Unfall 1404 (2024) Kat:3, Licht: 0,1404,3,6,3,06,06,4,,0,0,1,0,0
"POINT (9.529156062000027 52.193330456000069)",Unfall 1405 (2024) Kat:3, Licht: 0,1405,3,1,8,07,11,2,,0,0,1,0,0
"POINT (9.747708433000071 52.201683142000036)",Unfall 1406 (2024) Kat:3, Licht: 0,1406,3,1,8,07,10,6,,0,0,1,0,0
"POINT (9.727715852000074 52.381375990000038)",Unfall 1407 (2024) Kat:3, Licht: 0,1407,3,6,2,06,09,7,,0,0,1,0,0
"POINT (9.451649504000045 52.504868467000051)",Unfall 1408 (2024) Kat:3, Licht: 1,1408,3,6,2,07,20,1,,1,0,1,0,0
"POINT (9.717459541000039 52.396094053000070)",Unfall 1409 (2024) Kat:3, Licht: 0,1409,3,1,0,06,09,5,,0,0,0,0,0
"POINT (9.728733919000035 52.373185104000072)",Unfall 1410 (2024) Kat:3, Licht: 0,1410,3,6,2,05,14,4,,0,0,1,0,1
"POINT (9.733965331000036 52.438529136000056)",Unfall 1411 (2024) Kat:3, Licht: 0,1411,3,2,5,05,07,4,,0,1,1,0,0
"POINT (10.184159707000049 52.465433809000046)",Unfall 1412 (2024) Kat:3, Licht: 0,1412,3,3,5,05,07,4,,0,0,1,0,0
"POINT (10.260356899000044 52.453752919000067)",Unfall 1413 (2024) Kat:3, Licht: 0,1413,3,3,5,05,16,4,,0,0,1,0,0
"POINT (9.731148725000025 52.427389098000049)",Unfall 1414 (2024) Kat:3, Licht: 0,1414,3,7,2,05,15,4,,0,0,0,0,0
"POINT (9.883376776000034 52.398771977000081)",Unfall 1415 (2024) Kat:2, Licht: 0,1415,2,6,2,05,14,4,,0,0,1,0,0
"POINT (9.682310655000038 52.581675686000040)",Unfall 1416 (2024) Kat:3, Licht: 0,1416,3,2,5,05,20,4,,0,0,1,0,1
"POINT (9.574192058000051 52.633288238000034)",Unfall 1417 (2024) Kat:3, Licht: 2,1417,3,7,8,07,02,1,,2,0,1,0,0
"POINT (9.756797519000031 52.334309939000036)",Unfall 1418 (2024) Kat:3, Licht: 0,1418,3,2,5,05,16,4,,0,1,0,0,0
"POINT (9.865836782000031 52.362390748000053)",Unfall 1419 (2024) Kat:3, Licht: 0,1419,3,3,5,06,12,5,,0,1,1,0,0
"POINT (9.680877950000024 52.380903071000034)",Unfall 1420 (2024) Kat:3, Licht: 0,1420,3,3,5,07,13,5,,0,1,1,0,0
"POINT (9.627079185000071 52.423248379000029)",Unfall 1421 (2024) Kat:3, Licht: 0,1421,3,6,2,09,06,4,,0,0,1,0,0
"POINT (9.882891944000050 52.359133481000072)",Unfall 1422 (2024) Kat:3, Licht: 0,1422,3,1,9,09,09,4,,0,0,1,0,0
"POINT (9.451004732000058 52.521344363000026)",Unfall 1423 (2024) Kat:3, Licht: 0,1423,3,1,8,09,13,4,,0,0,1,0,0
"POINT (9.597121631000050 52.409056971000041)",Unfall 1424 (2024) Kat:3, Licht: 0,1424,3,6,2,09,07,4,,0,0,1,0,0
"POINT (9.954266322000024 52.321740696000063)",Unfall 1425 (2024) Kat:3, Licht: 2,1425,3,4,6,09,23,4,,2,0,1,1,0
"POINT (9.943502353000042 52.477349645000061)",Unfall 1426 (2024) Kat:3, Licht: 1,1426,3,6,8,09,05,4,,1,0,1,0,0
"POINT (9.657362779000039 52.349645683000062)",Unfall 1427 (2024) Kat:1, Licht: 2,1427,1,1,9,09,21,4,,2,0,1,0,0
"POINT (9.868347099000061 52.312778406000064)",Unfall 1428 (2024) Kat:3, Licht: 1,1428,3,1,8,09,07,4,,1,0,1,0,0
"POINT (9.734385617000044 52.389353926000069)",Unfall 1429 (2024) Kat:3, Licht: 0,1429,3,6,4,09,14,4,,0,1,0,0,0
"POINT (9.730504725000060 52.370778711000071)",Unfall 1430 (2024) Kat:3, Licht: 0,1430,3,3,5,09,07,4,,0,1,1,0,0
"POINT (9.785195650000048 52.320720460000075)",Unfall 1431 (2024) Kat:3, Licht: 0,1431,3,7,7,09,07,3,,0,1,0,0,0