WKT,Name,OBJECTID,UKATEGORIE,UTYP1,UART,UMONAT,USTUNDE,UWOCHENTAG,STRZUSTAND,ULICHTVERH,ISTRAD,ISTPKW,ISTFUSS,ISTKRAD
"POINT (9.761402323000027 52.370480182000051)",Unfall 1432 (2024) Kat:3, Licht: 2,1432,3,2,5,09,20,3,,2,1,1,0,0
"POINT (9.696266581000032 52.418629572000043)",Unfall 1433 (2024) Kat:3, Licht: 0,1433,3,1,0,09,10,3,,0,0,0,0,1
"POINT (9.477169923000076 52.509187035000082)",Unfall 1434 (2024) Kat:3, Licht: 0,1434,3,3,5,09,14,3,,0,0,1,0,0
"POINT (9.970458872000052 52.470882602000074)",Unfall 1435 (2024) Kat:3, Licht: 0,1435,3,1,9,09,10,3,,0,0,0,0,0
"POINT (9.800117417000024 52.542445365000049)",Unfall 1436 (2024) Kat:3, Licht: 0,1436,3,6,2,09,17,3,,0,0,1,0,0
"POINT (9.827277156000036 52.355959137000070)",Unfall 1437 (2024) Kat:3, Licht: 0,1437,3,2,5,09,18,2,,0,1,1,0,0
"POINT (9.427714083000069 52.431063096000059)",Unfall 1438 (2024) Kat:3, Licht: 0,1438,3,2,2,09,13,2,,0,0,1,0,1
"POINT (9.535924555000065 52.441904348000037)",Unfall 1439 (2024) Kat:3, Licht: 0,1439,3,5,2,09,17,2,,0,0,1,0,0
"POINT (9.733952811000051 52.478549848000057)",Unfall 1440 (2024) Kat:3, Licht: 1,1440,3,4,0,09,07,2,,1,0,1,1,0
"POINT (9.462574349000022 52.378949441000032)",Unfall 1441 (2024) Kat:3, Licht: 2,1441,3,7,8,09,01,2,,2,0,0,0,0
"POINT (9.745034540000063 52.369035825000026)",Unfall 1442 (2024) Kat:3, Licht: 2,1442,3,6,2,09,20,1,,2,0,1,0,0
"POINT (9.722604274000048 52.378409601000044)",Unfall 1443 (2024) Kat:3, Licht: 0,1443,3,6,2,09,14,1,,0,0,1,0,0
"POINT (9.382755309000061 52.456939540000064)",Unfall 1444 (2024) Kat:3, Licht: 0,1444,3,6,4,09,10,1,,0,0,1,0,0
"POINT (9.477310371000044 52.387309796000068)",Unfall 1445 (2024) Kat:3, Licht: 0,1445,3,2,5,09,15,1,,0,0,1,0,0
"POINT (9.959263575000023 52.363740447000055)",Unfall 1446 (2024) Kat:3, Licht: 0,1446,3,2,4,09,14,1,,0,0,1,0,0
"POINT (9.936831843000050 52.445845045000056)",Unfall 1447 (2024) Kat:3, Licht: 0,1447,3,6,2,09,17,1,,0,0,1,0,0
"POINT (9.858049486000027 52.407459943000049)",Unfall 1448 (2024) Kat:3, Licht: 0,1448,3,1,8,09,18,1,,0,0,1,0,0
"POINT (9.696447497000065 52.379743316000031)",Unfall 1449 (2024) Kat:3, Licht: 2,1449,3,1,9,09,01,1,,2,0,1,0,0
"POINT (9.699937735000049 52.362970620000056)",Unfall 1450 (2024) Kat:3, Licht: 0,1450,3,2,4,09,18,7,,0,1,0,0,0
"POINT (9.389305155000045 52.458134235000045)",Unfall 1451 (2024) Kat:3, Licht: 0,1451,3,2,3,09,13,7,,0,1,1,0,0
"POINT (9.491893034000043 52.415933249000034)",Unfall 1452 (2024) Kat:3, Licht: 0,1452,3,6,2,09,16,7,,0,0,1,0,0
"POINT (9.739924679000069 52.319808680000051)",Unfall 1453 (2024) Kat:3, Licht: 0,1453,3,2,5,09,08,7,,0,1,1,0,0
"POINT (9.488288073000035 52.308865729000047)",Unfall 1454 (2024) Kat:3, Licht: 0,1454,3,3,5,09,12,7,,0,0,1,0,0
"POINT (9.909841361000076 52.292983673000037)",Unfall 1455 (2024) Kat:3, Licht: 0,1455,3,3,5,09,14,7,,0,0,1,0,0
"POINT (9.734404114000029 52.468703122000079)",Unfall 1456 (2024) Kat:3, Licht: 0,1456,3,6,4,09,13,7,,0,0,1,0,0
"POINT (9.810675979000052 52.529462707000050)",Unfall 1457 (2024) Kat:2, Licht: 0,1457,2,7,8,09,16,7,,0,0,1,0,0
"POINT (9.450952889000064 52.372274304000030)",Unfall 1458 (2024) Kat:3, Licht: 2,1458,3,7,2,09,01,7,,2,0,0,0,0
"POINT (9.734747996000067 52.407693363000078)",Unfall 1459 (2024) Kat:3, Licht: 0,1459,3,7,6,09,14,7,,0,0,0,1,0
"POINT (9.451477031000024 52.430637087000036)",Unfall 1460 (2024) Kat:3, Licht: 0,1460,3,7,5,09,18,6,,0,0,1,1,0
"POINT (9.697172008000052 52.213899905000062)",Unfall 1461 (2024) Kat:3, Licht: 0,1461,3,7,0,09,13,6,,0,1,0,0,0
"POINT (9.593998218000024 52.320338256000070)",Unfall 1462 (2024) Kat:3, Licht: 0,1462,3,3,5,09,09,6,,0,1,1,0,0
"POINT (9.589832433000026 52.581196553000041)",Unfall 1463 (2024) Kat:3, Licht: 0,1463,3,3,5,09,15,6,,0,1,1,0,0
"POINT (9.737661684000045 52.544416327000079)",Unfall 1464 (2024) Kat:3, Licht: 0,1464,3,3,5,09,07,6,,0,1,1,0,0
"POINT (9.657731313000056 52.356994473000043)",Unfall 1465 (2024) Kat:3, Licht: 2,1465,3,3,5,09,21,6,,2,0,1,0,0
"POINT (9.690040226000065 52.385802870000077)",Unfall 1466 (2024) Kat:3, Licht: 0,1466,3,6,2,09,14,5,,0,0,1,0,0
"POINT (9.715819940000074 52.378166338000028)",Unfall 1467 (2024) Kat:3, Licht: 0,1467,3,6,2,09,08,5,,0,0,1,0,0
"POINT (9.833349246000068 52.361246707000078)",Unfall 1468 (2024) Kat:3, Licht: 0,1468,3,3,5,09,17,5,,0,1,0,0,0
"POINT (9.402702049000027 52.427060546000064)",Unfall 1469 (2024) Kat:3, Licht: 0,1469,3,6,2,09,17,5,,0,0,1,0,0
"POINT (9.793819053000050 52.217119455000045)",Unfall 1470 (2024) Kat:3, Licht: 0,1470,3,6,4,09,12,5,,0,0,1,0,0
"POINT (9.716101707000064 52.313455147000070)",Unfall 1471 (2024) Kat:3, Licht: 0,1471,3,3,5,09,12,5,,0,0,0,0,1
"POINT (9.965690040000027 52.315650496000046)",Unfall 1472 (2024) Kat:3, Licht: 0,1472,3,6,2,09,15,5,,0,0,1,0,0
"POINT (9.964370624000026 52.316275213000040)",Unfall 1473 (2024) Kat:3, Licht: 0,1473,3,3,5,09,14,5,,0,0,1,0,1
"POINT (9.778922721000072 52.425894208000045)",Unfall 1474 (2024) Kat:3, Licht: 0,1474,3,6,2,09,17,5,,0,1,0,0,0
"POINT (9.881440776000034 52.435749299000065)",Unfall 1475 (2024) Kat:3, Licht: 2,1475,3,3,5,09,21,5,,2,0,1,0,1
"POINT (9.907250586000032 52.478818009000065)",Unfall 1476 (2024) Kat:3, Licht: 0,1476,3,6,3,09,07,5,,0,0,1,0,0
"POINT (10.019628716000057 52.436340665000046)",Unfall 1477 (2024) Kat:3, Licht: 0,1477,3,2,5,09,07,5,,0,0,1,0,0
"POINT (9.674739798000076 52.381939036000063)",Unfall 1478 (2024) Kat:2, Licht: 0,1478,2,7,0,09,19,5,,0,1,0,0,0
"POINT (9.837129395000034 52.276910354000051)",Unfall 1479 (2024) Kat:3, Licht: 1,1479,3,7,0,09,20,4,,1,1,0,0,0
"POINT (9.746489073000021 52.369092104000060)",Unfall 1480 (2024) Kat:3, Licht: 0,1480,3,6,2,09,14,4,,0,0,1,0,0
"POINT (9.788485798000067 52.271305230000053)",Unfall 1481 (2024) Kat:3, Licht: 0,1481,3,6,2,09,07,4,,0,0,1,0,0
"POINT (9.464712702000043 52.514226419000067)",Unfall 1482 (2024) Kat:3, Licht: 0,1482,3,2,2,09,07,4,,0,0,1,0,0
"POINT (9.738462931000072 52.437834746000078)",Unfall 1483 (2024) Kat:3, Licht: 0,1483,3,6,2,09,08,4,,0,0,1,0,0
"POINT (9.900175668000031 52.493721222000033)",Unfall 1484 (2024) Kat:3, Licht: 0,1484,3,3,5,09,16,4,,0,1,1,0,0
"POINT (9.794006432000060 52.350618687000065)",Unfall 1485 (2024) Kat:3, Licht: 0,1485,3,6,2,09,14,4,,0,0,1,0,0
"POINT (9.459344740000063 52.377087870000082)",Unfall 1486 (2024) Kat:3, Licht: 0,1486,3,6,2,09,09,4,,0,0,1,0,0
"POINT (9.686293119000027 52.429872202000070)",Unfall 1487 (2024) Kat:3, Licht: 0,1487,3,6,2,09,07,4,,0,0,1,0,0
"POINT (9.723533601000042 52.377902495000058)",Unfall 1488 (2024) Kat:3, Licht: 0,1488,3,7,7,09,14,3,,0,1,0,0,0
"POINT (9.697216540000056 52.378183162000028)",Unfall 1489 (2024) Kat:3, Licht: 0,1489,3,6,2,09,16,3,,0,0,1,0,0
"POINT (9.798286862000054 52.420166458000040)",Unfall 1490 (2024) Kat:3, Licht: 0,1490,3,3,5,09,15,3,,0,1,1,0,0
"POINT (9.464286550000054 52.402793824000071)",Unfall 1491 (2024) Kat:3, Licht: 2,1491,3,1,9,09,23,3,,2,0,0,0,0
"POINT (9.663352842000052 52.315825718000042)",Unfall 1492 (2024) Kat:3, Licht: 0,1492,3,2,4,09,14,3,,0,0,1,0,0
"POINT (9.581727562000026 52.417667406000078)",Unfall 1493 (2024) Kat:3, Licht: 0,1493,3,6,2,09,12,3,,0,0,1,0,1
"POINT (9.761676140000077 52.345722169000055)",Unfall 1494 (2024) Kat:3, Licht: 0,1494,3,7,4,09,16,3,,0,0,1,0,0
"POINT (9.812948408000068 52.305179456000076)",Unfall 1495 (2024) Kat:3, Licht: 0,1495,3,2,5,09,10,3,,0,0,1,0,0
"POINT (9.440047854000056 52.417768216000070)",Unfall 1496 (2024) Kat:3, Licht: 2,1496,3,1,0,09,22,2,,2,0,0,0,0
"POINT (9.468504425000049 52.504534758000034)",Unfall 1497 (2024) Kat:3, Licht: 0,1497,3,3,5,09,07,2,,0,0,1,0,0
"POINT (9.790029103000052 52.519368493000059)",Unfall 1498 (2024) Kat:3, Licht: 0,1498,3,3,5,09,18,2,,0,1,1,0,0
"POINT (9.464540543000055 52.403373774000045)",Unfall 1499 (2024) Kat:2, Licht: 0,1499,2,1,8,09,19,2,,0,0,1,0,0
"POINT (9.720043813000075 52.391941859000042)",Unfall 1500 (2024) Kat:3, Licht: 0,1500,3,7,6,09,14,2,,0,0,1,1,0
"POINT (9.861094121000065 52.420891821000055)",Unfall 1501 (2024) Kat:3, Licht: 0,1501,3,6,2,09,16,2,,0,0,1,0,0
"POINT (9.671922673000040 52.358500414000048)",Unfall 1502 (2024) Kat:3, Licht: 0,1502,3,7,7,09,12,1,,0,1,0,0,0
"POINT (9.831570016000057 52.361176763000060)",Unfall 1503 (2024) Kat:3, Licht: 0,1503,3,7,0,09,15,1,,0,1,0,0,0
"POINT (9.859085446000051 52.511678084000039)",Unfall 1504 (2024) Kat:2, Licht: 0,1504,2,7,0,09,18,1,,0,0,0,0,0
"POINT (10.130293420000044 52.370347748000029)",Unfall 1505 (2024) Kat:2, Licht: 0,1505,2,3,5,09,18,1,,0,1,0,0,0
"POINT (10.114109647000021 52.457147451000026)",Unfall 1506 (2024) Kat:3, Licht: 0,1506,3,7,8,09,13,1,,0,0,1,0,0
"POINT (9.663262092000025 52.300395402000049)",Unfall 1507 (2024) Kat:3, Licht: 0,1507,3,1,9,09,15,4,,0,0,1,0,0
"POINT (9.526406476000034 52.417583568000055)",Unfall 1508 (2024) Kat:3, Licht: 0,1508,3,6,2,09,12,5,,0,0,1,0,0
"POINT (9.791682232000028 52.315278946000035)",Unfall 1509 (2024) Kat:3, Licht: 0,1509,3,7,0,08,15,7,,0,1,0,0,0
"POINT (9.738798843000041 52.368040610000037)",Unfall 1510 (2024) Kat:3, Licht: 0,1510,3,2,5,08,16,7,,0,1,1,0,0
"POINT (9.710833968000031 52.429553812000051)",Unfall 1511 (2024) Kat:3, Licht: 2,1511,3,6,2,08,04,7,,2,0,1,0,0
"POINT (9.463290719000042 52.529114337000067)",Unfall 1512 (2024) Kat:2, Licht: 2,1512,2,1,0,08,23,7,,2,1,0,0,0
"POINT (9.897215112000026 52.290505944000074)",Unfall 1513 (2024) Kat:3, Licht: 2,1513,3,7,8,08,21,7,,2,0,1,0,0
"POINT (9.858257585000047 52.306791296000029)",Unfall 1514 (2024) Kat:3, Licht: 0,1514,3,6,2,08,13,6,,0,0,0,0,0
"POINT (9.699780027000031 52.416386525000064)",Unfall 1515 (2024) Kat:3, Licht: 0,1515,3,6,2,08,07,6,,0,0,1,0,0
"POINT (9.672549399000047 52.428688643000044)",Unfall 1516 (2024) Kat:3, Licht: 1,1516,3,1,9,08,06,6,,1,0,1,0,0
"POINT (9.822714927000050 52.406438996000077)",Unfall 1517 (2024) Kat:3, Licht: 0,1517,3,3,5,08,11,6,,0,0,1,0,0
"POINT (9.719218582000053 52.392802584000037)",Unfall 1518 (2024) Kat:3, Licht: 0,1518,3,4,6,08,11,6,,0,0,1,1,0
"POINT (9.846946754000044 52.274777578000055)",Unfall 1519 (2024) Kat:3, Licht: 0,1519,3,6,2,08,16,5,,0,0,1,0,0
"POINT (9.787436626000044 52.372073486000033)",Unfall 1520 (2024) Kat:3, Licht: 0,1520,3,3,5,08,08,5,,0,0,1,0,0
"POINT (9.648877835000064 52.412484104000043)",Unfall 1521 (2024) Kat:3, Licht: 2,1521,3,7,0,08,00,5,,2,0,0,0,0
"POINT (9.660008348000076 52.376953330000049)",Unfall 1522 (2024) Kat:2, Licht: 0,1522,2,6,0,08,15,5,,0,0,0,0,1
"POINT (9.697726497000076 52.377158772000030)",Unfall 1523 (2024) Kat:3, Licht: 0,1523,3,6,1,08,12,5,,0,0,1,0,0
"POINT (9.773709550000035 52.332098040000062)",Unfall 1524 (2024) Kat:3, Licht: 0,1524,3,6,3,08,09,5,,0,1,0,0,0
"POINT (9.462500966000050 52.402903520000052)",Unfall 1525 (2024) Kat:3, Licht: 0,1525,3,1,8,08,18,5,,0,0,1,0,0
"POINT (9.422702892000075 52.429381354000043)",Unfall 1526 (2024) Kat:2, Licht: 0,1526,2,3,5,08,09,5,,0,1,1,0,0
"POINT (9.576463467000053 52.440251170000067)",Unfall 1527 (2024) Kat:3, Licht: 0,1527,3,3,5,08,11,5,,0,1,1,0,0
"POINT (9.617943077000064 52.428866452000079)",Unfall 1528 (2024) Kat:2, Licht: 0,1528,2,6,2,08,17,5,,0,0,1,0,0
"POINT (9.648428043000024 52.423993198000062)",Unfall 1529 (2024) Kat:3, Licht: 0,1529,3,3,0,08,16,5,,0,0,1,0,0
"POINT (9.826255415000048 52.289689145000068)",Unfall 1530 (2024) Kat:3, Licht: 1,1530,3,6,4,08,05,5,,1,1,0,0,0
"POINT (9.726445410000053 52.366800681000029)",Unfall 1531 (2024) Kat:3, Licht: 0,1531,3,7,8,08,19,7,,0,0,1,0,0
"POINT (9.734840758000075 52.368944953000039)",Unfall 1532 (2024) Kat:3, Licht: 0,1532,3,6,2,08,19,4,,0,0,1,0,0
"POINT (9.722515692000059 52.378457164000054)",Unfall 1533 (2024) Kat:3, Licht: 0,1533,3,6,2,08,13,4,,0,0,1,0,0
"POINT (9.652073940000037 52.377098726000042)",Unfall 1534 (2024) Kat:3, Licht: 0,1534,3,2,2,08,07,4,,0,0,1,0,0
"POINT (9.476187495000033 52.503743366000037)",Unfall 1535 (2024) Kat:3, Licht: 2,1535,3,2,0,08,20,4,,2,0,1,0,1
"POINT (9.357746202000044 52.501304094000034)",Unfall 1536 (2024) Kat:3, Licht: 0,1536,3,7,0,08,13,4,,0,1,0,0,0
"POINT (9.720362907000037 52.540657115000045)",Unfall 1537 (2024) Kat:3, Licht: 0,1537,3,2,5,08,13,4,,0,0,0,0,1
"POINT (9.861087802000043 52.420888723000076)",Unfall 1538 (2024) Kat:3, Licht: 0,1538,3,6,2,08,15,4,,0,0,1,0,0
"POINT (9.818367351000063 52.427678456000081)",Unfall 1539 (2024) Kat:3, Licht: 0,1539,3,6,3,08,11,4,,0,0,1,0,0
"POINT (9.733320306000053 52.420948466000027)",Unfall 1540 (2024) Kat:3, Licht: 0,1540,3,3,5,08,17,4,,0,1,0,0,0
"POINT (9.734997094000050 52.393279426000049)",Unfall 1541 (2024) Kat:3, Licht: 0,1541,3,2,5,08,15,4,,0,1,0,0,0
"POINT (9.714573686000051 52.361075069000037)",Unfall 1542 (2024) Kat:3, Licht: 0,1542,3,2,5,09,15,4,,0,0,1,0,0
"POINT (9.727066314000069 52.366904355000031)",Unfall 1543 (2024) Kat:3, Licht: 0,1543,3,2,5,08,15,3,,0,1,1,0,0
"POINT (9.719601527000066 52.367647141000077)",Unfall 1544 (2024) Kat:3, Licht: 2,1544,3,6,2,08,22,3,,2,0,1,0,0
"POINT (9.824172679000071 52.339615560000027)",Unfall 1545 (2024) Kat:3, Licht: 0,1545,3,2,4,08,07,3,,0,1,1,0,0
"POINT (9.774665928000047 52.331146377000039)",Unfall 1546 (2024) Kat:3, Licht: 0,1546,3,6,2,08,08,3,,0,0,1,0,0
"POINT (9.746436899000059 52.320495706000031)",Unfall 1547 (2024) Kat:3, Licht: 0,1547,3,3,5,08,07,3,,0,0,1,0,0
"POINT (9.475068105000048 52.503825914000060)",Unfall 1548 (2024) Kat:3, Licht: 0,1548,3,6,2,08,13,3,,0,0,1,0,0
"POINT (9.913166456000056 52.358650921000049)",Unfall 1549 (2024) Kat:3, Licht: 0,1549,3,7,0,08,15,3,,0,1,0,0,0
"POINT (9.723670510000034 52.440200537000067)",Unfall 1550 (2024) Kat:3, Licht: 0,1550,3,6,2,08,11,3,,0,0,1,0,0
"POINT (9.589351277000048 52.423736087000066)",Unfall 1551 (2024) Kat:3, Licht: 0,1551,3,6,3,08,15,3,,0,0,1,0,0
"POINT (9.819917459000067 52.406433627000069)",Unfall 1552 (2024) Kat:3, Licht: 0,1552,3,6,2,08,07,3,,0,0,1,0,0
"POINT (9.704198678000068 52.417071624000073)",Unfall 1553 (2024) Kat:3, Licht: 2,1553,3,3,5,08,03,3,,2,0,1,0,0
"POINT (9.695035378000057 52.337613476000058)",Unfall 1554 (2024) Kat:3, Licht: 0,1554,3,2,5,08,16,2,,0,1,1,0,0
"POINT (9.677438755000026 52.192763059000072)",Unfall 1555 (2024) Kat:3, Licht: 0,1555,3,6,4,08,06,2,,0,0,1,0,0
"POINT (9.665314615000057 52.335586087000081)",Unfall 1556 (2024) Kat:3, Licht: 0,1556,3,3,5,08,08,2,,0,1,1,0,0
"POINT (9.769424785000069 52.204736333000028)",Unfall 1557 (2024) Kat:2, Licht: 0,1557,2,1,8,08,08,2,,0,0,1,0,0
"POINT (9.511589422000043 52.426660370000036)",Unfall 1558 (2024) Kat:3, Licht: 0,1558,3,5,1,08,12,1,,0,0,1,0,1
"POINT (9.901148257000045 52.287774740000032)",Unfall 1559 (2024) Kat:3, Licht: 0,1559,3,6,3,08,19,1,,0,0,1,0,1
"POINT (9.761950073000037 52.370422412000039)",Unfall 1560 (2024) Kat:3, Licht: 0,1560,3,6,2,08,15,7,,0,0,1,0,0
"POINT (9.720391526000071 52.391498964000050)",Unfall 1561 (2024) Kat:3, Licht: 0,1561,3,4,6,08,08,7,,0,0,0,1,1
"POINT (9.726604628000075 52.375559118000069)",Unfall 1562 (2024) Kat:3, Licht: 0,1562,3,2,3,08,19,7,,0,0,1,0,0
"POINT (9.766558410000073 52.340659419000076)",Unfall 1563 (2024) Kat:3, Licht: 2,1563,3,7,0,08,02,7,,2,0,0,0,0
"POINT (9.355118100000027 52.444652269000073)",Unfall 1564 (2024) Kat:3, Licht: 0,1564,3,6,2,08,18,7,,0,0,1,0,1
"POINT (9.551872713000023 52.318558168000038)",Unfall 1565 (2024) Kat:3, Licht: 0,1565,3,7,1,08,18,7,,0,0,1,0,1
"POINT (9.478432506000047 52.386081270000034)",Unfall 1566 (2024) Kat:3, Licht: 0,1566,3,3,5,08,14,7,,0,0,1,0,0
"POINT (9.648611799000037 52.412683821000030)",Unfall 1567 (2024) Kat:3, Licht: 1,1567,3,6,2,08,19,4,,1,0,1,0,0
"POINT (9.801979091000021 52.370616138000059)",Unfall 1568 (2024) Kat:3, Licht: 0,1568,3,6,2,08,13,6,,0,0,1,0,0
"POINT (9.762647374000039 52.344635382000035)",Unfall 1569 (2024) Kat:3, Licht: 0,1569,3,6,2,08,13,6,,0,0,1,0,0
"POINT (9.396820017000039 52.456154512000069)",Unfall 1570 (2024) Kat:3, Licht: 2,1570,3,6,2,08,23,6,,2,0,1,0,0
"POINT (9.419456124000021 52.450052077000066)",Unfall 1571 (2024) Kat:3, Licht: 0,1571,3,3,5,08,06,6,,0,1,1,0,0
"POINT (9.665533979000031 52.332895310000026)",Unfall 1572 (2024) Kat:3, Licht: 0,1572,3,3,5,08,07,6,,0,1,1,0,0
"POINT (9.426704840000070 52.321055958000045)",Unfall 1573 (2024) Kat:3, Licht: 0,1573,3,2,2,08,18,6,,0,1,1,0,0
"POINT (9.593354581000028 52.437718733000054)",Unfall 1574 (2024) Kat:3, Licht: 0,1574,3,3,5,08,16,6,,0,1,1,0,0
"POINT (9.754725994000069 52.524580703000026)",Unfall 1575 (2024) Kat:3, Licht: 0,1575,3,3,6,08,11,6,,0,0,1,1,0
"POINT (9.971348170000056 52.369126739000080)",Unfall 1576 (2024) Kat:3, Licht: 0,1576,3,2,3,08,12,6,,0,1,1,0,0
"POINT (9.808462958000064 52.532212488000027)",Unfall 1577 (2024) Kat:3, Licht: 0,1577,3,1,9,08,08,6,,0,0,1,0,0
"POINT (9.799546829000064 52.446826841000075)",Unfall 1578 (2024) Kat:3, Licht: 0,1578,3,7,5,08,17,6,,0,0,1,0,1
"POINT (9.736192788000039 52.399277006000034)",Unfall 1579 (2024) Kat:3, Licht: 1,1579,3,2,4,09,05,3,,1,1,1,0,0
"POINT (9.810267518000046 52.382397251000043)",Unfall 1580 (2024) Kat:3, Licht: 0,1580,3,6,2,08,15,2,,0,1,0,0,0
"POINT (9.717821992000040 52.395465164000029)",Unfall 1581 (2024) Kat:3, Licht: 2,1581,3,7,0,08,21,5,,2,0,0,0,0
"POINT (9.646376763000035 52.401316475000044)",Unfall 1582 (2024) Kat:3, Licht: 0,1582,3,3,5,08,07,5,,0,0,1,0,1
"POINT (9.635625907000076 52.553177334000054)",Unfall 1583 (2024) Kat:3, Licht: 1,1583,3,3,5,08,19,5,,1,1,0,0,0
"POINT (9.980241643000056 52.374777887000050)",Unfall 1584 (2024) Kat:3, Licht: 0,1584,3,6,2,08,17,5,,0,0,1,0,0
"POINT (10.015019739000024 52.420890426000028)",Unfall 1585 (2024) Kat:3, Licht: 1,1585,3,1,9,08,19,5,,1,0,0,0,1
"POINT (9.754197568000052 52.355510656000035)",Unfall 1586 (2024) Kat:3, Licht: 0,1586,3,3,5,08,18,5,,0,1,1,0,0
"POINT (9.719454681000059 52.346537419000072)",Unfall 1587 (2024) Kat:3, Licht: 2,1587,3,1,8,08,02,4,,2,0,1,0,0
"POINT (9.675406040000041 52.377153099000054)",Unfall 1588 (2024) Kat:3, Licht: 0,1588,3,2,2,08,17,4,,0,1,1,0,0
"POINT (9.488172093000060 52.556359325000074)",Unfall 1589 (2024) Kat:3, Licht: 0,1589,3,2,5,08,13,4,,0,1,1,0,0
"POINT (9.477272776000063 52.387335401000030)",Unfall 1590 (2024) Kat:3, Licht: 0,1590,3,3,5,08,05,4,,0,0,1,0,0
"POINT (9.753840409000077 52.526045720000070)",Unfall 1591 (2024) Kat:3, Licht: 0,1591,3,6,2,08,07,4,,0,0,1,0,0
"POINT (9.723351548000039 52.440633283000068)",Unfall 1592 (2024) Kat:3, Licht: 0,1592,3,6,2,08,09,4,,0,0,1,0,0
"POINT (9.860626842000045 52.517371367000067)",Unfall 1593 (2024) Kat:3, Licht: 0,1593,3,6,2,08,17,4,,0,0,1,0,0
"POINT (9.964185127000064 52.478909557000065)",Unfall 1594 (2024) Kat:3, Licht: 0,1594,3,6,3,08,08,4,,0,1,1,0,0
"POINT (9.508338313000024 52.408603210000081)",Unfall 1595 (2024) Kat:3, Licht: 0,1595,3,6,2,08,14,4,,0,0,1,0,0
"POINT (9.883906393000075 52.430126087000076)",Unfall 1596 (2024) Kat:3, Licht: 0,1596,3,6,0,08,12,4,,0,0,1,0,0
"POINT (9.610801090000052 52.421973492000063)",Unfall 1597 (2024) Kat:2, Licht: 0,1597,2,6,2,08,07,4,,0,0,1,0,1
"POINT (9.816880481000055 52.363017296000066)",Unfall 1598 (2024) Kat:3, Licht: 1,1598,3,7,0,09,19,1,,1,0,0,0,0
"POINT (9.714843509000048 52.398456027000066)",Unfall 1599 (2024) Kat:3, Licht: 0,1599,3,2,5,08,15,3,,0,0,1,0,0
"POINT (9.733711755000058 52.384512998000048)",Unfall 1600 (2024) Kat:3, Licht: 0,1600,3,6,2,08,14,3,,0,0,1,0,0
"POINT (9.697759802000064 52.377127307000080)",Unfall 1601 (2024) Kat:3, Licht: 0,1601,3,6,2,08,13,3,,0,0,1,0,0
"POINT (9.686349482000026 52.378928727000073)",Unfall 1602 (2024) Kat:3, Licht: 1,1602,3,7,0,08,05,3,,1,1,0,0,0
"POINT (9.416823227000066 52.427842033000047)",Unfall 1603 (2024) Kat:3, Licht: 0,1603,3,3,5,08,11,3,,0,1,1,0,0
"POINT (9.654688990000068 52.239097626000046)",Unfall 1604 (2024) Kat:3, Licht: 0,1604,3,6,2,09,13,3,,0,1,1,0,0
"POINT (10.184032796000054 52.465400864000060)",Unfall 1605 (2024) Kat:3, Licht: 0,1605,3,3,5,08,17,2,,0,0,1,0,0
"POINT (10.047751560000052 52.483582335000051)",Unfall 1606 (2024) Kat:3, Licht: 0,1606,3,3,5,08,19,2,,0,0,1,0,0
"POINT (9.747092921000046 52.547545713000034)",Unfall 1607 (2024) Kat:3, Licht: 0,1607,3,2,5,09,13,4,,0,1,1,0,0
"POINT (9.721230162000040 52.338230089000035)",Unfall 1608 (2024) Kat:3, Licht: 0,1608,3,2,3,09,15,2,,0,0,1,0,0
"POINT (9.840176282000073 52.301863363000052)",Unfall 1609 (2024) Kat:3, Licht: 0,1609,3,1,0,08,15,1,,0,0,0,0,1
"POINT (9.721295560000044 52.360767445000079)",Unfall 1610 (2024) Kat:3, Licht: 2,1610,3,7,0,08,00,1,,2,0,0,0,0
"POINT (9.711670171000037 52.405195566000032)",Unfall 1611 (2024) Kat:3, Licht: 0,1611,3,6,2,08,18,1,,0,0,1,0,0
"POINT (9.757123633000049 52.319625985000073)",Unfall 1612 (2024) Kat:3, Licht: 0,1612,3,3,5,08,16,1,,0,1,1,0,0
"POINT (9.580238472000076 52.442881239000030)",Unfall 1613 (2024) Kat:3, Licht: 0,1613,3,6,3,08,16,1,,0,0,1,0,0
"POINT (9.500257689000023 52.426203928000064)",Unfall 1614 (2024) Kat:3, Licht: 0,1614,3,6,2,08,12,1,,0,0,1,0,0
"POINT (9.729540478000047 52.490100546000065)",Unfall 1615 (2024) Kat:3, Licht: 0,1615,3,1,8,08,13,1,,0,0,1,0,0
"POINT (9.487790132000043 52.619937747000051)",Unfall 1616 (2024) Kat:1, Licht: 0,1616,1,1,4,08,13,1,,0,0,1,0,0
"POINT (9.846353507000060 52.274163532000046)",Unfall 1617 (2024) Kat:2, Licht: 0,1617,2,4,6,08,15,1,,0,0,1,1,0
"POINT (9.697711024000057 52.377173391000042)",Unfall 1618 (2024) Kat:3, Licht: 1,1618,3,6,2,09,19,3,,1,0,1,0,0
"POINT (9.697117972000058 52.374968266000053)",Unfall 1619 (2024) Kat:3, Licht: 2,1619,3,6,2,08,23,7,,2,0,1,0,1
"POINT (9.581767008000043 52.389452660000075)",Unfall 1620 (2024) Kat:3, Licht: 2,1620,3,1,9,08,02,7,,2,0,1,0,0
"POINT (9.292434325000045 52.489494761000060)",Unfall 1621 (2024) Kat:3, Licht: 0,1621,3,2,4,08,12,7,,0,0,1,0,0
"POINT (9.781392051000068 52.363959525000041)",Unfall 1622 (2024) Kat:3, Licht: 0,1622,3,6,2,08,11,7,,0,0,1,0,0
"POINT (9.795667001000027 52.549209526000027)",Unfall 1623 (2024) Kat:3, Licht: 0,1623,3,1,9,08,06,7,,0,0,0,0,0