WKT,Name,OBJECTID,UKATEGORIE,UTYP1,UART,UMONAT,USTUNDE,UWOCHENTAG,STRZUSTAND,ULICHTVERH,ISTRAD,ISTPKW,ISTFUSS,ISTKRAD
"POINT (9.852026551000051 52.359453987000052)",Unfall 1624 (2024) Kat:3, Licht: 0,1624,3,4,6,08,17,7,,0,0,1,1,0
"POINT (9.829361816000073 52.339577754000061)",Unfall 1625 (2024) Kat:3, Licht: 0,1625,3,1,0,08,14,7,,0,0,0,0,1
"POINT (9.764832125000055 52.342738588000032)",Unfall 1626 (2024) Kat:3, Licht: 2,1626,3,3,5,08,01,7,,2,0,1,0,0
"POINT (9.675416246000054 52.377027612000063)",Unfall 1627 (2024) Kat:3, Licht: 0,1627,3,6,2,08,14,5,,0,0,1,0,0
"POINT (9.796359245000076 52.312300588000028)",Unfall 1628 (2024) Kat:3, Licht: 0,1628,3,6,2,08,10,6,,0,0,1,0,0
"POINT (9.772044668000035 52.323302859000080)",Unfall 1629 (2024) Kat:3, Licht: 0,1629,3,7,0,08,18,6,,0,1,0,0,0
"POINT (9.392888430000028 52.431353233000038)",Unfall 1630 (2024) Kat:3, Licht: 0,1630,3,3,5,08,16,6,,0,0,1,0,0
"POINT (9.646107465000057 52.405445922000069)",Unfall 1631 (2024) Kat:3, Licht: 0,1631,3,6,2,08,11,6,,0,0,1,0,1
"POINT (9.751402093000024 52.319285267000055)",Unfall 1632 (2024) Kat:3, Licht: 0,1632,3,6,4,08,18,6,,0,0,0,0,0
"POINT (9.480727315000024 52.503952635000076)",Unfall 1633 (2024) Kat:3, Licht: 0,1633,3,6,4,08,10,6,,0,0,1,0,0
"POINT (9.420661839000047 52.465674023000076)",Unfall 1634 (2024) Kat:1, Licht: 0,1634,1,6,4,08,15,6,,0,0,1,0,1
"POINT (9.868193804000043 52.309700857000053)",Unfall 1635 (2024) Kat:2, Licht: 0,1635,2,3,5,08,14,6,,0,0,1,0,1
"POINT (9.814128098000026 52.524144498000055)",Unfall 1636 (2024) Kat:2, Licht: 0,1636,2,7,8,08,12,6,,0,0,1,0,0
"POINT (9.593966481000052 52.423440383000070)",Unfall 1637 (2024) Kat:3, Licht: 0,1637,3,6,2,08,09,6,,0,0,1,0,0
"POINT (9.756314696000061 52.370161271000029)",Unfall 1638 (2024) Kat:3, Licht: 0,1638,3,4,6,08,12,6,,0,0,1,1,0
"POINT (9.885580794000077 52.358645146000072)",Unfall 1639 (2024) Kat:2, Licht: 2,1639,2,1,8,09,21,1,,2,0,1,0,0
"POINT (9.616102887000068 52.210806250000076)",Unfall 1640 (2024) Kat:3, Licht: 0,1640,3,6,3,08,14,7,,0,1,0,0,0
"POINT (9.734516764000034 52.390715966000073)",Unfall 1641 (2024) Kat:3, Licht: 0,1641,3,6,2,08,20,5,,0,0,1,0,0
"POINT (9.798326864000046 52.420332561000066)",Unfall 1642 (2024) Kat:3, Licht: 2,1642,3,7,0,08,22,5,,2,0,0,0,1
"POINT (9.827648207000038 52.361358859000063)",Unfall 1643 (2024) Kat:3, Licht: 0,1643,3,4,6,08,08,5,,0,0,1,1,0
"POINT (9.764565845000050 52.342650019000075)",Unfall 1644 (2024) Kat:3, Licht: 0,1644,3,2,5,08,13,5,,0,1,1,0,0
"POINT (9.747305949000065 52.215952482000034)",Unfall 1645 (2024) Kat:3, Licht: 0,1645,3,6,2,08,17,5,,0,0,1,0,0
"POINT (9.659387112000047 52.171223046000080)",Unfall 1646 (2024) Kat:3, Licht: 0,1646,3,1,0,08,16,5,,0,0,0,0,1
"POINT (9.642930823000029 52.341914110000062)",Unfall 1647 (2024) Kat:3, Licht: 2,1647,3,6,3,08,21,5,,2,0,1,0,0
"POINT (9.487866427000029 52.567387222000036)",Unfall 1648 (2024) Kat:3, Licht: 0,1648,3,1,8,08,18,5,,0,0,0,0,1
"POINT (9.466335946000072 52.334742191000032)",Unfall 1649 (2024) Kat:3, Licht: 0,1649,3,6,4,08,17,5,,0,0,1,0,0
"POINT (9.749090033000073 52.531073638000066)",Unfall 1650 (2024) Kat:3, Licht: 0,1650,3,3,5,08,16,5,,0,0,1,0,1
"POINT (9.750820673000021 52.524121229000059)",Unfall 1651 (2024) Kat:3, Licht: 0,1651,3,3,5,08,15,5,,0,0,1,0,0
"POINT (10.018799231000060 52.436977444000036)",Unfall 1652 (2024) Kat:3, Licht: 0,1652,3,3,5,08,08,5,,0,1,1,0,0
"POINT (9.560911090000047 52.323049954000055)",Unfall 1653 (2024) Kat:2, Licht: 0,1653,2,1,9,08,17,5,,0,0,1,0,0
"POINT (9.857214161000059 52.491988557000070)",Unfall 1654 (2024) Kat:2, Licht: 0,1654,2,3,5,08,15,5,,0,1,1,0,0
"POINT (9.945817741000042 52.391860426000051)",Unfall 1655 (2024) Kat:3, Licht: 0,1655,3,7,3,08,06,5,,0,0,1,0,0
"POINT (9.663407422000034 52.357320295000079)",Unfall 1656 (2024) Kat:3, Licht: 0,1656,3,6,2,08,17,5,,0,0,1,0,0
"POINT (9.723701489000064 52.377574821000053)",Unfall 1657 (2024) Kat:3, Licht: 0,1657,3,6,2,08,16,5,,0,0,1,0,0
"POINT (9.824939161000032 52.404351748000067)",Unfall 1658 (2024) Kat:3, Licht: 0,1658,3,2,5,08,07,5,,0,1,0,0,0
"POINT (9.437227823000057 52.467182062000063)",Unfall 1659 (2024) Kat:3, Licht: 1,1659,3,3,5,11,06,2,,1,0,1,0,0
"POINT (9.895073136000065 52.372920988000033)",Unfall 1660 (2024) Kat:3, Licht: 0,1660,3,6,2,11,07,2,,0,0,1,0,0
"POINT (9.817320333000055 52.404743065000048)",Unfall 1661 (2024) Kat:3, Licht: 2,1661,3,6,2,11,21,2,,2,0,1,0,0
"POINT (9.815810481000028 52.403378304000057)",Unfall 1662 (2024) Kat:3, Licht: 2,1662,3,1,2,11,19,2,,2,0,1,0,0
"POINT (9.651684874000068 52.417357491000075)",Unfall 1663 (2024) Kat:3, Licht: 0,1663,3,3,5,11,14,2,,0,1,1,0,0
"POINT (9.675398438000059 52.377366737000045)",Unfall 1664 (2024) Kat:2, Licht: 2,1664,2,3,5,11,19,1,,2,0,1,0,0
"POINT (9.707533430000069 52.424225131000071)",Unfall 1665 (2024) Kat:3, Licht: 2,1665,3,7,6,11,02,7,,2,0,1,1,0
"POINT (9.372456340000042 52.434161682000081)",Unfall 1666 (2024) Kat:2, Licht: 0,1666,2,3,5,11,09,7,,0,0,1,0,1
"POINT (9.804656382000076 52.536796711000079)",Unfall 1667 (2024) Kat:3, Licht: 0,1667,3,6,3,11,12,7,,0,0,1,0,0
"POINT (9.690512575000071 52.346807265000052)",Unfall 1668 (2024) Kat:3, Licht: 2,1668,3,6,2,11,17,6,,2,0,1,0,0
"POINT (9.721239812000022 52.361728227000071)",Unfall 1669 (2024) Kat:3, Licht: 1,1669,3,1,0,11,17,6,,1,0,0,0,1
"POINT (9.859829767000065 52.385696824000036)",Unfall 1670 (2024) Kat:3, Licht: 0,1670,3,3,5,11,07,6,,0,0,1,0,0
"POINT (9.811681288000045 52.337624944000027)",Unfall 1671 (2024) Kat:3, Licht: 2,1671,3,3,5,11,17,6,,2,0,1,0,0
"POINT (9.557587237000064 52.204171735000045)",Unfall 1672 (2024) Kat:2, Licht: 2,1672,2,6,2,11,20,6,,2,0,1,0,0
"POINT (9.461076083000023 52.468360137000047)",Unfall 1673 (2024) Kat:3, Licht: 1,1673,3,6,2,11,06,5,,1,0,1,0,0
"POINT (9.455163402000039 52.306545694000079)",Unfall 1674 (2024) Kat:3, Licht: 0,1674,3,3,5,11,15,5,,0,1,1,0,0
"POINT (9.996854471000063 52.453627815000061)",Unfall 1675 (2024) Kat:3, Licht: 0,1675,3,3,5,11,11,5,,0,0,1,0,0
"POINT (9.805515576000062 52.535763789000043)",Unfall 1676 (2024) Kat:3, Licht: 2,1676,3,7,2,11,23,5,,2,0,1,0,0
"POINT (9.717038100000025 52.346190949000061)",Unfall 1677 (2024) Kat:3, Licht: 0,1677,3,3,5,11,07,5,,0,0,1,0,0
"POINT (9.798299098000030 52.412543534000065)",Unfall 1678 (2024) Kat:3, Licht: 2,1678,3,2,6,11,20,4,,2,0,1,1,0
"POINT (9.831707056000027 52.488802284000030)",Unfall 1679 (2024) Kat:3, Licht: 0,1679,3,3,5,11,12,4,,0,0,1,0,0
"POINT (9.845118766000041 52.322788515000070)",Unfall 1680 (2024) Kat:3, Licht: 2,1680,3,7,8,11,18,4,,2,0,1,0,0
"POINT (9.752124174000073 52.358025550000036)",Unfall 1681 (2024) Kat:3, Licht: 0,1681,3,6,2,11,12,3,,0,0,1,0,0
"POINT (9.701588272000038 52.363928476000069)",Unfall 1682 (2024) Kat:3, Licht: 0,1682,3,7,7,11,14,3,,0,1,0,0,0
"POINT (9.697757989000024 52.376339950000045)",Unfall 1683 (2024) Kat:3, Licht: 0,1683,3,6,2,11,12,3,,0,0,1,0,0
"POINT (9.665451965000045 52.333908052000027)",Unfall 1684 (2024) Kat:3, Licht: 0,1684,3,6,0,11,11,3,,0,0,0,0,0
"POINT (9.573131735000061 52.440141400000073)",Unfall 1685 (2024) Kat:3, Licht: 0,1685,3,3,5,11,15,3,,0,0,1,0,0
"POINT (10.133900974000028 52.459269841000037)",Unfall 1686 (2024) Kat:3, Licht: 0,1686,3,2,5,11,15,3,,0,0,1,0,0
"POINT (9.745621629000027 52.427484830000026)",Unfall 1687 (2024) Kat:3, Licht: 1,1687,3,6,2,11,17,3,,1,0,1,0,0
"POINT (9.642718496000043 52.423059560000070)",Unfall 1688 (2024) Kat:3, Licht: 0,1688,3,6,2,11,15,3,,0,0,1,0,0
"POINT (9.722450579000053 52.378492125000037)",Unfall 1689 (2024) Kat:3, Licht: 0,1689,3,2,5,11,14,2,,0,1,1,0,0
"POINT (9.415459326000075 52.428569376000041)",Unfall 1690 (2024) Kat:3, Licht: 0,1690,3,6,2,11,09,1,,0,0,1,0,0
"POINT (9.525808161000043 52.503484775000061)",Unfall 1691 (2024) Kat:3, Licht: 0,1691,3,1,8,11,12,1,,0,0,0,0,1
"POINT (9.627832568000031 52.421236073000046)",Unfall 1692 (2024) Kat:3, Licht: 0,1692,3,1,8,11,13,1,,0,0,1,0,0
"POINT (9.650154855000039 52.411528309000062)",Unfall 1693 (2024) Kat:3, Licht: 2,1693,3,6,2,11,18,1,,2,0,1,0,0
"POINT (10.048801963000074 52.466391544000032)",Unfall 1694 (2024) Kat:3, Licht: 2,1694,3,6,2,11,17,6,,2,0,1,0,0
"POINT (9.655808422000064 52.406440072000066)",Unfall 1695 (2024) Kat:3, Licht: 0,1695,3,6,3,11,13,6,,0,0,1,0,0
"POINT (9.716912709000042 52.436546947000068)",Unfall 1696 (2024) Kat:3, Licht: 2,1696,3,2,5,11,19,6,,2,0,1,0,0
"POINT (9.824811592000060 52.425976558000059)",Unfall 1697 (2024) Kat:3, Licht: 2,1697,3,1,1,11,22,6,,2,0,1,0,0
"POINT (9.785446990000025 52.372353567000062)",Unfall 1698 (2024) Kat:2, Licht: 0,1698,2,7,6,11,15,6,,0,0,0,1,0
"POINT (9.782200864000060 52.325095146000081)",Unfall 1699 (2024) Kat:3, Licht: 0,1699,3,2,5,10,13,5,,0,0,1,0,0
"POINT (9.832749605000060 52.291827058000081)",Unfall 1700 (2024) Kat:3, Licht: 2,1700,3,1,8,10,23,4,,2,0,1,0,0
"POINT (9.712648776000037 52.402122482000038)",Unfall 1701 (2024) Kat:3, Licht: 0,1701,3,3,5,10,12,4,,0,1,0,0,0
"POINT (9.738841696000065 52.368033158000060)",Unfall 1702 (2024) Kat:3, Licht: 0,1702,3,3,5,10,09,4,,0,1,1,0,0
"POINT (9.718058203000055 52.367186539000045)",Unfall 1703 (2024) Kat:3, Licht: 0,1703,3,7,7,10,15,4,,0,1,0,1,0
"POINT (9.695695212000032 52.430360491000044)",Unfall 1704 (2024) Kat:3, Licht: 2,1704,3,6,2,10,18,4,,2,0,1,0,0
"POINT (9.823958695000044 52.384148101000051)",Unfall 1705 (2024) Kat:2, Licht: 2,1705,2,2,5,10,20,4,,2,0,1,0,0
"POINT (9.801036408000073 52.342393468000068)",Unfall 1706 (2024) Kat:3, Licht: 0,1706,3,6,2,10,16,4,,0,0,1,0,0
"POINT (9.767049285000041 52.510407822000047)",Unfall 1707 (2024) Kat:3, Licht: 0,1707,3,7,3,10,15,4,,0,0,1,0,0
"POINT (9.690359189000048 52.374767779000081)",Unfall 1708 (2024) Kat:3, Licht: 0,1708,3,2,5,10,14,4,,0,0,0,0,1
"POINT (9.723060834000023 52.357874202000062)",Unfall 1709 (2024) Kat:3, Licht: 0,1709,3,6,2,10,12,3,,0,0,1,0,0
"POINT (9.735540702000037 52.401611846000037)",Unfall 1710 (2024) Kat:3, Licht: 0,1710,3,7,1,10,12,3,,0,0,1,0,0
"POINT (9.553414076000024 52.203068262000045)",Unfall 1711 (2024) Kat:3, Licht: 2,1711,3,1,9,10,20,3,,2,0,1,0,0
"POINT (9.611387229000059 52.433824974000061)",Unfall 1712 (2024) Kat:3, Licht: 2,1712,3,3,5,10,17,3,,2,0,1,0,0
"POINT (9.920521396000026 52.394841666000048)",Unfall 1713 (2024) Kat:3, Licht: 0,1713,3,6,3,10,13,3,,0,0,1,0,0
"POINT (9.750173037000025 52.327240899000060)",Unfall 1714 (2024) Kat:3, Licht: 2,1714,3,1,9,10,05,3,,2,0,1,0,0
"POINT (9.697739819000049 52.377146187000051)",Unfall 1715 (2024) Kat:3, Licht: 2,1715,3,6,2,11,19,2,,2,0,1,0,0
"POINT (9.728911364000055 52.292436641000052)",Unfall 1716 (2024) Kat:3, Licht: 2,1716,3,6,2,10,18,2,,2,0,1,0,1
"POINT (10.117897328000026 52.358679622000068)",Unfall 1717 (2024) Kat:3, Licht: 0,1717,3,6,2,10,13,2,,0,0,1,0,0
"POINT (9.662526291000063 52.384955821000062)",Unfall 1718 (2024) Kat:2, Licht: 0,1718,2,2,2,10,13,2,,0,0,1,0,1
"POINT (9.565999821000048 52.394358566000051)",Unfall 1719 (2024) Kat:3, Licht: 2,1719,3,7,9,10,02,2,,2,0,1,0,0
"POINT (9.855954847000021 52.388887705000059)",Unfall 1720 (2024) Kat:3, Licht: 0,1720,3,3,5,10,16,3,,0,0,1,0,0
"POINT (9.763346272000035 52.343932785000050)",Unfall 1721 (2024) Kat:3, Licht: 0,1721,3,7,6,10,06,1,,0,0,1,0,0
"POINT (9.422373294000067 52.429372166000064)",Unfall 1722 (2024) Kat:3, Licht: 2,1722,3,6,2,11,17,3,,2,0,1,0,0
"POINT (9.738452401000075 52.368311014000028)",Unfall 1723 (2024) Kat:3, Licht: 0,1723,3,6,4,10,12,7,,0,1,0,0,0
"POINT (9.767421862000049 52.342971393000028)",Unfall 1724 (2024) Kat:3, Licht: 0,1724,3,6,2,10,16,7,,0,0,1,0,1
"POINT (9.593094980000046 52.395949578000057)",Unfall 1725 (2024) Kat:3, Licht: 0,1725,3,1,0,10,17,7,,0,1,0,0,0
"POINT (9.589672964000044 52.397059781000053)",Unfall 1726 (2024) Kat:3, Licht: 0,1726,3,6,0,10,11,7,,0,0,0,0,0
"POINT (9.768102242000055 52.290497201000051)",Unfall 1727 (2024) Kat:3, Licht: 0,1727,3,1,0,10,15,7,,0,1,0,0,0
"POINT (9.859371925000062 52.419974632000049)",Unfall 1728 (2024) Kat:3, Licht: 0,1728,3,6,2,10,15,7,,0,0,1,0,0
"POINT (9.559148694000044 52.340380025000059)",Unfall 1729 (2024) Kat:3, Licht: 1,1729,3,1,8,10,17,7,,1,0,1,0,0
"POINT (9.944162044000052 52.442418779000036)",Unfall 1730 (2024) Kat:3, Licht: 2,1730,3,1,8,10,01,7,,2,0,1,0,0
"POINT (9.804765793000058 52.309164865000071)",Unfall 1731 (2024) Kat:3, Licht: 0,1731,3,7,0,10,13,6,,0,0,1,0,0
"POINT (9.642350831000044 52.414701184000080)",Unfall 1732 (2024) Kat:3, Licht: 0,1732,3,3,5,10,07,6,,0,0,1,0,0
"POINT (9.712248357000021 52.404464949000044)",Unfall 1733 (2024) Kat:3, Licht: 0,1733,3,6,2,10,13,6,,0,0,1,0,0
"POINT (9.814400781000074 52.364455713000041)",Unfall 1734 (2024) Kat:3, Licht: 0,1734,3,3,5,10,12,6,,0,1,1,0,0
"POINT (9.763833355000031 52.343456642000035)",Unfall 1735 (2024) Kat:3, Licht: 2,1735,3,2,4,10,19,4,,2,1,1,0,0
"POINT (9.514088910000055 52.411950860000047)",Unfall 1736 (2024) Kat:3, Licht: 0,1736,3,6,2,10,16,6,,0,0,1,0,0
"POINT (9.586116148000031 52.439017893000027)",Unfall 1737 (2024) Kat:3, Licht: 0,1737,3,6,3,10,14,6,,0,1,0,0,0
"POINT (9.977433919000021 52.316381575000037)",Unfall 1738 (2024) Kat:3, Licht: 0,1738,3,7,7,10,16,6,,0,0,1,0,0
"POINT (9.698605134000047 52.442477930000052)",Unfall 1739 (2024) Kat:3, Licht: 2,1739,3,6,2,10,18,6,,2,0,1,0,0
"POINT (9.515581556000029 52.413274112000067)",Unfall 1740 (2024) Kat:3, Licht: 1,1740,3,7,2,10,18,6,,1,0,1,0,0
"POINT (9.796006745000057 52.474368484000081)",Unfall 1741 (2024) Kat:2, Licht: 0,1741,2,4,6,10,14,6,,0,0,1,1,0
"POINT (9.913184782000030 52.395610727000076)",Unfall 1742 (2024) Kat:3, Licht: 2,1742,3,6,3,10,02,6,,2,0,1,0,0
"POINT (9.747862041000076 52.252422615000057)",Unfall 1743 (2024) Kat:1, Licht: 1,1743,1,1,8,10,18,6,,1,0,1,0,0
"POINT (9.498288691000027 52.353779229000054)",Unfall 1744 (2024) Kat:3, Licht: 0,1744,3,6,8,11,14,7,,0,0,0,0,1
"POINT (9.778163613000061 52.371257028000059)",Unfall 1745 (2024) Kat:3, Licht: 0,1745,3,2,5,10,15,5,,0,0,1,0,0
"POINT (9.698159928000052 52.376968252000040)",Unfall 1746 (2024) Kat:3, Licht: 1,1746,3,6,2,10,19,5,,1,0,1,0,0
"POINT (9.918332540000051 52.445856690000028)",Unfall 1747 (2024) Kat:3, Licht: 0,1747,3,7,1,10,12,5,,0,1,1,0,0
"POINT (9.761646868000071 52.345753029000036)",Unfall 1748 (2024) Kat:3, Licht: 0,1748,3,2,2,10,12,5,,0,0,1,0,0
"POINT (9.733736500000020 52.368943296000054)",Unfall 1749 (2024) Kat:3, Licht: 0,1749,3,6,2,10,13,5,,0,0,1,0,0
"POINT (9.773950070000069 52.371003598000073)",Unfall 1750 (2024) Kat:3, Licht: 0,1750,3,3,5,10,11,5,,0,1,0,0,0
"POINT (9.812137912000026 52.409493593000036)",Unfall 1751 (2024) Kat:3, Licht: 2,1751,3,2,3,10,18,3,,2,1,1,0,0
"POINT (9.677549363000026 52.371765732000028)",Unfall 1752 (2024) Kat:3, Licht: 0,1752,3,2,0,10,14,4,,0,0,1,0,0
"POINT (9.781973554000047 52.345216905000029)",Unfall 1753 (2024) Kat:3, Licht: 0,1753,3,6,2,10,15,4,,0,0,1,0,0
"POINT (9.432277750000026 52.422332294000057)",Unfall 1754 (2024) Kat:3, Licht: 2,1754,3,3,5,10,06,4,,2,1,1,0,0
"POINT (9.502690641000072 52.335229805000040)",Unfall 1755 (2024) Kat:3, Licht: 0,1755,3,1,7,10,15,4,,0,0,1,0,0
"POINT (9.746488783000075 52.452733632000047)",Unfall 1756 (2024) Kat:3, Licht: 2,1756,3,6,2,10,19,4,,2,0,1,0,0
"POINT (9.797479996000050 52.346779074000040)",Unfall 1757 (2024) Kat:3, Licht: 0,1757,3,6,2,10,15,4,,0,0,1,0,0
"POINT (9.739405144000045 52.453264026000056)",Unfall 1758 (2024) Kat:3, Licht: 2,1758,3,3,0,11,18,7,,2,0,1,0,0
"POINT (9.690383156000053 52.374766160000036)",Unfall 1759 (2024) Kat:3, Licht: 0,1759,3,7,0,10,08,3,,0,0,0,0,1
"POINT (9.805381185000044 52.408159938000040)",Unfall 1760 (2024) Kat:3, Licht: 2,1760,3,1,0,10,22,3,,2,0,0,0,1
"POINT (9.800292414000069 52.219325011000080)",Unfall 1761 (2024) Kat:3, Licht: 0,1761,3,7,7,10,08,3,,0,0,1,0,0
"POINT (9.662869742000055 52.342224856000030)",Unfall 1762 (2024) Kat:3, Licht: 0,1762,3,4,6,10,17,3,,0,0,1,1,0
"POINT (9.477282628000069 52.387328691000050)",Unfall 1763 (2024) Kat:3, Licht: 1,1763,3,2,4,10,08,3,,1,0,1,0,0
"POINT (9.570549681000045 52.446757175000073)",Unfall 1764 (2024) Kat:3, Licht: 0,1764,3,2,5,10,17,3,,0,0,1,0,0
"POINT (9.611639515000036 52.436951033000071)",Unfall 1765 (2024) Kat:3, Licht: 0,1765,3,3,5,10,10,3,,0,0,1,0,0
"POINT (9.753727937000065 52.526190959000076)",Unfall 1766 (2024) Kat:3, Licht: 1,1766,3,2,2,10,07,3,,1,1,1,0,0
"POINT (9.963218857000072 52.365341287000035)",Unfall 1767 (2024) Kat:3, Licht: 0,1767,3,7,0,10,17,3,,0,1,0,0,0
"POINT (9.731643678000069 52.438665197000034)",Unfall 1768 (2024) Kat:3, Licht: 0,1768,3,2,5,10,14,3,,0,1,1,0,0
"POINT (9.989609352000059 52.445279674000062)",Unfall 1769 (2024) Kat:3, Licht: 0,1769,3,1,0,10,15,6,,0,0,0,0,1
"POINT (9.833359477000045 52.419242112000063)",Unfall 1770 (2024) Kat:3, Licht: 1,1770,3,2,5,10,07,3,,1,0,1,0,0
"POINT (10.022784590000072 52.381719509000050)",Unfall 1771 (2024) Kat:3, Licht: 2,1771,3,6,3,10,06,3,,2,0,1,0,0
"POINT (9.735325836000072 52.394898967000074)",Unfall 1772 (2024) Kat:3, Licht: 0,1772,3,4,6,10,16,3,,0,0,0,1,0
"POINT (9.855958579000060 52.388884812000072)",Unfall 1773 (2024) Kat:3, Licht: 2,1773,3,3,5,10,06,2,,2,1,1,0,0
"POINT (9.739601174000029 52.368205011000043)",Unfall 1774 (2024) Kat:3, Licht: 0,1774,3,6,3,10,15,2,,0,0,1,0,0
"POINT (9.801456453000071 52.430736257000035)",Unfall 1775 (2024) Kat:3, Licht: 0,1775,3,4,6,10,11,2,,0,0,1,1,0
"POINT (9.746417133000023 52.192926760000034)",Unfall 1776 (2024) Kat:3, Licht: 0,1776,3,6,2,10,07,2,,0,0,1,0,0
"POINT (9.650184405000061 52.393444671000054)",Unfall 1777 (2024) Kat:3, Licht: 0,1777,3,2,5,10,08,2,,0,1,0,0,0
"POINT (10.231320185000072 52.432923292000055)",Unfall 1778 (2024) Kat:3, Licht: 1,1778,3,1,0,10,18,2,,1,1,0,0,0
"POINT (9.888657085000034 52.493978629000026)",Unfall 1779 (2024) Kat:2, Licht: 2,1779,2,2,5,10,22,2,,2,0,1,0,1
"POINT (9.800331161000031 52.406145559000038)",Unfall 1780 (2024) Kat:3, Licht: 0,1780,3,4,6,10,07,2,,0,0,1,1,0
"POINT (9.671825878000050 52.250755207000054)",Unfall 1781 (2024) Kat:3, Licht: 0,1781,3,7,0,11,07,6,,0,0,0,0,0
"POINT (9.663407299000028 52.315867626000056)",Unfall 1782 (2024) Kat:3, Licht: 1,1782,3,3,5,10,18,1,,1,0,1,0,0
"POINT (9.740805605000048 52.299460706000048)",Unfall 1783 (2024) Kat:3, Licht: 2,1783,3,1,9,10,01,1,,2,0,0,0,1
"POINT (9.690140675000066 52.272945702000072)",Unfall 1784 (2024) Kat:3, Licht: 0,1784,3,1,8,10,09,1,,0,1,0,0,0
"POINT (9.710153743000035 52.379212900000027)",Unfall 1785 (2024) Kat:3, Licht: 2,1785,3,7,0,10,22,1,,2,0,1,0,0
"POINT (9.812425777000044 52.330896721000045)",Unfall 1786 (2024) Kat:3, Licht: 0,1786,3,6,3,10,15,1,,0,0,1,0,1
"POINT (9.698766210000031 52.347698184000080)",Unfall 1787 (2024) Kat:2, Licht: 0,1787,2,2,5,10,14,1,,0,0,1,0,1
"POINT (9.631327359000068 52.336607645000072)",Unfall 1788 (2024) Kat:3, Licht: 0,1788,3,1,8,11,11,5,,0,0,1,0,0
"POINT (9.767907397000045 52.171077681000043)",Unfall 1789 (2024) Kat:3, Licht: 2,1789,3,6,5,10,22,7,,2,0,1,0,0
"POINT (9.757117090000065 52.319608903000073)",Unfall 1790 (2024) Kat:3, Licht: 0,1790,3,3,5,10,13,7,,0,1,1,0,0
"POINT (9.801532652000049 52.341531453000073)",Unfall 1791 (2024) Kat:3, Licht: 2,1791,3,6,2,10,19,7,,2,0,1,0,0
"POINT (9.811673064000047 52.332935522000071)",Unfall 1792 (2024) Kat:3, Licht: 0,1792,3,6,2,10,14,7,,0,0,1,0,0
"POINT (9.825109694000048 52.505801997000049)",Unfall 1793 (2024) Kat:2, Licht: 2,1793,2,7,1,10,03,7,,2,0,0,0,0
"POINT (9.857920337000053 52.481564856000034)",Unfall 1794 (2024) Kat:2, Licht: 1,1794,2,2,6,10,18,4,,1,0,1,1,0
"POINT (9.884319395000034 52.398815715000069)",Unfall 1795 (2024) Kat:3, Licht: 0,1795,3,6,2,10,10,2,,0,0,1,0,0
"POINT (9.736249552000061 52.398794422000037)",Unfall 1796 (2024) Kat:3, Licht: 0,1796,3,6,3,11,16,6,,0,0,1,0,0
"POINT (9.715671663000023 52.378154265000035)",Unfall 1797 (2024) Kat:3, Licht: 0,1797,3,6,2,10,09,4,,0,0,1,0,0
"POINT (9.771458725000059 52.370873748000065)",Unfall 1798 (2024) Kat:3, Licht: 0,1798,3,3,5,10,09,6,,0,0,1,0,0
"POINT (9.764840995000043 52.342332728000031)",Unfall 1799 (2024) Kat:3, Licht: 0,1799,3,2,4,10,16,6,,0,1,1,0,0
"POINT (10.056219929000065 52.393319063000035)",Unfall 1800 (2024) Kat:3, Licht: 0,1800,3,2,2,10,10,6,,0,0,1,0,0
"POINT (9.535129181000059 52.441836463000072)",Unfall 1801 (2024) Kat:2, Licht: 0,1801,2,2,4,10,16,6,,0,0,1,0,1
"POINT (9.718791032000070 52.428360375000068)",Unfall 1802 (2024) Kat:3, Licht: 0,1802,3,7,2,10,12,6,,0,0,1,0,0
"POINT (9.713067754000065 52.400637689000064)",Unfall 1803 (2024) Kat:2, Licht: 1,1803,2,1,0,10,07,6,,1,0,0,0,1
"POINT (9.622430971000028 52.426163569000039)",Unfall 1804 (2024) Kat:3, Licht: 0,1804,3,3,5,10,08,3,,0,1,1,0,0
"POINT (9.862835193000024 52.372688729000060)",Unfall 1805 (2024) Kat:3, Licht: 0,1805,3,3,5,10,14,5,,0,0,1,0,1
"POINT (9.672437157000047 52.238725685000077)",Unfall 1806 (2024) Kat:3, Licht: 0,1806,3,2,5,10,16,5,,0,0,1,0,1
"POINT (10.013641666000069 52.419612203000042)",Unfall 1807 (2024) Kat:3, Licht: 2,1807,3,1,8,10,20,5,,2,0,1,0,0
"POINT (9.896566868000036 52.411326788000054)",Unfall 1808 (2024) Kat:3, Licht: 2,1808,3,3,5,10,19,5,,2,0,1,0,0
"POINT (9.745265744000051 52.427331964000075)",Unfall 1809 (2024) Kat:3, Licht: 0,1809,3,6,2,10,18,5,,0,0,1,0,0
"POINT (9.726782768000021 52.375721164000026)",Unfall 1810 (2024) Kat:3, Licht: 0,1810,3,2,5,10,16,5,,0,1,1,0,0
"POINT (9.726517242000057 52.375623337000036)",Unfall 1811 (2024) Kat:3, Licht: 0,1811,3,6,3,10,14,5,,0,0,1,0,0
"POINT (9.760976553000035 52.346918267000035)",Unfall 1812 (2024) Kat:1, Licht: 0,1812,1,3,5,10,16,4,,0,1,0,0,0
"POINT (9.723482445000059 52.440238077000060)",Unfall 1813 (2024) Kat:2, Licht: 0,1813,2,3,5,10,12,4,,0,0,1,0,0
"POINT (9.768214972000067 52.290639962000057)",Unfall 1814 (2024) Kat:3, Licht: 0,1814,3,1,0,10,13,7,,0,1,0,0,0
"POINT (9.415153994000036 52.452738247000070)",Unfall 1815 (2024) Kat:3, Licht: 0,1815,3,2,2,10,15,3,,0,0,1,0,0
"POINT (9.444669952000027 52.525633751000044)",Unfall 1816 (2024) Kat:3, Licht: 0,1816,3,6,2,10,11,3,,0,0,1,0,0