WKT,Name,OBJECTID,UKATEGORIE,UTYP1,UART,UMONAT,USTUNDE,UWOCHENTAG,STRZUSTAND,ULICHTVERH,ISTRAD,ISTPKW,ISTFUSS,ISTKRAD
"POINT (9.978599594000059 52.416054120000069)",Unfall 1817 (2024) Kat:3, Licht: 0,1817,3,2,4,10,15,3,,0,0,1,0,0
"POINT (10.206379464000065 52.473572143000069)",Unfall 1818 (2024) Kat:3, Licht: 0,1818,3,2,5,10,15,3,,0,0,1,0,0
"POINT (9.662701975000061 52.316219675000070)",Unfall 1819 (2024) Kat:2, Licht: 0,1819,2,6,3,10,10,3,,0,0,1,0,1
"POINT (9.715115252000032 52.361167142000056)",Unfall 1820 (2024) Kat:3, Licht: 0,1820,3,7,0,10,10,2,,0,1,0,0,0
"POINT (9.947596217000068 52.391635922000034)",Unfall 1821 (2024) Kat:3, Licht: 0,1821,3,6,2,10,16,2,,0,0,1,0,0
"POINT (9.745786862000045 52.366375414000061)",Unfall 1822 (2024) Kat:3, Licht: 0,1822,3,6,3,10,16,2,,0,0,1,0,0
"POINT (9.827283298000054 52.356083569000077)",Unfall 1823 (2024) Kat:3, Licht: 0,1823,3,3,5,10,13,2,,0,0,1,0,1
"POINT (9.969213632000049 52.441731117000074)",Unfall 1824 (2024) Kat:3, Licht: 0,1824,3,3,5,10,18,1,,0,0,1,0,0
"POINT (9.720794086000069 52.339140687000054)",Unfall 1825 (2024) Kat:3, Licht: 2,1825,3,6,3,10,20,7,,2,0,1,0,0
"POINT (9.715606832000049 52.397864108000078)",Unfall 1826 (2024) Kat:3, Licht: 0,1826,3,6,2,10,13,7,,0,0,1,0,0
"POINT (9.695366716000024 52.374712220000049)",Unfall 1827 (2024) Kat:3, Licht: 2,1827,3,3,5,10,20,7,,2,0,1,0,0
"POINT (9.757258891000049 52.589736417000040)",Unfall 1828 (2024) Kat:3, Licht: 0,1828,3,6,2,10,11,7,,0,0,1,0,0
"POINT (9.825235127000042 52.408382031000031)",Unfall 1829 (2024) Kat:3, Licht: 0,1829,3,6,2,11,10,1,,0,0,1,0,0
"POINT (9.701850339000032 52.347333323000043)",Unfall 1830 (2024) Kat:3, Licht: 2,1830,3,1,0,10,18,3,,2,0,1,0,0
"POINT (9.722033027000066 52.354763877000039)",Unfall 1831 (2024) Kat:3, Licht: 0,1831,3,2,5,10,12,6,,0,0,1,0,0
"POINT (9.974359618000051 52.370404738000047)",Unfall 1832 (2024) Kat:3, Licht: 0,1832,3,5,1,10,07,6,,0,0,1,0,0
"POINT (10.026781300000039 52.461389512000039)",Unfall 1833 (2024) Kat:3, Licht: 0,1833,3,4,6,10,11,6,,0,0,1,1,0
"POINT (9.464491678000059 52.332359993000068)",Unfall 1834 (2024) Kat:3, Licht: 2,1834,3,2,5,10,20,6,,2,0,1,0,0
"POINT (9.726711302000069 52.375781808000056)",Unfall 1835 (2024) Kat:3, Licht: 0,1835,3,3,5,10,11,6,,0,1,1,0,0
"POINT (9.758020351000027 52.350464733000081)",Unfall 1836 (2024) Kat:3, Licht: 0,1836,3,1,0,10,09,5,,0,1,0,0,0
"POINT (10.184114956000030 52.465421624000044)",Unfall 1837 (2024) Kat:3, Licht: 0,1837,3,3,5,10,17,2,,0,0,1,0,0
"POINT (9.832156756000074 52.386044851000065)",Unfall 1838 (2024) Kat:2, Licht: 0,1838,2,7,0,10,09,5,,0,0,0,0,0
"POINT (9.824693581000076 52.339812868000081)",Unfall 1839 (2024) Kat:3, Licht: 2,1839,3,3,5,10,20,5,,2,0,1,0,0
"POINT (9.440618145000030 52.417464892000055)",Unfall 1840 (2024) Kat:3, Licht: 0,1840,3,2,2,10,13,5,,0,0,1,0,0
"POINT (9.758343602000025 52.277337136000028)",Unfall 1841 (2024) Kat:3, Licht: 0,1841,3,1,4,10,14,5,,0,0,1,0,0
"POINT (9.588443735000055 52.395137500000033)",Unfall 1842 (2024) Kat:3, Licht: 2,1842,3,7,4,10,21,5,,2,0,1,0,0
"POINT (9.641012742000044 52.242218021000042)",Unfall 1843 (2024) Kat:3, Licht: 0,1843,3,6,2,10,16,5,,0,0,1,0,0
"POINT (9.723622515000045 52.377852840000060)",Unfall 1844 (2024) Kat:3, Licht: 0,1844,3,7,4,10,13,3,,0,0,1,0,0
"POINT (9.756587266000054 52.427263298000071)",Unfall 1845 (2024) Kat:3, Licht: 0,1845,3,6,3,10,14,5,,0,0,1,0,0
"POINT (9.577610697000068 52.423123508000060)",Unfall 1846 (2024) Kat:3, Licht: 0,1846,3,6,2,10,08,5,,0,0,1,0,0
"POINT (9.913027744000033 52.273033953000038)",Unfall 1847 (2024) Kat:3, Licht: 2,1847,3,6,3,10,06,2,,2,0,0,0,0
"POINT (9.890162870000040 52.428477957000041)",Unfall 1848 (2024) Kat:3, Licht: 0,1848,3,1,8,10,17,1,,0,0,1,0,0
"POINT (9.747097664000023 52.364546578000045)",Unfall 1849 (2024) Kat:3, Licht: 2,1849,3,4,6,10,18,4,,2,0,0,1,0
"POINT (9.698606775000030 52.420983285000034)",Unfall 1850 (2024) Kat:3, Licht: 0,1850,3,3,5,10,16,4,,0,1,1,0,0
"POINT (9.853850012000066 52.557126034000078)",Unfall 1851 (2024) Kat:3, Licht: 0,1851,3,6,2,10,10,4,,0,0,1,0,0
"POINT (9.961646325000061 52.389624625000067)",Unfall 1852 (2024) Kat:3, Licht: 2,1852,3,6,2,10,20,4,,2,0,1,0,0
"POINT (9.749254271000041 52.597049197000047)",Unfall 1853 (2024) Kat:3, Licht: 2,1853,3,6,3,10,18,4,,2,0,1,0,0
"POINT (9.710282287000041 52.431634373000065)",Unfall 1854 (2024) Kat:2, Licht: 1,1854,2,6,2,10,18,4,,1,0,1,0,0
"POINT (9.767849216000059 52.303865908000034)",Unfall 1855 (2024) Kat:3, Licht: 0,1855,3,1,8,10,08,4,,0,0,1,0,0
"POINT (9.819795860000056 52.406373674000065)",Unfall 1856 (2024) Kat:3, Licht: 0,1856,3,3,0,10,09,4,,0,0,1,0,0
"POINT (9.814455356000053 52.524032641000076)",Unfall 1857 (2024) Kat:3, Licht: 2,1857,3,7,8,10,03,4,,2,0,0,0,0
"POINT (9.727387763000024 52.381250280000074)",Unfall 1858 (2024) Kat:2, Licht: 0,1858,2,4,6,10,11,4,,0,0,1,1,0
"POINT (9.551041751000071 52.340205613000080)",Unfall 1859 (2024) Kat:3, Licht: 0,1859,3,3,5,10,16,7,,0,1,1,0,0
"POINT (9.746477058000039 52.365313298000046)",Unfall 1860 (2024) Kat:3, Licht: 0,1860,3,3,5,10,14,4,,0,1,1,0,0
"POINT (9.588418252000054 52.439643219000061)",Unfall 1861 (2024) Kat:3, Licht: 0,1861,3,6,3,10,09,6,,0,0,1,0,0
"POINT (9.697808404000057 52.377081388000079)",Unfall 1862 (2024) Kat:3, Licht: 0,1862,3,6,2,10,15,4,,0,0,1,0,0
"POINT (9.719070906000070 52.332327580000026)",Unfall 1863 (2024) Kat:3, Licht: 2,1863,3,6,3,10,22,3,,2,0,1,0,0
"POINT (9.707780009000032 52.410045300000036)",Unfall 1864 (2024) Kat:3, Licht: 2,1864,3,7,0,10,21,3,,2,1,0,0,0
"POINT (9.726366238000026 52.380826722000052)",Unfall 1865 (2024) Kat:3, Licht: 2,1865,3,3,5,10,22,3,,2,0,1,0,0
"POINT (9.439941650000037 52.417824703000065)",Unfall 1866 (2024) Kat:3, Licht: 0,1866,3,3,5,10,13,3,,0,0,1,0,0
"POINT (9.971497477000071 52.369224951000035)",Unfall 1867 (2024) Kat:3, Licht: 0,1867,3,3,5,10,15,3,,0,1,1,0,0
"POINT (9.669787411000073 52.383131055000035)",Unfall 1868 (2024) Kat:3, Licht: 0,1868,3,5,6,10,13,2,,0,0,1,1,0
"POINT (9.777792592000026 52.327879673000041)",Unfall 1869 (2024) Kat:3, Licht: 0,1869,3,6,2,10,13,2,,0,0,1,0,1
"POINT (9.760023136000029 52.276622548000034)",Unfall 1870 (2024) Kat:3, Licht: 2,1870,3,6,4,10,20,2,,2,0,1,0,0
"POINT (9.438388249000070 52.527144954000050)",Unfall 1871 (2024) Kat:3, Licht: 0,1871,3,1,9,10,11,2,,0,0,1,0,0
"POINT (10.113810517000047 52.338210444000026)",Unfall 1872 (2024) Kat:3, Licht: 0,1872,3,6,2,10,12,2,,0,0,1,0,0
"POINT (9.987582667000027 52.389014429000042)",Unfall 1873 (2024) Kat:3, Licht: 0,1873,3,6,2,10,08,2,,0,0,0,0,0
"POINT (9.735579426000072 52.394595525000057)",Unfall 1874 (2024) Kat:3, Licht: 0,1874,3,2,5,10,14,1,,0,1,1,0,0
"POINT (9.778016037000043 52.374376712000071)",Unfall 1875 (2024) Kat:3, Licht: 0,1875,3,7,8,10,11,1,,0,0,1,0,0
"POINT (9.509234337000066 52.289922016000048)",Unfall 1876 (2024) Kat:3, Licht: 0,1876,3,3,5,10,15,6,,0,1,1,0,0
"POINT (9.719401153000035 52.336073404000047)",Unfall 1877 (2024) Kat:3, Licht: 0,1877,3,6,2,10,17,5,,0,0,1,0,0
"POINT (9.695239929000024 52.374586730000033)",Unfall 1878 (2024) Kat:3, Licht: 2,1878,3,7,0,10,00,7,,2,0,0,0,0
"POINT (9.594039666000072 52.320333384000037)",Unfall 1879 (2024) Kat:3, Licht: 0,1879,3,3,5,10,10,7,,0,1,1,0,0
"POINT (9.687819733000026 52.308368609000070)",Unfall 1880 (2024) Kat:3, Licht: 0,1880,3,6,1,10,13,7,,0,0,1,0,0
"POINT (9.618263240000033 52.428828085000077)",Unfall 1881 (2024) Kat:3, Licht: 2,1881,3,2,4,10,20,7,,2,0,1,0,0
"POINT (10.288957860000039 52.464942705000055)",Unfall 1882 (2024) Kat:2, Licht: 2,1882,2,1,9,10,22,7,,2,0,1,0,0
"POINT (9.795331849000036 52.550298268000063)",Unfall 1883 (2024) Kat:3, Licht: 0,1883,3,6,2,10,12,7,,0,0,1,0,0
"POINT (9.466307553000036 52.332700416000080)",Unfall 1884 (2024) Kat:3, Licht: 2,1884,3,1,8,10,18,3,,2,0,1,0,0
"POINT (9.636120133000077 52.355126893000033)",Unfall 1885 (2024) Kat:3, Licht: 2,1885,3,7,9,10,22,5,,2,0,1,0,0
"POINT (9.774859740000068 52.371271468000032)",Unfall 1886 (2024) Kat:3, Licht: 0,1886,3,2,5,10,17,5,,0,1,1,0,0
"POINT (9.619567045000053 52.211021685000048)",Unfall 1887 (2024) Kat:3, Licht: 0,1887,3,3,5,10,11,6,,0,1,1,0,0
"POINT (9.778123194000045 52.371734790000062)",Unfall 1888 (2024) Kat:3, Licht: 0,1888,3,1,8,10,09,6,,0,0,1,0,0
"POINT (9.818965673000037 52.287399646000040)",Unfall 1889 (2024) Kat:3, Licht: 0,1889,3,1,8,10,13,5,,0,0,1,0,0
"POINT (9.969529109000064 52.471671145000073)",Unfall 1890 (2024) Kat:3, Licht: 2,1890,3,1,9,10,20,5,,2,0,1,0,0
"POINT (9.768573026000070 52.581601267000053)",Unfall 1891 (2024) Kat:3, Licht: 0,1891,3,6,2,10,09,5,,0,0,1,0,0
"POINT (9.768601099000023 52.581582472000036)",Unfall 1892 (2024) Kat:3, Licht: 0,1892,3,6,2,10,09,5,,0,0,1,0,0
"POINT (9.727034830000036 52.366586270000028)",Unfall 1893 (2024) Kat:3, Licht: 0,1893,3,3,5,10,18,5,,0,1,0,0,0
"POINT (9.734902509000051 52.392859512000030)",Unfall 1894 (2024) Kat:3, Licht: 0,1894,3,5,3,10,15,5,,0,0,1,0,0
"POINT (9.732312663000073 52.383386028000075)",Unfall 1895 (2024) Kat:3, Licht: 0,1895,3,2,5,10,17,4,,0,1,0,0,0
"POINT (9.635620459000052 52.244942056000070)",Unfall 1896 (2024) Kat:3, Licht: 0,1896,3,6,2,10,17,4,,0,0,1,0,0
"POINT (9.962697586000047 52.373065940000060)",Unfall 1897 (2024) Kat:3, Licht: 0,1897,3,3,5,10,18,4,,0,0,1,0,0
"POINT (10.141787106000038 52.378719770000032)",Unfall 1898 (2024) Kat:3, Licht: 2,1898,3,1,8,10,05,4,,2,0,1,0,0
"POINT (9.859956167000064 52.490532535000057)",Unfall 1899 (2024) Kat:3, Licht: 0,1899,3,3,5,10,17,4,,0,1,1,0,0
"POINT (9.898832956000035 52.488916193000080)",Unfall 1900 (2024) Kat:3, Licht: 2,1900,3,6,2,10,06,4,,2,0,1,0,0
"POINT (10.053308386000026 52.448646146000044)",Unfall 1901 (2024) Kat:3, Licht: 0,1901,3,1,8,10,09,4,,0,0,1,0,0
"POINT (9.731943928000021 52.369463248000045)",Unfall 1902 (2024) Kat:2, Licht: 0,1902,2,3,5,10,14,4,,0,0,1,0,0
"POINT (9.778217508000068 52.370197150000081)",Unfall 1903 (2024) Kat:3, Licht: 0,1903,3,1,9,10,11,4,,0,0,1,0,0
"POINT (9.675720450000028 52.347700237000026)",Unfall 1904 (2024) Kat:3, Licht: 0,1904,3,3,5,10,15,4,,0,0,1,0,0
"POINT (9.782552099000043 52.324470719000033)",Unfall 1905 (2024) Kat:3, Licht: 0,1905,3,2,0,10,17,4,,0,1,1,0,0
"POINT (9.724593004000042 52.380003417000069)",Unfall 1906 (2024) Kat:3, Licht: 0,1906,3,1,0,11,15,7,,0,1,0,0,0
"POINT (9.642043172000058 52.414570105000053)",Unfall 1907 (2024) Kat:3, Licht: 1,1907,3,6,2,10,06,2,,1,0,1,0,0
"POINT (9.813861291000023 52.365089404000059)",Unfall 1908 (2024) Kat:3, Licht: 0,1908,3,6,2,10,08,3,,0,0,1,0,0
"POINT (9.435655390000022 52.420478153000033)",Unfall 1909 (2024) Kat:3, Licht: 0,1909,3,6,2,10,13,3,,0,0,1,0,0
"POINT (9.432202231000076 52.422356070000035)",Unfall 1910 (2024) Kat:3, Licht: 0,1910,3,3,5,10,07,3,,0,1,1,0,0
"POINT (9.608422076000068 52.444739255000059)",Unfall 1911 (2024) Kat:3, Licht: 2,1911,3,5,1,10,06,3,,2,0,1,0,0
"POINT (9.590962635000039 52.399396484000079)",Unfall 1912 (2024) Kat:3, Licht: 0,1912,3,7,5,10,12,3,,0,1,0,1,0
"POINT (9.538426285000071 52.423108676000027)",Unfall 1913 (2024) Kat:3, Licht: 2,1913,3,1,9,10,22,3,,2,0,1,0,0
"POINT (9.611656708000055 52.436427691000063)",Unfall 1914 (2024) Kat:3, Licht: 0,1914,3,2,5,10,12,3,,0,1,1,0,0
"POINT (9.957395892000022 52.318634982000049)",Unfall 1915 (2024) Kat:3, Licht: 0,1915,3,7,2,10,07,3,,0,0,1,0,0
"POINT (9.827321330000075 52.356854201000033)",Unfall 1916 (2024) Kat:3, Licht: 2,1916,3,4,6,10,20,3,,2,0,1,1,0
"POINT (9.913669035000055 52.436661053000080)",Unfall 1917 (2024) Kat:3, Licht: 0,1917,3,1,9,10,17,3,,0,0,1,0,0
"POINT (9.884112420000065 52.398669265000080)",Unfall 1918 (2024) Kat:3, Licht: 0,1918,3,6,3,10,17,3,,0,0,1,0,0
"POINT (9.881365585000026 52.435655966000070)",Unfall 1919 (2024) Kat:3, Licht: 0,1919,3,6,2,10,13,3,,0,0,1,0,0
"POINT (9.545725858000026 52.311345244000051)",Unfall 1920 (2024) Kat:3, Licht: 0,1920,3,1,8,10,08,3,,0,0,1,0,0
"POINT (9.726455075000047 52.366279565000070)",Unfall 1921 (2024) Kat:3, Licht: 0,1921,3,6,2,11,14,7,,0,0,1,0,1
"POINT (9.688254204000032 52.378397990000053)",Unfall 1922 (2024) Kat:3, Licht: 0,1922,3,7,0,09,07,2,,0,1,0,0,0
"POINT (9.781496559000061 52.345034426000041)",Unfall 1923 (2024) Kat:3, Licht: 0,1923,3,6,2,09,10,2,,0,0,1,0,0
"POINT (10.012643105000052 52.447466522000070)",Unfall 1924 (2024) Kat:3, Licht: 2,1924,3,2,6,09,19,2,,2,0,1,1,0
"POINT (9.725480611000023 52.380434058000048)",Unfall 1925 (2024) Kat:2, Licht: 2,1925,2,4,6,09,21,2,,2,0,1,1,0
"POINT (9.677861326000027 52.436407427000063)",Unfall 1926 (2024) Kat:2, Licht: 2,1926,2,7,0,09,20,2,,2,1,0,0,0
"POINT (9.593813529000045 52.180118941000046)",Unfall 1927 (2024) Kat:1, Licht: 0,1927,1,1,9,09,07,2,,0,0,1,0,0
"POINT (9.816426889000070 52.301630155000055)",Unfall 1928 (2024) Kat:3, Licht: 2,1928,3,4,6,09,02,2,,2,0,1,1,0
"POINT (9.494641377000050 52.570116070000040)",Unfall 1929 (2024) Kat:2, Licht: 0,1929,2,1,9,09,14,2,,0,0,1,0,0
"POINT (9.486655205000034 52.336387409000054)",Unfall 1930 (2024) Kat:2, Licht: 0,1930,2,1,8,10,17,6,,0,0,1,0,0
"POINT (9.629673203000038 52.421060017000059)",Unfall 1931 (2024) Kat:3, Licht: 0,1931,3,6,2,09,16,1,,0,0,1,0,0
"POINT (9.456613344000061 52.493440129000078)",Unfall 1932 (2024) Kat:2, Licht: 0,1932,2,7,0,09,11,1,,0,1,0,0,0
"POINT (9.753368321000039 52.370001421000040)",Unfall 1933 (2024) Kat:3, Licht: 0,1933,3,2,5,09,09,1,,0,1,1,0,0
"POINT (9.761882697000033 52.345846454000082)",Unfall 1934 (2024) Kat:3, Licht: 2,1934,3,2,5,10,20,2,,2,0,1,0,0
"POINT (9.696968571000070 52.341090484000063)",Unfall 1935 (2024) Kat:3, Licht: 2,1935,3,1,0,09,21,7,,2,0,0,0,1
"POINT (9.733308836000049 52.418336968000062)",Unfall 1936 (2024) Kat:3, Licht: 0,1936,3,6,2,09,12,7,,0,0,1,0,0
"POINT (9.356942597000057 52.449199411000052)",Unfall 1937 (2024) Kat:3, Licht: 1,1937,3,1,0,09,19,7,,1,1,0,0,0
"POINT (9.421528904000070 52.441183827000032)",Unfall 1938 (2024) Kat:3, Licht: 0,1938,3,5,1,09,10,7,,0,0,1,0,0
"POINT (9.594906155000047 52.395270771000071)",Unfall 1939 (2024) Kat:3, Licht: 0,1939,3,7,5,09,12,7,,0,1,1,0,0
"POINT (9.545555273000048 52.310811983000065)",Unfall 1940 (2024) Kat:3, Licht: 0,1940,3,1,8,09,13,7,,0,0,1,0,0
"POINT (9.728121334000036 52.578206454000053)",Unfall 1941 (2024) Kat:3, Licht: 0,1941,3,2,4,09,10,7,,0,0,1,0,0
"POINT (9.855532989000039 52.431610669000065)",Unfall 1942 (2024) Kat:3, Licht: 0,1942,3,6,2,09,14,7,,0,0,1,0,0
"POINT (9.569651763000024 52.595210231000067)",Unfall 1943 (2024) Kat:2, Licht: 0,1943,2,7,5,09,17,7,,0,1,1,0,0
"POINT (9.942084355000077 52.392333037000071)",Unfall 1944 (2024) Kat:3, Licht: 0,1944,3,6,2,09,13,7,,0,0,1,0,0
"POINT (9.465030220000074 52.398217066000029)",Unfall 1945 (2024) Kat:2, Licht: 0,1945,2,2,5,09,15,7,,0,0,1,0,0
"POINT (9.812047750000033 52.331673411000054)",Unfall 1946 (2024) Kat:3, Licht: 2,1946,3,6,2,10,06,5,,2,0,1,0,0
"POINT (9.500198426000054 52.298791384000026)",Unfall 1947 (2024) Kat:3, Licht: 0,1947,3,5,1,10,16,5,,0,0,1,0,0
"POINT (9.656389728000022 52.406219392000082)",Unfall 1948 (2024) Kat:3, Licht: 0,1948,3,6,2,09,11,6,,0,0,1,0,0
"POINT (9.720828838000045 52.339356705000057)",Unfall 1949 (2024) Kat:3, Licht: 0,1949,3,6,3,09,09,6,,0,0,1,0,0
"POINT (9.634662824000031 52.246800477000079)",Unfall 1950 (2024) Kat:3, Licht: 2,1950,3,1,8,09,20,6,,2,0,1,0,0
"POINT (9.304317577000063 52.501724128000035)",Unfall 1951 (2024) Kat:3, Licht: 2,1951,3,7,8,09,22,6,,2,0,1,0,0
"POINT (9.463289677000034 52.513214705000053)",Unfall 1952 (2024) Kat:3, Licht: 0,1952,3,6,2,09,07,6,,0,0,1,0,1
"POINT (9.611512420000054 52.435277295000049)",Unfall 1953 (2024) Kat:3, Licht: 0,1953,3,7,6,09,14,6,,0,1,0,1,0
"POINT (9.737447394000071 52.453579498000067)",Unfall 1954 (2024) Kat:3, Licht: 0,1954,3,3,5,09,15,6,,0,0,1,0,0
"POINT (9.807317663000049 52.336036905000071)",Unfall 1955 (2024) Kat:3, Licht: 2,1955,3,6,2,09,19,6,,2,0,1,0,0
"POINT (9.696348981000028 52.379841687000066)",Unfall 1956 (2024) Kat:3, Licht: 2,1956,3,2,5,09,23,6,,2,0,1,0,0
"POINT (9.869988792000072 52.434904367000058)",Unfall 1957 (2024) Kat:3, Licht: 0,1957,3,3,5,10,10,2,,0,0,1,0,0
"POINT (9.626422183000045 52.221697613000060)",Unfall 1958 (2024) Kat:2, Licht: 2,1958,2,6,2,11,05,3,,2,0,1,0,0
"POINT (9.733406805000072 52.417603222000082)",Unfall 1959 (2024) Kat:3, Licht: 0,1959,3,6,2,09,12,5,,0,0,1,0,0
"POINT (9.401633339000057 52.454360504000078)",Unfall 1960 (2024) Kat:3, Licht: 2,1960,3,2,4,09,06,5,,2,0,1,0,0
"POINT (9.596517031000076 52.145237503000033)",Unfall 1961 (2024) Kat:3, Licht: 0,1961,3,6,4,09,16,5,,0,0,1,0,0
"POINT (9.569748072000039 52.290334448000067)",Unfall 1962 (2024) Kat:3, Licht: 0,1962,3,1,8,09,11,5,,0,0,1,0,0
"POINT (9.475155440000037 52.301370479000070)",Unfall 1963 (2024) Kat:2, Licht: 0,1963,2,1,0,09,11,5,,0,1,0,0,0
"POINT (9.716879757000072 52.436446277000073)",Unfall 1964 (2024) Kat:3, Licht: 1,1964,3,3,5,09,07,5,,1,0,1,0,0
"POINT (9.774552855000024 52.427472860000080)",Unfall 1965 (2024) Kat:3, Licht: 2,1965,3,6,2,09,06,5,,2,0,1,0,0
"POINT (9.734997094000050 52.393279426000049)",Unfall 1966 (2024) Kat:3, Licht: 2,1966,3,4,6,10,19,3,,2,0,1,1,0
"POINT (9.766375242000038 52.370778275000077)",Unfall 1967 (2024) Kat:3, Licht: 0,1967,3,6,2,09,09,4,,0,0,1,0,0
"POINT (9.748671284000068 52.369206415000065)",Unfall 1968 (2024) Kat:3, Licht: 0,1968,3,3,5,09,10,4,,0,0,1,0,0
"POINT (9.648351843000057 52.412714341000026)",Unfall 1969 (2024) Kat:3, Licht: 2,1969,3,2,5,09,22,4,,2,0,1,0,0
"POINT (9.734879605000060 52.392757828000072)",Unfall 1970 (2024) Kat:3, Licht: 0,1970,3,6,3,09,16,4,,0,0,1,0,1
"POINT (9.456643491000023 52.426451136000026)",Unfall 1971 (2024) Kat:3, Licht: 2,1971,3,1,4,09,05,4,,2,0,1,0,0
"POINT (9.971037579000040 52.309015823000038)",Unfall 1972 (2024) Kat:3, Licht: 2,1972,3,7,0,09,21,4,,2,0,0,0,0
"POINT (9.893922914000029 52.397987235000073)",Unfall 1973 (2024) Kat:3, Licht: 1,1973,3,6,2,09,07,4,,1,0,1,0,0
"POINT (9.695283768000024 52.430498801000056)",Unfall 1974 (2024) Kat:2, Licht: 2,1974,2,6,3,09,23,4,,2,0,1,0,0
"POINT (9.716089103000058 52.397487025000032)",Unfall 1975 (2024) Kat:3, Licht: 2,1975,3,3,5,09,22,4,,2,0,1,0,0
"POINT (9.607878361000076 52.446194396000067)",Unfall 1976 (2024) Kat:2, Licht: 0,1976,2,7,0,09,12,4,,0,1,0,0,0
"POINT (9.786137948000032 52.422836127000039)",Unfall 1977 (2024) Kat:3, Licht: 0,1977,3,3,5,09,07,4,,0,1,1,0,0
"POINT (9.756501289000028 52.524055768000039)",Unfall 1978 (2024) Kat:3, Licht: 0,1978,3,6,2,09,17,7,,0,0,1,0,0
"POINT (9.713723849000075 52.399473872000044)",Unfall 1979 (2024) Kat:3, Licht: 0,1979,3,3,5,11,15,2,,0,0,1,0,0
"POINT (9.797620625000036 52.413686133000056)",Unfall 1980 (2024) Kat:3, Licht: 2,1980,3,1,0,09,19,3,,2,1,0,0,0
"POINT (9.372568354000066 52.434152384000072)",Unfall 1981 (2024) Kat:3, Licht: 0,1981,3,3,5,09,13,3,,0,0,1,0,0
"POINT (9.733883736000053 52.545670947000076)",Unfall 1982 (2024) Kat:3, Licht: 0,1982,3,2,5,09,15,3,,0,1,1,0,0
"POINT (9.723241489000031 52.454154032000076)",Unfall 1983 (2024) Kat:3, Licht: 2,1983,3,2,5,09,23,3,,2,1,1,0,0
"POINT (9.769112784000072 52.426984495000056)",Unfall 1984 (2024) Kat:3, Licht: 2,1984,3,6,3,09,21,3,,2,0,1,0,0
"POINT (9.724628760000030 52.377282358000059)",Unfall 1985 (2024) Kat:3, Licht: 1,1985,3,1,0,09,19,3,,1,1,0,0,0
"POINT (9.802657028000056 52.435092166000061)",Unfall 1986 (2024) Kat:3, Licht: 0,1986,3,2,2,09,12,3,,0,0,1,0,1
"POINT (9.717215941000063 52.346363820000079)",Unfall 1987 (2024) Kat:3, Licht: 0,1987,3,3,5,09,15,2,,0,0,1,0,0
"POINT (9.827820574000043 52.361007692000044)",Unfall 1988 (2024) Kat:3, Licht: 0,1988,3,3,0,09,16,2,,0,1,0,1,0
"POINT (9.976909175000060 52.373283054000069)",Unfall 1989 (2024) Kat:3, Licht: 0,1989,3,3,5,09,07,2,,0,1,0,0,0
"POINT (9.990457793000076 52.368677787000081)",Unfall 1990 (2024) Kat:2, Licht: 0,1990,2,1,0,09,17,2,,0,0,0,0,1
"POINT (9.716905788000076 52.366979264000065)",Unfall 1991 (2024) Kat:3, Licht: 0,1991,3,7,1,09,13,2,,0,1,1,0,0
"POINT (9.411445813000057 52.333618895000029)",Unfall 1992 (2024) Kat:3, Licht: 0,1992,3,7,2,10,15,2,,0,0,1,0,0
"POINT (9.667346324000050 52.377070328000059)",Unfall 1993 (2024) Kat:3, Licht: 2,1993,3,3,5,11,06,6,,2,0,1,0,0
"POINT (9.630120708000049 52.208229854000081)",Unfall 1994 (2024) Kat:3, Licht: 0,1994,3,6,3,09,14,1,,0,1,1,0,0
"POINT (9.975023814000053 52.409175557000026)",Unfall 1995 (2024) Kat:3, Licht: 2,1995,3,1,8,09,01,1,,2,0,1,0,0
"POINT (9.714308607000021 52.362212842000076)",Unfall 1996 (2024) Kat:3, Licht: 2,1996,3,6,3,09,20,7,,2,0,1,0,1
"POINT (9.730213768000056 52.368958507000059)",Unfall 1997 (2024) Kat:3, Licht: 2,1997,3,3,5,09,21,7,,2,1,1,0,0
"POINT (9.551359492000074 52.397377973000062)",Unfall 1998 (2024) Kat:3, Licht: 0,1998,3,7,0,09,10,7,,0,1,0,0,0
"POINT (9.611639515000036 52.436951033000071)",Unfall 1999 (2024) Kat:3, Licht: 0,1999,3,3,5,09,10,7,,0,0,1,0,1
"POINT (9.769133394000050 52.581224061000057)",Unfall 2000 (2024) Kat:3, Licht: 0,2000,3,6,2,09,11,7,,0,0,1,0,0
"POINT (9.852895454000077 52.475751000000059)",Unfall 2001 (2024) Kat:3, Licht: 2,2001,3,7,2,09,03,7,,2,0,1,0,0
"POINT (9.900240369000073 52.395449838000047)",Unfall 2002 (2024) Kat:3, Licht: 0,2002,3,6,2,10,17,2,,0,0,1,0,0
"POINT (9.641053840000041 52.173523728000077)",Unfall 2003 (2024) Kat:3, Licht: 0,2003,3,6,2,09,12,6,,0,0,1,0,0
"POINT (9.582342815000061 52.390039107000064)",Unfall 2004 (2024) Kat:3, Licht: 0,2004,3,6,2,09,14,6,,0,0,1,0,0
"POINT (9.574200826000038 52.282153703000063)",Unfall 2005 (2024) Kat:3, Licht: 0,2005,3,2,2,09,16,6,,0,0,0,0,1
"POINT (9.504038692000051 52.572814846000028)",Unfall 2006 (2024) Kat:3, Licht: 1,2006,3,7,5,09,07,6,,1,1,1,0,0
"POINT (9.489525482000033 52.490534306000029)",Unfall 2007 (2024) Kat:3, Licht: 0,2007,3,2,5,09,12,6,,0,0,1,0,0
"POINT (9.930353181000044 52.440414013000066)",Unfall 2008 (2024) Kat:3, Licht: 0,2008,3,6,2,09,12,6,,0,0,1,0,0