WKT,Name,OBJECTID,UKATEGORIE,UTYP1,UART,UMONAT,USTUNDE,UWOCHENTAG,STRZUSTAND,ULICHTVERH,ISTRAD,ISTPKW,ISTFUSS,ISTKRAD
"POINT (9.740486357000066 52.368277449000061)",Unfall 2201 (2024) Kat:3, Licht: 2,2201,3,6,2,12,17,1,,2,0,1,0,0
"POINT (9.847698044000026 52.329916069000035)",Unfall 2202 (2024) Kat:3, Licht: 2,2202,3,7,0,12,06,1,,2,0,1,0,0
"POINT (9.399189966000051 52.536362187000066)",Unfall 2203 (2024) Kat:3, Licht: 0,2203,3,1,8,12,08,1,,0,0,1,0,0
"POINT (9.946142780000059 52.371365621000052)",Unfall 2204 (2024) Kat:3, Licht: 2,2204,3,1,8,12,04,1,,2,0,1,0,0
"POINT (9.505249127000070 52.406634947000043)",Unfall 2205 (2024) Kat:3, Licht: 2,2205,3,6,8,12,20,1,,2,0,1,0,0
"POINT (9.811682318000067 52.332933075000028)",Unfall 2206 (2024) Kat:3, Licht: 2,2206,3,6,2,12,18,1,,2,0,1,0,0
"POINT (9.708009339000057 52.420885807000047)",Unfall 2207 (2024) Kat:3, Licht: 2,2207,3,2,5,12,02,7,,2,0,1,0,0
"POINT (9.658005264000053 52.388253074000033)",Unfall 2208 (2024) Kat:3, Licht: 2,2208,3,6,4,12,20,7,,2,1,0,0,0
"POINT (9.730525841000031 52.371136462000038)",Unfall 2209 (2024) Kat:3, Licht: 2,2209,3,2,2,12,21,7,,2,0,1,0,0
"POINT (9.490409131000035 52.389101597000035)",Unfall 2210 (2024) Kat:3, Licht: 2,2210,3,1,9,12,22,7,,2,0,1,0,0
"POINT (9.749426259000074 52.547583340000074)",Unfall 2211 (2024) Kat:3, Licht: 0,2211,3,2,4,12,16,7,,0,0,1,0,0
"POINT (9.760735074000024 52.427168405000032)",Unfall 2212 (2024) Kat:3, Licht: 2,2212,3,7,8,12,02,7,,2,0,1,0,0
"POINT (9.698637619000067 52.347425906000069)",Unfall 2213 (2024) Kat:3, Licht: 1,2213,3,3,5,12,07,7,,1,0,1,0,0
"POINT (9.759744715000068 52.370361069000069)",Unfall 2214 (2024) Kat:3, Licht: 2,2214,3,7,8,12,03,6,,2,1,0,0,0
"POINT (9.731900809000024 52.369459140000060)",Unfall 2215 (2024) Kat:3, Licht: 2,2215,3,7,0,12,16,6,,2,1,0,0,0
"POINT (9.671057131000055 52.377153554000074)",Unfall 2216 (2024) Kat:3, Licht: 1,2216,3,6,2,12,16,6,,1,0,1,0,0
"POINT (9.431215389000045 52.423181153000030)",Unfall 2217 (2024) Kat:3, Licht: 0,2217,3,2,0,12,14,6,,0,1,1,0,0
"POINT (9.783997143000022 52.242976098000042)",Unfall 2218 (2024) Kat:3, Licht: 0,2218,3,1,8,12,09,6,,0,0,1,0,0
"POINT (9.545572001000039 52.310863983000047)",Unfall 2219 (2024) Kat:3, Licht: 2,2219,3,1,8,12,19,6,,2,0,1,0,0
"POINT (9.561905060000072 52.278278010000065)",Unfall 2220 (2024) Kat:3, Licht: 0,2220,3,3,5,12,07,6,,0,0,1,0,0
"POINT (9.459941442000058 52.307058401000063)",Unfall 2221 (2024) Kat:3, Licht: 0,2221,3,1,8,12,14,6,,0,1,0,0,0
"POINT (9.676242439000021 52.437933744000077)",Unfall 2222 (2024) Kat:3, Licht: 0,2222,3,3,0,12,15,6,,0,0,1,0,0
"POINT (10.024280822000037 52.432930194000051)",Unfall 2223 (2024) Kat:3, Licht: 0,2223,3,2,4,12,09,6,,0,0,1,0,0
"POINT (9.558878927000023 52.421714630000054)",Unfall 2224 (2024) Kat:3, Licht: 2,2224,3,6,3,12,18,6,,2,0,1,0,0
"POINT (9.710518139000044 52.429595011000060)",Unfall 2225 (2024) Kat:3, Licht: 0,2225,3,6,2,12,15,6,,0,0,1,0,0
"POINT (9.951205766000044 52.391049918000078)",Unfall 2226 (2024) Kat:3, Licht: 0,2226,3,6,2,12,14,6,,0,0,1,0,0
"POINT (9.655591329000060 52.425536458000067)",Unfall 2227 (2024) Kat:3, Licht: 0,2227,3,6,2,12,13,6,,0,0,1,0,0
"POINT (9.723442278000050 52.377713440000036)",Unfall 2228 (2024) Kat:3, Licht: 2,2228,3,2,5,12,21,6,,2,1,1,0,0
"POINT (9.774781914000073 52.371267036000063)",Unfall 2229 (2024) Kat:3, Licht: 0,2229,3,2,5,12,13,6,,0,0,1,0,0
"POINT (9.860053109000035 52.490140876000055)",Unfall 2230 (2024) Kat:3, Licht: 2,2230,3,3,5,12,07,6,,2,1,0,0,0
"POINT (9.899883717000023 52.288539141000058)",Unfall 2231 (2024) Kat:3, Licht: 2,2231,3,6,2,12,18,6,,2,0,0,0,0
"POINT (9.806816554000022 52.307828199000028)",Unfall 2232 (2024) Kat:3, Licht: 2,2232,3,2,5,12,18,5,,2,1,1,0,0
"POINT (9.694839748000049 52.419485976000033)",Unfall 2233 (2024) Kat:3, Licht: 0,2233,3,3,5,12,09,5,,0,0,1,0,0
"POINT (9.465745714000036 52.416840375000049)",Unfall 2234 (2024) Kat:3, Licht: 1,2234,3,7,0,12,16,5,,1,1,0,0,0
"POINT (9.457249878000027 52.504789416000051)",Unfall 2235 (2024) Kat:3, Licht: 2,2235,3,2,5,12,07,5,,2,1,1,0,0
"POINT (9.678946457000052 52.434165727000050)",Unfall 2236 (2024) Kat:3, Licht: 0,2236,3,7,0,12,10,5,,0,0,0,0,0
"POINT (10.189611364000029 52.464552573000049)",Unfall 2237 (2024) Kat:3, Licht: 0,2237,3,6,2,12,14,5,,0,0,1,0,0
"POINT (9.876398598000037 52.304362770000068)",Unfall 2238 (2024) Kat:3, Licht: 2,2238,3,6,2,12,21,5,,2,0,1,0,0
"POINT (9.759264960000053 52.427202224000041)",Unfall 2239 (2024) Kat:3, Licht: 2,2239,3,6,2,12,17,5,,2,0,1,0,0
"POINT (10.024067070000058 52.381565235000039)",Unfall 2240 (2024) Kat:3, Licht: 2,2240,3,6,9,12,06,5,,2,0,1,0,0
"POINT (9.563803929000073 52.364657721000071)",Unfall 2241 (2024) Kat:3, Licht: 1,2241,3,3,5,12,16,5,,1,0,1,0,0
"POINT (9.717626181000071 52.395974350000074)",Unfall 2242 (2024) Kat:3, Licht: 2,2242,3,7,0,12,23,4,,2,0,0,0,0
"POINT (9.878201357000023 52.359655365000037)",Unfall 2243 (2024) Kat:3, Licht: 2,2243,3,6,2,12,16,4,,2,0,1,0,0
"POINT (9.595538734000058 52.148900961000038)",Unfall 2244 (2024) Kat:3, Licht: 0,2244,3,1,8,12,12,4,,0,0,1,0,0
"POINT (9.573891975000038 52.282549881000079)",Unfall 2245 (2024) Kat:3, Licht: 2,2245,3,3,5,12,18,4,,2,0,1,0,0
"POINT (9.452287899000055 52.307309483000040)",Unfall 2246 (2024) Kat:3, Licht: 2,2246,3,3,5,12,19,4,,2,1,1,0,0
"POINT (9.736510467000073 52.546563542000058)",Unfall 2247 (2024) Kat:3, Licht: 0,2247,3,3,0,12,12,4,,0,1,1,0,0
"POINT (9.872543651000058 52.310680084000069)",Unfall 2248 (2024) Kat:3, Licht: 0,2248,3,2,4,12,08,4,,0,0,1,0,0
"POINT (9.724756429000024 52.454061991000060)",Unfall 2249 (2024) Kat:3, Licht: 0,2249,3,3,5,12,08,4,,0,1,0,0,1
"POINT (9.723377014000050 52.440160150000054)",Unfall 2250 (2024) Kat:3, Licht: 2,2250,3,3,5,12,05,4,,2,0,1,0,0
"POINT (10.018777335000038 52.436995080000031)",Unfall 2251 (2024) Kat:3, Licht: 0,2251,3,3,0,12,08,4,,0,1,1,0,0
"POINT (9.628079241000023 52.422557936000032)",Unfall 2252 (2024) Kat:3, Licht: 2,2252,3,6,2,12,17,3,,2,0,1,0,0
"POINT (9.555846860000031 52.204806519000044)",Unfall 2253 (2024) Kat:3, Licht: 1,2253,3,2,6,12,08,3,,1,0,1,1,0
"POINT (9.517987466000022 52.410632153000051)",Unfall 2254 (2024) Kat:3, Licht: 0,2254,3,3,5,12,12,3,,0,0,1,0,0
"POINT (9.626725002000057 52.294956867000053)",Unfall 2255 (2024) Kat:3, Licht: 0,2255,3,3,5,12,08,3,,0,0,1,0,0
"POINT (9.758475924000038 52.566976123000074)",Unfall 2256 (2024) Kat:3, Licht: 0,2256,3,6,4,12,13,3,,0,0,1,0,0
"POINT (9.729178406000074 52.491653474000032)",Unfall 2257 (2024) Kat:3, Licht: 1,2257,3,2,5,12,17,3,,1,0,1,0,0
"POINT (9.622997008000027 52.460289433000071)",Unfall 2258 (2024) Kat:2, Licht: 0,2258,2,4,6,12,15,3,,0,0,1,1,0
"POINT (9.547930654000027 52.421499952000033)",Unfall 2259 (2024) Kat:3, Licht: 0,2259,3,6,3,12,14,3,,0,0,1,0,0
"POINT (9.817793251000069 52.405269935000035)",Unfall 2260 (2024) Kat:3, Licht: 0,2260,3,1,8,12,12,3,,0,0,1,0,0
"POINT (9.483805726000071 52.503155189000040)",Unfall 2261 (2024) Kat:2, Licht: 0,2261,2,3,5,12,09,3,,0,0,1,0,1
"POINT (9.702978002000066 52.415276953000046)",Unfall 2262 (2024) Kat:3, Licht: 2,2262,3,7,8,12,07,2,,2,0,1,0,0
"POINT (9.709390824000025 52.379487479000034)",Unfall 2263 (2024) Kat:3, Licht: 2,2263,3,6,2,12,18,2,,2,0,1,0,0
"POINT (9.869499580000024 52.442791546000080)",Unfall 2264 (2024) Kat:2, Licht: 2,2264,2,6,2,12,23,2,,2,0,1,0,0
"POINT (9.631194234000077 52.421315868000079)",Unfall 2265 (2024) Kat:3, Licht: 0,2265,3,6,2,12,15,2,,0,0,1,0,0
"POINT (9.752353957000025 52.427359662000072)",Unfall 2266 (2024) Kat:3, Licht: 1,2266,3,6,2,12,07,2,,1,0,1,0,0
"POINT (9.798152875000028 52.316650594000066)",Unfall 2267 (2024) Kat:2, Licht: 0,2267,2,2,5,12,14,2,,0,1,0,0,0
"POINT (9.746807784000055 52.365003943000033)",Unfall 2268 (2024) Kat:3, Licht: 2,2268,3,7,0,12,05,1,,2,0,0,0,0
"POINT (10.270554578000031 52.479619132000039)",Unfall 2269 (2024) Kat:3, Licht: 0,2269,3,3,5,12,12,1,,0,0,1,0,0
"POINT (9.735028251000074 52.393429641000068)",Unfall 2270 (2024) Kat:2, Licht: 2,2270,2,4,6,12,21,1,,2,0,1,1,0
"POINT (9.715724633000036 52.397772833000033)",Unfall 2271 (2024) Kat:2, Licht: 2,2271,2,4,6,12,17,1,,2,0,1,1,0
"POINT (9.761824857000022 52.536618220000037)",Unfall 2272 (2024) Kat:3, Licht: 2,2272,3,1,9,12,22,5,,2,0,1,0,0
"POINT (9.845090850000076 52.360457090000068)",Unfall 2273 (2024) Kat:2, Licht: 0,2273,2,3,5,12,15,4,,0,1,0,0,0
"POINT (9.835881836000056 52.387083504000032)",Unfall 2274 (2024) Kat:3, Licht: 1,2274,3,6,4,12,08,2,,1,0,1,0,0
"POINT (9.743377583000040 52.368279422000057)",Unfall 2275 (2024) Kat:3, Licht: 0,2275,3,3,5,12,09,6,,0,0,1,0,0
"POINT (9.642163017000030 52.414604958000041)",Unfall 2276 (2024) Kat:3, Licht: 2,2276,3,6,2,11,17,7,,2,0,1,0,0
"POINT (9.697295473000054 52.375205995000044)",Unfall 2277 (2024) Kat:3, Licht: 0,2277,3,2,2,11,15,7,,0,0,1,0,0
"POINT (9.495491119000064 52.419939002000035)",Unfall 2278 (2024) Kat:3, Licht: 0,2278,3,3,5,11,12,7,,0,0,1,0,0
"POINT (9.533656457000063 52.467544665000048)",Unfall 2279 (2024) Kat:3, Licht: 0,2279,3,3,5,11,13,7,,0,0,1,0,0
"POINT (9.789999294000040 52.354489311000066)",Unfall 2280 (2024) Kat:3, Licht: 0,2280,3,6,3,11,10,7,,0,0,1,0,0
"POINT (9.845108133000053 52.303191623000032)",Unfall 2281 (2024) Kat:3, Licht: 0,2281,3,6,0,11,15,7,,0,0,1,0,0
"POINT (9.416494748000048 52.428865010000038)",Unfall 2282 (2024) Kat:3, Licht: 0,2282,3,6,2,11,13,6,,0,0,1,0,0
"POINT (9.608488145000024 52.343408054000065)",Unfall 2283 (2024) Kat:3, Licht: 0,2283,3,2,4,11,12,6,,0,0,1,0,0
"POINT (10.040105173000029 52.386568886000077)",Unfall 2284 (2024) Kat:3, Licht: 2,2284,3,1,9,12,21,1,,2,0,1,0,0
"POINT (9.467947820000063 52.331514338000034)",Unfall 2285 (2024) Kat:3, Licht: 1,2285,3,6,2,11,14,6,,1,0,1,0,0
"POINT (10.002892783000050 52.316119226000069)",Unfall 2286 (2024) Kat:3, Licht: 2,2286,3,7,9,11,23,6,,2,0,1,1,0
"POINT (9.507079571000077 52.407678347000058)",Unfall 2287 (2024) Kat:3, Licht: 0,2287,3,6,2,11,12,6,,0,0,1,0,0
"POINT (9.511346475000039 52.410110406000058)",Unfall 2288 (2024) Kat:3, Licht: 0,2288,3,6,2,11,11,6,,0,0,1,0,0
"POINT (10.012660921000077 52.449917605000053)",Unfall 2289 (2024) Kat:2, Licht: 0,2289,2,2,6,11,07,6,,0,0,1,1,0
"POINT (10.187510478000036 52.434992168000065)",Unfall 2290 (2024) Kat:3, Licht: 1,2290,3,7,4,11,08,6,,1,0,1,0,0
"POINT (9.692850300000032 52.266716958000075)",Unfall 2291 (2024) Kat:3, Licht: 2,2291,3,1,9,12,21,6,,2,0,1,0,0
"POINT (9.735264605000054 52.394569138000065)",Unfall 2292 (2024) Kat:3, Licht: 0,2292,3,2,6,11,12,5,,0,0,1,1,0
"POINT (9.735336526000026 52.404710990000069)",Unfall 2293 (2024) Kat:3, Licht: 0,2293,3,6,2,11,07,5,,0,0,1,0,0
"POINT (9.814368529000035 52.364488257000062)",Unfall 2294 (2024) Kat:3, Licht: 2,2294,3,6,2,11,17,5,,2,0,1,0,0
"POINT (9.791917376000072 52.335036357000035)",Unfall 2295 (2024) Kat:3, Licht: 2,2295,3,3,5,11,17,5,,2,1,1,0,0
"POINT (9.444169063000061 52.416717420000055)",Unfall 2296 (2024) Kat:3, Licht: 2,2296,3,2,4,11,16,5,,2,0,1,0,1
"POINT (9.596386333000055 52.409774022000079)",Unfall 2297 (2024) Kat:3, Licht: 2,2297,3,6,2,11,06,5,,2,0,1,0,1
"POINT (10.113362726000048 52.329170252000040)",Unfall 2298 (2024) Kat:3, Licht: 2,2298,3,7,8,11,05,5,,2,0,0,0,0
"POINT (10.202042633000076 52.462929348000046)",Unfall 2299 (2024) Kat:3, Licht: 0,2299,3,2,4,11,16,5,,0,1,1,0,0
"POINT (10.265298402000042 52.478688207000062)",Unfall 2300 (2024) Kat:3, Licht: 2,2300,3,3,5,11,07,5,,2,0,1,0,0
"POINT (9.801053442000068 52.429334605000065)",Unfall 2301 (2024) Kat:3, Licht: 1,2301,3,2,5,11,16,5,,1,0,1,0,0
"POINT (9.809094895000044 52.379657464000047)",Unfall 2302 (2024) Kat:3, Licht: 2,2302,3,6,2,11,21,4,,2,0,1,0,0
"POINT (9.721598670000049 52.361635309000064)",Unfall 2303 (2024) Kat:3, Licht: 2,2303,3,4,6,11,17,4,,2,0,0,1,0
"POINT (9.729347256000040 52.372868213000061)",Unfall 2304 (2024) Kat:3, Licht: 2,2304,3,6,2,11,19,4,,2,0,1,0,0
"POINT (9.695238544000063 52.361320563000049)",Unfall 2305 (2024) Kat:3, Licht: 0,2305,3,3,5,11,08,4,,0,1,1,0,0
"POINT (9.494208521000076 52.414831350000043)",Unfall 2306 (2024) Kat:3, Licht: 2,2306,3,1,9,11,01,4,,2,0,0,0,0
"POINT (9.613927327000056 52.316359998000053)",Unfall 2307 (2024) Kat:3, Licht: 2,2307,3,3,5,11,16,4,,2,0,1,0,0
"POINT (9.611315999000055 52.298787891000075)",Unfall 2308 (2024) Kat:3, Licht: 0,2308,3,6,2,11,08,4,,0,0,1,0,0
"POINT (10.139546340000038 52.365808991000051)",Unfall 2309 (2024) Kat:3, Licht: 0,2309,3,2,2,11,12,4,,0,0,1,0,0
"POINT (9.974537629000054 52.400725723000050)",Unfall 2310 (2024) Kat:3, Licht: 0,2310,3,3,5,11,12,4,,0,1,1,0,0
"POINT (9.719788383000036 52.458910918000072)",Unfall 2311 (2024) Kat:3, Licht: 2,2311,3,7,2,11,23,4,,2,0,1,0,0
"POINT (9.723004312000057 52.454021112000078)",Unfall 2312 (2024) Kat:3, Licht: 0,2312,3,2,5,11,08,4,,0,0,1,0,0
"POINT (9.826904892000073 52.424562444000060)",Unfall 2313 (2024) Kat:3, Licht: 2,2313,3,6,2,11,19,4,,2,0,1,0,0
"POINT (9.835636807000071 52.418156650000071)",Unfall 2314 (2024) Kat:3, Licht: 1,2314,3,6,2,11,16,4,,1,0,1,0,0
"POINT (9.999451344000022 52.387288552000030)",Unfall 2315 (2024) Kat:3, Licht: 0,2315,3,6,2,11,13,4,,0,0,1,0,0
"POINT (9.812998241000059 52.328274177000026)",Unfall 2316 (2024) Kat:3, Licht: 0,2316,3,6,2,11,09,4,,0,0,1,0,0
"POINT (9.475963204000038 52.297735550000027)",Unfall 2317 (2024) Kat:3, Licht: 0,2317,3,3,5,11,12,4,,0,0,1,0,0
"POINT (9.431915472000071 52.422446350000030)",Unfall 2318 (2024) Kat:3, Licht: 0,2318,3,3,5,11,12,3,,0,1,1,0,0
"POINT (9.868193804000043 52.309700857000053)",Unfall 2319 (2024) Kat:3, Licht: 0,2319,3,2,4,12,14,7,,0,0,1,0,0
"POINT (9.429986461000055 52.426168440000026)",Unfall 2320 (2024) Kat:3, Licht: 0,2320,3,3,5,11,11,3,,0,0,1,0,0
"POINT (9.629814572000043 52.300344466000070)",Unfall 2321 (2024) Kat:3, Licht: 0,2321,3,7,4,11,08,3,,0,0,1,0,0
"POINT (9.600211295000065 52.216662833000044)",Unfall 2322 (2024) Kat:2, Licht: 2,2322,2,1,8,11,19,3,,2,0,1,0,0
"POINT (9.576303089000021 52.189182581000068)",Unfall 2323 (2024) Kat:2, Licht: 0,2323,2,1,8,11,15,3,,0,0,0,0,0
"POINT (9.570157139000059 52.456357441000080)",Unfall 2324 (2024) Kat:3, Licht: 0,2324,3,5,1,11,09,3,,0,0,1,0,0
"POINT (9.569765147000055 52.290869373000078)",Unfall 2325 (2024) Kat:3, Licht: 2,2325,3,1,8,12,19,5,,2,0,1,0,0
"POINT (9.746473151000032 52.365319379000027)",Unfall 2326 (2024) Kat:3, Licht: 0,2326,3,7,0,11,07,2,,0,1,0,0,0
"POINT (9.470345214000076 52.301618014000042)",Unfall 2327 (2024) Kat:3, Licht: 2,2327,3,2,6,11,18,2,,2,0,1,1,0
"POINT (9.466384133000076 52.334646958000064)",Unfall 2328 (2024) Kat:3, Licht: 0,2328,3,6,2,11,14,2,,0,0,1,0,0
"POINT (9.789253128000041 52.519527554000035)",Unfall 2329 (2024) Kat:3, Licht: 2,2329,3,1,0,11,21,2,,2,1,0,0,0
"POINT (9.856595006000020 52.492045059000077)",Unfall 2330 (2024) Kat:3, Licht: 2,2330,3,3,5,11,16,2,,2,0,1,0,0
"POINT (9.652143084000045 52.415908813000044)",Unfall 2331 (2024) Kat:2, Licht: 0,2331,2,3,5,11,15,2,,0,1,1,0,0
"POINT (9.776589058000070 52.332844532000081)",Unfall 2332 (2024) Kat:3, Licht: 2,2332,3,2,5,11,19,2,,2,1,1,0,0
"POINT (9.608661633000054 52.318671227000038)",Unfall 2333 (2024) Kat:3, Licht: 2,2333,3,2,6,11,17,2,,2,0,1,1,0
"POINT (9.732284510000056 52.383119190000059)",Unfall 2334 (2024) Kat:3, Licht: 0,2334,3,3,5,11,13,2,,0,0,1,0,0
"POINT (9.753314118000048 52.287523742000076)",Unfall 2335 (2024) Kat:2, Licht: 2,2335,2,3,5,11,07,2,,2,0,1,0,1
"POINT (9.961743849000072 52.372989293000046)",Unfall 2336 (2024) Kat:3, Licht: 2,2336,3,2,4,12,17,5,,2,0,1,0,0
"POINT (9.594873347000032 52.437063985000066)",Unfall 2337 (2024) Kat:3, Licht: 0,2337,3,6,2,12,09,4,,0,0,1,0,0
"POINT (9.800088984000070 52.455683189000069)",Unfall 2338 (2024) Kat:3, Licht: 0,2338,3,3,0,12,12,5,,0,0,1,0,1
"POINT (9.673915469000065 52.189881785000068)",Unfall 2339 (2024) Kat:3, Licht: 0,2339,3,1,8,11,15,1,,0,0,1,0,0
"POINT (9.645925829000021 52.410022802000071)",Unfall 2340 (2024) Kat:3, Licht: 2,2340,3,6,2,11,06,5,,2,0,1,0,0
"POINT (9.735608713000033 52.403213512000036)",Unfall 2341 (2024) Kat:3, Licht: 2,2341,3,6,2,11,21,7,,2,0,1,0,0
"POINT (9.800164575000053 52.426636168000073)",Unfall 2342 (2024) Kat:3, Licht: 0,2342,3,7,0,11,10,7,,0,1,0,0,0
"POINT (9.471119710000039 52.300887069000055)",Unfall 2343 (2024) Kat:3, Licht: 2,2343,3,7,7,11,20,7,,2,1,0,0,0
"POINT (9.611647475000041 52.436325095000029)",Unfall 2344 (2024) Kat:3, Licht: 0,2344,3,6,0,11,12,7,,0,1,0,1,0
"POINT (9.815790316000061 52.403167588000031)",Unfall 2345 (2024) Kat:3, Licht: 0,2345,3,6,2,11,12,7,,0,0,1,0,0
"POINT (9.825896638000074 52.424986522000040)",Unfall 2346 (2024) Kat:3, Licht: 2,2346,3,6,3,12,17,3,,2,0,1,0,0
"POINT (9.717198347000021 52.396331651000082)",Unfall 2347 (2024) Kat:3, Licht: 0,2347,3,6,2,11,14,6,,0,0,1,0,0
"POINT (9.799280994000071 52.410059451000052)",Unfall 2348 (2024) Kat:3, Licht: 2,2348,3,3,5,11,17,6,,2,1,1,0,0
"POINT (9.461963069000035 52.513925883000070)",Unfall 2349 (2024) Kat:3, Licht: 1,2349,3,6,2,11,16,6,,1,0,1,0,0
"POINT (9.618128730000024 52.428907071000026)",Unfall 2350 (2024) Kat:3, Licht: 2,2350,3,2,5,11,20,6,,2,1,0,0,0
"POINT (9.897982366000065 52.303668894000054)",Unfall 2351 (2024) Kat:3, Licht: 2,2351,3,1,4,11,04,6,,2,0,1,0,0
"POINT (9.728240040000060 52.292814652000061)",Unfall 2352 (2024) Kat:3, Licht: 2,2352,3,6,8,11,20,4,,2,0,1,0,0
"POINT (9.897903152000026 52.313949350000030)",Unfall 2353 (2024) Kat:3, Licht: 2,2353,3,1,9,11,23,6,,2,0,1,0,0
"POINT (9.743195177000075 52.453022170000054)",Unfall 2354 (2024) Kat:3, Licht: 2,2354,3,2,5,11,16,6,,2,0,1,0,1
"POINT (9.859298458000069 52.491540085000054)",Unfall 2355 (2024) Kat:3, Licht: 2,2355,3,4,6,11,16,6,,2,0,1,1,0
"POINT (10.028227643000037 52.380350899000064)",Unfall 2356 (2024) Kat:2, Licht: 2,2356,2,1,3,11,22,6,,2,0,1,0,0
"POINT (10.190296114000034 52.440292701000033)",Unfall 2357 (2024) Kat:2, Licht: 2,2357,2,6,2,11,18,6,,2,1,0,0,0
"POINT (9.650540804000059 52.422776379000027)",Unfall 2358 (2024) Kat:3, Licht: 2,2358,3,1,9,11,23,6,,2,0,1,0,0
"POINT (9.725359572000059 52.376860294000039)",Unfall 2359 (2024) Kat:3, Licht: 0,2359,3,2,2,11,11,6,,0,0,1,0,0
"POINT (9.678012535000050 52.359229370000037)",Unfall 2360 (2024) Kat:3, Licht: 2,2360,3,2,6,11,05,6,,2,0,1,1,0
"POINT (9.728252801000053 52.374233588000038)",Unfall 2361 (2024) Kat:3, Licht: 0,2361,3,3,5,11,09,5,,0,0,1,0,0
"POINT (9.731593722000071 52.383524212000054)",Unfall 2362 (2024) Kat:3, Licht: 1,2362,3,2,5,12,08,5,,1,1,1,0,0
"POINT (9.678144810000049 52.365898168000058)",Unfall 2363 (2024) Kat:3, Licht: 0,2363,3,6,2,11,08,5,,0,0,1,0,0
"POINT (9.531554293000056 52.304976230000079)",Unfall 2364 (2024) Kat:3, Licht: 1,2364,3,1,4,11,16,5,,1,0,1,0,0
"POINT (9.464169935000029 52.339079095000045)",Unfall 2365 (2024) Kat:3, Licht: 0,2365,3,2,2,11,13,5,,0,0,1,0,0
"POINT (9.810719606000021 52.318182071000081)",Unfall 2366 (2024) Kat:3, Licht: 2,2366,3,6,2,11,16,5,,2,0,1,0,0
"POINT (10.051851170000077 52.448556570000051)",Unfall 2367 (2024) Kat:3, Licht: 2,2367,3,1,8,11,04,5,,2,0,1,0,0
"POINT (9.555141979000041 52.421418697000036)",Unfall 2368 (2024) Kat:3, Licht: 2,2368,3,6,2,11,06,5,,2,0,1,0,0
"POINT (9.971514538000065 52.369236446000059)",Unfall 2369 (2024) Kat:3, Licht: 2,2369,3,3,5,11,16,4,,2,0,1,0,1
"POINT (9.730411636000042 52.438718806000054)",Unfall 2370 (2024) Kat:3, Licht: 0,2370,3,3,5,11,13,4,,0,1,1,0,0
"POINT (9.851843715000030 52.495098928000061)",Unfall 2371 (2024) Kat:3, Licht: 0,2371,3,3,0,11,08,4,,0,1,0,0,0
"POINT (10.184901905000061 52.464823381000031)",Unfall 2372 (2024) Kat:3, Licht: 2,2372,3,6,2,11,17,4,,2,0,1,0,0
"POINT (9.801029579000044 52.557579824000072)",Unfall 2373 (2024) Kat:1, Licht: 2,2373,1,4,6,11,17,4,,2,0,1,1,0
"POINT (9.575761172000057 52.422966064000036)",Unfall 2374 (2024) Kat:3, Licht: 2,2374,3,6,2,11,21,4,,2,0,1,0,0
"POINT (9.749909059000061 52.360907405000034)",Unfall 2375 (2024) Kat:3, Licht: 0,2375,3,7,5,12,10,3,,0,1,1,0,0
"POINT (9.692734411000060 52.361030047000042)",Unfall 2376 (2024) Kat:3, Licht: 2,2376,3,3,5,11,19,3,,2,1,1,0,0
"POINT (9.729297510000038 52.292230334000067)",Unfall 2377 (2024) Kat:3, Licht: 2,2377,3,6,2,11,16,3,,2,0,1,0,0
"POINT (9.564540243000067 52.323198249000029)",Unfall 2378 (2024) Kat:3, Licht: 2,2378,3,6,2,11,16,3,,2,0,1,0,0
"POINT (9.615000997000038 52.348291920000065)",Unfall 2379 (2024) Kat:3, Licht: 0,2379,3,6,4,11,07,3,,0,0,1,0,0
"POINT (9.853599785000029 52.565266385000029)",Unfall 2380 (2024) Kat:3, Licht: 0,2380,3,2,2,11,14,3,,0,0,1,0,0
"POINT (9.694441338000047 52.375915644000031)",Unfall 2381 (2024) Kat:2, Licht: 0,2381,2,4,0,11,08,3,,0,0,0,1,0
"POINT (9.896616620000032 52.377412323000044)",Unfall 2382 (2024) Kat:3, Licht: 1,2382,3,6,8,11,07,3,,1,0,1,0,0
"POINT (9.761164242000063 52.370464922000053)",Unfall 2383 (2024) Kat:2, Licht: 2,2383,2,7,0,11,20,3,,2,0,1,0,0
"POINT (9.808600897000076 52.337264140000059)",Unfall 2384 (2024) Kat:3, Licht: 2,2384,3,2,6,11,17,3,,2,0,1,1,0
"POINT (9.776236759000028 52.343527244000029)",Unfall 2385 (2024) Kat:3, Licht: 0,2385,3,6,2,11,11,3,,0,0,1,0,0
"POINT (9.727464099000031 52.475213089000079)",Unfall 2386 (2024) Kat:3, Licht: 2,2386,3,2,6,12,07,5,,2,0,0,1,0
"POINT (9.652687844000070 52.424820192000027)",Unfall 2387 (2024) Kat:2, Licht: 0,2387,2,6,3,12,15,5,,0,0,1,0,0
"POINT (9.791292934000069 52.371731530000034)",Unfall 2388 (2024) Kat:3, Licht: 0,2388,3,6,2,11,15,3,,0,0,1,0,0
"POINT (9.736752856000066 52.368396349000079)",Unfall 2389 (2024) Kat:3, Licht: 1,2389,3,2,5,11,07,2,,1,1,0,0,0
"POINT (9.513944195000022 52.411588199000050)",Unfall 2390 (2024) Kat:3, Licht: 2,2390,3,6,3,11,18,2,,2,0,1,0,0
"POINT (9.709423867000055 52.408139160000076)",Unfall 2391 (2024) Kat:2, Licht: 0,2391,2,4,6,11,07,2,,0,0,0,1,1
"POINT (9.812885658000027 52.329262571000072)",Unfall 2392 (2024) Kat:3, Licht: 2,2392,3,6,2,12,16,3,,2,0,1,0,0
"POINT (9.782950127000049 52.361390967000034)",Unfall 2393 (2024) Kat:3, Licht: 2,2393,3,1,9,11,21,3,,2,0,1,0,0