WKT,Name,OBJECTID,UKATEGORIE,UTYP1,UART,UMONAT,USTUNDE,UWOCHENTAG,STRZUSTAND,ULICHTVERH,ISTRAD,ISTPKW,ISTFUSS,ISTKRAD
"POINT (9.393677669000056 52.431049679000068)",Unfall 2394 (2024) Kat:3, Licht: 2,2394,3,1,9,12,20,2,,2,0,1,0,0
"POINT (9.585646195000038 52.397113461000060)",Unfall 2395 (2024) Kat:3, Licht: 0,2395,3,6,8,11,12,1,,0,1,0,0,0
"POINT (10.006128737000040 52.315655671000059)",Unfall 2396 (2024) Kat:3, Licht: 0,2396,3,5,1,11,11,1,,0,0,1,0,0
"POINT (9.794553446000066 52.551193183000066)",Unfall 2397 (2024) Kat:3, Licht: 0,2397,3,6,3,11,10,1,,0,0,1,0,0
"POINT (9.878674456000056 52.359704019000048)",Unfall 2398 (2024) Kat:3, Licht: 1,2398,3,6,4,11,07,1,,1,0,1,0,0
"POINT (9.717614494000031 52.395994622000046)",Unfall 2399 (2024) Kat:3, Licht: 2,2399,3,2,5,12,20,5,,2,1,1,0,0
"POINT (9.905443458000036 52.284663256000044)",Unfall 2400 (2024) Kat:3, Licht: 2,2400,3,1,8,11,16,1,,2,0,1,0,0
"POINT (9.721644738000066 52.391670073000057)",Unfall 2401 (2024) Kat:2, Licht: 2,2401,2,3,5,12,18,2,,2,1,1,0,0
"POINT (9.827592099000071 52.360443549000081)",Unfall 2402 (2024) Kat:3, Licht: 0,2402,3,1,0,11,10,7,,0,1,0,0,0
"POINT (9.522522312000035 52.437743884000042)",Unfall 2403 (2024) Kat:2, Licht: 2,2403,2,1,9,11,02,7,,2,0,0,0,0
"POINT (9.824088838000023 52.339601985000058)",Unfall 2404 (2024) Kat:3, Licht: 0,2404,3,1,8,11,15,6,,0,0,0,0,1
"POINT (9.512445795000076 52.412347004000026)",Unfall 2405 (2024) Kat:3, Licht: 0,2405,3,6,2,11,12,6,,0,0,1,0,0
"POINT (9.596603190000053 52.409606462000056)",Unfall 2406 (2024) Kat:3, Licht: 2,2406,3,6,6,11,22,6,,2,1,0,1,0
"POINT (9.740548304000072 52.547040695000078)",Unfall 2407 (2024) Kat:3, Licht: 1,2407,3,7,0,11,16,6,,1,1,0,0,0
"POINT (9.642625228000043 52.473171620000073)",Unfall 2408 (2024) Kat:3, Licht: 2,2408,3,7,8,11,19,6,,2,0,0,0,0
"POINT (10.013050454000052 52.446416884000030)",Unfall 2409 (2024) Kat:3, Licht: 2,2409,3,6,2,11,20,6,,2,1,0,0,0
"POINT (9.747699349000072 52.598419813000078)",Unfall 2410 (2024) Kat:3, Licht: 0,2410,3,6,2,11,14,6,,0,0,1,0,0
"POINT (9.738742340000044 52.609555438000029)",Unfall 2411 (2024) Kat:3, Licht: 2,2411,3,7,2,11,05,6,,2,0,0,0,0
"POINT (9.832068137000022 52.386018672000034)",Unfall 2412 (2024) Kat:3, Licht: 0,2412,3,4,6,12,11,6,,0,1,0,1,0
"POINT (9.793388259000039 52.556960794000076)",Unfall 2413 (2024) Kat:3, Licht: 2,2413,3,6,2,12,22,4,,2,0,1,0,0
"POINT (9.839759052000034 52.447497244000033)",Unfall 2414 (2024) Kat:3, Licht: 0,2414,3,1,8,11,14,7,,0,0,1,0,0
"POINT (9.744127782000021 52.367969556000048)",Unfall 2415 (2024) Kat:3, Licht: 1,2415,3,5,0,11,16,5,,1,1,1,0,0
"POINT (9.762827970000046 52.370569870000054)",Unfall 2416 (2024) Kat:3, Licht: 0,2416,3,2,3,11,08,5,,0,1,1,0,0
"POINT (9.732623646000036 52.383757716000048)",Unfall 2417 (2024) Kat:3, Licht: 0,2417,3,6,2,11,07,5,,0,1,0,0,0
"POINT (9.872214537000048 52.359960906000026)",Unfall 2418 (2024) Kat:3, Licht: 2,2418,3,6,3,11,21,5,,2,0,1,0,0
"POINT (9.664002830000072 52.376965721000033)",Unfall 2419 (2024) Kat:3, Licht: 2,2419,3,7,6,11,17,5,,2,0,1,1,0
"POINT (9.460584349000044 52.309840227000052)",Unfall 2420 (2024) Kat:3, Licht: 0,2420,3,3,5,11,12,5,,0,1,1,0,0
"POINT (9.571087879000061 52.446541344000082)",Unfall 2421 (2024) Kat:3, Licht: 0,2421,3,6,2,11,09,5,,0,0,1,0,0
"POINT (10.206855454000049 52.463484550000032)",Unfall 2422 (2024) Kat:3, Licht: 0,2422,3,3,5,11,16,5,,0,0,1,0,0
"POINT (10.018722602000025 52.429018119000034)",Unfall 2423 (2024) Kat:3, Licht: 2,2423,3,1,8,11,18,5,,2,0,1,0,0
"POINT (9.749475880000034 52.427423655000041)",Unfall 2424 (2024) Kat:3, Licht: 2,2424,3,6,2,11,17,5,,2,0,1,0,0
"POINT (9.602743177000036 52.409079026000029)",Unfall 2425 (2024) Kat:2, Licht: 0,2425,2,3,5,11,14,5,,0,1,1,0,0
"POINT (9.882518115000039 52.432092412000031)",Unfall 2426 (2024) Kat:3, Licht: 0,2426,3,6,2,11,07,5,,0,0,1,0,0
"POINT (9.584499797000035 52.423525127000062)",Unfall 2427 (2024) Kat:3, Licht: 1,2427,3,6,2,11,07,5,,1,0,1,0,0
"POINT (9.842260499000076 52.416063730000076)",Unfall 2428 (2024) Kat:3, Licht: 2,2428,3,7,8,11,01,5,,2,0,1,0,0
"POINT (9.633609232000026 52.395357496000031)",Unfall 2429 (2024) Kat:3, Licht: 2,2429,3,4,6,11,17,5,,2,0,1,1,0
"POINT (9.812731714000051 52.366014566000047)",Unfall 2430 (2024) Kat:3, Licht: 0,2430,3,3,5,11,13,5,,0,1,0,0,0
"POINT (9.730576558000053 52.430092307000052)",Unfall 2431 (2024) Kat:3, Licht: 0,2431,3,1,8,11,13,4,,0,0,0,0,0
"POINT (9.721951289000060 52.359650238000029)",Unfall 2432 (2024) Kat:3, Licht: 2,2432,3,6,3,11,17,4,,2,0,1,0,0
"POINT (9.769361732000050 52.337514766000027)",Unfall 2433 (2024) Kat:3, Licht: 2,2433,3,6,2,11,18,4,,2,0,1,0,0
"POINT (9.431932180000047 52.422441090000063)",Unfall 2434 (2024) Kat:3, Licht: 0,2434,3,6,2,11,08,4,,0,0,1,0,0
"POINT (9.646468851000066 52.399366730000054)",Unfall 2435 (2024) Kat:3, Licht: 1,2435,3,6,2,11,17,4,,1,0,1,0,0
"POINT (9.665312833000030 52.335626652000030)",Unfall 2436 (2024) Kat:3, Licht: 2,2436,3,2,2,11,22,4,,2,0,1,0,0
"POINT (9.665317092000066 52.335561227000028)",Unfall 2437 (2024) Kat:3, Licht: 2,2437,3,2,3,11,22,4,,2,1,1,0,0
"POINT (9.975705585000071 52.410905126000046)",Unfall 2438 (2024) Kat:3, Licht: 2,2438,3,6,6,11,22,4,,2,1,0,1,0
"POINT (10.078285467000057 52.478472907000082)",Unfall 2439 (2024) Kat:3, Licht: 2,2439,3,7,4,11,17,4,,2,0,1,0,0
"POINT (9.797567883000056 52.416371942000069)",Unfall 2440 (2024) Kat:2, Licht: 2,2440,2,2,6,11,19,4,,2,0,1,1,0
"POINT (9.647057707000045 52.423893917000044)",Unfall 2441 (2024) Kat:3, Licht: 2,2441,3,6,2,11,17,4,,2,0,1,0,0
"POINT (9.621143293000046 52.421015249000050)",Unfall 2442 (2024) Kat:3, Licht: 2,2442,3,7,7,11,04,4,,2,0,1,0,0
"POINT (9.461766621000038 52.305168747000039)",Unfall 2443 (2024) Kat:2, Licht: 0,2443,2,7,0,11,12,4,,0,0,1,0,0
"POINT (9.697563751000075 52.347599490000050)",Unfall 2444 (2024) Kat:3, Licht: 0,2444,3,6,2,11,10,4,,0,0,1,0,0
"POINT (9.689398737000033 52.374832648000051)",Unfall 2445 (2024) Kat:3, Licht: 0,2445,3,6,3,11,07,4,,0,1,0,0,0
"POINT (9.515047655000046 52.285508133000064)",Unfall 2446 (2024) Kat:3, Licht: 1,2446,3,7,5,11,07,3,,1,0,1,0,1
"POINT (9.785290357000065 52.423222237000061)",Unfall 2447 (2024) Kat:3, Licht: 2,2447,3,5,1,11,18,4,,2,0,1,0,0
"POINT (9.722055981000040 52.378561938000075)",Unfall 2448 (2024) Kat:3, Licht: 0,2448,3,6,0,11,13,3,,0,1,0,0,0
"POINT (9.718782226000030 52.378452216000028)",Unfall 2449 (2024) Kat:3, Licht: 0,2449,3,6,2,11,15,3,,0,0,1,0,0
"POINT (9.467711742000063 52.423847830000057)",Unfall 2450 (2024) Kat:3, Licht: 2,2450,3,3,5,11,17,3,,2,0,1,0,0
"POINT (9.467872771000032 52.332957851000060)",Unfall 2451 (2024) Kat:3, Licht: 1,2451,3,6,2,11,17,3,,1,0,1,0,0
"POINT (9.966937092000023 52.319405854000081)",Unfall 2452 (2024) Kat:3, Licht: 2,2452,3,3,5,11,06,3,,2,0,1,0,0
"POINT (9.687693991000060 52.378541411000072)",Unfall 2453 (2024) Kat:3, Licht: 0,2453,3,1,2,11,14,3,,0,0,1,0,1
"POINT (9.846525502000077 52.275695861000031)",Unfall 2454 (2024) Kat:3, Licht: 2,2454,3,1,8,12,16,5,,2,0,1,0,0
"POINT (9.697114010000064 52.375153928000032)",Unfall 2455 (2024) Kat:3, Licht: 0,2455,3,2,6,12,10,6,,0,0,1,1,0
"POINT (9.766592727000045 52.367176046000054)",Unfall 2456 (2024) Kat:3, Licht: 2,2456,3,3,0,01,16,4,,2,1,1,0,0
"POINT (9.564303975000030 52.203030895000040)",Unfall 2457 (2024) Kat:3, Licht: 1,2457,3,1,8,01,19,4,,1,1,0,0,0
"POINT (9.644680750000020 52.320493907000071)",Unfall 2458 (2024) Kat:3, Licht: 0,2458,3,1,0,01,15,4,,0,1,1,0,0
"POINT (9.770060020000074 52.410259289000066)",Unfall 2459 (2024) Kat:1, Licht: 0,2459,1,3,5,01,10,4,,0,1,1,0,0
"POINT (9.793226281000045 52.415277671000069)",Unfall 2460 (2024) Kat:3, Licht: 1,2460,3,6,3,01,16,3,,1,0,1,0,0
"POINT (9.730629740000040 52.378529889000049)",Unfall 2461 (2024) Kat:3, Licht: 2,2461,3,2,5,01,20,3,,2,1,1,0,0
"POINT (9.749661591000063 52.384191966000060)",Unfall 2462 (2024) Kat:3, Licht: 2,2462,3,4,6,01,03,2,,2,0,1,1,0
"POINT (9.711454664000030 52.442794947000039)",Unfall 2463 (2024) Kat:3, Licht: 2,2463,3,2,6,01,07,3,,2,0,0,1,0
"POINT (9.446356073000061 52.417203058000041)",Unfall 2464 (2024) Kat:3, Licht: 0,2464,3,5,1,02,11,2,,0,0,1,0,0
"POINT (9.568192724000028 52.211853065000071)",Unfall 2465 (2024) Kat:3, Licht: 2,2465,3,2,4,02,18,2,,2,0,1,0,0
"POINT (9.600229230000025 52.435938168000064)",Unfall 2466 (2024) Kat:3, Licht: 0,2466,3,4,6,02,10,2,,0,0,1,1,0
"POINT (9.948464628000067 52.385293735000062)",Unfall 2467 (2024) Kat:3, Licht: 0,2467,3,1,8,02,14,2,,0,0,1,0,0
"POINT (9.754838393000057 52.432293301000072)",Unfall 2468 (2024) Kat:3, Licht: 2,2468,3,1,0,02,19,2,,2,1,0,0,0
"POINT (9.762797730000045 52.410286974000030)",Unfall 2469 (2024) Kat:3, Licht: 2,2469,3,3,5,02,18,2,,2,0,1,0,0
"POINT (9.741704534000064 52.378502649000040)",Unfall 2470 (2024) Kat:3, Licht: 2,2470,3,2,6,02,18,2,,2,0,1,1,0
"POINT (9.696967206000068 52.341405198000075)",Unfall 2471 (2024) Kat:3, Licht: 0,2471,3,6,2,02,07,2,,0,0,1,0,0
"POINT (9.763641509000024 52.356101066000065)",Unfall 2472 (2024) Kat:3, Licht: 2,2472,3,5,1,02,19,1,,2,1,1,0,0
"POINT (9.696946477000040 52.341679839000051)",Unfall 2473 (2024) Kat:3, Licht: 0,2473,3,6,2,02,15,1,,0,0,1,0,0
"POINT (9.455571848000034 52.390640124000072)",Unfall 2474 (2024) Kat:2, Licht: 0,2474,2,7,0,02,10,1,,0,1,0,0,0
"POINT (9.809842198000069 52.305822955000053)",Unfall 2475 (2024) Kat:3, Licht: 0,2475,3,7,0,02,16,7,,0,1,0,0,0
"POINT (9.695592011000031 52.408839397000065)",Unfall 2476 (2024) Kat:3, Licht: 2,2476,3,2,3,02,17,7,,2,1,1,0,0
"POINT (9.631079297000042 52.393812809000053)",Unfall 2477 (2024) Kat:3, Licht: 0,2477,3,7,5,02,12,7,,0,0,1,0,0
"POINT (10.026256302000036 52.443254704000026)",Unfall 2478 (2024) Kat:3, Licht: 0,2478,3,6,2,02,12,6,,0,0,0,0,1
"POINT (9.730812757000024 52.398379001000080)",Unfall 2479 (2024) Kat:3, Licht: 0,2479,3,3,5,02,13,5,,0,0,1,0,0
"POINT (9.744233092000059 52.373327130000064)",Unfall 2480 (2024) Kat:3, Licht: 0,2480,3,7,0,02,12,5,,0,1,0,0,0
"POINT (9.744079976000023 52.372581978000028)",Unfall 2481 (2024) Kat:3, Licht: 0,2481,3,3,5,02,11,5,,0,1,1,0,0
"POINT (9.741300593000062 52.375530219000041)",Unfall 2482 (2024) Kat:3, Licht: 0,2482,3,4,6,02,12,5,,0,1,0,1,0
"POINT (9.741640117000031 52.378447426000037)",Unfall 2483 (2024) Kat:3, Licht: 0,2483,3,6,2,02,10,5,,0,1,1,0,0
"POINT (9.798320346000025 52.397979714000030)",Unfall 2484 (2024) Kat:3, Licht: 2,2484,3,6,0,02,20,5,,2,1,0,1,0
"POINT (9.471387495000045 52.427440743000034)",Unfall 2485 (2024) Kat:3, Licht: 0,2485,3,3,5,02,10,5,,0,1,1,0,0
"POINT (9.715728065000064 52.449066666000078)",Unfall 2486 (2024) Kat:3, Licht: 0,2486,3,2,2,02,13,5,,0,0,1,0,0
"POINT (9.732359933000055 52.437740063000035)",Unfall 2487 (2024) Kat:3, Licht: 0,2487,3,3,5,02,07,5,,0,1,1,0,0
"POINT (9.744228460000045 52.373300433000054)",Unfall 2488 (2024) Kat:3, Licht: 0,2488,3,1,0,02,14,4,,0,1,0,0,0
"POINT (9.737245053000038 52.370768186000078)",Unfall 2489 (2024) Kat:3, Licht: 2,2489,3,2,4,02,06,4,,2,1,1,0,0
"POINT (9.707570005000036 52.367167689000041)",Unfall 2490 (2024) Kat:3, Licht: 0,2490,3,7,0,02,13,4,,0,1,0,0,0
"POINT (9.770390787000053 52.397175611000080)",Unfall 2491 (2024) Kat:3, Licht: 2,2491,3,6,2,02,18,4,,2,0,1,0,0
"POINT (9.759037945000046 52.436178629000040)",Unfall 2492 (2024) Kat:3, Licht: 0,2492,3,3,5,02,10,4,,0,0,1,0,0
"POINT (9.653578291000031 52.411992989000055)",Unfall 2493 (2024) Kat:3, Licht: 2,2493,3,3,5,02,17,4,,2,0,1,0,0
"POINT (9.785613338000076 52.398043962000031)",Unfall 2494 (2024) Kat:3, Licht: 2,2494,3,2,6,02,18,4,,2,0,1,1,0
"POINT (9.736952898000027 52.404597510000031)",Unfall 2495 (2024) Kat:3, Licht: 0,2495,3,3,5,02,15,4,,0,0,1,0,0
"POINT (9.772569802000021 52.365423808000060)",Unfall 2496 (2024) Kat:3, Licht: 2,2496,3,2,6,02,07,4,,2,0,1,1,0
"POINT (9.808554972000024 52.379579593000074)",Unfall 2497 (2024) Kat:3, Licht: 1,2497,3,3,5,02,18,3,,1,1,1,0,0
"POINT (9.828657705000069 52.399475122000069)",Unfall 2498 (2024) Kat:3, Licht: 2,2498,3,3,5,02,17,3,,2,1,1,0,0
"POINT (9.735772903000054 52.362561148000054)",Unfall 2499 (2024) Kat:3, Licht: 0,2499,3,6,2,02,09,3,,0,0,1,0,0
"POINT (9.764287170000046 52.261590262000027)",Unfall 2500 (2024) Kat:3, Licht: 0,2500,3,2,2,02,16,3,,0,0,1,0,1
"POINT (9.622362231000068 52.432010890000072)",Unfall 2501 (2024) Kat:3, Licht: 2,2501,3,6,4,02,06,3,,2,1,0,0,0
"POINT (9.835174641000037 52.495173211000065)",Unfall 2502 (2024) Kat:3, Licht: 0,2502,3,7,4,02,16,3,,0,0,1,0,0
"POINT (9.736607308000032 52.371165145000077)",Unfall 2503 (2024) Kat:3, Licht: 0,2503,3,2,5,02,11,3,,0,1,1,0,0
"POINT (9.809857939000040 52.348826048000035)",Unfall 2504 (2024) Kat:3, Licht: 0,2504,3,7,5,02,14,2,,0,0,1,0,0
"POINT (9.765126262000024 52.347909497000046)",Unfall 2505 (2024) Kat:3, Licht: 1,2505,3,5,1,02,08,2,,1,0,1,0,0
"POINT (9.738829182000075 52.371191857000042)",Unfall 2506 (2024) Kat:3, Licht: 0,2506,3,4,6,02,09,2,,0,0,1,1,0
"POINT (9.747453916000040 52.387675155000068)",Unfall 2507 (2024) Kat:3, Licht: 0,2507,3,3,5,02,10,2,,0,0,1,0,0
"POINT (9.703984005000052 52.366901706000078)",Unfall 2508 (2024) Kat:2, Licht: 2,2508,2,2,5,02,18,1,,2,0,1,0,1
"POINT (9.750140226000042 52.375127670000040)",Unfall 2509 (2024) Kat:3, Licht: 0,2509,3,1,0,02,08,7,,0,1,0,0,0
"POINT (9.726428050000038 52.430421972000033)",Unfall 2510 (2024) Kat:3, Licht: 2,2510,3,6,4,02,17,6,,2,0,1,0,0
"POINT (9.587487830000043 52.434399170000063)",Unfall 2511 (2024) Kat:2, Licht: 2,2511,2,6,6,02,05,6,,2,1,0,1,0
"POINT (9.768502749000049 52.356854868000028)",Unfall 2512 (2024) Kat:3, Licht: 2,2512,3,4,6,02,21,6,,2,0,1,1,0
"POINT (9.767488137000043 52.358194597000079)",Unfall 2513 (2024) Kat:3, Licht: 2,2513,3,2,4,02,19,5,,2,1,1,0,0
"POINT (9.717189669000049 52.344844870000031)",Unfall 2514 (2024) Kat:3, Licht: 2,2514,3,7,1,02,08,5,,2,0,1,0,0
"POINT (9.737304483000059 52.375695996000047)",Unfall 2515 (2024) Kat:3, Licht: 0,2515,3,4,6,02,14,5,,0,1,0,1,0
"POINT (9.790353692000053 52.328978658000040)",Unfall 2516 (2024) Kat:3, Licht: 2,2516,3,5,1,02,21,5,,2,0,1,0,0
"POINT (9.750660354000047 52.375479381000048)",Unfall 2517 (2024) Kat:3, Licht: 2,2517,3,2,2,02,18,5,,2,0,1,0,0
"POINT (9.426699560000031 52.422905848000028)",Unfall 2518 (2024) Kat:3, Licht: 0,2518,3,4,6,02,15,5,,0,0,1,1,0
"POINT (10.016030623000063 52.450042487000076)",Unfall 2519 (2024) Kat:3, Licht: 0,2519,3,4,6,02,09,5,,0,1,0,1,0
"POINT (9.729243405000034 52.459904262000066)",Unfall 2520 (2024) Kat:3, Licht: 2,2520,3,5,1,02,03,5,,2,0,0,0,0
"POINT (9.732293864000042 52.379093625000053)",Unfall 2521 (2024) Kat:3, Licht: 2,2521,3,6,2,02,17,4,,2,0,1,0,0
"POINT (9.740930045000027 52.376424667000038)",Unfall 2522 (2024) Kat:3, Licht: 0,2522,3,3,6,02,15,4,,0,1,0,1,0
"POINT (9.847156074000054 52.496093478000034)",Unfall 2523 (2024) Kat:3, Licht: 0,2523,3,7,6,02,11,4,,0,0,0,1,0
"POINT (9.732675925000024 52.379362308000054)",Unfall 2524 (2024) Kat:3, Licht: 2,2524,3,3,5,02,18,4,,2,1,1,0,0
"POINT (9.733731324000075 52.379820376000055)",Unfall 2525 (2024) Kat:3, Licht: 2,2525,3,3,5,02,17,4,,2,1,1,0,0
"POINT (9.733711460000052 52.399037455000041)",Unfall 2526 (2024) Kat:3, Licht: 0,2526,3,3,5,02,13,4,,0,1,1,0,0
"POINT (10.008502484000076 52.446750449000035)",Unfall 2527 (2024) Kat:3, Licht: 0,2527,3,7,0,02,10,3,,0,1,0,0,0
"POINT (9.748255359000041 52.433344137000063)",Unfall 2528 (2024) Kat:3, Licht: 0,2528,3,5,5,02,08,3,,0,0,1,0,0
"POINT (9.737788000000023 52.374767100000042)",Unfall 2529 (2024) Kat:2, Licht: 2,2529,2,4,6,02,00,3,,2,0,0,1,0
"POINT (9.776996342000075 52.362948466000034)",Unfall 2530 (2024) Kat:3, Licht: 0,2530,3,4,6,02,08,3,,0,0,0,1,0
"POINT (9.459305332000042 52.507836844000053)",Unfall 2531 (2024) Kat:3, Licht: 1,2531,3,2,2,02,17,2,,1,0,1,0,0
"POINT (9.821505645000059 52.339935073000049)",Unfall 2532 (2024) Kat:3, Licht: 0,2532,3,1,0,02,15,2,,0,0,0,0,0
"POINT (9.746909090000031 52.385456840000074)",Unfall 2533 (2024) Kat:3, Licht: 0,2533,3,6,2,02,15,2,,0,0,1,0,0
"POINT (9.691773749000049 52.364988125000082)",Unfall 2534 (2024) Kat:3, Licht: 0,2534,3,6,3,02,12,2,,0,0,1,0,0
"POINT (9.723315707000040 52.372079565000035)",Unfall 2535 (2024) Kat:3, Licht: 2,2535,3,7,0,02,23,7,,2,0,0,0,0
"POINT (9.594696073000023 52.438767864000056)",Unfall 2536 (2024) Kat:3, Licht: 0,2536,3,7,0,02,09,7,,0,1,0,0,0
"POINT (9.606967694000048 52.413544060000049)",Unfall 2537 (2024) Kat:3, Licht: 0,2537,3,3,5,02,12,7,,0,0,1,0,0
"POINT (9.741739519000021 52.378532641000049)",Unfall 2538 (2024) Kat:3, Licht: 0,2538,3,1,0,02,14,6,,0,0,0,0,0
"POINT (9.951095848000023 52.331118865000064)",Unfall 2539 (2024) Kat:3, Licht: 0,2539,3,1,8,02,15,6,,0,0,1,0,0
"POINT (9.748338059000048 52.378370271000051)",Unfall 2540 (2024) Kat:3, Licht: 0,2540,3,1,0,02,16,6,,0,1,0,0,0
"POINT (9.751578422000023 52.371395250000035)",Unfall 2541 (2024) Kat:3, Licht: 1,2541,3,4,6,02,07,6,,1,0,1,1,0
"POINT (9.744508963000044 52.380809024000030)",Unfall 2542 (2024) Kat:3, Licht: 2,2542,3,1,0,02,05,6,,2,0,0,0,0
"POINT (9.813531502000046 52.389717724000036)",Unfall 2543 (2024) Kat:3, Licht: 0,2543,3,7,3,02,14,5,,0,0,1,0,1
"POINT (9.752556552000044 52.373862037000038)",Unfall 2544 (2024) Kat:3, Licht: 0,2544,3,5,4,02,10,5,,0,1,1,0,0
"POINT (9.723640632000070 52.319736474000081)",Unfall 2545 (2024) Kat:3, Licht: 0,2545,3,5,3,02,14,5,,0,1,1,0,0
"POINT (9.682222419000027 52.432466193000039)",Unfall 2546 (2024) Kat:3, Licht: 2,2546,3,5,1,02,17,3,,2,0,1,0,0
"POINT (9.881932957000060 52.283637452000050)",Unfall 2547 (2024) Kat:3, Licht: 0,2547,3,5,1,01,12,4,,0,1,1,0,0
"POINT (9.676853228000027 52.396337326000037)",Unfall 2548 (2024) Kat:3, Licht: 0,2548,3,6,2,01,16,4,,0,0,1,0,0
"POINT (9.714723983000056 52.366887177000081)",Unfall 2549 (2024) Kat:3, Licht: 0,2549,3,7,0,01,15,4,,0,0,0,0,0
"POINT (9.436653730000046 52.419643571000051)",Unfall 2550 (2024) Kat:3, Licht: 0,2550,3,2,2,01,15,4,,0,0,1,0,0
"POINT (9.605120683000052 52.346948252000061)",Unfall 2551 (2024) Kat:3, Licht: 0,2551,3,1,0,01,14,4,,0,1,0,0,0
"POINT (9.746317041000054 52.381125846000032)",Unfall 2552 (2024) Kat:3, Licht: 0,2552,3,5,0,01,14,4,,0,1,1,0,0
"POINT (9.771023144000026 52.418282742000031)",Unfall 2553 (2024) Kat:3, Licht: 0,2553,3,3,5,01,15,4,,0,0,1,0,0
"POINT (9.724851048000062 52.394830606000028)",Unfall 2554 (2024) Kat:3, Licht: 2,2554,3,5,1,01,17,3,,2,1,1,0,0
"POINT (9.747303105000071 52.409557121000034)",Unfall 2555 (2024) Kat:3, Licht: 2,2555,3,7,0,01,22,3,,2,1,0,0,0
"POINT (9.792508413000064 52.396831622000036)",Unfall 2556 (2024) Kat:3, Licht: 1,2556,3,6,3,01,16,3,,1,0,1,0,0
"POINT (9.596418115000063 52.312063133000038)",Unfall 2557 (2024) Kat:3, Licht: 0,2557,3,7,6,01,16,3,,0,0,1,1,0
"POINT (9.567435176000060 52.527337432000081)",Unfall 2558 (2024) Kat:3, Licht: 0,2558,3,3,5,01,14,3,,0,0,1,0,0
"POINT (9.712741776000030 52.382153775000063)",Unfall 2559 (2024) Kat:3, Licht: 0,2559,3,3,5,01,11,2,,0,1,1,0,0
"POINT (9.668041001000063 52.382406164000031)",Unfall 2560 (2024) Kat:3, Licht: 0,2560,3,5,0,01,13,2,,0,0,1,0,0
"POINT (9.811201379000067 52.364066379000064)",Unfall 2561 (2024) Kat:3, Licht: 0,2561,3,7,0,01,10,2,,0,0,0,0,0
"POINT (9.729695739000022 52.355514907000043)",Unfall 2562 (2024) Kat:2, Licht: 1,2562,2,3,5,01,16,1,,1,0,1,0,0
"POINT (9.735442903000035 52.384501348000072)",Unfall 2563 (2024) Kat:3, Licht: 2,2563,3,3,5,01,19,1,,2,1,1,0,0
"POINT (9.629402084000048 52.264730041000064)",Unfall 2564 (2024) Kat:3, Licht: 0,2564,3,6,6,01,15,7,,0,0,1,1,0
"POINT (9.968094563000022 52.314035058000059)",Unfall 2565 (2024) Kat:3, Licht: 0,2565,3,5,1,01,12,7,,0,1,1,0,0
"POINT (9.624526996000043 52.427174685000068)",Unfall 2566 (2024) Kat:2, Licht: 2,2566,2,2,6,01,19,7,,2,0,1,1,0
"POINT (9.737733553000055 52.374669553000047)",Unfall 2567 (2024) Kat:3, Licht: 2,2567,3,1,0,01,19,7,,2,1,0,0,0
"POINT (9.965745465000055 52.364516512000080)",Unfall 2568 (2024) Kat:2, Licht: 0,2568,2,1,0,02,09,3,,0,0,1,0,0
"POINT (9.844516802000044 52.387639620000073)",Unfall 2569 (2024) Kat:3, Licht: 0,2569,3,2,3,01,14,6,,0,0,1,0,0
"POINT (9.787263798000026 52.333204566000063)",Unfall 2570 (2024) Kat:3, Licht: 0,2570,3,5,1,01,13,6,,0,0,1,0,0
"POINT (9.779560926000045 52.329555119000077)",Unfall 2571 (2024) Kat:3, Licht: 2,2571,3,5,3,01,07,6,,2,0,1,0,0
"POINT (9.735338709000075 52.399322465000068)",Unfall 2572 (2024) Kat:2, Licht: 0,2572,2,4,6,01,13,6,,0,0,0,1,0
"POINT (9.814162443000043 52.331817754000042)",Unfall 2573 (2024) Kat:3, Licht: 2,2573,3,2,5,01,07,6,,2,0,1,0,0
"POINT (9.836862769000049 52.396317904000057)",Unfall 2574 (2024) Kat:3, Licht: 1,2574,3,6,6,01,08,5,,1,0,1,1,0
"POINT (9.728308412000047 52.358961929000031)",Unfall 2575 (2024) Kat:3, Licht: 2,2575,3,3,5,01,18,5,,2,1,1,0,0
"POINT (9.477611969000066 52.305688435000036)",Unfall 2576 (2024) Kat:3, Licht: 0,2576,3,7,6,01,09,4,,0,0,1,1,0
"POINT (9.753442465000035 52.439743371000077)",Unfall 2577 (2024) Kat:3, Licht: 2,2577,3,3,5,01,17,4,,2,0,1,0,0
"POINT (9.743393482000045 52.477182137000057)",Unfall 2578 (2024) Kat:3, Licht: 0,2578,3,2,2,01,14,4,,0,0,1,0,0
"POINT (9.660873131000073 52.431244839000044)",Unfall 2579 (2024) Kat:3, Licht: 2,2579,3,2,5,01,21,4,,2,0,1,0,1
"POINT (9.462678367000024 52.494675723000057)",Unfall 2580 (2024) Kat:3, Licht: 2,2580,3,3,5,01,22,3,,2,1,1,0,0
"POINT (9.729931351000062 52.434455777000039)",Unfall 2581 (2024) Kat:3, Licht: 2,2581,3,4,6,01,22,3,,2,0,1,1,0
"POINT (9.727290226000036 52.401931087000037)",Unfall 2582 (2024) Kat:3, Licht: 0,2582,3,4,6,01,16,2,,0,0,1,1,0
"POINT (9.704259802000024 52.369647195000027)",Unfall 2583 (2024) Kat:3, Licht: 0,2583,3,3,5,01,13,2,,0,1,1,0,0
"POINT (9.704009880000058 52.376192034000042)",Unfall 2584 (2024) Kat:3, Licht: 0,2584,3,3,5,01,13,2,,0,1,0,0,0
"POINT (9.708033625000041 52.367159542000081)",Unfall 2585 (2024) Kat:3, Licht: 0,2585,3,4,6,01,07,2,,0,0,1,1,0