WKT,Name,OBJECTID,UKATEGORIE,UTYP1,UART,UMONAT,USTUNDE,UWOCHENTAG,STRZUSTAND,ULICHTVERH,ISTRAD,ISTPKW,ISTFUSS,ISTKRAD
"POINT (9.739536952000037 52.364281043000062)",Unfall 2586 (2024) Kat:3, Licht: 0,2586,3,2,2,01,14,7,,0,0,1,0,0
"POINT (9.765155065000044 52.263742453000077)",Unfall 2587 (2024) Kat:3, Licht: 2,2587,3,2,4,01,18,7,,2,0,1,0,0
"POINT (9.800434547000066 52.335065829000030)",Unfall 2588 (2024) Kat:3, Licht: 0,2588,3,2,4,01,12,7,,0,1,1,0,0
"POINT (9.784848792000048 52.372644036000054)",Unfall 2589 (2024) Kat:3, Licht: 0,2589,3,6,2,01,15,6,,0,0,1,0,0
"POINT (9.700030373000061 52.344277116000058)",Unfall 2590 (2024) Kat:3, Licht: 1,2590,3,4,6,01,08,6,,1,0,1,1,0
"POINT (9.743961590000026 52.371135756000058)",Unfall 2591 (2024) Kat:3, Licht: 0,2591,3,6,2,01,09,6,,0,0,1,0,1
"POINT (9.773353888000031 52.350852007000071)",Unfall 2592 (2024) Kat:3, Licht: 1,2592,3,3,5,01,16,3,,1,0,1,0,0
"POINT (9.693194794000021 52.367544875000078)",Unfall 2593 (2024) Kat:3, Licht: 1,2593,3,2,2,01,16,6,,1,0,1,0,0
"POINT (9.717936296000062 52.364600517000042)",Unfall 2594 (2024) Kat:3, Licht: 0,2594,3,7,0,01,14,6,,0,1,1,0,0
"POINT (9.681472287000076 52.416166146000080)",Unfall 2595 (2024) Kat:3, Licht: 2,2595,3,2,5,01,21,6,,2,0,1,0,0
"POINT (9.654737553000075 52.409887108000078)",Unfall 2596 (2024) Kat:3, Licht: 2,2596,3,4,6,01,17,5,,2,0,1,1,0
"POINT (9.729401267000071 52.361649847000081)",Unfall 2597 (2024) Kat:3, Licht: 0,2597,3,6,2,01,11,5,,0,0,1,0,0
"POINT (9.706675718000042 52.373719086000051)",Unfall 2598 (2024) Kat:3, Licht: 2,2598,3,7,0,01,20,5,,2,1,0,0,0
"POINT (9.803027622000059 52.358907227000032)",Unfall 2599 (2024) Kat:3, Licht: 1,2599,3,4,6,01,08,5,,1,0,1,1,0
"POINT (9.690408918000060 52.443439369000032)",Unfall 2600 (2024) Kat:3, Licht: 0,2600,3,3,5,01,10,5,,0,0,1,0,0
"POINT (9.570600445000025 52.397674539000036)",Unfall 2601 (2024) Kat:3, Licht: 1,2601,3,4,6,01,07,4,,1,0,1,1,0
"POINT (9.599916962000066 52.318888261000041)",Unfall 2602 (2024) Kat:3, Licht: 0,2602,3,7,0,01,10,4,,0,1,0,0,0
"POINT (9.671582575000059 52.355761388000076)",Unfall 2603 (2024) Kat:3, Licht: 2,2603,3,2,6,01,18,4,,2,0,1,1,0
"POINT (9.731236858000045 52.391438242000049)",Unfall 2604 (2024) Kat:3, Licht: 2,2604,3,3,5,01,18,3,,2,0,1,0,0
"POINT (9.709845454000060 52.367256261000080)",Unfall 2605 (2024) Kat:3, Licht: 0,2605,3,4,0,01,16,3,,0,0,0,1,0
"POINT (9.608652638000024 52.434196179000082)",Unfall 2606 (2024) Kat:3, Licht: 0,2606,3,6,6,01,16,3,,0,0,1,1,0
"POINT (9.961777385000062 52.389503674000082)",Unfall 2607 (2024) Kat:3, Licht: 2,2607,3,2,5,01,21,3,,2,0,1,0,0
"POINT (9.750036703000035 52.432042403000082)",Unfall 2608 (2024) Kat:3, Licht: 0,2608,3,3,5,01,12,3,,0,1,1,0,0
"POINT (9.798595270000021 52.412527305000026)",Unfall 2609 (2024) Kat:3, Licht: 0,2609,3,2,5,01,10,2,,0,1,0,0,0
"POINT (9.447459498000057 52.428439152000067)",Unfall 2610 (2024) Kat:3, Licht: 0,2610,3,3,5,01,13,2,,0,1,1,0,0
"POINT (9.719707765000067 52.386598188000050)",Unfall 2611 (2024) Kat:2, Licht: 1,2611,2,4,6,01,17,2,,1,0,1,1,0
"POINT (9.855343202000029 52.392353635000063)",Unfall 2612 (2024) Kat:2, Licht: 2,2612,2,2,6,01,06,2,,2,0,1,1,0
"POINT (9.596424900000045 52.312036859000045)",Unfall 2613 (2024) Kat:3, Licht: 0,2613,3,7,6,02,15,5,,0,0,1,1,0
"POINT (9.716857474000051 52.362151150000045)",Unfall 2614 (2024) Kat:3, Licht: 1,2614,3,3,5,01,17,7,,1,1,1,0,0
"POINT (9.731630075000055 52.374770138000031)",Unfall 2615 (2024) Kat:3, Licht: 2,2615,3,7,1,01,03,7,,2,0,1,1,0
"POINT (9.454019210000070 52.416468574000078)",Unfall 2616 (2024) Kat:3, Licht: 0,2616,3,3,5,01,13,7,,0,0,1,0,0
"POINT (9.641027175000033 52.398367198000074)",Unfall 2617 (2024) Kat:2, Licht: 0,2617,2,3,5,01,09,7,,0,1,1,0,0
"POINT (9.755121742000028 52.391387952000059)",Unfall 2618 (2024) Kat:3, Licht: 2,2618,3,2,6,01,17,7,,2,0,1,1,0
"POINT (9.711995175000027 52.392252333000044)",Unfall 2619 (2024) Kat:3, Licht: 0,2619,3,5,1,01,14,6,,0,0,1,0,0
"POINT (9.722309723000023 52.388829262000058)",Unfall 2620 (2024) Kat:3, Licht: 0,2620,3,7,3,01,08,6,,0,0,1,0,0
"POINT (9.741290144000061 52.438079035000044)",Unfall 2621 (2024) Kat:3, Licht: 0,2621,3,7,0,01,10,6,,0,1,0,0,0
"POINT (9.708144635000053 52.390205526000045)",Unfall 2622 (2024) Kat:2, Licht: 2,2622,2,7,0,01,07,6,,2,1,0,0,0
"POINT (9.822426771000039 52.291020736000064)",Unfall 2623 (2024) Kat:3, Licht: 1,2623,3,7,0,01,16,5,,1,1,0,0,0
"POINT (9.717110779000052 52.363817089000065)",Unfall 2624 (2024) Kat:3, Licht: 2,2624,3,7,0,01,07,5,,2,1,1,0,0
"POINT (9.802448998000045 52.361501102000034)",Unfall 2625 (2024) Kat:3, Licht: 2,2625,3,1,9,01,21,5,,2,0,1,0,0
"POINT (9.711459133000062 52.442713380000043)",Unfall 2626 (2024) Kat:3, Licht: 2,2626,3,6,3,01,17,5,,2,0,1,0,0
"POINT (10.204370654000058 52.467357014000072)",Unfall 2627 (2024) Kat:3, Licht: 0,2627,3,7,0,01,15,5,,0,1,0,0,0
"POINT (9.734949842000049 52.436609133000047)",Unfall 2628 (2024) Kat:3, Licht: 2,2628,3,1,9,01,19,5,,2,0,1,0,0
"POINT (9.749159514000041 52.350575618000050)",Unfall 2629 (2024) Kat:3, Licht: 0,2629,3,7,0,01,14,5,,0,0,1,0,0
"POINT (9.747117488000072 52.373764999000059)",Unfall 2630 (2024) Kat:3, Licht: 0,2630,3,2,5,02,12,6,,0,0,1,0,1
"POINT (9.814211785000055 52.385615379000058)",Unfall 2631 (2024) Kat:3, Licht: 2,2631,3,4,6,01,07,4,,2,0,1,1,0
"POINT (9.857452542000033 52.497908701000028)",Unfall 2632 (2024) Kat:3, Licht: 1,2632,3,3,5,01,16,4,,1,0,1,0,1
"POINT (9.803444449000040 52.306395899000051)",Unfall 2633 (2024) Kat:2, Licht: 0,2633,2,2,5,01,12,4,,0,1,0,0,0
"POINT (9.733746376000056 52.384673593000059)",Unfall 2634 (2024) Kat:3, Licht: 0,2634,3,7,0,02,14,3,,0,1,0,0,0
"POINT (9.782450529000073 52.373048227000027)",Unfall 2635 (2024) Kat:3, Licht: 0,2635,3,3,5,01,13,3,,0,1,1,0,0
"POINT (9.668174932000056 52.415387949000035)",Unfall 2636 (2024) Kat:3, Licht: 2,2636,3,4,6,01,06,3,,2,0,1,1,0
"POINT (9.725045551000051 52.342822943000044)",Unfall 2637 (2024) Kat:3, Licht: 0,2637,3,7,8,01,15,2,,0,0,1,0,0
"POINT (9.753422030000024 52.390370558000029)",Unfall 2638 (2024) Kat:3, Licht: 2,2638,3,2,5,01,17,2,,2,0,1,0,0
"POINT (9.762332653000044 52.379027957000062)",Unfall 2639 (2024) Kat:3, Licht: 0,2639,3,5,1,01,09,2,,0,0,1,0,0
"POINT (9.690314247000060 52.418442430000027)",Unfall 2640 (2024) Kat:3, Licht: 1,2640,3,6,2,01,16,2,,1,0,1,0,0
"POINT (9.469059212000047 52.429710097000054)",Unfall 2641 (2024) Kat:2, Licht: 0,2641,2,1,0,01,10,1,,0,1,0,0,0
"POINT (9.593951083000036 52.424415483000075)",Unfall 2642 (2024) Kat:3, Licht: 2,2642,3,3,5,01,17,1,,2,0,1,0,0
"POINT (9.740123720000042 52.368473440000059)",Unfall 2643 (2024) Kat:2, Licht: 0,2643,2,1,0,01,12,1,,0,1,0,0,0
"POINT (9.734981313000048 52.400965501000030)",Unfall 2644 (2024) Kat:3, Licht: 0,2644,3,7,0,01,10,7,,0,1,0,0,0
"POINT (9.712094986000068 52.370843021000042)",Unfall 2645 (2024) Kat:3, Licht: 2,2645,3,6,2,01,22,7,,2,0,1,0,0
"POINT (9.699500905000036 52.326720578000049)",Unfall 2646 (2024) Kat:3, Licht: 2,2646,3,5,1,02,06,5,,2,0,1,0,0
"POINT (9.744544507000057 52.395031862000053)",Unfall 2647 (2024) Kat:3, Licht: 2,2647,3,2,6,01,18,7,,2,0,1,1,0
"POINT (9.750027840000030 52.410702745000037)",Unfall 2648 (2024) Kat:3, Licht: 2,2648,3,1,1,01,02,7,,2,0,1,0,0
"POINT (9.762662204000037 52.357104491000030)",Unfall 2649 (2024) Kat:3, Licht: 2,2649,3,5,1,01,07,6,,2,0,1,0,0
"POINT (9.693157829000029 52.341918098000065)",Unfall 2650 (2024) Kat:3, Licht: 2,2650,3,6,0,01,17,6,,2,0,1,0,0
"POINT (9.690763278000077 52.345995698000081)",Unfall 2651 (2024) Kat:3, Licht: 2,2651,3,7,0,01,05,6,,2,0,0,0,0
"POINT (9.744232884000041 52.373325929000032)",Unfall 2652 (2024) Kat:3, Licht: 0,2652,3,1,0,01,14,6,,0,1,0,0,0
"POINT (9.759663974000034 52.452830331000030)",Unfall 2653 (2024) Kat:3, Licht: 2,2653,3,2,6,01,20,6,,2,0,1,1,0
"POINT (9.741554810000025 52.371041936000040)",Unfall 2654 (2024) Kat:2, Licht: 2,2654,2,1,0,01,22,6,,2,0,0,0,0
"POINT (9.729569090000041 52.346248234000029)",Unfall 2655 (2024) Kat:3, Licht: 2,2655,3,1,1,01,02,6,,2,0,1,0,0
"POINT (9.717198600000074 52.345069460000047)",Unfall 2656 (2024) Kat:3, Licht: 0,2656,3,3,5,01,12,5,,0,1,1,0,0
"POINT (9.742235989000051 52.326105881000046)",Unfall 2657 (2024) Kat:3, Licht: 0,2657,3,6,6,01,15,5,,0,0,1,1,0
"POINT (9.631779446000053 52.440547370000047)",Unfall 2658 (2024) Kat:3, Licht: 0,2658,3,2,2,01,13,5,,0,0,1,0,0
"POINT (9.733466384000053 52.545788069000082)",Unfall 2659 (2024) Kat:3, Licht: 0,2659,3,2,6,01,07,5,,0,0,1,1,0
"POINT (10.109615514000041 52.360562590000029)",Unfall 2660 (2024) Kat:3, Licht: 2,2660,3,1,0,01,04,5,,2,1,0,0,0
"POINT (9.819088085000033 52.400013325000032)",Unfall 2661 (2024) Kat:3, Licht: 0,2661,3,3,5,04,13,2,,0,1,1,0,0
"POINT (9.755570615000067 52.391357712000058)",Unfall 2662 (2024) Kat:3, Licht: 0,2662,3,6,2,04,18,2,,0,0,1,0,0
"POINT (9.738333229000034 52.382132755000043)",Unfall 2663 (2024) Kat:3, Licht: 0,2663,3,6,4,04,18,2,,0,1,0,0,0
"POINT (9.668543439000075 52.241774140000075)",Unfall 2664 (2024) Kat:3, Licht: 0,2664,3,7,1,04,10,2,,0,0,1,0,0
"POINT (9.614483641000049 52.445200610000029)",Unfall 2665 (2024) Kat:3, Licht: 0,2665,3,5,1,04,13,2,,0,1,1,0,0
"POINT (10.006652543000030 52.449649377000071)",Unfall 2666 (2024) Kat:3, Licht: 0,2666,3,7,9,04,08,2,,0,0,1,0,0
"POINT (9.708496403000026 52.394393100000059)",Unfall 2667 (2024) Kat:3, Licht: 0,2667,3,2,5,04,18,2,,0,0,1,0,1
"POINT (9.801045490000035 52.377027144000067)",Unfall 2668 (2024) Kat:3, Licht: 0,2668,3,7,0,04,17,2,,0,1,0,0,0
"POINT (9.776806601000033 52.362811692000037)",Unfall 2669 (2024) Kat:3, Licht: 0,2669,3,4,6,04,13,2,,0,0,1,1,0
"POINT (9.804781417000072 52.378073129000029)",Unfall 2670 (2024) Kat:3, Licht: 0,2670,3,3,5,04,09,2,,0,1,0,0,0
"POINT (9.720665957000051 52.391089310000041)",Unfall 2671 (2024) Kat:3, Licht: 2,2671,3,7,0,04,01,1,,2,1,0,0,0
"POINT (9.746748441000022 52.394802659000050)",Unfall 2672 (2024) Kat:3, Licht: 0,2672,3,3,5,04,13,1,,0,1,1,0,0
"POINT (9.610105572000066 52.410285653000074)",Unfall 2673 (2024) Kat:3, Licht: 0,2673,3,3,5,04,15,1,,0,1,1,0,0
"POINT (9.737508138000067 52.387984430000074)",Unfall 2674 (2024) Kat:3, Licht: 0,2674,3,2,2,04,14,1,,0,0,1,0,0
"POINT (9.734876649000057 52.380166559000031)",Unfall 2675 (2024) Kat:3, Licht: 0,2675,3,6,2,04,18,7,,0,0,1,0,0
"POINT (9.964459035000061 52.372557799000049)",Unfall 2676 (2024) Kat:3, Licht: 0,2676,3,3,5,04,12,7,,0,1,0,0,0
"POINT (9.702142124000034 52.398946175000049)",Unfall 2677 (2024) Kat:3, Licht: 0,2677,3,1,7,04,11,6,,0,1,0,0,0
"POINT (9.729695739000022 52.355514907000043)",Unfall 2678 (2024) Kat:3, Licht: 0,2678,3,3,5,04,16,6,,0,1,1,0,0
"POINT (9.482694638000055 52.464415824000071)",Unfall 2679 (2024) Kat:3, Licht: 0,2679,3,3,5,04,11,6,,0,0,1,0,0
"POINT (9.896594257000061 52.447809449000033)",Unfall 2680 (2024) Kat:3, Licht: 0,2680,3,7,4,04,09,6,,0,1,0,0,0
"POINT (9.859282386000075 52.506801936000045)",Unfall 2681 (2024) Kat:3, Licht: 2,2681,3,1,0,04,21,6,,2,0,0,0,0
"POINT (9.996409363000055 52.457366264000029)",Unfall 2682 (2024) Kat:3, Licht: 0,2682,3,1,9,04,13,6,,0,0,1,0,0
"POINT (9.721609118000060 52.354732494000075)",Unfall 2683 (2024) Kat:3, Licht: 0,2683,3,3,5,04,18,6,,0,0,1,0,0
"POINT (9.738531861000070 52.389991154000029)",Unfall 2684 (2024) Kat:3, Licht: 0,2684,3,2,5,04,11,6,,0,1,1,0,0
"POINT (9.745900035000034 52.421261304000041)",Unfall 2685 (2024) Kat:3, Licht: 1,2685,3,7,4,04,06,6,,1,0,1,0,0
"POINT (9.643089006000025 52.415097138000078)",Unfall 2686 (2024) Kat:3, Licht: 2,2686,3,6,2,04,05,5,,2,0,1,0,0
"POINT (9.791309376000072 52.404412295000043)",Unfall 2687 (2024) Kat:3, Licht: 0,2687,3,3,5,04,17,5,,0,0,1,0,0
"POINT (9.639056603000029 52.395720472000050)",Unfall 2688 (2024) Kat:3, Licht: 0,2688,3,3,5,04,08,5,,0,0,1,0,0
"POINT (10.209750286000030 52.467014472000074)",Unfall 2689 (2024) Kat:3, Licht: 0,2689,3,2,3,04,07,5,,0,1,0,0,0
"POINT (9.753365470000062 52.390254743000071)",Unfall 2690 (2024) Kat:3, Licht: 0,2690,3,1,0,04,08,5,,0,1,0,0,0
"POINT (9.674798035000038 52.397153027000059)",Unfall 2691 (2024) Kat:3, Licht: 0,2691,3,2,3,04,08,4,,0,1,0,0,0
"POINT (9.745142310000062 52.372553580000044)",Unfall 2692 (2024) Kat:3, Licht: 0,2692,3,3,5,04,16,4,,0,1,1,0,0
"POINT (9.722976956000025 52.377750614000036)",Unfall 2693 (2024) Kat:3, Licht: 0,2693,3,6,2,04,13,4,,0,0,1,0,0
"POINT (9.756762027000036 52.410345370000073)",Unfall 2694 (2024) Kat:3, Licht: 0,2694,3,3,5,04,08,4,,0,0,1,0,0
"POINT (9.748669611000025 52.379662893000045)",Unfall 2695 (2024) Kat:3, Licht: 0,2695,3,7,1,04,10,4,,0,1,1,0,0
"POINT (9.741008695000062 52.398801815000070)",Unfall 2696 (2024) Kat:3, Licht: 0,2696,3,2,6,04,07,4,,0,1,0,1,0
"POINT (9.571643632000075 52.277194795000071)",Unfall 2697 (2024) Kat:3, Licht: 0,2697,3,7,0,04,15,4,,0,0,0,0,1
"POINT (9.710486362000040 52.448287190000030)",Unfall 2698 (2024) Kat:3, Licht: 2,2698,3,2,3,04,22,4,,2,1,1,0,0
"POINT (9.737581063000050 52.438714691000030)",Unfall 2699 (2024) Kat:3, Licht: 0,2699,3,2,6,04,15,4,,0,0,1,1,0
"POINT (9.736829538000052 52.376796536000029)",Unfall 2700 (2024) Kat:3, Licht: 0,2700,3,2,6,04,10,4,,0,0,1,1,0
"POINT (9.826074065000057 52.285164794000082)",Unfall 2701 (2024) Kat:3, Licht: 2,2701,3,7,0,04,19,3,,2,1,0,0,0
"POINT (9.744448445000046 52.364308636000032)",Unfall 2702 (2024) Kat:3, Licht: 0,2702,3,3,5,04,18,3,,0,1,1,0,0
"POINT (9.846919572000047 52.387329455000042)",Unfall 2703 (2024) Kat:3, Licht: 0,2703,3,3,5,04,16,3,,0,1,1,0,0
"POINT (9.606406941000046 52.307919144000039)",Unfall 2704 (2024) Kat:3, Licht: 0,2704,3,3,5,04,18,3,,0,1,1,0,0
"POINT (9.588281947000041 52.418506867000076)",Unfall 2705 (2024) Kat:3, Licht: 0,2705,3,7,0,04,09,3,,0,1,0,0,0
"POINT (9.753841005000027 52.380388299000060)",Unfall 2706 (2024) Kat:3, Licht: 0,2706,3,3,5,04,08,3,,0,0,1,0,1
"POINT (9.731059951000077 52.375022876000060)",Unfall 2707 (2024) Kat:3, Licht: 2,2707,3,6,2,04,01,2,,2,0,1,0,0
"POINT (9.788254512000037 52.401616958000034)",Unfall 2708 (2024) Kat:3, Licht: 0,2708,3,7,0,03,10,1,,0,1,0,0,0
"POINT (9.581158025000036 52.448782190000031)",Unfall 2709 (2024) Kat:3, Licht: 0,2709,3,3,5,03,15,1,,0,1,1,0,0
"POINT (9.837773467000034 52.495366950000061)",Unfall 2710 (2024) Kat:3, Licht: 2,2710,3,1,4,03,22,1,,2,0,1,0,0
"POINT (9.752344022000045 52.377213830000073)",Unfall 2711 (2024) Kat:3, Licht: 0,2711,3,6,3,03,12,1,,0,1,0,0,0
"POINT (9.838124332000064 52.388639299000033)",Unfall 2712 (2024) Kat:3, Licht: 0,2712,3,4,6,03,18,7,,0,0,1,1,0
"POINT (10.097299364000037 52.387805702000037)",Unfall 2713 (2024) Kat:3, Licht: 0,2713,3,1,0,03,14,7,,0,1,0,0,0
"POINT (9.807654955000032 52.305888103000029)",Unfall 2714 (2024) Kat:3, Licht: 2,2714,3,2,5,03,00,7,,2,0,1,0,0
"POINT (9.738901272000021 52.355973892000065)",Unfall 2715 (2024) Kat:2, Licht: 0,2715,2,7,0,03,16,6,,0,1,0,0,0
"POINT (9.739947671000039 52.380930855000031)",Unfall 2716 (2024) Kat:3, Licht: 2,2716,3,4,6,03,21,6,,2,0,1,1,0
"POINT (9.826074065000057 52.285164794000082)",Unfall 2717 (2024) Kat:3, Licht: 0,2717,3,3,5,03,16,5,,0,0,1,0,0
"POINT (9.808150244000046 52.386622121000073)",Unfall 2718 (2024) Kat:3, Licht: 0,2718,3,6,2,03,11,5,,0,0,1,0,0
"POINT (9.749175966000053 52.361985705000052)",Unfall 2719 (2024) Kat:3, Licht: 0,2719,3,2,5,03,16,5,,0,1,1,0,0
"POINT (9.724573627000041 52.347081884000033)",Unfall 2720 (2024) Kat:3, Licht: 0,2720,3,6,2,03,09,5,,0,0,1,0,0
"POINT (9.720346315000029 52.354722700000082)",Unfall 2721 (2024) Kat:3, Licht: 0,2721,3,7,4,03,15,5,,0,0,1,0,0
"POINT (9.718777403000047 52.373769325000069)",Unfall 2722 (2024) Kat:3, Licht: 0,2722,3,2,3,03,15,5,,0,1,1,0,0
"POINT (9.711175483000034 52.373052116000054)",Unfall 2723 (2024) Kat:3, Licht: 2,2723,3,6,0,03,19,5,,2,0,1,1,0
"POINT (9.765851710000049 52.418505751000055)",Unfall 2724 (2024) Kat:3, Licht: 0,2724,3,6,2,03,14,5,,0,0,1,0,0
"POINT (9.728149246000044 52.340652689000080)",Unfall 2725 (2024) Kat:3, Licht: 0,2725,3,3,5,03,10,5,,0,1,1,0,0
"POINT (9.656596796000031 52.407471247000046)",Unfall 2726 (2024) Kat:3, Licht: 0,2726,3,2,5,03,16,5,,0,0,1,0,0
"POINT (9.511811167000076 52.404223216000048)",Unfall 2727 (2024) Kat:3, Licht: 0,2727,3,3,5,03,06,4,,0,1,1,0,0
"POINT (9.620203945000071 52.438912073000040)",Unfall 2728 (2024) Kat:3, Licht: 1,2728,3,7,0,03,20,4,,1,1,0,0,0
"POINT (9.609257961000026 52.464653977000069)",Unfall 2729 (2024) Kat:3, Licht: 0,2729,3,7,8,03,10,4,,0,0,1,0,0
"POINT (9.994773971000029 52.453220930000043)",Unfall 2730 (2024) Kat:3, Licht: 0,2730,3,7,0,03,12,4,,0,1,0,0,0
"POINT (9.718086109000069 52.361937853000029)",Unfall 2731 (2024) Kat:3, Licht: 0,2731,3,2,5,03,08,4,,0,1,1,0,0
"POINT (9.799899815000060 52.406222994000075)",Unfall 2732 (2024) Kat:3, Licht: 0,2732,3,4,6,03,17,3,,0,0,1,1,0
"POINT (9.764345877000039 52.360196254000073)",Unfall 2733 (2024) Kat:3, Licht: 0,2733,3,7,0,03,16,2,,0,0,0,0,0
"POINT (9.673518900000033 52.406016851000061)",Unfall 2734 (2024) Kat:3, Licht: 2,2734,3,7,0,03,20,2,,2,1,0,0,0
"POINT (9.740505102000043 52.380646643000034)",Unfall 2735 (2024) Kat:3, Licht: 0,2735,3,6,2,03,08,2,,0,0,1,1,0
"POINT (9.428056622000042 52.429104630000040)",Unfall 2736 (2024) Kat:3, Licht: 0,2736,3,7,0,03,17,2,,0,1,0,0,0
"POINT (9.790282456000057 52.374065124000026)",Unfall 2737 (2024) Kat:1, Licht: 0,2737,1,7,6,03,12,2,,0,0,1,1,0
"POINT (9.653144112000064 52.412876359000052)",Unfall 2738 (2024) Kat:3, Licht: 0,2738,3,1,4,03,14,1,,0,0,1,0,0
"POINT (9.717055369000036 52.363759389000052)",Unfall 2739 (2024) Kat:3, Licht: 0,2739,3,1,0,03,11,1,,0,0,0,0,1
"POINT (9.856443563000028 52.366861735000043)",Unfall 2740 (2024) Kat:3, Licht: 0,2740,3,5,1,03,12,7,,0,1,0,0,0
"POINT (9.699101723000069 52.366103363000036)",Unfall 2741 (2024) Kat:3, Licht: 0,2741,3,4,6,03,17,7,,0,0,1,1,0
"POINT (9.801261581000063 52.370617949000064)",Unfall 2742 (2024) Kat:3, Licht: 0,2742,3,3,5,03,12,6,,0,1,1,0,0
"POINT (9.608983347000049 52.261698908000028)",Unfall 2743 (2024) Kat:3, Licht: 0,2743,3,1,9,03,08,6,,0,0,0,0,0
"POINT (9.696078086000057 52.521916136000073)",Unfall 2744 (2024) Kat:2, Licht: 0,2744,2,7,6,03,09,6,,0,0,1,1,0
"POINT (9.756455782000046 52.383028712000055)",Unfall 2745 (2024) Kat:3, Licht: 2,2745,3,1,0,03,20,6,,2,0,1,0,0
"POINT (9.718490858000052 52.374388212000042)",Unfall 2746 (2024) Kat:3, Licht: 0,2746,3,6,0,03,07,6,,0,1,0,0,0
"POINT (9.758891530000028 52.393357272000060)",Unfall 2747 (2024) Kat:3, Licht: 0,2747,3,6,3,03,14,5,,0,1,1,0,0
"POINT (9.562444151000022 52.215812519000053)",Unfall 2748 (2024) Kat:3, Licht: 0,2748,3,2,2,03,15,5,,0,0,1,0,1
"POINT (9.741449147000026 52.440496254000038)",Unfall 2749 (2024) Kat:3, Licht: 0,2749,3,3,5,03,11,5,,0,1,1,0,0
"POINT (9.807872884000062 52.300700522000056)",Unfall 2750 (2024) Kat:3, Licht: 0,2750,3,3,5,04,14,7,,0,1,1,0,0
"POINT (9.701517636000062 52.408672297000066)",Unfall 2751 (2024) Kat:3, Licht: 0,2751,3,3,5,03,15,4,,0,0,1,0,0
"POINT (9.690255162000028 52.376988998000058)",Unfall 2752 (2024) Kat:3, Licht: 0,2752,3,7,0,03,18,4,,0,1,0,0,0
"POINT (9.772182386000054 52.417329587000040)",Unfall 2753 (2024) Kat:3, Licht: 0,2753,3,6,2,03,18,4,,0,0,1,0,0
"POINT (9.740390604000027 52.427729491000036)",Unfall 2754 (2024) Kat:3, Licht: 0,2754,3,3,5,03,16,4,,0,0,1,0,1
"POINT (9.859997762000035 52.434013900000082)",Unfall 2755 (2024) Kat:3, Licht: 0,2755,3,3,5,03,10,4,,0,0,1,0,0
"POINT (9.738577317000022 52.381374178000044)",Unfall 2756 (2024) Kat:3, Licht: 0,2756,3,2,5,03,17,4,,0,0,1,0,0
"POINT (9.664226734000067 52.380131281000047)",Unfall 2757 (2024) Kat:3, Licht: 0,2757,3,5,3,03,09,3,,0,0,1,0,1
"POINT (9.458363823000070 52.303461812000080)",Unfall 2758 (2024) Kat:3, Licht: 2,2758,3,7,0,03,18,3,,2,1,0,0,0
"POINT (9.722434252000028 52.372941695000065)",Unfall 2759 (2024) Kat:3, Licht: 2,2759,3,3,5,03,20,3,,2,1,1,0,0
"POINT (9.727898130000028 52.400205588000063)",Unfall 2760 (2024) Kat:3, Licht: 0,2760,3,3,5,03,07,3,,0,1,1,0,0
"POINT (9.753922303000024 52.386225116000048)",Unfall 2761 (2024) Kat:3, Licht: 0,2761,3,6,2,03,15,2,,0,0,1,0,0
"POINT (9.669440412000029 52.355329736000044)",Unfall 2762 (2024) Kat:3, Licht: 1,2762,3,7,0,03,18,2,,1,0,0,0,0
"POINT (9.742048663000048 52.359233324000058)",Unfall 2763 (2024) Kat:3, Licht: 2,2763,3,2,5,03,01,1,,2,0,1,0,1
"POINT (9.608245376000070 52.413825474000078)",Unfall 2764 (2024) Kat:3, Licht: 0,2764,3,7,0,03,14,1,,0,1,0,0,0
"POINT (9.699980738000022 52.330249759000026)",Unfall 2765 (2024) Kat:3, Licht: 0,2765,3,1,7,03,11,1,,0,0,1,0,1
"POINT (9.639102675000061 52.417064347000064)",Unfall 2766 (2024) Kat:3, Licht: 2,2766,3,3,5,03,23,7,,2,0,1,0,0
"POINT (9.821002919000023 52.348438955000063)",Unfall 2767 (2024) Kat:3, Licht: 0,2767,3,6,4,03,10,7,,0,0,1,0,0
"POINT (9.810485794000044 52.348134046000041)",Unfall 2768 (2024) Kat:3, Licht: 0,2768,3,7,0,03,11,7,,0,1,0,0,0
"POINT (9.856306344000075 52.500252513000078)",Unfall 2769 (2024) Kat:3, Licht: 0,2769,3,3,5,03,13,7,,0,1,1,0,0
"POINT (9.732151849000047 52.371109947000036)",Unfall 2770 (2024) Kat:3, Licht: 0,2770,3,3,5,04,15,7,,0,1,0,0,0
"POINT (9.798539907000077 52.308369775000074)",Unfall 2771 (2024) Kat:3, Licht: 0,2771,3,3,0,03,11,6,,0,1,1,0,0
"POINT (9.981539773000065 52.378573698000082)",Unfall 2772 (2024) Kat:3, Licht: 0,2772,3,5,1,03,08,6,,0,0,1,0,0
"POINT (9.752262447000021 52.395009591000075)",Unfall 2773 (2024) Kat:3, Licht: 2,2773,3,7,2,03,19,6,,2,0,1,0,0
"POINT (9.738031848000048 52.382143494000047)",Unfall 2774 (2024) Kat:3, Licht: 0,2774,3,6,2,03,16,6,,0,1,0,0,0
"POINT (9.739350204000061 52.376900612000043)",Unfall 2775 (2024) Kat:3, Licht: 0,2775,3,6,3,03,13,6,,0,1,0,0,0
"POINT (9.593313691000048 52.421025428000064)",Unfall 2776 (2024) Kat:3, Licht: 0,2776,3,4,6,03,18,5,,0,0,1,1,0
"POINT (9.787454956000033 52.324346320000075)",Unfall 2777 (2024) Kat:3, Licht: 2,2777,3,1,0,03,18,5,,2,0,1,0,0