WKT,Name,OBJECTID,UKATEGORIE,UTYP1,UART,UMONAT,USTUNDE,UWOCHENTAG,STRZUSTAND,ULICHTVERH,ISTRAD,ISTPKW,ISTFUSS,ISTKRAD
"POINT (9.455715756000075 52.368793121000067)",Unfall 2778 (2024) Kat:3, Licht: 0,2778,3,1,8,03,12,5,,0,0,1,0,0
"POINT (9.741299017000074 52.394368141000029)",Unfall 2779 (2024) Kat:3, Licht: 2,2779,3,2,3,03,20,4,,2,1,1,0,0
"POINT (9.723060880000048 52.389876251000032)",Unfall 2780 (2024) Kat:3, Licht: 0,2780,3,3,5,03,15,4,,0,0,1,0,0
"POINT (9.622223577000057 52.432045005000077)",Unfall 2781 (2024) Kat:3, Licht: 0,2781,3,3,5,03,14,4,,0,0,1,0,0
"POINT (9.723389885000074 52.454224471000032)",Unfall 2782 (2024) Kat:3, Licht: 2,2782,3,2,2,03,19,4,,2,0,1,0,0
"POINT (9.751606702000061 52.421013897000080)",Unfall 2783 (2024) Kat:3, Licht: 0,2783,3,2,5,03,08,4,,0,0,1,0,0
"POINT (9.669249831000059 52.351707713000053)",Unfall 2784 (2024) Kat:2, Licht: 2,2784,2,1,0,03,20,5,,2,0,0,0,0
"POINT (9.755476934000058 52.366765692000058)",Unfall 2785 (2024) Kat:3, Licht: 0,2785,3,2,0,03,13,3,,0,1,1,0,0
"POINT (9.789733914000067 52.412230334000071)",Unfall 2786 (2024) Kat:3, Licht: 0,2786,3,5,1,03,15,3,,0,0,1,1,0
"POINT (9.753373763000070 52.264725927000029)",Unfall 2787 (2024) Kat:3, Licht: 0,2787,3,7,0,03,17,3,,0,1,0,0,0
"POINT (9.734920973000044 52.380332452000061)",Unfall 2788 (2024) Kat:3, Licht: 2,2788,3,2,5,03,18,3,,2,0,1,0,0
"POINT (9.728353190000064 52.377877548000072)",Unfall 2789 (2024) Kat:3, Licht: 0,2789,3,2,5,03,07,3,,0,1,0,0,0
"POINT (9.728335594000043 52.376972683000076)",Unfall 2790 (2024) Kat:3, Licht: 0,2790,3,5,0,03,11,2,,0,1,1,0,0
"POINT (9.413270909000062 52.333831632000056)",Unfall 2791 (2024) Kat:3, Licht: 2,2791,3,2,4,03,21,2,,2,1,1,0,0
"POINT (9.616901387000041 52.424177390000068)",Unfall 2792 (2024) Kat:3, Licht: 0,2792,3,3,5,03,11,2,,0,1,1,0,0
"POINT (9.730454245000033 52.554182517000072)",Unfall 2793 (2024) Kat:3, Licht: 0,2793,3,7,4,03,15,2,,0,0,1,0,0
"POINT (9.553489885000033 52.212073563000047)",Unfall 2794 (2024) Kat:2, Licht: 0,2794,2,4,6,03,14,2,,0,0,0,1,0
"POINT (9.752604671000029 52.355220334000080)",Unfall 2795 (2024) Kat:3, Licht: 0,2795,3,6,3,03,13,2,,0,1,0,0,0
"POINT (9.747794403000057 52.395926604000067)",Unfall 2796 (2024) Kat:3, Licht: 2,2796,3,7,0,03,20,7,,2,1,0,0,0
"POINT (9.706128305000050 52.371568725000031)",Unfall 2797 (2024) Kat:3, Licht: 2,2797,3,6,0,03,19,7,,2,1,1,0,0
"POINT (9.618145635000076 52.430688331000056)",Unfall 2798 (2024) Kat:3, Licht: 0,2798,3,3,5,03,16,7,,0,0,1,0,0
"POINT (9.729599587000052 52.342170587000055)",Unfall 2799 (2024) Kat:2, Licht: 2,2799,2,7,0,03,19,7,,2,0,1,0,0
"POINT (9.763976107000076 52.363053039000079)",Unfall 2800 (2024) Kat:3, Licht: 0,2800,3,6,2,03,14,6,,0,1,1,0,0
"POINT (9.821106244000021 52.346806299000036)",Unfall 2801 (2024) Kat:3, Licht: 0,2801,3,2,6,03,07,6,,0,0,0,1,0
"POINT (9.740622315000053 52.400173527000049)",Unfall 2802 (2024) Kat:3, Licht: 0,2802,3,3,5,03,10,6,,0,1,1,0,0
"POINT (9.718397871000036 52.381044552000048)",Unfall 2803 (2024) Kat:2, Licht: 2,2803,2,4,6,03,19,6,,2,0,0,1,0
"POINT (9.761560457000030 52.379762578000054)",Unfall 2804 (2024) Kat:3, Licht: 0,2804,3,3,0,03,17,6,,0,0,1,0,0
"POINT (9.815717865000067 52.395897876000049)",Unfall 2805 (2024) Kat:3, Licht: 0,2805,3,3,5,03,12,6,,0,1,1,0,0
"POINT (9.981684558000040 52.379099953000036)",Unfall 2806 (2024) Kat:2, Licht: 0,2806,2,6,6,03,13,5,,0,1,0,1,0
"POINT (9.761587110000050 52.379800221000039)",Unfall 2807 (2024) Kat:3, Licht: 0,2807,3,3,5,03,08,5,,0,1,1,0,0
"POINT (9.919328380000024 52.514163249000035)",Unfall 2808 (2024) Kat:3, Licht: 0,2808,3,5,1,03,10,4,,0,1,1,0,0
"POINT (9.744252306000021 52.373437873000057)",Unfall 2809 (2024) Kat:3, Licht: 0,2809,3,1,0,03,15,4,,0,1,0,0,0
"POINT (9.719204957000045 52.400530878000041)",Unfall 2810 (2024) Kat:3, Licht: 0,2810,3,6,4,03,08,3,,0,1,1,0,0
"POINT (9.735704988000066 52.376764337000054)",Unfall 2811 (2024) Kat:2, Licht: 2,2811,2,7,0,03,00,3,,2,1,0,0,0
"POINT (9.616860838000036 52.426667955000028)",Unfall 2812 (2024) Kat:3, Licht: 2,2812,3,3,5,03,22,3,,2,0,1,0,0
"POINT (9.735129634000032 52.380445897000072)",Unfall 2813 (2024) Kat:3, Licht: 0,2813,3,6,2,03,15,3,,0,0,1,0,0
"POINT (9.737760405000074 52.382089718000032)",Unfall 2814 (2024) Kat:3, Licht: 0,2814,3,6,2,03,11,3,,0,0,1,0,0
"POINT (9.706019688000026 52.390463023000052)",Unfall 2815 (2024) Kat:3, Licht: 0,2815,3,4,6,03,08,3,,0,0,1,1,0
"POINT (9.765025187000049 52.357332445000054)",Unfall 2816 (2024) Kat:3, Licht: 0,2816,3,5,3,03,16,2,,0,0,1,0,0
"POINT (9.672059538000042 52.355807668000068)",Unfall 2817 (2024) Kat:3, Licht: 0,2817,3,5,0,03,10,6,,0,1,1,0,0
"POINT (9.454787485000054 52.499494383000069)",Unfall 2818 (2024) Kat:3, Licht: 0,2818,3,2,0,03,13,2,,0,1,1,0,0
"POINT (9.806523196000057 52.398734082000033)",Unfall 2819 (2024) Kat:3, Licht: 0,2819,3,6,3,03,17,2,,0,1,0,0,0
"POINT (9.658821729000067 52.405980508000027)",Unfall 2820 (2024) Kat:3, Licht: 2,2820,3,2,6,03,05,2,,2,0,1,1,0
"POINT (9.968351047000056 52.316182467000033)",Unfall 2821 (2024) Kat:3, Licht: 0,2821,3,7,0,03,16,6,,0,0,0,0,0
"POINT (9.729913705000058 52.378446397000062)",Unfall 2822 (2024) Kat:3, Licht: 0,2822,3,2,5,03,13,1,,0,1,1,0,0
"POINT (9.712078176000034 52.369870259000038)",Unfall 2823 (2024) Kat:2, Licht: 2,2823,2,5,1,03,03,1,,2,1,0,0,0
"POINT (9.722459347000040 52.394799961000047)",Unfall 2824 (2024) Kat:3, Licht: 0,2824,3,7,4,03,16,7,,0,1,1,0,0
"POINT (9.732640029000038 52.371458643000040)",Unfall 2825 (2024) Kat:3, Licht: 2,2825,3,7,6,03,18,7,,2,0,1,1,0
"POINT (9.691599884000027 52.371122410000055)",Unfall 2826 (2024) Kat:3, Licht: 0,2826,3,5,1,03,09,7,,0,0,1,0,0
"POINT (9.978622240000050 52.443796788000043)",Unfall 2827 (2024) Kat:3, Licht: 0,2827,3,3,5,03,12,7,,0,1,1,0,0
"POINT (9.769015500000023 52.377894016000027)",Unfall 2828 (2024) Kat:3, Licht: 1,2828,3,1,0,03,06,7,,1,0,0,0,0
"POINT (9.615770223000027 52.418596561000072)",Unfall 2829 (2024) Kat:3, Licht: 0,2829,3,6,2,03,13,3,,0,0,1,0,0
"POINT (9.798752114000024 52.385293878000027)",Unfall 2830 (2024) Kat:3, Licht: 0,2830,3,3,5,03,15,6,,0,1,1,0,0
"POINT (9.746243952000043 52.377679110000031)",Unfall 2831 (2024) Kat:3, Licht: 0,2831,3,1,0,03,13,6,,0,0,0,0,0
"POINT (9.704504753000037 52.374470509000048)",Unfall 2832 (2024) Kat:3, Licht: 0,2832,3,7,0,03,08,6,,0,1,0,0,0
"POINT (9.728327047000050 52.430101686000057)",Unfall 2833 (2024) Kat:3, Licht: 0,2833,3,6,3,03,13,6,,0,1,1,0,0
"POINT (9.743854224000074 52.379533810000055)",Unfall 2834 (2024) Kat:3, Licht: 0,2834,3,2,5,03,12,6,,0,1,1,0,0
"POINT (9.734061740000072 52.379902710000067)",Unfall 2835 (2024) Kat:3, Licht: 0,2835,3,1,8,03,14,6,,0,0,0,0,0
"POINT (9.869609065000077 52.371325814000045)",Unfall 2836 (2024) Kat:3, Licht: 0,2836,3,3,5,03,07,6,,0,0,0,0,0
"POINT (9.734528825000041 52.394809777000035)",Unfall 2837 (2024) Kat:3, Licht: 0,2837,3,6,6,02,16,5,,0,0,0,1,0
"POINT (9.820550320000052 52.359820476000039)",Unfall 2838 (2024) Kat:3, Licht: 0,2838,3,7,1,02,10,5,,0,0,1,0,0
"POINT (9.763296602000025 52.375002566000035)",Unfall 2839 (2024) Kat:3, Licht: 1,2839,3,3,5,02,17,5,,1,0,1,0,0
"POINT (9.458121406000032 52.507268150000073)",Unfall 2840 (2024) Kat:3, Licht: 0,2840,3,3,5,02,12,5,,0,1,1,0,0
"POINT (9.979404240000065 52.319323120000035)",Unfall 2841 (2024) Kat:3, Licht: 0,2841,3,2,3,02,09,5,,0,1,1,0,0
"POINT (9.820079182000029 52.389376535000054)",Unfall 2842 (2024) Kat:3, Licht: 0,2842,3,3,5,02,11,5,,0,0,1,0,1
"POINT (9.710397399000044 52.351805951000074)",Unfall 2843 (2024) Kat:3, Licht: 0,2843,3,6,2,02,16,4,,0,0,1,0,0
"POINT (9.728081138000050 52.388122480000050)",Unfall 2844 (2024) Kat:3, Licht: 0,2844,3,3,5,02,12,4,,0,1,1,0,0
"POINT (9.869883619000063 52.367061015000047)",Unfall 2845 (2024) Kat:3, Licht: 0,2845,3,1,0,02,06,4,,0,0,0,0,1
"POINT (9.738496055000041 52.382220846000052)",Unfall 2846 (2024) Kat:3, Licht: 0,2846,3,6,4,02,13,4,,0,1,0,0,0
"POINT (9.434327635000045 52.426834989000042)",Unfall 2847 (2024) Kat:3, Licht: 0,2847,3,6,4,02,09,4,,0,1,0,0,0
"POINT (9.990185692000068 52.458275741000080)",Unfall 2848 (2024) Kat:3, Licht: 0,2848,3,4,5,02,14,4,,0,0,1,1,0
"POINT (9.796671102000062 52.394826703000035)",Unfall 2849 (2024) Kat:3, Licht: 0,2849,3,3,5,02,12,4,,0,1,1,0,0
"POINT (9.718573768000056 52.373762804000080)",Unfall 2850 (2024) Kat:3, Licht: 0,2850,3,2,0,04,15,3,,0,1,1,0,0
"POINT (9.680735570000024 52.416096010000047)",Unfall 2851 (2024) Kat:3, Licht: 0,2851,3,3,5,03,09,1,,0,1,1,0,0
"POINT (9.416711549000070 52.419648300000063)",Unfall 2852 (2024) Kat:3, Licht: 0,2852,3,2,4,03,13,3,,0,1,0,0,0
"POINT (9.771756054000036 52.340906949000043)",Unfall 2853 (2024) Kat:3, Licht: 1,2853,3,1,1,02,16,3,,1,1,1,0,0
"POINT (9.741812053000046 52.388900027000034)",Unfall 2854 (2024) Kat:3, Licht: 0,2854,3,6,2,02,12,3,,0,1,1,0,0
"POINT (9.753478831000052 52.369386207000048)",Unfall 2855 (2024) Kat:3, Licht: 0,2855,3,3,5,02,13,3,,0,1,1,0,0
"POINT (9.762204220000058 52.356656439000062)",Unfall 2856 (2024) Kat:3, Licht: 0,2856,3,4,6,02,15,2,,0,0,1,1,0
"POINT (9.731912526000031 52.377336352000043)",Unfall 2857 (2024) Kat:3, Licht: 0,2857,3,7,5,02,12,2,,0,1,1,0,0
"POINT (9.772269844000050 52.416453137000076)",Unfall 2858 (2024) Kat:3, Licht: 0,2858,3,6,2,02,09,2,,0,1,1,0,0
"POINT (9.642912611000042 52.316730903000064)",Unfall 2859 (2024) Kat:3, Licht: 0,2859,3,7,4,02,17,2,,0,0,1,0,0
"POINT (9.597746131000065 52.420557193000036)",Unfall 2860 (2024) Kat:3, Licht: 0,2860,3,7,0,02,07,2,,0,0,0,0,0
"POINT (9.741192487000035 52.448879349000038)",Unfall 2861 (2024) Kat:3, Licht: 0,2861,3,5,1,02,07,2,,0,0,1,0,0
"POINT (9.736240382000062 52.376809877000028)",Unfall 2862 (2024) Kat:3, Licht: 2,2862,3,1,0,02,18,2,,2,1,0,0,0
"POINT (9.743716140000060 52.384827042000040)",Unfall 2863 (2024) Kat:3, Licht: 2,2863,3,4,6,02,20,5,,2,0,1,1,0
"POINT (9.781541095000023 52.417688887000054)",Unfall 2864 (2024) Kat:3, Licht: 0,2864,3,3,5,02,17,1,,0,0,1,0,0
"POINT (9.719658585000047 52.360617077000029)",Unfall 2865 (2024) Kat:3, Licht: 0,2865,3,5,1,02,09,1,,0,1,1,0,0
"POINT (9.705448224000065 52.374145036000073)",Unfall 2866 (2024) Kat:3, Licht: 2,2866,3,3,5,03,05,4,,2,1,1,0,0
"POINT (9.728300817000047 52.358976215000041)",Unfall 2867 (2024) Kat:2, Licht: 1,2867,2,4,6,03,18,4,,1,0,1,1,0
"POINT (9.769033556000068 52.358410620000029)",Unfall 2868 (2024) Kat:3, Licht: 0,2868,3,6,6,02,15,7,,0,1,0,1,0
"POINT (9.762803254000062 52.365575695000075)",Unfall 2869 (2024) Kat:3, Licht: 0,2869,3,3,5,02,11,7,,0,1,1,0,0
"POINT (9.719695014000024 52.364585371000032)",Unfall 2870 (2024) Kat:3, Licht: 0,2870,3,7,0,02,07,7,,0,0,0,0,0
"POINT (9.782000759000027 52.345227787000056)",Unfall 2871 (2024) Kat:3, Licht: 0,2871,3,6,0,02,12,7,,0,0,1,0,0
"POINT (9.769043763000070 52.358412780000037)",Unfall 2872 (2024) Kat:2, Licht: 0,2872,2,1,7,02,15,7,,0,0,1,0,0
"POINT (9.738659634000044 52.380158968000046)",Unfall 2873 (2024) Kat:3, Licht: 0,2873,3,6,3,02,16,7,,0,1,1,0,0
"POINT (9.746812763000037 52.385844948000056)",Unfall 2874 (2024) Kat:3, Licht: 0,2874,3,7,0,02,14,6,,0,1,0,0,0
"POINT (10.014203447000057 52.443840928000043)",Unfall 2875 (2024) Kat:3, Licht: 0,2875,3,3,5,02,07,6,,0,0,1,0,0
"POINT (9.726238677000026 52.373450144000060)",Unfall 2876 (2024) Kat:3, Licht: 2,2876,3,3,5,02,18,6,,2,0,1,0,1
"POINT (9.740593712000077 52.374049216000060)",Unfall 2877 (2024) Kat:3, Licht: 2,2877,3,1,0,02,17,6,,2,1,1,0,0
"POINT (9.861346875000038 52.480868242000042)",Unfall 2878 (2024) Kat:3, Licht: 0,2878,3,3,5,02,14,2,,0,0,1,0,0
"POINT (9.970843688000059 52.373720015000060)",Unfall 2879 (2024) Kat:3, Licht: 2,2879,3,1,8,04,06,2,,2,0,1,0,0
"POINT (9.773233721000054 52.398081332000061)",Unfall 2880 (2024) Kat:3, Licht: 0,2880,3,6,6,02,09,5,,0,0,0,1,0
"POINT (9.744330845000036 52.377345925000043)",Unfall 2881 (2024) Kat:3, Licht: 2,2881,3,7,0,02,18,5,,2,1,1,0,0
"POINT (9.724828444000025 52.356257150000033)",Unfall 2882 (2024) Kat:3, Licht: 0,2882,3,3,5,02,17,5,,0,0,1,0,0
"POINT (9.712635921000071 52.419573881000076)",Unfall 2883 (2024) Kat:3, Licht: 0,2883,3,7,1,02,11,4,,0,0,1,0,0
"POINT (9.641193732000033 52.400563282000064)",Unfall 2884 (2024) Kat:3, Licht: 0,2884,3,6,0,02,13,4,,0,1,1,0,0
"POINT (9.428801084000042 52.320098870000038)",Unfall 2885 (2024) Kat:3, Licht: 2,2885,3,1,0,02,21,4,,2,0,0,0,0
"POINT (10.016525448000039 52.435705019000068)",Unfall 2886 (2024) Kat:3, Licht: 0,2886,3,4,6,02,13,4,,0,0,1,1,0
"POINT (9.731207197000060 52.398428812000077)",Unfall 2887 (2024) Kat:3, Licht: 0,2887,3,3,5,02,09,4,,0,0,1,0,0
"POINT (9.751854839000032 52.386014827000054)",Unfall 2888 (2024) Kat:3, Licht: 2,2888,3,2,5,02,05,4,,2,0,1,0,0
"POINT (9.741668585000070 52.375626833000069)",Unfall 2889 (2024) Kat:3, Licht: 1,2889,3,2,4,02,18,5,,1,1,1,0,0
"POINT (9.741127959000039 52.485405177000075)",Unfall 2890 (2024) Kat:3, Licht: 2,2890,3,1,8,03,00,1,,2,0,1,0,0
"POINT (9.733585929000071 52.374236663000033)",Unfall 2891 (2024) Kat:3, Licht: 0,2891,3,2,0,02,09,3,,0,0,1,1,0
"POINT (9.789982072000043 52.329402834000064)",Unfall 2892 (2024) Kat:3, Licht: 0,2892,3,6,6,02,12,3,,0,1,0,1,0
"POINT (9.751735910000036 52.374028251000027)",Unfall 2893 (2024) Kat:3, Licht: 1,2893,3,6,2,02,18,3,,1,0,1,0,0
"POINT (9.718367202000024 52.396408201000042)",Unfall 2894 (2024) Kat:3, Licht: 0,2894,3,3,5,05,14,3,,0,0,1,0,1
"POINT (9.741908158000058 52.375626835000048)",Unfall 2895 (2024) Kat:3, Licht: 0,2895,3,7,0,05,19,3,,0,1,0,0,0
"POINT (9.777439955000034 52.410225986000057)",Unfall 2896 (2024) Kat:3, Licht: 0,2896,3,6,2,05,18,3,,0,0,1,0,0
"POINT (9.819640068000069 52.331339633000027)",Unfall 2897 (2024) Kat:3, Licht: 0,2897,3,2,4,05,07,3,,0,1,1,0,0
"POINT (9.449993756000026 52.389191626000070)",Unfall 2898 (2024) Kat:3, Licht: 0,2898,3,5,1,05,17,3,,0,0,1,0,0
"POINT (9.591569662000040 52.415836341000045)",Unfall 2899 (2024) Kat:3, Licht: 0,2899,3,2,5,05,13,3,,0,1,1,0,0
"POINT (9.735182915000053 52.376018334000037)",Unfall 2900 (2024) Kat:3, Licht: 0,2900,3,2,0,05,11,3,,0,1,1,0,0
"POINT (9.739888417000031 52.377094955000075)",Unfall 2901 (2024) Kat:2, Licht: 0,2901,2,2,0,05,05,3,,0,1,0,0,0
"POINT (9.740725241000064 52.374004165000031)",Unfall 2902 (2024) Kat:3, Licht: 0,2902,3,2,5,05,18,3,,0,0,1,0,0
"POINT (9.757084153000051 52.411091270000043)",Unfall 2903 (2024) Kat:3, Licht: 0,2903,3,4,6,05,14,3,,0,1,0,1,0
"POINT (9.690524092000032 52.375545226000042)",Unfall 2904 (2024) Kat:3, Licht: 0,2904,3,7,0,05,13,3,,0,0,1,0,1
"POINT (9.745732133000047 52.379004169000041)",Unfall 2905 (2024) Kat:3, Licht: 0,2905,3,3,5,05,08,3,,0,1,0,0,0
"POINT (9.758132778000061 52.391604382000082)",Unfall 2906 (2024) Kat:3, Licht: 0,2906,3,1,0,05,07,3,,0,0,0,0,1
"POINT (9.728421178000076 52.377268071000060)",Unfall 2907 (2024) Kat:3, Licht: 0,2907,3,3,5,05,18,2,,0,0,1,0,0
"POINT (9.739150870000060 52.373489505000066)",Unfall 2908 (2024) Kat:3, Licht: 0,2908,3,6,6,05,17,2,,0,0,0,1,0
"POINT (9.740459424000051 52.372261879000064)",Unfall 2909 (2024) Kat:3, Licht: 0,2909,3,5,1,05,10,2,,0,1,1,0,0
"POINT (9.819736039000077 52.331650211000067)",Unfall 2910 (2024) Kat:3, Licht: 0,2910,3,6,2,05,16,2,,0,0,1,0,0
"POINT (9.742314949000047 52.380422181000029)",Unfall 2911 (2024) Kat:3, Licht: 0,2911,3,7,0,05,18,2,,0,1,0,0,0
"POINT (9.774523763000047 52.372738009000045)",Unfall 2912 (2024) Kat:3, Licht: 0,2912,3,6,2,05,09,2,,0,0,1,0,0
"POINT (9.583317010000030 52.421141101000046)",Unfall 2913 (2024) Kat:3, Licht: 0,2913,3,1,7,05,07,2,,0,1,0,0,0
"POINT (10.012052345000029 52.442202916000042)",Unfall 2914 (2024) Kat:3, Licht: 0,2914,3,7,0,05,15,2,,0,1,0,0,0
"POINT (9.741010523000057 52.398789335000060)",Unfall 2915 (2024) Kat:3, Licht: 0,2915,3,3,5,05,15,2,,0,1,1,0,0
"POINT (9.719767163000029 52.366151637000030)",Unfall 2916 (2024) Kat:3, Licht: 0,2916,3,6,4,05,10,1,,0,0,1,0,0
"POINT (9.843306101000053 52.413709061000077)",Unfall 2917 (2024) Kat:3, Licht: 0,2917,3,1,0,05,15,1,,0,1,0,0,0
"POINT (9.737204439000038 52.384516349000080)",Unfall 2918 (2024) Kat:3, Licht: 0,2918,3,3,5,05,13,1,,0,0,1,0,1
"POINT (9.511010524000028 52.552127365000047)",Unfall 2919 (2024) Kat:3, Licht: 0,2919,3,6,3,05,13,1,,0,1,0,0,0
"POINT (9.606902284000057 52.435996862000081)",Unfall 2920 (2024) Kat:2, Licht: 0,2920,2,3,5,05,16,1,,0,0,1,0,1
"POINT (9.683197873000040 52.326430077000055)",Unfall 2921 (2024) Kat:3, Licht: 0,2921,3,3,5,05,13,1,,0,0,1,0,0
"POINT (9.721508507000067 52.387411010000051)",Unfall 2922 (2024) Kat:3, Licht: 0,2922,3,7,6,05,09,7,,0,1,0,1,0
"POINT (9.854584390000070 52.358904665000068)",Unfall 2923 (2024) Kat:3, Licht: 0,2923,3,3,5,05,13,7,,0,1,1,0,0
"POINT (9.974049984000033 52.383698240000058)",Unfall 2924 (2024) Kat:3, Licht: 0,2924,3,3,5,05,13,7,,0,1,1,0,0
"POINT (9.814847279000048 52.397403602000054)",Unfall 2925 (2024) Kat:1, Licht: 0,2925,1,4,6,05,13,7,,0,0,1,1,0
"POINT (9.714515135000056 52.365868712000065)",Unfall 2926 (2024) Kat:3, Licht: 0,2926,3,4,6,05,11,7,,0,0,0,1,0
"POINT (9.761064742000030 52.365884968000046)",Unfall 2927 (2024) Kat:3, Licht: 0,2927,3,2,5,05,07,6,,0,1,1,0,0
"POINT (9.695871025000031 52.409298101000047)",Unfall 2928 (2024) Kat:3, Licht: 0,2928,3,2,5,05,17,6,,0,1,1,0,0
"POINT (9.731685427000059 52.374702031000027)",Unfall 2929 (2024) Kat:3, Licht: 0,2929,3,7,6,05,13,6,,0,0,1,1,0
"POINT (9.732184599000050 52.376233576000061)",Unfall 2930 (2024) Kat:3, Licht: 0,2930,3,7,0,05,09,6,,0,0,0,0,0
"POINT (9.732013740000070 52.375887247000037)",Unfall 2931 (2024) Kat:3, Licht: 0,2931,3,3,5,05,14,6,,0,1,0,0,0
"POINT (9.694527865000055 52.353069797000046)",Unfall 2932 (2024) Kat:3, Licht: 0,2932,3,6,2,05,10,6,,0,0,1,0,0
"POINT (9.730754007000030 52.456054622000067)",Unfall 2933 (2024) Kat:3, Licht: 0,2933,3,5,1,05,06,6,,0,0,1,0,0
"POINT (9.732987507000075 52.448032719000082)",Unfall 2934 (2024) Kat:3, Licht: 0,2934,3,1,8,05,06,6,,0,0,1,0,0
"POINT (9.722412772000041 52.419132782000077)",Unfall 2935 (2024) Kat:3, Licht: 1,2935,3,6,3,05,05,5,,1,0,0,0,1
"POINT (9.849808099000029 52.366826136000043)",Unfall 2936 (2024) Kat:3, Licht: 0,2936,3,7,0,05,19,5,,0,0,0,0,0
"POINT (9.730038882000031 52.369128134000050)",Unfall 2937 (2024) Kat:3, Licht: 0,2937,3,7,0,05,18,5,,0,1,0,0,0
"POINT (9.719624612000075 52.366721343000052)",Unfall 2938 (2024) Kat:3, Licht: 0,2938,3,7,0,05,18,5,,0,1,0,0,0
"POINT (9.357125089000021 52.453408818000071)",Unfall 2939 (2024) Kat:3, Licht: 0,2939,3,6,2,05,16,3,,0,0,1,0,0
"POINT (9.701933297000039 52.382320344000050)",Unfall 2940 (2024) Kat:2, Licht: 0,2940,2,7,1,05,18,5,,0,1,1,0,0
"POINT (9.698456134000025 52.382181423000077)",Unfall 2941 (2024) Kat:3, Licht: 0,2941,3,3,5,05,20,5,,0,1,1,0,0
"POINT (9.734145453000053 52.368361565000043)",Unfall 2942 (2024) Kat:3, Licht: 0,2942,3,6,3,05,15,5,,0,1,1,0,0
"POINT (9.828010017000054 52.285029055000052)",Unfall 2943 (2024) Kat:3, Licht: 0,2943,3,7,0,05,19,4,,0,1,0,0,0
"POINT (9.668173904000071 52.415395137000075)",Unfall 2944 (2024) Kat:3, Licht: 0,2944,3,3,5,05,11,4,,0,1,1,0,0
"POINT (9.731350651000071 52.375386101000061)",Unfall 2945 (2024) Kat:3, Licht: 0,2945,3,1,0,05,14,4,,0,0,0,0,0
"POINT (9.873500311000043 52.356730937000066)",Unfall 2946 (2024) Kat:3, Licht: 0,2946,3,7,0,05,11,4,,0,1,0,0,0
"POINT (9.790155607000031 52.407448022000040)",Unfall 2947 (2024) Kat:3, Licht: 0,2947,3,3,5,05,15,4,,0,1,0,0,0
"POINT (9.790385608000065 52.358382232000054)",Unfall 2948 (2024) Kat:3, Licht: 0,2948,3,2,5,05,06,4,,0,0,1,0,0
"POINT (9.761070701000051 52.335926576000077)",Unfall 2949 (2024) Kat:3, Licht: 0,2949,3,4,6,05,15,4,,0,1,1,1,0
"POINT (9.791076530000055 52.402753544000063)",Unfall 2950 (2024) Kat:3, Licht: 0,2950,3,6,2,05,14,4,,0,0,1,0,0
"POINT (9.618331452000064 52.440675800000065)",Unfall 2951 (2024) Kat:3, Licht: 0,2951,3,7,0,05,18,4,,0,1,0,0,0
"POINT (9.734859010000037 52.442433322000056)",Unfall 2952 (2024) Kat:3, Licht: 0,2952,3,3,5,05,15,4,,0,0,1,0,0
"POINT (9.805009683000037 52.409453797000026)",Unfall 2953 (2024) Kat:3, Licht: 0,2953,3,3,5,05,16,4,,0,1,1,0,0
"POINT (9.756862458000057 52.364996667000071)",Unfall 2954 (2024) Kat:3, Licht: 0,2954,3,2,5,05,18,4,,0,1,0,0,0
"POINT (9.825830710000048 52.378087834000041)",Unfall 2955 (2024) Kat:3, Licht: 0,2955,3,6,8,05,12,2,,0,0,0,0,0
"POINT (9.559310014000062 52.401378767000040)",Unfall 2956 (2024) Kat:3, Licht: 0,2956,3,6,2,05,07,3,,0,1,1,0,0
"POINT (9.613956936000022 52.432644614000026)",Unfall 2957 (2024) Kat:3, Licht: 0,2957,3,3,5,05,18,3,,0,1,1,0,0
"POINT (9.977398684000036 52.380312933000027)",Unfall 2958 (2024) Kat:3, Licht: 0,2958,3,7,5,05,15,3,,0,1,1,0,0
"POINT (9.722965113000043 52.372696425000072)",Unfall 2959 (2024) Kat:3, Licht: 0,2959,3,3,5,05,11,2,,0,1,1,0,0
"POINT (9.818963483000061 52.325538863000077)",Unfall 2960 (2024) Kat:3, Licht: 0,2960,3,2,4,05,11,2,,0,1,1,0,0
"POINT (9.738166865000039 52.389523254000039)",Unfall 2961 (2024) Kat:3, Licht: 1,2961,3,6,4,05,21,2,,1,0,1,0,0
"POINT (9.736438866000071 52.445803192000028)",Unfall 2962 (2024) Kat:3, Licht: 0,2962,3,5,1,05,10,2,,0,1,1,0,0
"POINT (9.691338383000073 52.409402444000079)",Unfall 2963 (2024) Kat:2, Licht: 0,2963,2,6,2,05,15,2,,0,1,0,0,0
"POINT (9.723181001000057 52.372946215000070)",Unfall 2964 (2024) Kat:3, Licht: 0,2964,3,6,0,05,11,2,,0,0,0,0,0
"POINT (9.714803605000043 52.335288943000080)",Unfall 2965 (2024) Kat:3, Licht: 0,2965,3,6,4,05,13,1,,0,1,0,0,0
"POINT (9.717712487000028 52.391403078000053)",Unfall 2966 (2024) Kat:3, Licht: 1,2966,3,3,5,05,20,1,,1,1,1,0,0
"POINT (9.488153585000020 52.308795432000068)",Unfall 2967 (2024) Kat:3, Licht: 0,2967,3,3,5,05,10,1,,0,0,1,0,1
"POINT (9.970350994000057 52.386550618000058)",Unfall 2968 (2024) Kat:3, Licht: 0,2968,3,3,5,05,07,1,,0,1,1,0,0
"POINT (9.857257876000062 52.482244330000071)",Unfall 2969 (2024) Kat:3, Licht: 1,2969,3,3,0,05,06,1,,1,1,0,0,0
"POINT (9.705424664000077 52.372956015000057)",Unfall 2970 (2024) Kat:2, Licht: 0,2970,2,2,4,05,15,1,,0,0,1,0,1