WKT,Name,OBJECTID,UKATEGORIE,UTYP1,UART,UMONAT,USTUNDE,UWOCHENTAG,STRZUSTAND,ULICHTVERH,ISTRAD,ISTPKW,ISTFUSS,ISTKRAD
"POINT (9.761916116000066 52.334785227000054)",Unfall 2971 (2024) Kat:3, Licht: 0,2971,3,5,1,05,08,1,,0,0,1,0,0
"POINT (9.704414767000060 52.374494194000079)",Unfall 2972 (2024) Kat:3, Licht: 0,2972,3,7,0,05,09,7,,0,1,0,0,0
"POINT (9.732866404000049 52.436280477000082)",Unfall 2973 (2024) Kat:3, Licht: 1,2973,3,7,3,05,19,7,,1,0,1,0,0
"POINT (9.758780158000036 52.451299509000080)",Unfall 2974 (2024) Kat:3, Licht: 0,2974,3,3,5,05,13,7,,0,0,1,0,0
"POINT (9.849958653000044 52.431475358000057)",Unfall 2975 (2024) Kat:3, Licht: 0,2975,3,3,0,05,15,7,,0,1,1,0,0
"POINT (9.743579079000028 52.451448202000051)",Unfall 2976 (2024) Kat:2, Licht: 2,2976,2,3,5,05,21,7,,2,0,1,0,0
"POINT (9.791853183000057 52.317473220000068)",Unfall 2977 (2024) Kat:3, Licht: 0,2977,3,7,0,05,09,7,,0,1,1,0,0
"POINT (9.811281219000023 52.420382061000055)",Unfall 2978 (2024) Kat:3, Licht: 0,2978,3,2,3,05,16,6,,0,1,1,0,0
"POINT (9.834061570000074 52.336479754000038)",Unfall 2979 (2024) Kat:3, Licht: 0,2979,3,1,0,05,06,6,,0,1,0,0,0
"POINT (9.551473938000072 52.458844294000073)",Unfall 2980 (2024) Kat:3, Licht: 0,2980,3,7,1,05,13,6,,0,0,1,0,0
"POINT (9.718803237000031 52.368295935000049)",Unfall 2981 (2024) Kat:3, Licht: 0,2981,3,3,5,05,08,6,,0,0,1,0,0
"POINT (9.700792259000025 52.391457780000053)",Unfall 2982 (2024) Kat:3, Licht: 0,2982,3,7,0,05,18,5,,0,1,0,0,0
"POINT (9.689757365000048 52.349359114000038)",Unfall 2983 (2024) Kat:3, Licht: 0,2983,3,3,5,05,15,5,,0,0,1,0,0
"POINT (9.746322343000031 52.377244168000061)",Unfall 2984 (2024) Kat:3, Licht: 2,2984,3,3,5,05,23,5,,2,0,1,0,0
"POINT (9.729082643000027 52.378080449000038)",Unfall 2985 (2024) Kat:3, Licht: 0,2985,3,1,8,05,16,5,,0,0,1,0,0
"POINT (9.798934647000067 52.420308326000054)",Unfall 2986 (2024) Kat:3, Licht: 0,2986,3,5,1,05,18,5,,0,1,1,0,0
"POINT (9.969999939000047 52.324173289000043)",Unfall 2987 (2024) Kat:3, Licht: 0,2987,3,1,0,05,18,5,,0,0,0,0,1
"POINT (9.973651972000027 52.375966731000062)",Unfall 2988 (2024) Kat:3, Licht: 0,2988,3,7,0,05,11,5,,0,0,1,0,0
"POINT (10.019627625000055 52.379587355000069)",Unfall 2989 (2024) Kat:3, Licht: 0,2989,3,3,5,05,13,5,,0,0,1,0,0
"POINT (9.740190926000025 52.434726304000037)",Unfall 2990 (2024) Kat:3, Licht: 0,2990,3,7,0,05,08,5,,0,1,0,0,0
"POINT (9.466920690000052 52.504358599000057)",Unfall 2991 (2024) Kat:3, Licht: 0,2991,3,7,4,05,14,5,,0,0,1,0,0
"POINT (9.732779194000045 52.379275686000028)",Unfall 2992 (2024) Kat:3, Licht: 0,2992,3,1,0,05,11,3,,0,1,0,0,0
"POINT (9.709388542000056 52.373661100000049)",Unfall 2993 (2024) Kat:3, Licht: 0,2993,3,6,4,05,15,4,,0,0,1,0,0
"POINT (9.438822346000052 52.424017354000057)",Unfall 2994 (2024) Kat:2, Licht: 0,2994,2,2,5,05,19,4,,0,1,0,0,0
"POINT (9.591954474000033 52.312695383000062)",Unfall 2995 (2024) Kat:3, Licht: 0,2995,3,3,5,05,17,4,,0,0,1,0,1
"POINT (9.672484057000077 52.365195210000081)",Unfall 2996 (2024) Kat:2, Licht: 2,2996,2,1,0,05,22,4,,2,1,0,0,0
"POINT (9.754979719000062 52.367399708000050)",Unfall 2997 (2024) Kat:3, Licht: 0,2997,3,2,4,04,10,3,,0,0,1,0,1
"POINT (9.791170650000026 52.396753443000080)",Unfall 2998 (2024) Kat:3, Licht: 0,2998,3,2,3,04,09,3,,0,1,0,0,0
"POINT (9.553457749000074 52.210958556000037)",Unfall 2999 (2024) Kat:3, Licht: 0,2999,3,7,6,04,15,3,,0,0,1,1,0
"POINT (9.725063550000073 52.322962795000080)",Unfall 3000 (2024) Kat:3, Licht: 0,3000,3,1,0,04,20,3,,0,1,0,0,0
"POINT (10.000301760000070 52.445481221000080)",Unfall 3001 (2024) Kat:3, Licht: 1,3001,3,1,8,04,20,3,,1,1,0,0,0
"POINT (9.735017289000041 52.380244846000039)",Unfall 3002 (2024) Kat:3, Licht: 0,3002,3,2,5,04,10,3,,0,0,1,0,0
"POINT (9.720999346000042 52.361733347000040)",Unfall 3003 (2024) Kat:3, Licht: 0,3003,3,2,6,04,17,3,,0,0,0,1,0
"POINT (9.739904209000031 52.377108847000045)",Unfall 3004 (2024) Kat:3, Licht: 0,3004,3,6,2,04,14,2,,0,0,1,0,0
"POINT (9.878200933000073 52.507506078000063)",Unfall 3005 (2024) Kat:3, Licht: 0,3005,3,3,5,04,08,2,,0,1,1,0,0
"POINT (9.771479022000051 52.399856438000029)",Unfall 3006 (2024) Kat:3, Licht: 1,3006,3,5,1,04,20,2,,1,0,1,0,0
"POINT (9.743800394000061 52.356980398000076)",Unfall 3007 (2024) Kat:3, Licht: 0,3007,3,6,3,04,14,2,,0,0,0,0,1
"POINT (9.692476307000049 52.396758853000051)",Unfall 3008 (2024) Kat:3, Licht: 0,3008,3,3,5,04,14,3,,0,1,1,0,0
"POINT (9.663390224000068 52.410739703000047)",Unfall 3009 (2024) Kat:3, Licht: 0,3009,3,2,0,04,17,1,,0,0,1,0,0
"POINT (9.695653470000025 52.408826196000064)",Unfall 3010 (2024) Kat:3, Licht: 0,3010,3,2,2,04,14,1,,0,0,1,0,1
"POINT (9.755113496000035 52.384722559000068)",Unfall 3011 (2024) Kat:3, Licht: 0,3011,3,3,5,04,16,1,,0,1,1,0,0
"POINT (9.355361736000077 52.452218069000082)",Unfall 3012 (2024) Kat:3, Licht: 2,3012,3,1,9,04,00,7,,2,0,1,0,0
"POINT (9.725065945000040 52.322959399000069)",Unfall 3013 (2024) Kat:3, Licht: 0,3013,3,6,8,04,21,7,,0,1,0,0,0
"POINT (9.934308986000076 52.318850659000077)",Unfall 3014 (2024) Kat:3, Licht: 0,3014,3,5,1,04,12,7,,0,1,0,0,0
"POINT (9.996009771000047 52.451952832000075)",Unfall 3015 (2024) Kat:3, Licht: 0,3015,3,1,0,04,17,7,,0,1,0,0,0
"POINT (9.739325248000057 52.391348686000072)",Unfall 3016 (2024) Kat:3, Licht: 2,3016,3,3,5,05,23,5,,2,0,1,0,0
"POINT (9.693417777000036 52.348997818000043)",Unfall 3017 (2024) Kat:3, Licht: 0,3017,3,3,5,04,13,6,,0,0,1,0,1
"POINT (9.741908158000058 52.375626835000048)",Unfall 3018 (2024) Kat:3, Licht: 0,3018,3,7,0,04,16,6,,0,1,0,0,0
"POINT (9.733683196000072 52.301768252000045)",Unfall 3019 (2024) Kat:3, Licht: 1,3019,3,7,0,05,20,3,,1,1,0,0,0
"POINT (9.779102328000022 52.362093663000053)",Unfall 3020 (2024) Kat:3, Licht: 0,3020,3,2,3,04,10,5,,0,1,1,0,0
"POINT (9.667450934000044 52.375697032000062)",Unfall 3021 (2024) Kat:3, Licht: 0,3021,3,7,0,04,17,5,,0,0,0,0,0
"POINT (9.750650213000029 52.356929183000034)",Unfall 3022 (2024) Kat:2, Licht: 0,3022,2,4,6,04,11,5,,0,1,0,1,0
"POINT (9.671713239000042 52.355718174000060)",Unfall 3023 (2024) Kat:3, Licht: 0,3023,3,7,6,04,11,5,,0,0,1,1,0
"POINT (9.772468216000050 52.417276448000052)",Unfall 3024 (2024) Kat:2, Licht: 0,3024,2,4,6,04,07,5,,0,0,1,1,0
"POINT (9.815235816000040 52.359663224000030)",Unfall 3025 (2024) Kat:3, Licht: 0,3025,3,6,2,04,07,4,,0,0,1,0,1
"POINT (10.047780308000029 52.483582304000038)",Unfall 3026 (2024) Kat:3, Licht: 0,3026,3,3,0,04,16,4,,0,1,1,0,0
"POINT (9.781018472000028 52.398303935000058)",Unfall 3027 (2024) Kat:3, Licht: 0,3027,3,2,5,04,11,4,,0,1,1,0,0
"POINT (9.587750330000063 52.392973199000039)",Unfall 3028 (2024) Kat:3, Licht: 0,3028,3,7,0,04,09,3,,0,0,0,1,0
"POINT (9.798227216000043 52.392143596000039)",Unfall 3029 (2024) Kat:3, Licht: 0,3029,3,3,5,04,19,3,,0,0,1,0,0
"POINT (9.736508024000045 52.377615026000058)",Unfall 3030 (2024) Kat:3, Licht: 0,3030,3,1,0,04,09,3,,0,1,0,0,0
"POINT (9.667284708000068 52.365020341000047)",Unfall 3031 (2024) Kat:3, Licht: 0,3031,3,7,6,04,13,2,,0,0,1,1,0
"POINT (9.642422145000069 52.394751308000082)",Unfall 3032 (2024) Kat:3, Licht: 0,3032,3,1,8,04,12,2,,0,1,0,0,0
"POINT (9.488536593000049 52.303805375000081)",Unfall 3033 (2024) Kat:3, Licht: 0,3033,3,3,5,04,19,2,,0,1,1,0,0
"POINT (9.717393313000059 52.350733002000027)",Unfall 3034 (2024) Kat:3, Licht: 0,3034,3,3,5,04,07,2,,0,1,1,0,0
"POINT (9.805771036000067 52.413319782000031)",Unfall 3035 (2024) Kat:3, Licht: 2,3035,3,7,0,04,00,1,,2,1,0,0,0
"POINT (9.734409017000075 52.399197992000040)",Unfall 3036 (2024) Kat:3, Licht: 0,3036,3,6,2,04,11,7,,0,0,1,0,0
"POINT (9.724550904000068 52.373078035000049)",Unfall 3037 (2024) Kat:3, Licht: 0,3037,3,2,3,04,17,7,,0,1,1,0,0
"POINT (9.720665754000038 52.368169612000031)",Unfall 3038 (2024) Kat:3, Licht: 0,3038,3,3,5,04,10,6,,0,0,0,0,0
"POINT (9.741729837000037 52.382143343000052)",Unfall 3039 (2024) Kat:3, Licht: 0,3039,3,2,5,04,17,6,,0,0,1,0,1
"POINT (9.719927387000041 52.358324850000031)",Unfall 3040 (2024) Kat:3, Licht: 0,3040,3,7,1,04,15,5,,0,1,1,0,0
"POINT (9.714434322000045 52.371683649000033)",Unfall 3041 (2024) Kat:3, Licht: 0,3041,3,3,5,04,15,5,,0,1,0,0,1
"POINT (9.821090290000029 52.346091265000041)",Unfall 3042 (2024) Kat:3, Licht: 0,3042,3,3,5,04,13,5,,0,0,1,0,0
"POINT (9.735659083000030 52.440582993000078)",Unfall 3043 (2024) Kat:3, Licht: 0,3043,3,7,0,04,14,5,,0,0,0,0,0
"POINT (9.753486349000070 52.441531593000036)",Unfall 3044 (2024) Kat:3, Licht: 0,3044,3,3,5,04,08,5,,0,1,1,0,0
"POINT (9.793051892000051 52.403201313000068)",Unfall 3045 (2024) Kat:2, Licht: 2,3045,2,2,5,04,20,5,,2,1,1,0,0
"POINT (9.738450605000025 52.371282100000030)",Unfall 3046 (2024) Kat:3, Licht: 0,3046,3,4,6,04,17,5,,0,0,1,1,0
"POINT (9.772876661000055 52.362226520000036)",Unfall 3047 (2024) Kat:3, Licht: 0,3047,3,6,2,04,13,4,,0,0,1,0,0
"POINT (9.766325466000069 52.410274722000054)",Unfall 3048 (2024) Kat:3, Licht: 0,3048,3,7,7,04,15,4,,0,1,0,0,0
"POINT (9.776133635000065 52.403870146000031)",Unfall 3049 (2024) Kat:3, Licht: 1,3049,3,4,6,04,20,4,,1,0,1,1,0
"POINT (9.693830933000072 52.381981158000031)",Unfall 3050 (2024) Kat:3, Licht: 0,3050,3,6,2,04,16,6,,0,1,0,0,0
"POINT (9.551013642000044 52.208253818000060)",Unfall 3051 (2024) Kat:3, Licht: 0,3051,3,7,6,04,17,3,,0,1,0,1,0
"POINT (9.725220568000054 52.383943437000028)",Unfall 3052 (2024) Kat:3, Licht: 0,3052,3,3,5,04,17,2,,0,0,1,0,0
"POINT (9.706953330000033 52.373624362000044)",Unfall 3053 (2024) Kat:3, Licht: 1,3053,3,1,0,04,20,2,,1,1,0,0,0
"POINT (9.671473186000071 52.383399622000070)",Unfall 3054 (2024) Kat:3, Licht: 0,3054,3,7,0,04,13,2,,0,0,0,0,0
"POINT (9.743811843000060 52.384870106000051)",Unfall 3055 (2024) Kat:3, Licht: 0,3055,3,2,3,04,18,2,,0,1,1,0,0
"POINT (9.419515415000035 52.443424442000037)",Unfall 3056 (2024) Kat:3, Licht: 0,3056,3,7,6,04,16,2,,0,0,1,1,0
"POINT (9.554480769000065 52.212091731000044)",Unfall 3057 (2024) Kat:3, Licht: 0,3057,3,4,6,04,10,2,,0,0,1,1,0
"POINT (9.660876716000075 52.317178427000044)",Unfall 3058 (2024) Kat:3, Licht: 0,3058,3,4,6,04,08,2,,0,0,1,1,0
"POINT (9.598127145000035 52.420579244000066)",Unfall 3059 (2024) Kat:3, Licht: 0,3059,3,3,5,04,08,2,,0,1,1,0,0
"POINT (10.004444666000040 52.445954289000042)",Unfall 3060 (2024) Kat:3, Licht: 0,3060,3,3,5,04,15,2,,0,0,0,0,1
"POINT (9.730571313000041 52.378511524000032)",Unfall 3061 (2024) Kat:3, Licht: 0,3061,3,2,6,04,19,2,,0,0,1,1,0
"POINT (9.732990639000036 52.376722901000051)",Unfall 3062 (2024) Kat:3, Licht: 2,3062,3,6,6,04,23,7,,2,0,1,1,0
"POINT (9.794189415000062 52.393643233000034)",Unfall 3063 (2024) Kat:3, Licht: 0,3063,3,6,2,04,15,1,,0,0,1,0,0
"POINT (9.741170875000023 52.369069569000033)",Unfall 3064 (2024) Kat:3, Licht: 0,3064,3,3,5,04,11,1,,0,1,0,0,0
"POINT (9.779084266000041 52.401781831000051)",Unfall 3065 (2024) Kat:3, Licht: 0,3065,3,3,5,04,19,1,,0,0,1,0,0
"POINT (9.825822579000032 52.427050390000034)",Unfall 3066 (2024) Kat:3, Licht: 0,3066,3,6,4,04,19,1,,0,0,1,0,0
"POINT (9.724131737000050 52.346678087000043)",Unfall 3067 (2024) Kat:3, Licht: 2,3067,3,7,0,04,23,7,,2,1,0,0,0
"POINT (9.663763082000060 52.380434831000059)",Unfall 3068 (2024) Kat:3, Licht: 2,3068,3,5,1,04,23,7,,2,0,1,0,0
"POINT (9.750424553000073 52.394970493000073)",Unfall 3069 (2024) Kat:3, Licht: 2,3069,3,7,5,04,21,7,,2,0,1,0,0
"POINT (9.747132505000025 52.318832460000067)",Unfall 3070 (2024) Kat:2, Licht: 0,3070,2,1,7,04,11,7,,0,1,0,0,0
"POINT (9.975928135000061 52.379913448000082)",Unfall 3071 (2024) Kat:3, Licht: 0,3071,3,6,6,04,09,7,,0,1,0,1,0
"POINT (9.728349905000073 52.358883880000064)",Unfall 3072 (2024) Kat:3, Licht: 2,3072,3,1,0,04,22,7,,2,1,0,0,0
"POINT (9.595082915000035 52.433651985000040)",Unfall 3073 (2024) Kat:3, Licht: 0,3073,3,1,0,05,16,2,,0,1,0,0,0
"POINT (9.756686424000065 52.364944231000038)",Unfall 3074 (2024) Kat:3, Licht: 0,3074,3,3,5,04,11,6,,0,0,1,0,0
"POINT (9.678144506000024 52.416338141000040)",Unfall 3075 (2024) Kat:3, Licht: 0,3075,3,3,5,04,14,6,,0,1,1,0,0
"POINT (9.701612663000049 52.408702291000054)",Unfall 3076 (2024) Kat:3, Licht: 0,3076,3,3,5,04,18,6,,0,1,1,0,0
"POINT (9.731108113000062 52.378680269000029)",Unfall 3077 (2024) Kat:3, Licht: 2,3077,3,2,3,04,21,6,,2,1,1,0,0
"POINT (9.793190344000038 52.326566747000072)",Unfall 3078 (2024) Kat:3, Licht: 1,3078,3,2,5,04,05,6,,1,1,1,0,0
"POINT (9.573300428000039 52.279211653000061)",Unfall 3079 (2024) Kat:3, Licht: 2,3079,3,7,0,04,22,6,,2,0,1,0,0
"POINT (9.684308289000057 52.392836607000049)",Unfall 3080 (2024) Kat:3, Licht: 0,3080,3,7,0,05,16,7,,0,0,0,0,0
"POINT (9.709140263000052 52.448194199000056)",Unfall 3081 (2024) Kat:3, Licht: 0,3081,3,3,5,04,13,6,,0,1,1,0,0
"POINT (10.023328390000074 52.438310939000075)",Unfall 3082 (2024) Kat:3, Licht: 0,3082,3,2,5,04,17,6,,0,0,1,0,0
"POINT (9.642666815000041 52.404871487000037)",Unfall 3083 (2024) Kat:2, Licht: 0,3083,2,3,5,04,07,6,,0,1,0,0,0
"POINT (9.739648545000023 52.381205296000076)",Unfall 3084 (2024) Kat:3, Licht: 0,3084,3,2,5,04,14,6,,0,1,0,0,0
"POINT (9.799022896000054 52.376494986000068)",Unfall 3085 (2024) Kat:3, Licht: 0,3085,3,2,5,04,08,6,,0,1,1,0,0
"POINT (9.809126807000041 52.338184742000067)",Unfall 3086 (2024) Kat:3, Licht: 0,3086,3,4,6,04,08,6,,0,0,1,1,0
"POINT (9.691199320000067 52.345765891000042)",Unfall 3087 (2024) Kat:3, Licht: 0,3087,3,6,2,04,17,5,,0,0,1,0,0
"POINT (9.715477085000032 52.392725231000043)",Unfall 3088 (2024) Kat:2, Licht: 0,3088,2,5,1,04,14,5,,0,0,1,0,0
"POINT (9.738688543000023 52.374375639000050)",Unfall 3089 (2024) Kat:2, Licht: 0,3089,2,7,0,04,12,5,,0,0,0,0,0
"POINT (9.761888434000070 52.336534886000038)",Unfall 3090 (2024) Kat:3, Licht: 0,3090,3,7,0,04,17,5,,0,1,0,0,0
"POINT (9.741020568000067 52.398720735000040)",Unfall 3091 (2024) Kat:3, Licht: 1,3091,3,3,5,04,05,5,,1,0,1,0,0
"POINT (9.348485709000045 52.452063953000049)",Unfall 3092 (2024) Kat:3, Licht: 0,3092,3,7,0,04,20,5,,0,1,0,0,0
"POINT (9.596319607000055 52.425682645000052)",Unfall 3093 (2024) Kat:3, Licht: 0,3093,3,3,5,04,16,5,,0,0,1,0,0
"POINT (9.744792940000025 52.431004723000058)",Unfall 3094 (2024) Kat:3, Licht: 2,3094,3,1,0,04,21,5,,2,1,0,0,0
"POINT (9.744044059000032 52.377467965000051)",Unfall 3095 (2024) Kat:2, Licht: 0,3095,2,2,0,04,11,5,,0,1,1,0,0
"POINT (9.749247745000048 52.365652558000079)",Unfall 3096 (2024) Kat:3, Licht: 0,3096,3,4,6,04,19,5,,0,1,0,1,0
"POINT (9.806493570000043 52.389079684000080)",Unfall 3097 (2024) Kat:3, Licht: 0,3097,3,6,2,04,14,5,,0,0,1,0,0
"POINT (9.693221326000071 52.390255275000072)",Unfall 3098 (2024) Kat:3, Licht: 0,3098,3,1,8,04,18,4,,0,1,0,0,0
"POINT (9.730265669000062 52.368516735000071)",Unfall 3099 (2024) Kat:3, Licht: 2,3099,3,6,2,04,22,4,,2,0,1,0,0
"POINT (9.790469316000042 52.396932095000068)",Unfall 3100 (2024) Kat:3, Licht: 0,3100,3,6,2,04,08,4,,0,0,1,0,0
"POINT (9.631145969000045 52.396996992000027)",Unfall 3101 (2024) Kat:3, Licht: 0,3101,3,4,6,04,18,4,,0,0,1,1,0
"POINT (9.460004535000053 52.514597902000048)",Unfall 3102 (2024) Kat:3, Licht: 0,3102,3,3,5,04,11,4,,0,1,1,0,0
"POINT (9.973996177000060 52.383682947000068)",Unfall 3103 (2024) Kat:3, Licht: 0,3103,3,3,5,04,09,4,,0,1,1,0,0
"POINT (9.710829452000041 52.408353611000052)",Unfall 3104 (2024) Kat:3, Licht: 0,3104,3,7,8,04,18,4,,0,0,1,0,0
"POINT (9.743760090000023 52.371112543000038)",Unfall 3105 (2024) Kat:3, Licht: 0,3105,3,3,5,04,12,4,,0,1,1,0,0
"POINT (9.725500735000026 52.397838068000056)",Unfall 3106 (2024) Kat:2, Licht: 0,3106,2,7,0,04,17,3,,0,1,0,0,0
"POINT (9.761650968000026 52.372824195000078)",Unfall 3107 (2024) Kat:3, Licht: 0,3107,3,7,7,04,07,3,,0,1,0,0,0
"POINT (9.736799800000028 52.383455330000061)",Unfall 3108 (2024) Kat:3, Licht: 0,3108,3,5,1,04,07,3,,0,0,1,0,1
"POINT (9.791551456000036 52.327615121000065)",Unfall 3109 (2024) Kat:3, Licht: 0,3109,3,3,5,05,14,4,,0,0,1,0,0
"POINT (9.787640344000067 52.374436780000053)",Unfall 3110 (2024) Kat:3, Licht: 0,3110,3,5,1,06,14,3,,0,0,1,0,1
"POINT (9.756569341000045 52.340017494000051)",Unfall 3111 (2024) Kat:3, Licht: 0,3111,3,3,5,06,07,3,,0,0,1,0,0
"POINT (9.678182789000061 52.416338937000035)",Unfall 3112 (2024) Kat:3, Licht: 1,3112,3,7,5,06,22,2,,1,1,1,0,0
"POINT (9.695760508000035 52.408931486000029)",Unfall 3113 (2024) Kat:3, Licht: 0,3113,3,1,0,06,15,2,,0,1,0,0,0
"POINT (9.709924985000043 52.341905382000050)",Unfall 3114 (2024) Kat:3, Licht: 0,3114,3,4,0,06,12,2,,0,0,0,1,0
"POINT (9.744052230000023 52.372583732000066)",Unfall 3115 (2024) Kat:3, Licht: 0,3115,3,7,0,06,17,2,,0,1,0,0,0
"POINT (9.707437749000064 52.368794769000033)",Unfall 3116 (2024) Kat:3, Licht: 0,3116,3,1,3,06,19,2,,0,1,1,0,0
"POINT (9.747992181000029 52.411086781000051)",Unfall 3117 (2024) Kat:3, Licht: 0,3117,3,3,0,06,18,2,,0,0,1,0,1
"POINT (9.595368582000049 52.426276476000055)",Unfall 3118 (2024) Kat:3, Licht: 0,3118,3,6,2,06,17,2,,0,0,1,0,0
"POINT (9.602236331000029 52.441872370000056)",Unfall 3119 (2024) Kat:3, Licht: 0,3119,3,3,5,06,11,2,,0,1,1,0,0
"POINT (9.893045276000066 52.350586971000041)",Unfall 3120 (2024) Kat:3, Licht: 0,3120,3,4,6,06,05,2,,0,0,1,1,0
"POINT (9.773048045000053 52.403687346000027)",Unfall 3121 (2024) Kat:2, Licht: 0,3121,2,5,1,06,17,2,,0,1,1,0,0
"POINT (9.774165552000056 52.335684176000029)",Unfall 3122 (2024) Kat:3, Licht: 0,3122,3,2,5,06,12,2,,0,0,1,0,0
"POINT (9.967575407000027 52.371728688000076)",Unfall 3123 (2024) Kat:3, Licht: 0,3123,3,3,5,06,14,1,,0,0,1,0,0
"POINT (9.741477207000059 52.394406044000050)",Unfall 3124 (2024) Kat:2, Licht: 0,3124,2,2,5,06,11,1,,0,1,1,0,0
"POINT (9.776238003000060 52.363255708000054)",Unfall 3125 (2024) Kat:3, Licht: 0,3125,3,7,0,06,13,1,,0,1,0,0,0
"POINT (9.760047033000035 52.333365896000032)",Unfall 3126 (2024) Kat:3, Licht: 0,3126,3,3,5,06,18,7,,0,1,1,0,0
"POINT (9.759516962000021 52.379307529000073)",Unfall 3127 (2024) Kat:3, Licht: 0,3127,3,7,0,06,20,7,,0,1,0,0,0
"POINT (9.740286671000035 52.440519181000070)",Unfall 3128 (2024) Kat:3, Licht: 0,3128,3,3,5,06,10,7,,0,1,1,0,0
"POINT (9.791653496000038 52.372674167000071)",Unfall 3129 (2024) Kat:3, Licht: 0,3129,3,3,5,06,17,6,,0,1,1,0,0
"POINT (9.543330379000054 52.213015703000053)",Unfall 3130 (2024) Kat:3, Licht: 0,3130,3,7,0,06,10,6,,0,1,0,0,0
"POINT (9.580270679000023 52.421238892000076)",Unfall 3131 (2024) Kat:3, Licht: 0,3131,3,5,1,06,16,6,,0,0,1,0,0
"POINT (9.750946450000072 52.369239437000033)",Unfall 3132 (2024) Kat:3, Licht: 0,3132,3,3,5,06,16,5,,0,1,1,0,0
"POINT (9.745511187000034 52.369869400000027)",Unfall 3133 (2024) Kat:3, Licht: 0,3133,3,7,0,06,07,5,,0,1,0,0,0
"POINT (9.694921227000066 52.391675128000031)",Unfall 3134 (2024) Kat:3, Licht: 0,3134,3,7,0,06,19,5,,0,1,0,0,0
"POINT (9.735782946000029 52.370549741000048)",Unfall 3135 (2024) Kat:3, Licht: 0,3135,3,5,0,06,13,5,,0,0,1,0,1
"POINT (9.707649714000070 52.368179617000067)",Unfall 3136 (2024) Kat:3, Licht: 0,3136,3,2,5,06,14,5,,0,1,1,0,0
"POINT (9.608154938000041 52.416288608000059)",Unfall 3137 (2024) Kat:3, Licht: 0,3137,3,6,2,06,08,5,,0,0,1,0,0
"POINT (9.740489063000041 52.451107066000077)",Unfall 3138 (2024) Kat:3, Licht: 0,3138,3,3,5,06,17,5,,0,1,1,0,0
"POINT (9.729295196000066 52.387131421000049)",Unfall 3139 (2024) Kat:3, Licht: 0,3139,3,7,3,06,18,4,,0,1,1,0,0
"POINT (9.720960736000052 52.371244235000063)",Unfall 3140 (2024) Kat:3, Licht: 0,3140,3,1,1,06,15,4,,0,0,1,0,0
"POINT (9.746868099000039 52.353596635000031)",Unfall 3141 (2024) Kat:3, Licht: 0,3141,3,6,2,06,13,4,,0,0,1,0,0
"POINT (9.714364775000035 52.369113752000032)",Unfall 3142 (2024) Kat:3, Licht: 0,3142,3,3,5,06,17,4,,0,0,1,0,0
"POINT (9.738551011000027 52.401974771000027)",Unfall 3143 (2024) Kat:3, Licht: 0,3143,3,7,0,06,09,4,,0,1,0,1,0
"POINT (9.735533349000036 52.325646495000058)",Unfall 3144 (2024) Kat:3, Licht: 0,3144,3,3,0,06,11,4,,0,1,1,0,0
"POINT (9.762420164000048 52.396885702000077)",Unfall 3145 (2024) Kat:3, Licht: 0,3145,3,3,5,06,12,4,,0,1,1,0,0
"POINT (9.765315096000052 52.366870029000040)",Unfall 3146 (2024) Kat:3, Licht: 0,3146,3,3,5,06,14,3,,0,1,0,0,0
"POINT (9.753523512000072 52.369401366000034)",Unfall 3147 (2024) Kat:3, Licht: 0,3147,3,3,5,06,12,3,,0,1,1,0,0
"POINT (9.718069066000055 52.332105254000055)",Unfall 3148 (2024) Kat:3, Licht: 0,3148,3,3,5,06,12,3,,0,1,1,0,0
"POINT (9.715089551000062 52.388861897000027)",Unfall 3149 (2024) Kat:3, Licht: 0,3149,3,7,0,06,17,3,,0,1,0,0,0
"POINT (9.727902284000038 52.400151639000057)",Unfall 3150 (2024) Kat:3, Licht: 0,3150,3,3,5,06,06,3,,0,1,1,0,0
"POINT (9.738529490000076 52.376955668000051)",Unfall 3151 (2024) Kat:3, Licht: 0,3151,3,1,0,06,14,3,,0,1,0,0,0
"POINT (9.825668243000052 52.400047851000068)",Unfall 3152 (2024) Kat:3, Licht: 0,3152,3,3,5,06,08,3,,0,0,1,0,0
"POINT (9.796348547000036 52.354422526000064)",Unfall 3153 (2024) Kat:3, Licht: 0,3153,3,6,2,06,09,3,,0,0,1,0,0
"POINT (9.806007585000032 52.381181831000049)",Unfall 3154 (2024) Kat:3, Licht: 0,3154,3,7,1,06,13,2,,0,1,1,0,0
"POINT (9.705301854000027 52.374359504000040)",Unfall 3155 (2024) Kat:3, Licht: 2,3155,3,2,0,06,01,2,,2,0,0,0,0
"POINT (9.639116491000038 52.395520010000041)",Unfall 3156 (2024) Kat:2, Licht: 0,3156,2,7,9,06,14,2,,0,0,1,0,0
"POINT (9.798024556000030 52.309202794000043)",Unfall 3157 (2024) Kat:3, Licht: 0,3157,3,4,6,06,18,1,,0,0,1,1,0
"POINT (9.681421558000068 52.416259470000057)",Unfall 3158 (2024) Kat:3, Licht: 0,3158,3,3,5,06,16,1,,0,1,1,0,0
"POINT (9.693859021000037 52.392317467000055)",Unfall 3159 (2024) Kat:3, Licht: 0,3159,3,6,2,06,15,1,,0,0,1,0,0
"POINT (9.719605850000050 52.373662062000051)",Unfall 3160 (2024) Kat:3, Licht: 2,3160,3,4,6,06,03,1,,2,0,1,1,0
"POINT (9.716699432000041 52.382185447000040)",Unfall 3161 (2024) Kat:3, Licht: 0,3161,3,3,5,06,21,7,,0,0,1,0,0
"POINT (9.657607961000053 52.356815039000026)",Unfall 3162 (2024) Kat:3, Licht: 0,3162,3,7,0,06,15,7,,0,1,0,0,0