WKT,Name,OBJECTID,UKATEGORIE,UTYP1,UART,UMONAT,USTUNDE,UWOCHENTAG,STRZUSTAND,ULICHTVERH,ISTRAD,ISTPKW,ISTFUSS,ISTKRAD
"POINT (9.721930728000075 52.386988634000033)",Unfall 3355 (2024) Kat:2, Licht: 0,3355,2,3,5,07,14,2,,0,1,0,0,0
"POINT (9.747323790000053 52.391738316000044)",Unfall 3356 (2024) Kat:3, Licht: 0,3356,3,2,5,07,16,2,,0,1,1,0,0
"POINT (9.761471742000026 52.379753293000078)",Unfall 3357 (2024) Kat:3, Licht: 0,3357,3,3,5,07,11,2,,0,0,1,0,0
"POINT (9.731203158000028 52.378712932000042)",Unfall 3358 (2024) Kat:3, Licht: 0,3358,3,2,2,07,18,1,,0,0,1,0,1
"POINT (9.748640230000035 52.351260286000070)",Unfall 3359 (2024) Kat:3, Licht: 0,3359,3,7,0,07,09,1,,0,1,0,0,0
"POINT (9.708342067000046 52.365084886000034)",Unfall 3360 (2024) Kat:2, Licht: 2,3360,2,7,0,07,02,1,,2,1,0,0,0
"POINT (9.467810650000047 52.504477931000054)",Unfall 3361 (2024) Kat:3, Licht: 0,3361,3,7,0,07,12,1,,0,1,0,0,0
"POINT (9.755100521000031 52.436473713000055)",Unfall 3362 (2024) Kat:3, Licht: 0,3362,3,2,0,07,18,1,,0,0,1,0,0
"POINT (9.718422154000052 52.331587903000070)",Unfall 3363 (2024) Kat:3, Licht: 1,3363,3,7,0,07,21,1,,1,0,1,0,0
"POINT (9.691050041000040 52.374095975000046)",Unfall 3364 (2024) Kat:3, Licht: 0,3364,3,5,1,07,07,1,,0,1,1,0,0
"POINT (9.716005814000027 52.356272690000026)",Unfall 3365 (2024) Kat:3, Licht: 0,3365,3,3,5,07,10,7,,0,1,1,0,0
"POINT (9.757055437000076 52.370397082000068)",Unfall 3366 (2024) Kat:3, Licht: 0,3366,3,7,0,07,15,6,,0,1,0,0,0
"POINT (9.712347350000073 52.366950783000050)",Unfall 3367 (2024) Kat:3, Licht: 0,3367,3,7,0,07,19,6,,0,1,0,0,0
"POINT (9.747179131000053 52.385468485000047)",Unfall 3368 (2024) Kat:3, Licht: 2,3368,3,7,0,07,01,6,,2,0,0,0,0
"POINT (9.470206532000077 52.426527730000032)",Unfall 3369 (2024) Kat:3, Licht: 0,3369,3,3,5,07,18,6,,0,1,0,0,1
"POINT (9.448788893000028 52.493583185000034)",Unfall 3370 (2024) Kat:3, Licht: 0,3370,3,3,5,07,19,6,,0,1,1,0,0
"POINT (9.563764125000034 52.400725324000064)",Unfall 3371 (2024) Kat:2, Licht: 0,3371,2,1,0,07,18,6,,0,0,0,0,0
"POINT (9.615721262000022 52.418833104000043)",Unfall 3372 (2024) Kat:3, Licht: 0,3372,3,2,2,07,15,6,,0,0,1,0,0
"POINT (9.767469007000045 52.358033837000050)",Unfall 3373 (2024) Kat:3, Licht: 0,3373,3,2,5,07,14,5,,0,1,0,0,0
"POINT (9.683196778000024 52.413559909000071)",Unfall 3374 (2024) Kat:3, Licht: 0,3374,3,3,5,07,17,5,,0,1,1,0,0
"POINT (9.961803931000077 52.389544531000070)",Unfall 3375 (2024) Kat:2, Licht: 0,3375,2,3,5,07,15,5,,0,0,1,0,1
"POINT (9.751372488000072 52.374407356000063)",Unfall 3376 (2024) Kat:2, Licht: 0,3376,2,3,5,07,13,5,,0,0,1,0,0
"POINT (9.777032256000041 52.415020655000035)",Unfall 3377 (2024) Kat:3, Licht: 0,3377,3,7,6,07,16,5,,0,0,1,1,0
"POINT (9.758802179000043 52.372361419000072)",Unfall 3378 (2024) Kat:3, Licht: 0,3378,3,5,1,07,14,5,,0,1,1,0,0
"POINT (9.705358980000028 52.367053266000028)",Unfall 3379 (2024) Kat:3, Licht: 0,3379,3,2,5,07,11,5,,0,1,1,0,0
"POINT (9.549550852000039 52.208153313000082)",Unfall 3380 (2024) Kat:3, Licht: 2,3380,3,1,0,07,22,4,,2,0,0,0,0
"POINT (9.677334928000050 52.236757219000026)",Unfall 3381 (2024) Kat:3, Licht: 0,3381,3,7,0,07,17,4,,0,1,0,0,0
"POINT (9.601035423000042 52.439422297000078)",Unfall 3382 (2024) Kat:3, Licht: 0,3382,3,3,5,07,08,4,,0,0,1,0,0
"POINT (9.742744001000062 52.371265133000065)",Unfall 3383 (2024) Kat:3, Licht: 0,3383,3,5,1,07,13,4,,0,0,1,0,1
"POINT (9.716482527000039 52.353765637000038)",Unfall 3384 (2024) Kat:3, Licht: 2,3384,3,1,0,07,22,2,,2,1,0,0,0
"POINT (9.727247341000066 52.398015916000077)",Unfall 3385 (2024) Kat:3, Licht: 0,3385,3,7,0,07,13,3,,0,1,0,0,0
"POINT (9.722012855000060 52.378742902000056)",Unfall 3386 (2024) Kat:3, Licht: 0,3386,3,6,3,07,10,3,,0,0,1,0,0
"POINT (9.744015683000043 52.372008613000048)",Unfall 3387 (2024) Kat:3, Licht: 0,3387,3,7,0,07,17,3,,0,1,0,0,0
"POINT (9.752249837000022 52.421051493000050)",Unfall 3388 (2024) Kat:3, Licht: 0,3388,3,3,5,07,08,3,,0,1,1,0,0
"POINT (9.825955617000034 52.359047621000059)",Unfall 3389 (2024) Kat:3, Licht: 0,3389,3,1,9,07,10,3,,0,1,0,0,0
"POINT (9.619876147000070 52.441050883000059)",Unfall 3390 (2024) Kat:3, Licht: 0,3390,3,2,2,07,14,3,,0,0,1,0,0
"POINT (9.603752468000039 52.419020294000063)",Unfall 3391 (2024) Kat:3, Licht: 0,3391,3,7,6,07,09,3,,0,0,1,1,0
"POINT (9.758994514000051 52.361962334000054)",Unfall 3392 (2024) Kat:2, Licht: 0,3392,2,4,6,07,07,3,,0,1,0,1,0
"POINT (9.728431787000034 52.377348208000058)",Unfall 3393 (2024) Kat:3, Licht: 0,3393,3,6,4,07,17,3,,0,0,1,0,1
"POINT (9.792480963000060 52.397481283000047)",Unfall 3394 (2024) Kat:3, Licht: 0,3394,3,6,2,07,09,3,,0,0,1,0,0
"POINT (9.714897473000065 52.381234605000031)",Unfall 3395 (2024) Kat:3, Licht: 0,3395,3,7,0,07,08,2,,0,1,0,0,0
"POINT (9.852189407000026 52.359245405000081)",Unfall 3396 (2024) Kat:3, Licht: 0,3396,3,3,5,07,18,2,,0,1,0,0,0
"POINT (9.738901272000021 52.355973892000065)",Unfall 3397 (2024) Kat:3, Licht: 0,3397,3,2,5,07,12,2,,0,1,0,0,0
"POINT (9.730020714000034 52.314615345000050)",Unfall 3398 (2024) Kat:3, Licht: 0,3398,3,1,8,07,13,2,,0,0,1,0,0
"POINT (9.764465717000064 52.395725526000035)",Unfall 3399 (2024) Kat:3, Licht: 0,3399,3,4,6,07,17,2,,0,0,0,1,0
"POINT (9.837195470000040 52.391540292000059)",Unfall 3400 (2024) Kat:3, Licht: 0,3400,3,4,6,07,18,1,,0,1,0,1,0
"POINT (9.759439525000062 52.419846586000062)",Unfall 3401 (2024) Kat:3, Licht: 0,3401,3,3,5,07,16,1,,0,1,1,0,0
"POINT (9.831641638000065 52.336021985000059)",Unfall 3402 (2024) Kat:3, Licht: 0,3402,3,7,0,07,16,1,,0,0,1,0,1
"POINT (9.771869448000075 52.338719176000041)",Unfall 3403 (2024) Kat:3, Licht: 0,3403,3,3,5,07,18,1,,0,1,1,0,0
"POINT (9.559945376000030 52.201570119000053)",Unfall 3404 (2024) Kat:3, Licht: 0,3404,3,7,0,07,13,1,,0,1,0,0,0
"POINT (9.601094692000061 52.439421285000037)",Unfall 3405 (2024) Kat:3, Licht: 0,3405,3,3,5,07,20,1,,0,0,1,0,0
"POINT (10.021516675000044 52.483749015000058)",Unfall 3406 (2024) Kat:2, Licht: 0,3406,2,7,8,07,12,1,,0,1,0,0,0
"POINT (9.730016822000039 52.374801318000038)",Unfall 3407 (2024) Kat:3, Licht: 2,3407,3,5,1,07,03,1,,2,0,1,0,0
"POINT (9.766408478000074 52.264255829000035)",Unfall 3408 (2024) Kat:3, Licht: 0,3408,3,3,5,07,18,7,,0,1,1,0,0
"POINT (9.581045834000065 52.455284035000034)",Unfall 3409 (2024) Kat:3, Licht: 0,3409,3,5,1,07,13,7,,0,1,1,0,0
"POINT (9.503461159000040 52.285596356000042)",Unfall 3410 (2024) Kat:3, Licht: 0,3410,3,1,0,07,18,1,,0,1,0,0,0
"POINT (9.693302890000041 52.395560442000033)",Unfall 3411 (2024) Kat:3, Licht: 0,3411,3,2,5,07,12,7,,0,0,1,0,1
"POINT (9.603757320000057 52.449071788000026)",Unfall 3412 (2024) Kat:3, Licht: 0,3412,3,5,5,07,12,6,,0,1,1,0,0
"POINT (9.582713378000051 52.422411772000032)",Unfall 3413 (2024) Kat:3, Licht: 0,3413,3,1,0,07,18,6,,0,0,0,0,0
"POINT (9.970981350000045 52.365337107000073)",Unfall 3414 (2024) Kat:3, Licht: 0,3414,3,3,5,07,13,6,,0,1,0,0,0
"POINT (9.982332131000021 52.381483554000056)",Unfall 3415 (2024) Kat:3, Licht: 0,3415,3,3,5,07,13,6,,0,0,1,0,0
"POINT (9.762817633000054 52.416106897000077)",Unfall 3416 (2024) Kat:3, Licht: 0,3416,3,3,5,07,18,6,,0,1,0,0,0
"POINT (9.746652343000051 52.373408812000037)",Unfall 3417 (2024) Kat:3, Licht: 0,3417,3,7,0,07,07,6,,0,0,1,0,0
"POINT (9.657192083000041 52.413789825000038)",Unfall 3418 (2024) Kat:3, Licht: 0,3418,3,7,1,07,15,5,,0,1,0,0,0
"POINT (9.726872975000049 52.384008508000079)",Unfall 3419 (2024) Kat:3, Licht: 0,3419,3,3,5,07,10,5,,0,0,0,0,0
"POINT (9.734098665000033 52.376681671000028)",Unfall 3420 (2024) Kat:3, Licht: 0,3420,3,1,0,07,11,5,,0,1,0,0,0
"POINT (9.669815030000052 52.355114801000070)",Unfall 3421 (2024) Kat:3, Licht: 0,3421,3,7,6,07,17,5,,0,0,0,1,0
"POINT (9.668935564000037 52.364865863000034)",Unfall 3422 (2024) Kat:3, Licht: 0,3422,3,7,0,07,16,5,,0,1,0,0,0
"POINT (9.803997982000055 52.420235586000047)",Unfall 3423 (2024) Kat:3, Licht: 0,3423,3,7,0,07,16,5,,0,1,0,0,0
"POINT (9.840445919000047 52.341809052000031)",Unfall 3424 (2024) Kat:3, Licht: 0,3424,3,7,0,07,16,5,,0,1,0,0,0
"POINT (9.682424397000034 52.414560894000033)",Unfall 3425 (2024) Kat:2, Licht: 0,3425,2,4,0,07,17,5,,0,0,1,1,0
"POINT (9.761126311000055 52.261608254000066)",Unfall 3426 (2024) Kat:3, Licht: 0,3426,3,6,0,07,17,4,,0,0,1,1,0
"POINT (9.744017894000024 52.372026504000075)",Unfall 3427 (2024) Kat:2, Licht: 0,3427,2,1,0,07,09,4,,0,1,0,0,0
"POINT (9.732788276000065 52.375578811000082)",Unfall 3428 (2024) Kat:3, Licht: 0,3428,3,6,3,07,15,4,,0,1,0,0,0
"POINT (9.860634880000021 52.499185254000054)",Unfall 3429 (2024) Kat:3, Licht: 0,3429,3,7,0,07,16,3,,0,1,0,0,0
"POINT (9.717624741000066 52.354449955000064)",Unfall 3430 (2024) Kat:3, Licht: 0,3430,3,7,0,07,12,3,,0,1,0,0,0
"POINT (9.718877438000050 52.373916195000049)",Unfall 3431 (2024) Kat:3, Licht: 0,3431,3,2,5,07,17,3,,0,1,1,0,0
"POINT (9.704750918000059 52.374392080000064)",Unfall 3432 (2024) Kat:3, Licht: 1,3432,3,7,0,07,22,3,,1,1,0,0,0
"POINT (9.690390913000044 52.374809038000080)",Unfall 3433 (2024) Kat:3, Licht: 0,3433,3,2,5,07,11,3,,0,0,1,0,0
"POINT (9.654611679000027 52.396704457000055)",Unfall 3434 (2024) Kat:3, Licht: 0,3434,3,1,0,07,06,3,,0,1,0,0,0
"POINT (9.619938752000053 52.435907142000076)",Unfall 3435 (2024) Kat:3, Licht: 0,3435,3,3,5,07,14,3,,0,1,1,0,0
"POINT (9.611243039000044 52.432540524000046)",Unfall 3436 (2024) Kat:3, Licht: 0,3436,3,6,3,07,12,3,,0,0,1,0,0
"POINT (9.761671864000050 52.459339635000049)",Unfall 3437 (2024) Kat:3, Licht: 0,3437,3,7,8,07,19,3,,0,1,1,0,0
"POINT (9.729308857000035 52.370303546000059)",Unfall 3438 (2024) Kat:3, Licht: 0,3438,3,5,1,07,08,2,,0,1,1,0,0
"POINT (9.707918667000058 52.376436097000067)",Unfall 3439 (2024) Kat:3, Licht: 0,3439,3,3,5,07,12,2,,0,1,1,0,0
"POINT (9.939975261000029 52.348771497000030)",Unfall 3440 (2024) Kat:3, Licht: 0,3440,3,3,5,07,15,2,,0,0,1,0,0
"POINT (9.705352537000067 52.352704320000043)",Unfall 3441 (2024) Kat:3, Licht: 0,3441,3,7,0,07,12,1,,0,1,0,0,0
"POINT (9.736139496000021 52.378537892000054)",Unfall 3442 (2024) Kat:3, Licht: 1,3442,3,7,0,07,04,1,,1,0,0,0,0
"POINT (9.456591037000067 52.507440563000046)",Unfall 3443 (2024) Kat:3, Licht: 0,3443,3,4,6,07,17,1,,0,0,0,1,1
"POINT (9.721432091000054 52.354681247000030)",Unfall 3444 (2024) Kat:3, Licht: 0,3444,3,2,3,07,14,7,,0,1,1,0,0
"POINT (9.739380864000054 52.381032724000079)",Unfall 3445 (2024) Kat:3, Licht: 0,3445,3,6,2,07,18,7,,0,0,1,0,0
"POINT (9.761448785000027 52.379863751000073)",Unfall 3446 (2024) Kat:3, Licht: 0,3446,3,3,5,07,15,7,,0,1,1,0,0
"POINT (9.457925867000029 52.504838671000073)",Unfall 3447 (2024) Kat:3, Licht: 0,3447,3,7,0,07,19,7,,0,0,1,1,0
"POINT (9.557701741000074 52.455389665000041)",Unfall 3448 (2024) Kat:3, Licht: 0,3448,3,7,0,07,10,7,,0,1,0,0,0
"POINT (9.804057324000041 52.394026915000040)",Unfall 3449 (2024) Kat:3, Licht: 2,3449,3,1,1,07,04,7,,2,0,1,0,0
"POINT (9.729617845000064 52.346071237000046)",Unfall 3450 (2024) Kat:3, Licht: 0,3450,3,7,7,07,18,6,,0,0,0,0,0
"POINT (9.671400620000043 52.355635861000053)",Unfall 3451 (2024) Kat:3, Licht: 0,3451,3,5,0,07,13,6,,0,1,1,0,0
"POINT (9.484799019000036 52.309798908000062)",Unfall 3452 (2024) Kat:3, Licht: 0,3452,3,6,4,07,06,6,,0,0,1,0,0
"POINT (9.623946204000049 52.381307936000042)",Unfall 3453 (2024) Kat:3, Licht: 1,3453,3,2,4,07,21,4,,1,1,0,0,0
"POINT (9.976467595000031 52.382179995000058)",Unfall 3454 (2024) Kat:3, Licht: 0,3454,3,5,1,07,10,6,,0,1,1,0,0
"POINT (9.735589266000034 52.428129854000076)",Unfall 3455 (2024) Kat:3, Licht: 0,3455,3,3,5,07,17,6,,0,0,0,0,1
"POINT (9.762746993000064 52.415880087000062)",Unfall 3456 (2024) Kat:3, Licht: 0,3456,3,3,5,07,15,6,,0,0,1,0,0
"POINT (9.858525680000071 52.364431198000034)",Unfall 3457 (2024) Kat:3, Licht: 0,3457,3,3,5,07,14,5,,0,0,1,0,0
"POINT (9.776884633000066 52.403653517000066)",Unfall 3458 (2024) Kat:3, Licht: 2,3458,3,7,0,07,02,5,,2,0,0,0,0
"POINT (9.759983318000025 52.393885189000059)",Unfall 3459 (2024) Kat:3, Licht: 0,3459,3,2,5,07,10,5,,0,0,1,0,0
"POINT (9.736003940000046 52.415994184000056)",Unfall 3460 (2024) Kat:3, Licht: 0,3460,3,3,5,07,18,4,,0,1,1,0,0
"POINT (9.840724268000031 52.420876747000079)",Unfall 3461 (2024) Kat:3, Licht: 0,3461,3,3,5,07,15,7,,0,1,1,0,0
"POINT (9.714050231000044 52.398488404000034)",Unfall 3462 (2024) Kat:3, Licht: 0,3462,3,4,6,07,14,4,,0,0,1,1,0
"POINT (9.711251441000059 52.372206809000033)",Unfall 3463 (2024) Kat:3, Licht: 0,3463,3,3,5,07,20,4,,0,1,1,0,0
"POINT (9.663602417000050 52.366905598000073)",Unfall 3464 (2024) Kat:3, Licht: 0,3464,3,7,0,07,08,4,,0,1,0,0,0
"POINT (9.782199838000054 52.398595175000082)",Unfall 3465 (2024) Kat:3, Licht: 0,3465,3,6,2,07,09,4,,0,0,1,0,0
"POINT (9.746891327000071 52.396063029000061)",Unfall 3466 (2024) Kat:3, Licht: 0,3466,3,5,1,07,06,4,,0,1,1,0,0
"POINT (9.726525884000068 52.394745637000028)",Unfall 3467 (2024) Kat:2, Licht: 0,3467,2,1,0,07,10,4,,0,0,0,0,0
"POINT (9.855268003000049 52.392305566000061)",Unfall 3468 (2024) Kat:3, Licht: 0,3468,3,1,0,07,17,3,,0,0,0,0,1
"POINT (9.768868358000077 52.335123392000071)",Unfall 3469 (2024) Kat:3, Licht: 0,3469,3,1,0,07,10,3,,0,1,0,0,0
"POINT (9.744615107000072 52.394952031000059)",Unfall 3470 (2024) Kat:3, Licht: 0,3470,3,6,0,07,15,3,,0,0,1,0,0
"POINT (9.751101318000053 52.388344345000064)",Unfall 3471 (2024) Kat:3, Licht: 0,3471,3,7,0,07,07,3,,0,1,0,0,0
"POINT (9.717413367000063 52.381637016000070)",Unfall 3472 (2024) Kat:3, Licht: 0,3472,3,3,5,07,14,3,,0,1,1,0,0
"POINT (9.716832089000036 52.342789178000032)",Unfall 3473 (2024) Kat:3, Licht: 0,3473,3,2,0,07,18,2,,0,1,0,0,0
"POINT (9.724372994000021 52.387439724000046)",Unfall 3474 (2024) Kat:3, Licht: 0,3474,3,4,6,07,12,2,,0,0,1,1,0
"POINT (9.723078525000062 52.372891815000060)",Unfall 3475 (2024) Kat:3, Licht: 0,3475,3,7,0,07,20,2,,0,1,0,0,0
"POINT (9.740093206000040 52.367771588000039)",Unfall 3476 (2024) Kat:3, Licht: 0,3476,3,7,4,07,09,2,,0,0,1,0,0
"POINT (9.761800470000026 52.334520640000051)",Unfall 3477 (2024) Kat:3, Licht: 0,3477,3,1,0,07,15,2,,0,1,0,0,0
"POINT (9.772145500000022 52.395502953000062)",Unfall 3478 (2024) Kat:3, Licht: 0,3478,3,6,2,07,09,2,,0,0,1,0,0
"POINT (9.742824909000035 52.440062215000069)",Unfall 3479 (2024) Kat:3, Licht: 0,3479,3,7,2,07,09,2,,0,0,1,0,1
"POINT (9.660099094000032 52.405037253000046)",Unfall 3480 (2024) Kat:3, Licht: 0,3480,3,4,6,07,14,2,,0,0,1,1,0
"POINT (9.702054674000067 52.375113090000070)",Unfall 3481 (2024) Kat:3, Licht: 0,3481,3,4,6,07,07,2,,0,0,0,1,0
"POINT (9.873875746000067 52.357016998000063)",Unfall 3482 (2024) Kat:3, Licht: 0,3482,3,4,6,07,06,2,,0,0,0,1,0
"POINT (9.763299405000055 52.356852815000082)",Unfall 3483 (2024) Kat:3, Licht: 2,3483,3,1,0,06,00,1,,2,0,0,0,0
"POINT (9.742423070000029 52.378870317000064)",Unfall 3484 (2024) Kat:3, Licht: 0,3484,3,1,0,06,12,1,,0,1,0,0,0
"POINT (9.719986556000038 52.397058286000060)",Unfall 3485 (2024) Kat:3, Licht: 0,3485,3,7,0,06,19,1,,0,1,0,0,0
"POINT (9.738021205000052 52.382150785000078)",Unfall 3486 (2024) Kat:3, Licht: 0,3486,3,2,5,06,10,1,,0,1,1,0,0
"POINT (9.692189845000030 52.398142100000030)",Unfall 3487 (2024) Kat:3, Licht: 0,3487,3,3,5,06,18,7,,0,1,1,0,0
"POINT (9.757076286000029 52.525067225000043)",Unfall 3488 (2024) Kat:3, Licht: 0,3488,3,1,0,06,20,7,,0,1,0,0,0
"POINT (9.850870495000038 52.335762781000028)",Unfall 3489 (2024) Kat:2, Licht: 0,3489,2,3,5,07,16,4,,0,1,0,0,0
"POINT (9.706878919000076 52.376815202000046)",Unfall 3490 (2024) Kat:3, Licht: 0,3490,3,5,3,07,12,2,,0,1,1,0,0
"POINT (9.809296869000036 52.308407842000065)",Unfall 3491 (2024) Kat:3, Licht: 0,3491,3,3,6,06,11,6,,0,0,1,1,0
"POINT (9.721538911000039 52.382188301000042)",Unfall 3492 (2024) Kat:3, Licht: 2,3492,3,4,6,06,23,6,,2,0,1,1,0
"POINT (9.782097989000022 52.325278542000035)",Unfall 3493 (2024) Kat:3, Licht: 0,3493,3,5,3,06,08,6,,0,1,1,0,0
"POINT (9.440785970000036 52.418937205000077)",Unfall 3494 (2024) Kat:3, Licht: 2,3494,3,5,4,06,23,6,,2,1,1,0,0
"POINT (9.776508551000063 52.268718792000072)",Unfall 3495 (2024) Kat:3, Licht: 0,3495,3,1,8,06,09,6,,0,0,1,0,0
"POINT (9.546598620000054 52.202931027000034)",Unfall 3496 (2024) Kat:2, Licht: 0,3496,2,7,0,06,12,6,,0,1,0,0,0
"POINT (9.613566597000045 52.450520465000068)",Unfall 3497 (2024) Kat:3, Licht: 0,3497,3,2,5,06,14,6,,0,1,1,0,0
"POINT (9.856215032000023 52.435196840000060)",Unfall 3498 (2024) Kat:3, Licht: 0,3498,3,3,5,06,17,6,,0,1,0,0,0
"POINT (9.857466147000025 52.497914131000073)",Unfall 3499 (2024) Kat:3, Licht: 0,3499,3,3,5,06,11,6,,0,1,1,0,0
"POINT (9.783761179000066 52.518411095000033)",Unfall 3500 (2024) Kat:3, Licht: 0,3500,3,3,5,07,14,5,,0,1,1,0,0
"POINT (9.750988907000021 52.410517909000077)",Unfall 3501 (2024) Kat:2, Licht: 0,3501,2,3,5,06,09,6,,0,0,1,0,0
"POINT (9.763826059000053 52.357652295000037)",Unfall 3502 (2024) Kat:3, Licht: 0,3502,3,7,9,06,12,5,,0,0,1,0,0
"POINT (9.685316990000047 52.394269272000031)",Unfall 3503 (2024) Kat:3, Licht: 0,3503,3,7,0,06,10,5,,0,1,1,0,0
"POINT (9.685319546000073 52.394288435000078)",Unfall 3504 (2024) Kat:2, Licht: 0,3504,2,7,0,06,10,5,,0,0,1,0,1
"POINT (9.722165650000022 52.376815811000029)",Unfall 3505 (2024) Kat:3, Licht: 2,3505,3,3,5,06,22,5,,2,1,1,0,0
"POINT (9.672789772000044 52.355996377000054)",Unfall 3506 (2024) Kat:3, Licht: 0,3506,3,7,0,06,17,5,,0,0,0,0,1
"POINT (9.748166579000042 52.390947524000069)",Unfall 3507 (2024) Kat:3, Licht: 0,3507,3,3,5,06,09,5,,0,1,1,0,0
"POINT (9.463183143000037 52.498446939000075)",Unfall 3508 (2024) Kat:3, Licht: 0,3508,3,3,5,06,18,5,,0,1,1,0,0
"POINT (9.590624840000032 52.419501607000029)",Unfall 3509 (2024) Kat:3, Licht: 0,3509,3,3,5,06,09,5,,0,1,1,0,0
"POINT (9.978866214000050 52.372851593000064)",Unfall 3510 (2024) Kat:3, Licht: 0,3510,3,7,6,06,11,5,,0,0,1,1,0
"POINT (10.048643360000028 52.319755312000041)",Unfall 3511 (2024) Kat:3, Licht: 0,3511,3,3,5,06,10,5,,0,0,1,0,0
"POINT (9.740279521000048 52.447957678000080)",Unfall 3512 (2024) Kat:2, Licht: 0,3512,2,4,6,06,18,5,,0,1,0,1,0
"POINT (9.709066711000048 52.417935791000048)",Unfall 3513 (2024) Kat:3, Licht: 0,3513,3,6,4,06,16,5,,0,1,0,0,0
"POINT (9.721372738000071 52.379241871000033)",Unfall 3514 (2024) Kat:3, Licht: 0,3514,3,6,4,06,08,5,,0,1,0,0,0
"POINT (9.616870573000028 52.417932579000080)",Unfall 3515 (2024) Kat:3, Licht: 0,3515,3,2,5,06,13,4,,0,1,1,0,0
"POINT (9.739173198000060 52.376845204000062)",Unfall 3516 (2024) Kat:3, Licht: 2,3516,3,1,0,06,01,4,,2,0,0,0,0
"POINT (9.788209886000061 52.331482704000052)",Unfall 3517 (2024) Kat:3, Licht: 0,3517,3,6,2,06,15,4,,0,0,1,0,0
"POINT (9.595070837000037 52.312862820000078)",Unfall 3518 (2024) Kat:3, Licht: 0,3518,3,1,0,06,09,4,,0,1,0,0,0
"POINT (9.484113062000063 52.304043852000063)",Unfall 3519 (2024) Kat:3, Licht: 0,3519,3,7,0,06,15,4,,0,1,0,0,0
"POINT (9.760861218000059 52.458066998000049)",Unfall 3520 (2024) Kat:3, Licht: 0,3520,3,1,0,06,13,4,,0,1,0,0,0
"POINT (9.837342618000037 52.434993613000074)",Unfall 3521 (2024) Kat:3, Licht: 0,3521,3,3,5,06,14,4,,0,1,0,0,0
"POINT (9.690052190000074 52.392628713000079)",Unfall 3522 (2024) Kat:3, Licht: 0,3522,3,3,5,06,08,4,,0,1,1,0,0
"POINT (9.701385953000056 52.396252039000046)",Unfall 3523 (2024) Kat:3, Licht: 1,3523,3,3,5,06,21,4,,1,0,1,0,0
"POINT (9.814824916000020 52.307822913000052)",Unfall 3524 (2024) Kat:2, Licht: 0,3524,2,3,5,06,10,4,,0,1,1,0,0
"POINT (9.738673791000053 52.371342863000052)",Unfall 3525 (2024) Kat:3, Licht: 0,3525,3,2,4,06,17,3,,0,1,1,0,0
"POINT (9.354079165000030 52.452212558000042)",Unfall 3526 (2024) Kat:3, Licht: 0,3526,3,2,5,06,19,3,,0,1,1,0,0
"POINT (9.419348543000069 52.331698205000066)",Unfall 3527 (2024) Kat:3, Licht: 0,3527,3,6,4,06,20,3,,0,1,0,0,0
"POINT (9.474715943000035 52.377792175000081)",Unfall 3528 (2024) Kat:3, Licht: 0,3528,3,3,5,06,08,3,,0,0,0,0,0
"POINT (9.517671518000043 52.284489925000059)",Unfall 3529 (2024) Kat:3, Licht: 0,3529,3,3,5,06,11,3,,0,0,1,0,0
"POINT (9.594945129000052 52.434617871000057)",Unfall 3530 (2024) Kat:3, Licht: 0,3530,3,3,5,06,12,3,,0,0,1,0,0
"POINT (9.754692891000047 52.433117012000082)",Unfall 3531 (2024) Kat:3, Licht: 0,3531,3,3,5,06,11,3,,0,1,1,0,0
"POINT (10.008520326000053 52.446753756000078)",Unfall 3532 (2024) Kat:3, Licht: 0,3532,3,1,0,06,09,3,,0,1,0,0,0
"POINT (9.727772970000046 52.459884039000030)",Unfall 3533 (2024) Kat:2, Licht: 0,3533,2,5,1,06,16,3,,0,0,1,0,0
"POINT (9.731059323000068 52.378663501000062)",Unfall 3534 (2024) Kat:3, Licht: 0,3534,3,2,5,07,19,1,,0,1,1,0,0
"POINT (9.692284047000044 52.398137214000030)",Unfall 3535 (2024) Kat:3, Licht: 0,3535,3,3,5,06,11,2,,0,1,1,0,0
"POINT (9.719868706000057 52.365225007000049)",Unfall 3536 (2024) Kat:3, Licht: 1,3536,3,1,0,06,22,2,,1,1,0,0,0
"POINT (9.708646022000039 52.388402284000051)",Unfall 3537 (2024) Kat:3, Licht: 0,3537,3,3,0,06,15,2,,0,1,1,0,0
"POINT (9.816126864000069 52.410678658000052)",Unfall 3538 (2024) Kat:3, Licht: 0,3538,3,2,4,06,20,2,,0,1,1,0,0
"POINT (9.963441153000076 52.360036029000071)",Unfall 3539 (2024) Kat:3, Licht: 0,3539,3,3,5,06,14,2,,0,0,1,0,0
"POINT (9.728035465000062 52.336140244000035)",Unfall 3540 (2024) Kat:3, Licht: 0,3540,3,6,2,06,15,1,,0,0,1,0,0
"POINT (9.597513884000023 52.384449840000059)",Unfall 3541 (2024) Kat:3, Licht: 0,3541,3,3,5,06,20,1,,0,1,1,0,0
"POINT (9.661228764000043 52.315245583000035)",Unfall 3542 (2024) Kat:2, Licht: 0,3542,2,7,0,06,18,1,,0,1,0,0,0
"POINT (10.183404153000026 52.464852615000041)",Unfall 3543 (2024) Kat:2, Licht: 0,3543,2,7,0,06,11,1,,0,1,0,0,0
"POINT (9.681474808000075 52.416166404000080)",Unfall 3544 (2024) Kat:3, Licht: 0,3544,3,1,8,06,10,1,,0,0,0,0,1
"POINT (9.784714318000056 52.314022987000044)",Unfall 3545 (2024) Kat:3, Licht: 0,3545,3,3,0,07,14,5,,0,1,1,0,0
"POINT (9.661244981000038 52.404234325000061)",Unfall 3546 (2024) Kat:3, Licht: 0,3546,3,6,2,06,14,7,,0,0,1,0,0
"POINT (9.731336362000036 52.406821671000046)",Unfall 3547 (2024) Kat:3, Licht: 0,3547,3,1,0,06,14,7,,0,1,0,0,0